mode,zone_name,time_s,cg_x_m,cg_y_m,cg_z_m,q0,q1,q2,q3,theta_x_rad,theta_y_rad,theta_z_rad,vx_m_s,vy_m_s,vz_m_s,omega_x_rad_s,omega_y_rad_s,omega_z_rad_s,Fmag_x_N,Fmag_y_N,Fmag_z_N,Tmag_x_Nm,Tmag_y_Nm,Tmag_z_Nm,radial_displacement_m,estimated_wall_clearance_m,source_s_eff_mm,phase_rad,ramp,m_global_x,m_global_y,m_global_z,B_x_T,B_y_T,B_z_T
FREE_6DOF,robot_wall,0.0017562500000000009,0.001203713388222422,8.724861369932643e-07,-3.3566901088929189e-07,0.98462352937675401,0.0068969697300617933,-0.060762549675070499,-0.16363633387237564,0.01386507789800985,-0.12215183152891659,-0.32896048625472341,-0.003078475416918156,0.0027833808103585899,-0.00097353235657122224,39.137346682336442,-238.35103071355931,-752.06504958570417,-2.6306569316468123e-05,0,0,2.4019355730961746e-07,-1.5513662808146415e-06,-5.9214860177201114e-06,9.3482925933927891e-07,0.00089906517074066065,31.68707843726607,1.1034844195734155,1,0.00097916100158026206,-0.00032738328987581551,0.00012548869637456596,-0.010718459170834353,-0.0024637843910034507,0.00021071183593877562
FREE_6DOF,robot_wall,0.0017562500000000009,0.0012036942001644106,8.9007312983768096e-07,-3.4183487499723109e-07,0.98418753847334328,0.0069970369950921969,-0.061495370952714318,-0.16596460447474551,0.014068303958797239,-0.12364313226135459,-0.33368988956181944,-0.003061703146704699,0.0028444568998547632,-0.00099954415796932967,39.641731426482814,-240.60109798858264,-760.12064184630469,-2.6259627421947591e-05,0,0,2.4262045848441423e-07,-1.5658224658242407e-06,-5.9670661902035865e-06,9.5345752827455191e-07,0.00089904654247172544,31.687059249208058,1.1034844195734155,1,0.00097741406825605881,-0.00033203733937534709,0.00012687175753114922,-0.010718459170834353,-0.0024637843910034507,0.00021071183593877562
FREE_6DOF,robot_wall,0.0017562500000000009,0.0012036942002158926,8.9007312983768096e-07,-3.4183487499723109e-07,0.98418752788597297,0.0069970480892961734,-0.061495389986991271,-0.16596465973839447,0.014068326314919118,-0.1236431709714355,-0.33369000186178682,-0.0030616866724958959,0.0028444568998547632,-0.00099954415796932967,39.648920130300837,-240.61443484141282,-760.15622449622424,-2.6259626287966987e-05,0,0,2.4262051697125976e-07,-1.5658228136133183e-06,-5.9670672816868143e-06,9.5345752827455191e-07,0.00089904654247172544,31.687059249259541,1.1034844195734155,1,0.0009774140260471729,-0.00033203745090973862,0.00012687179080859924,-0.010718459170834353,-0.0024637843910034507,0.00021071183593877562
FREE_6DOF,robot_wall,0.0017562500000000009,0.0012036942002158937,8.9007312983768096e-07,-3.4183487499723109e-07,0.98418752788571928,0.0069970480895673436,-0.061495389987449765,-0.16596465973971755,0.014068326315465535,-0.12364317097236789,-0.33369000186447551,-0.0030616866720979265,0.0028444568998547632,-0.00099954415796932967,39.648920305614332,-240.61443516307185,-760.15622534793852,-2.6259626287939817e-05,0,0,2.4262051697266943e-07,-1.5658228136216859e-06,-5.9670672817129512e-06,9.5345752827455191e-07,0.00089904654247172544,31.687059249259541,1.1034844195734155,1,0.00097741402604616156,-0.0003320374509124096,0.00012687179080939982,-0.010718459170834353,-0.0024637843910034507,0.00021071183593877562
FREE_6DOF,robot_wall,0.0017562500000000009,0.0012036942002158937,8.9007312983768096e-07,-3.4183487499723109e-07,0.98418752788571928,0.0069970480895673514,-0.061495389987449786,-0.16596465973971755,0.014068326315465549,-0.12364317097236793,-0.33369000186447551,-0.0030616866720979169,0.0028444568998547632,-0.00099954415796932967,39.648920305618596,-240.61443516307963,-760.15622534795898,-2.6259626287939817e-05,0,0,2.4262051697266954e-07,-1.5658228136216866e-06,-5.9670672817129512e-06,9.5345752827455191e-07,0.00089904654247172544,31.687059249259541,1.1034844195734155,1,0.00097741402604616156,-0.0003320374509124096,0.00012687179080939987,-0.010718459170834353,-0.0024637843910034507,0.00021071183593877562
FREE_6DOF,robot_wall,0.0017562500000000009,0.0012036942002158937,8.9007312983768096e-07,-3.4183487499723109e-07,0.98418752788571928,0.0069970480895673514,-0.061495389987449786,-0.16596465973971755,0.014068326315465549,-0.12364317097236793,-0.33369000186447551,-0.0030616866720979169,0.0028444568998547632,-0.00099954415796932967,39.648920305618596,-240.61443516307963,-760.15622534795898,-2.6259626287939817e-05,0,0,2.4262051697266954e-07,-1.5658228136216866e-06,-5.9670672817129512e-06,9.5345752827455191e-07,0.00089904654247172544,31.687059249259541,1.1034844195734155,1,0.00097741402604616156,-0.0003320374509124096,0.00012687179080939987,-0.010718459170834353,-0.0024637843910034507,0.00021071183593877562
FREE_6DOF,robot_wall,0.0017562500000000009,0.0012036942002158937,8.9007312983768096e-07,-3.4183487499723109e-07,0.98418752788571928,0.0069970480895673514,-0.061495389987449786,-0.16596465973971755,0.014068326315465549,-0.12364317097236793,-0.33369000186447551,-0.0030616866720979169,0.0028444568998547632,-0.00099954415796932967,39.648920305618596,-240.61443516307963,-760.15622534795898,-2.6259626287939817e-05,0,0,2.4262051697266954e-07,-1.5658228136216866e-06,-5.9670672817129512e-06,9.5345752827455191e-07,0.00089904654247172544,31.687059249259541,1.1034844195734155,1,0.00097741402604616156,-0.0003320374509124096,0.00012687179080939987,-0.010718459170834353,-0.0024637843910034507,0.00021071183593877562
FREE_6DOF,robot_wall,0.0017562500000000009,0.0012036942002158937,8.9007312983768096e-07,-3.4183487499723109e-07,0.98418752788571928,0.0069970480895673514,-0.061495389987449786,-0.16596465973971755,0.014068326315465549,-0.12364317097236793,-0.33369000186447551,-0.0030616866720979169,0.0028444568998547632,-0.00099954415796932967,39.648920305618596,-240.61443516307963,-760.15622534795898,-2.6259626287939817e-05,0,0,2.4262051697266954e-07,-1.5658228136216866e-06,-5.9670672817129512e-06,9.5345752827455191e-07,0.00089904654247172544,31.687059249259541,1.1034844195734155,1,0.00097741402604616156,-0.0003320374509124096,0.00012687179080939987,-0.010718459170834353,-0.0024637843910034507,0.00021071183593877562
FREE_6DOF,robot_wall,0.0017562500000000009,0.0012036942002158937,8.9007312983768096e-07,-3.4183487499723109e-07,0.98418752788571928,0.0069970480895673514,-0.061495389987449786,-0.16596465973971755,0.014068326315465549,-0.12364317097236793,-0.33369000186447551,-0.0030616866720979169,0.0028444568998547632,-0.00099954415796932967,39.648920305618596,-240.61443516307963,-760.15622534795898,-2.6259626287939817e-05,0,0,2.4262051697266954e-07,-1.5658228136216866e-06,-5.9670672817129512e-06,9.5345752827455191e-07,0.00089904654247172544,31.687059249259541,1.1034844195734155,1,0.00097741402604616156,-0.0003320374509124096,0.00012687179080939987,-0.010718459170834353,-0.0024637843910034507,0.00021071183593877562
FREE_6DOF,robot_wall,0.0017562500000000009,0.0012036942002158937,8.9007312983768096e-07,-3.4183487499723109e-07,0.98418752788571928,0.0069970480895673514,-0.061495389987449786,-0.16596465973971755,0.014068326315465549,-0.12364317097236793,-0.33369000186447551,-0.0030616866720979169,0.0028444568998547632,-0.00099954415796932967,39.648920305618596,-240.61443516307963,-760.15622534795898,-2.6259626287939817e-05,0,0,2.4262051697266954e-07,-1.5658228136216866e-06,-5.9670672817129512e-06,9.5345752827455191e-07,0.00089904654247172544,31.687059249259541,1.1034844195734155,1,0.00097741402604616156,-0.0003320374509124096,0.00012687179080939987,-0.010718459170834353,-0.0024637843910034507,0.00021071183593877562
FREE_6DOF,robot_wall,0.0017562500000000009,0.0012036942002158937,8.9007312983768096e-07,-3.4183487499723109e-07,0.98418752788571928,0.0069970480895673514,-0.061495389987449786,-0.16596465973971755,0.014068326315465549,-0.12364317097236793,-0.33369000186447551,-0.0030616866720979169,0.0028444568998547632,-0.00099954415796932967,39.648920305618596,-240.61443516307963,-760.15622534795898,-2.6259626287939817e-05,0,0,2.4262051697266954e-07,-1.5658228136216866e-06,-5.9670672817129512e-06,9.5345752827455191e-07,0.00089904654247172544,31.687059249259541,1.1034844195734155,1,0.00097741402604616156,-0.0003320374509124096,0.00012687179080939987,-0.010718459170834353,-0.0024637843910034507,0.00021071183593877562
FREE_6DOF,robot_wall,0.0017562500000000009,0.0012036942002158937,8.9007312983768096e-07,-3.4183487499723109e-07,0.98418752788571928,0.0069970480895673514,-0.061495389987449786,-0.16596465973971755,0.014068326315465549,-0.12364317097236793,-0.33369000186447551,-0.0030616866720979169,0.0028444568998547632,-0.00099954415796932967,39.648920305618596,-240.61443516307963,-760.15622534795898,-2.6259626287939817e-05,0,0,2.4262051697266954e-07,-1.5658228136216866e-06,-5.9670672817129512e-06,9.5345752827455191e-07,0.00089904654247172544,31.687059249259541,1.1034844195734155,1,0.00097741402604616156,-0.0003320374509124096,0.00012687179080939987,-0.010718459170834353,-0.0024637843910034507,0.00021071183593877562
FREE_6DOF,robot_wall,0.0017562500000000009,0.0012036942002158937,8.9007312983768096e-07,-3.4183487499723109e-07,0.98418752788571928,0.0069970480895673514,-0.061495389987449786,-0.16596465973971755,0.014068326315465549,-0.12364317097236793,-0.33369000186447551,-0.0030616866720979169,0.0028444568998547632,-0.00099954415796932967,39.648920305618596,-240.61443516307963,-760.15622534795898,-2.6259626287939817e-05,0,0,2.4262051697266954e-07,-1.5658228136216866e-06,-5.9670672817129512e-06,9.5345752827455191e-07,0.00089904654247172544,31.687059249259541,1.1034844195734155,1,0.00097741402604616156,-0.0003320374509124096,0.00012687179080939987,-0.010718459170834353,-0.0024637843910034507,0.00021071183593877562
FREE_6DOF,robot_wall,0.0017562500000000009,0.0012036942002158937,8.9007312983768096e-07,-3.4183487499723109e-07,0.98418752788571928,0.0069970480895673514,-0.061495389987449786,-0.16596465973971755,0.014068326315465549,-0.12364317097236793,-0.33369000186447551,-0.0030616866720979169,0.0028444568998547632,-0.00099954415796932967,39.648920305618596,-240.61443516307963,-760.15622534795898,-2.6259626287939817e-05,0,0,2.4262051697266954e-07,-1.5658228136216866e-06,-5.9670672817129512e-06,9.5345752827455191e-07,0.00089904654247172544,31.687059249259541,1.1034844195734155,1,0.00097741402604616156,-0.0003320374509124096,0.00012687179080939987,-0.010718459170834353,-0.0024637843910034507,0.00021071183593877562
FREE_6DOF,robot_wall,0.0017562500000000009,0.0012036942002158937,8.9007312983768096e-07,-3.4183487499723109e-07,0.98418752788571928,0.0069970480895673514,-0.061495389987449786,-0.16596465973971755,0.014068326315465549,-0.12364317097236793,-0.33369000186447551,-0.0030616866720979169,0.0028444568998547632,-0.00099954415796932967,39.648920305618596,-240.61443516307963,-760.15622534795898,-2.6259626287939817e-05,0,0,2.4262051697266954e-07,-1.5658228136216866e-06,-5.9670672817129512e-06,9.5345752827455191e-07,0.00089904654247172544,31.687059249259541,1.1034844195734155,1,0.00097741402604616156,-0.0003320374509124096,0.00012687179080939987,-0.010718459170834353,-0.0024637843910034507,0.00021071183593877562
FREE_6DOF,robot_wall,0.0017562500000000009,0.0012036942002158937,8.9007312983768096e-07,-3.4183487499723109e-07,0.98418752788571928,0.0069970480895673514,-0.061495389987449786,-0.16596465973971755,0.014068326315465549,-0.12364317097236793,-0.33369000186447551,-0.0030616866720979169,0.0028444568998547632,-0.00099954415796932967,39.648920305618596,-240.61443516307963,-760.15622534795898,-2.6259626287939817e-05,0,0,2.4262051697266954e-07,-1.5658228136216866e-06,-5.9670672817129512e-06,9.5345752827455191e-07,0.00089904654247172544,31.687059249259541,1.1034844195734155,1,0.00097741402604616156,-0.0003320374509124096,0.00012687179080939987,-0.010718459170834353,-0.0024637843910034507,0.00021071183593877562
FREE_6DOF,robot_wall,0.0017562500000000009,0.0012036942002158937,8.9007312983768096e-07,-3.4183487499723109e-07,0.98418752788571928,0.0069970480895673514,-0.061495389987449786,-0.16596465973971755,0.014068326315465549,-0.12364317097236793,-0.33369000186447551,-0.0030616866720979169,0.0028444568998547632,-0.00099954415796932967,39.648920305618596,-240.61443516307963,-760.15622534795898,-2.6259626287939817e-05,0,0,2.4262051697266954e-07,-1.5658228136216866e-06,-5.9670672817129512e-06,9.5345752827455191e-07,0.00089904654247172544,31.687059249259541,1.1034844195734155,1,0.00097741402604616156,-0.0003320374509124096,0.00012687179080939987,-0.010718459170834353,-0.0024637843910034507,0.00021071183593877562
FREE_6DOF,robot_wall,0.0017562500000000009,0.0012036942002158937,8.9007312983768096e-07,-3.4183487499723109e-07,0.98418752788571928,0.0069970480895673514,-0.061495389987449786,-0.16596465973971755,0.014068326315465549,-0.12364317097236793,-0.33369000186447551,-0.0030616866720979169,0.0028444568998547632,-0.00099954415796932967,39.648920305618596,-240.61443516307963,-760.15622534795898,-2.6259626287939817e-05,0,0,2.4262051697266954e-07,-1.5658228136216866e-06,-5.9670672817129512e-06,9.5345752827455191e-07,0.00089904654247172544,31.687059249259541,1.1034844195734155,1,0.00097741402604616156,-0.0003320374509124096,0.00012687179080939987,-0.010718459170834353,-0.0024637843910034507,0.00021071183593877562
FREE_6DOF,robot_wall,0.0017562500000000009,0.0012036942002158937,8.9007312983768096e-07,-3.4183487499723109e-07,0.98418752788571928,0.0069970480895673514,-0.061495389987449786,-0.16596465973971755,0.014068326315465549,-0.12364317097236793,-0.33369000186447551,-0.0030616866720979169,0.0028444568998547632,-0.00099954415796932967,39.648920305618596,-240.61443516307963,-760.15622534795898,-2.6259626287939817e-05,0,0,2.4262051697266954e-07,-1.5658228136216866e-06,-5.9670672817129512e-06,9.5345752827455191e-07,0.00089904654247172544,31.687059249259541,1.1034844195734155,1,0.00097741402604616156,-0.0003320374509124096,0.00012687179080939987,-0.010718459170834353,-0.0024637843910034507,0.00021071183593877562
FREE_6DOF,robot_wall,0.0017562500000000009,0.0012036942002158937,8.9007312983768096e-07,-3.4183487499723109e-07,0.98418752788571928,0.0069970480895673514,-0.061495389987449786,-0.16596465973971755,0.014068326315465549,-0.12364317097236793,-0.33369000186447551,-0.0030616866720979169,0.0028444568998547632,-0.00099954415796932967,39.648920305618596,-240.61443516307963,-760.15622534795898,-2.6259626287939817e-05,0,0,2.4262051697266954e-07,-1.5658228136216866e-06,-5.9670672817129512e-06,9.5345752827455191e-07,0.00089904654247172544,31.687059249259541,1.1034844195734155,1,0.00097741402604616156,-0.0003320374509124096,0.00012687179080939987,-0.010718459170834353,-0.0024637843910034507,0.00021071183593877562
FREE_6DOF,robot_wall,0.0017562500000000009,0.0012036942002158937,8.9007312983768096e-07,-3.4183487499723109e-07,0.98418752788571928,0.0069970480895673514,-0.061495389987449786,-0.16596465973971755,0.014068326315465549,-0.12364317097236793,-0.33369000186447551,-0.0030616866720979169,0.0028444568998547632,-0.00099954415796932967,39.648920305618596,-240.61443516307963,-760.15622534795898,-2.6259626287939817e-05,0,0,2.4262051697266954e-07,-1.5658228136216866e-06,-5.9670672817129512e-06,9.5345752827455191e-07,0.00089904654247172544,31.687059249259541,1.1034844195734155,1,0.00097741402604616156,-0.0003320374509124096,0.00012687179080939987,-0.010718459170834353,-0.0024637843910034507,0.00021071183593877562
FREE_6DOF,robot_wall,0.0017625000000000008,0.0012036942002158937,8.9007312983768096e-07,-3.4183487499723109e-07,0.98418752788571928,0.0069970480895673514,-0.061495389987449786,-0.16596465973971755,0.014068326315465549,-0.12364317097236793,-0.33369000186447551,-0.0030616866720979169,0.0028444568998547632,-0.00099954415796932967,39.648920305618596,-240.61443516307963,-760.15622534795898,-2.625961062008418e-05,0,0,2.4377993479167532e-07,-1.5640619923997976e-06,-5.9713911163874351e-06,9.5345752827455191e-07,0.00089904654247172544,31.687021749259543,1.1074114103904027,1,0.00097741402604616156,-0.0003320374509124096,0.00012687179080939987,-0.010717390281959534,-0.0024685712527499661,0.00020904907140618676
FREE_6DOF,robot_wall,0.0017625000000000008,0.0012036751714131202,9.0804336602586754e-07,-3.4812251115057469e-07,0.98374100174421319,0.0070982477652830151,-0.062234380166747906,-0.16831559134915383,0.014273939696741834,-0.12514775743797199,-0.33846755993638833,-0.0030275302154047132,0.0029060186803649413,-0.0010124994111006349,40.127138919947868,-242.65683997965377,-767.40530882962059,-2.6211541754359269e-05,0,0,2.4623357029732676e-07,-1.5786002351670689e-06,-6.0172756485335195e-06,9.7248755125881669e-07,0.00089902751244874115,31.687002720456771,1.1074114103904027,1,0.00097562514091704803,-0.00033673080640539334,0.00012826319367428073,-0.010717390281959534,-0.0024685712527499661,0.00020904907140618676
FREE_6DOF,robot_wall,0.0017625000000000008,0.001203675171465838,9.0804336602586754e-07,-3.4812251115057469e-07,0.98374099093835887,0.0070982589661566916,-0.062234399324319324,-0.16831564694943324,0.014273962272501634,-0.12514779641635373,-0.33846767297203173,-0.0030275133456865444,0.0029060186803649413,-0.0010124994111006349,40.134390909832092,-242.67028580924696,-767.44111938789194,-2.6211540597183985e-05,0,0,2.4623362922480449e-07,-1.5786005837280491e-06,-6.0172767434861859e-06,9.7248755125881669e-07,0.00089902751244874115,31.68700272050949,1.1074114103904027,1,0.00097562509784477269,-0.00033673091849234878,0.00012826322703736538,-0.010717390281959534,-0.0024685712527499661,0.00020904907140618676
FREE_6DOF,robot_wall,0.0017625000000000008,0.0012036751714658393,9.0804336602586754e-07,-3.4812251115057469e-07,0.98374099093810086,0.0070982589664295818,-0.06223439932477922,-0.16831564695075976,0.014273962273051629,-0.1251477964172894,-0.33846767297472857,-0.0030275133452804348,0.0029060186803649413,-0.0010124994111006349,40.134391086110071,-242.67028613244281,-767.4411202420722,-2.6211540597156362e-05,0,0,2.4623362922621983e-07,-1.5786005837364063e-06,-6.017276743512316e-06,9.7248755125881669e-07,0.00089902751244874115,31.68700272050949,1.1074114103904027,1,0.00097562509784374454,-0.00033673091849502373,0.00012826322703816525,-0.010717390281959534,-0.0024685712527499661,0.00020904907140618676
FREE_6DOF,robot_wall,0.0017687500000000008,0.0012036751714658393,9.0804336602586754e-07,-3.4812251115057469e-07,0.98374099093810086,0.0070982589664295888,-0.06223439932477922,-0.16831564695075979,0.014273962273051645,-0.1251477964172894,-0.33846767297472863,-0.0030275133452804253,0.0029060186803649413,-0.0010124994111006349,40.134391086114377,-242.67028613245068,-767.44112024209267,-2.6211524957908364e-05,0,0,2.4740357907334989e-07,-1.5768393605752075e-06,-6.0215521243365504e-06,9.7248755125881669e-07,0.00089902751244874115,31.686965220509489,1.1113384012073899,1,0.00097562509784374454,-0.00033673091849502378,0.00012826322703816525,-0.01071632769579531,-0.0024733201941717613,0.00020738354185558292
FREE_6DOF,robot_wall,0.0017687500000000008,0.0012036563645884807,9.263800476126336e-07,-3.5445440594667181e-07,0.98328404156249294,0.0072005716312510924,-0.062979151680637419,-0.17068764404695511,0.014481926641014598,-0.12666486791047352,-0.34329023669279551,-0.0029906874095283575,0.0029617194274001776,-0.0010137069236504522,40.60803758012397,-244.66819028917331,-774.48782813376727,-2.6162342321224008e-05,0,0,2.4988264558016788e-07,-1.5914504172803981e-06,-6.0677049311348372e-06,9.9187595923572685e-07,0.00089900812404076428,31.686946413632132,1.1113384012073899,1,0.00097379475119355912,-0.00034146013558964566,0.00012966208688100221,-0.01071632769579531,-0.0024733201941717613,0.00020738354185558292
FREE_6DOF,robot_wall,0.0017687500000000008,0.00120365636464242,9.263800476126336e-07,-3.5445440594667181e-07,0.9832840305432653,0.007200582937585371,-0.062979170950327332,-0.17068769993868702,0.014481949434140806,-0.1266649071349491,-0.34329035037415773,-0.002990670148933435,0.0029617194274001776,-0.0010137069236504522,40.615351268547641,-244.68173836525438,-774.52383773785709,-2.6162341141432707e-05,0,0,2.4988270490928322e-07,-1.5914507663591037e-06,-6.0677060285853284e-06,9.9187595923572685e-07,0.00089900812404076428,31.686946413686069,1.1113384012073899,1,0.00097379470727943169,-0.00034146024813418738,0.00012966212030530416,-0.01071632769579531,-0.0024733201941717613,0.00020738354185558292
FREE_6DOF,robot_wall,0.0017687500000000008,0.0012036563646424213,9.263800476126336e-07,-3.5445440594667181e-07,0.98328403054300317,0.007200582937859923,-0.06297917095078831,-0.17068769994001576,0.014481949434694264,-0.12666490713588738,-0.34329035037686034,-0.0029906701485193882,0.0029617194274001776,-0.0010137069236504522,40.615351445730596,-244.68173868979042,-774.52383859372924,-2.616234114140464e-05,0,0,2.4988270491070317e-07,-1.5914507663674442e-06,-6.0677060286114254e-06,9.9187595923572685e-07,0.00089900812404076428,31.686946413686069,1.1113384012073899,1,0.00097379470727838695,-0.00034146024813686379,0.00012966212030610271,-0.01071632769579531,-0.0024733201941717613,0.00020738354185558292
FREE_6DOF,robot_wall,0.0017750000000000008,0.0012036563646424213,9.263800476126336e-07,-3.5445440594667181e-07,0.98328403054300317,0.00720058293785993,-0.062979170950788324,-0.17068769994001579,0.01448194943469428,-0.12666490713588741,-0.3432903503768604,-0.0029906701485193786,0.0029617194274001776,-0.0010137069236504522,40.615351445734923,-244.68173868979821,-774.52383859374982,-2.616232553142944e-05,0,0,2.5106318551411712e-07,-1.5896892624547612e-06,-6.0719328775881077e-06,9.9187595923572685e-07,0.00089900812404076428,31.686908913686072,1.1152653920243771,1,0.00097379470727838695,-0.00034146024813686384,0.00012966212030610273,-0.010715271477571887,-0.0024780311517062911,0.00020571527193566431
FREE_6DOF,robot_wall,0.0017750000000000008,0.0012036377838375162,9.4506917351953353e-07,-3.6080092183121604e-07,0.98281633166546334,0.0073040277500419472,-0.063729896057448512,-0.1730815118340934,0.014692308220947406,-0.12819492310384462,-0.34815953693487156,-0.0029551874210950449,0.0030188008628077904,-0.0010171781594036982,41.115987658853705,-246.87179769104068,-782.289424782796,-2.6111995188253475e-05,0,0,2.5356826799157396e-07,-1.6043759793230275e-06,-6.118363572821966e-06,1.0115992526347324e-06,0.00089898840074736528,31.68689033288117,1.1152653920243771,1,0.00097192163585202256,-0.00034622655057583231,0.00013106871427786006,-0.010715271477571887,-0.0024780311517062911,0.00020571527193566431
FREE_6DOF,robot_wall,0.0017750000000000008,0.0012036377838927144,9.4506917351953353e-07,-3.6080092183121604e-07,0.98281632042743139,0.0073040391635352375,-0.0637299154432142,-0.17308156802786026,0.014692331235072492,-0.12819496258309562,-0.34815965128536203,-0.0029551697577137291,0.0030188008628077904,-0.0010171781594036982,41.123363916481885,-246.88545130222096,-782.32564077420432,-2.6111993985292866e-05,0,0,2.5356832772857447e-07,-1.604376328954759e-06,-6.1183646728868396e-06,1.0115992526347324e-06,0.00089898840074736528,31.686890332936365,1.1152653920243771,1,0.00097192159107544677,-0.00034622666359421228,0.00013106874776678824,-0.010715271477571887,-0.0024780311517062911,0.00020571527193566431
FREE_6DOF,robot_wall,0.0017750000000000008,0.0012036377838927157,9.4506917351953353e-07,-3.6080092183121604e-07,0.98281632042716494,0.0073040391638114583,-0.06372991544367633,-0.17308156802919131,0.014692331235629437,-0.1281949625840367,-0.34815965128807069,-0.0029551697572915512,0.0030188008628077904,-0.0010171781594036982,41.123364094571762,-246.88545162814063,-782.32564163185816,-2.6111993985264351e-05,0,0,2.5356832772999918e-07,-1.604376328963083e-06,-6.1183646729129019e-06,1.0115992526347324e-06,0.00089898840074736528,31.686890332936368,1.1152653920243771,1,0.00097192159107438545,-0.00034622666359688999,0.00013106874776758545,-0.010715271477571887,-0.0024780311517062911,0.00020571527193566431
FREE_6DOF,robot_wall,0.0017812500000000007,0.0012036377838927157,9.4506917351953353e-07,-3.6080092183121604e-07,0.98281632042716494,0.0073040391638114661,-0.06372991544367633,-0.17308156802919136,0.014692331235629451,-0.1281949625840367,-0.3481596512880708,-0.0029551697572915412,0.0030188008628077904,-0.0010171781594036982,41.123364094576075,-246.88545162814839,-782.3256416318784,-2.6111978405247389e-05,0,0,2.5475934006771661e-07,-1.6026146678562636e-06,-6.1225429119530151e-06,1.0115992526347324e-06,0.00089898840074736528,31.686852832936367,1.1191923828413644,1,0.00097192159107438545,-0.0003462266635968901,0.00013106874776758545,-0.010714221692125089,-0.0024827040623552135,0.00020404428627406604
FREE_6DOF,robot_wall,0.0017812500000000007,0.0012036194448269161,9.6412352659275303e-07,-3.6720525268409372e-07,0.98233741033341171,0.0074086448628395115,-0.064486983923457655,-0.17549858445354585,0.014905147998386997,-0.12973871161916442,-0.35307838656271479,-0.0029133312985517865,0.0030785921206224671,-0.0010322077135171551,41.634389307478543,-249.13547779508602,-790.30757786114714,-2.6060451935645047e-05,0,0,2.5729150131965037e-07,-1.6173829142775441e-06,-6.1692732004833252e-06,1.0316849674820488e-06,0.00089896831503251797,31.686834493870567,1.1191923828413644,1,0.00097000399230824338,-0.00035103253006639056,0.00013248364489483271,-0.010714221692125089,-0.0024827040623552135,0.00020404428627406604
FREE_6DOF,robot_wall,0.0017812500000000007,0.0012036194448834261,9.6412352659275303e-07,-3.6720525268409372e-07,0.98233739886805493,0.0074086563854395878,-0.064487003432920145,-0.17549864097464965,0.014905171237670288,-0.12973875136940569,-0.35307850163580817,-0.0029133132153911522,0.0030785921206224671,-0.0010322077135171551,41.64182934934091,-249.14924265269565,-790.34401719328127,-2.6060450708631357e-05,0,0,2.5729156148144055e-07,-1.6173832645661139e-06,-6.169274303558066e-06,1.0316849674820488e-06,0.00089896831503251797,31.686834493927076,1.1191923828413644,1,0.00097000394663632216,-0.00035103264360376537,0.00013248367845841526,-0.010714221692125089,-0.0024827040623552135,0.00020404428627406604
FREE_6DOF,robot_wall,0.0017812500000000007,0.0012036194448834274,9.6412352659275303e-07,-3.6720525268409372e-07,0.98233739886778415,0.0074086563857174922,-0.064487003433383552,-0.17549864097598353,0.014905171238230749,-0.12973875137034982,-0.35307850163852389,-0.0029133132149605327,0.0030785921206224671,-0.0010322077135171551,41.641829528345191,-249.14924298009629,-790.34401805302696,-2.6060450708602385e-05,0,0,2.5729156148287024e-07,-1.6173832645744237e-06,-6.1692743035841046e-06,1.0316849674820488e-06,0.00089896831503251797,31.686834493927076,1.1191923828413644,1,0.00097000394663524381,-0.00035103264360644563,0.00013248367845921139,-0.010714221692125089,-0.0024827040623552135,0.00020404428627406604
FREE_6DOF,robot_wall,0.0017875000000000007,0.0012036194448834274,9.6412352659275303e-07,-3.6720525268409372e-07,0.98233739886778415,0.0074086563857174974,-0.064487003433383566,-0.17549864097598356,0.01490517123823076,-0.12973875137034982,-0.35307850163852394,-0.0029133132149605227,0.0030785921206224671,-0.0010322077135171551,41.641829528349547,-249.14924298010411,-790.34401805304731,-2.6060435159258004e-05,0,0,2.5849311220240598e-07,-1.6156215728132509e-06,-6.1734038509385475e-06,1.0316849674820488e-06,0.00089896831503251797,31.686796993927075,1.1231193736583516,1,0.00097000394663524381,-0.00035103264360644568,0.00013248367845921139,-0.010713178403892422,-0.0024873388636840058,0.00020237060947713426
FREE_6DOF,robot_wall,0.0017875000000000007,0.0012036013726401465,9.8355985385226967e-07,-3.7372215032698013e-07,0.98184697571163504,0.0075144385705204798,-0.06525054725095647,-0.1779393592838204,0.015120482510770967,-0.13129653656320789,-0.35804790268482312,-0.0028698046348577134,0.0031410326024228392,-0.0010531995322065149,42.161100497669423,-251.43763173838019,-798.46582045284742,-2.6007681443264752e-05,0,0,2.6105266290902522e-07,-1.6304724715357292e-06,-6.2204378259995845e-06,1.0521683476302259e-06,0.00089894783165236978,31.686778921683796,1.1231193736583516,1,0.00096804066174626649,-0.00035587876190192849,0.00013390699181283739,-0.010713178403892422,-0.0024873388636840058,0.00020237060947713426
FREE_6DOF,robot_wall,0.0017875000000000007,0.0012036013726980023,9.8355985385226967e-07,-3.7372215032698013e-07,0.98184696401445271,0.0075144502027209743,-0.065250566885792019,-0.17793941613604247,0.015120505976434865,-0.13129657658854754,-0.35804801849031093,-0.0028697861209962408,0.0031410326024228392,-0.0010531995322065149,42.168604381162126,-251.45150959808092,-798.50248614007887,-2.6007680191747853e-05,0,0,2.6105272349434627e-07,-1.6304728224709662e-06,-6.2204389320569358e-06,1.0521683476302259e-06,0.00089894783165236978,31.686778921741652,1.1231193736583516,1,0.00096804061516224383,-0.00035587887596029238,0.00013390702545014468,-0.010713178403892422,-0.0024873388636840058,0.00020237060947713426
FREE_6DOF,robot_wall,0.0017875000000000007,0.0012036013726980036,9.8355985385226967e-07,-3.7372215032698013e-07,0.98184696401417737,0.007514450203000538,-0.065250566886256689,-0.17793941613737907,0.015120505976998797,-0.13129657658949467,-0.35804801849303358,-0.0028697861205570223,0.0031410326024228392,-0.0010531995322065149,42.16860456106027,-251.45150992696463,-798.50248700189218,-2.6007680191718403e-05,0,0,2.6105272349578067e-07,-1.6304728224792603e-06,-6.2204389320829457e-06,1.0521683476302259e-06,0.00089894783165236978,31.686778921741652,1.1231193736583516,1,0.00096804061516114759,-0.00035587887596297475,0.00013390702545093959,-0.010713178403892422,-0.0024873388636840058,0.00020237060947713426
FREE_6DOF,robot_wall,0.0017875000000000007,0.0012036013726980036,9.8355985385226967e-07,-3.7372215032698013e-07,0.98184696401417737,0.0075144502030005432,-0.065250566886256689,-0.1779394161373791,0.015120505976998808,-0.1312965765894947,-0.35804801849303364,-0.0028697861205570119,0.0031410326024228392,-0.0010531995322065149,42.168604561064576,-251.45150992697236,-798.50248700191241,-2.6007680191718403e-05,0,0,2.6105272349578067e-07,-1.6304728224792603e-06,-6.2204389320829457e-06,1.0521683476302259e-06,0.00089894783165236978,31.686778921741652,1.1231193736583516,1,0.00096804061516114759,-0.0003558788759629748,0.00013390702545093959,-0.010713178403892422,-0.0024873388636840058,0.00020237060947713426
FREE_6DOF,robot_wall,0.0017875000000000007,0.0012036013726980036,9.8355985385226967e-07,-3.7372215032698013e-07,0.98184696401417737,0.0075144502030005432,-0.065250566886256689,-0.1779394161373791,0.015120505976998808,-0.1312965765894947,-0.35804801849303364,-0.0028697861205570119,0.0031410326024228392,-0.0010531995322065149,42.168604561064576,-251.45150992697236,-798.50248700191241,-2.6007680191718403e-05,0,0,2.6105272349578067e-07,-1.6304728224792603e-06,-6.2204389320829457e-06,1.0521683476302259e-06,0.00089894783165236978,31.686778921741652,1.1231193736583516,1,0.00096804061516114759,-0.0003558788759629748,0.00013390702545093959,-0.010713178403892422,-0.0024873388636840058,0.00020237060947713426
FREE_6DOF,robot_wall,0.0017875000000000007,0.0012036013726980036,9.8355985385226967e-07,-3.7372215032698013e-07,0.98184696401417737,0.0075144502030005432,-0.065250566886256689,-0.1779394161373791,0.015120505976998808,-0.1312965765894947,-0.35804801849303364,-0.0028697861205570119,0.0031410326024228392,-0.0010531995322065149,42.168604561064576,-251.45150992697236,-798.50248700191241,-2.6007680191718403e-05,0,0,2.6105272349578067e-07,-1.6304728224792603e-06,-6.2204389320829457e-06,1.0521683476302259e-06,0.00089894783165236978,31.686778921741652,1.1231193736583516,1,0.00096804061516114759,-0.0003558788759629748,0.00013390702545093959,-0.010713178403892422,-0.0024873388636840058,0.00020237060947713426
FREE_6DOF,robot_wall,0.0017875000000000007,0.0012036013726980036,9.8355985385226967e-07,-3.7372215032698013e-07,0.98184696401417737,0.0075144502030005432,-0.065250566886256689,-0.1779394161373791,0.015120505976998808,-0.1312965765894947,-0.35804801849303364,-0.0028697861205570119,0.0031410326024228392,-0.0010531995322065149,42.168604561064576,-251.45150992697236,-798.50248700191241,-2.6007680191718403e-05,0,0,2.6105272349578067e-07,-1.6304728224792603e-06,-6.2204389320829457e-06,1.0521683476302259e-06,0.00089894783165236978,31.686778921741652,1.1231193736583516,1,0.00096804061516114759,-0.0003558788759629748,0.00013390702545093959,-0.010713178403892422,-0.0024873388636840058,0.00020237060947713426
FREE_6DOF,robot_wall,0.0017875000000000007,0.0012036013726980036,9.8355985385226967e-07,-3.7372215032698013e-07,0.98184696401417737,0.0075144502030005432,-0.065250566886256689,-0.1779394161373791,0.015120505976998808,-0.1312965765894947,-0.35804801849303364,-0.0028697861205570119,0.0031410326024228392,-0.0010531995322065149,42.168604561064576,-251.45150992697236,-798.50248700191241,-2.6007680191718403e-05,0,0,2.6105272349578067e-07,-1.6304728224792603e-06,-6.2204389320829457e-06,1.0521683476302259e-06,0.00089894783165236978,31.686778921741652,1.1231193736583516,1,0.00096804061516114759,-0.0003558788759629748,0.00013390702545093959,-0.010713178403892422,-0.0024873388636840058,0.00020237060947713426
FREE_6DOF,robot_wall,0.0017875000000000007,0.0012036013726980036,9.8355985385226967e-07,-3.7372215032698013e-07,0.98184696401417737,0.0075144502030005432,-0.065250566886256689,-0.1779394161373791,0.015120505976998808,-0.1312965765894947,-0.35804801849303364,-0.0028697861205570119,0.0031410326024228392,-0.0010531995322065149,42.168604561064576,-251.45150992697236,-798.50248700191241,-2.6007680191718403e-05,0,0,2.6105272349578067e-07,-1.6304728224792603e-06,-6.2204389320829457e-06,1.0521683476302259e-06,0.00089894783165236978,31.686778921741652,1.1231193736583516,1,0.00096804061516114759,-0.0003558788759629748,0.00013390702545093959,-0.010713178403892422,-0.0024873388636840058,0.00020237060947713426
FREE_6DOF,robot_wall,0.0017875000000000007,0.0012036013726980036,9.8355985385226967e-07,-3.7372215032698013e-07,0.98184696401417737,0.0075144502030005432,-0.065250566886256689,-0.1779394161373791,0.015120505976998808,-0.1312965765894947,-0.35804801849303364,-0.0028697861205570119,0.0031410326024228392,-0.0010531995322065149,42.168604561064576,-251.45150992697236,-798.50248700191241,-2.6007680191718403e-05,0,0,2.6105272349578067e-07,-1.6304728224792603e-06,-6.2204389320829457e-06,1.0521683476302259e-06,0.00089894783165236978,31.686778921741652,1.1231193736583516,1,0.00096804061516114759,-0.0003558788759629748,0.00013390702545093959,-0.010713178403892422,-0.0024873388636840058,0.00020237060947713426
FREE_6DOF,robot_wall,0.0017875000000000007,0.0012036013726980036,9.8355985385226967e-07,-3.7372215032698013e-07,0.98184696401417737,0.0075144502030005432,-0.065250566886256689,-0.1779394161373791,0.015120505976998808,-0.1312965765894947,-0.35804801849303364,-0.0028697861205570119,0.0031410326024228392,-0.0010531995322065149,42.168604561064576,-251.45150992697236,-798.50248700191241,-2.6007680191718403e-05,0,0,2.6105272349578067e-07,-1.6304728224792603e-06,-6.2204389320829457e-06,1.0521683476302259e-06,0.00089894783165236978,31.686778921741652,1.1231193736583516,1,0.00096804061516114759,-0.0003558788759629748,0.00013390702545093959,-0.010713178403892422,-0.0024873388636840058,0.00020237060947713426
FREE_6DOF,robot_wall,0.0017875000000000007,0.0012036013726980036,9.8355985385226967e-07,-3.7372215032698013e-07,0.98184696401417737,0.0075144502030005432,-0.065250566886256689,-0.1779394161373791,0.015120505976998808,-0.1312965765894947,-0.35804801849303364,-0.0028697861205570119,0.0031410326024228392,-0.0010531995322065149,42.168604561064576,-251.45150992697236,-798.50248700191241,-2.6007680191718403e-05,0,0,2.6105272349578067e-07,-1.6304728224792603e-06,-6.2204389320829457e-06,1.0521683476302259e-06,0.00089894783165236978,31.686778921741652,1.1231193736583516,1,0.00096804061516114759,-0.0003558788759629748,0.00013390702545093959,-0.010713178403892422,-0.0024873388636840058,0.00020237060947713426
FREE_6DOF,robot_wall,0.0017875000000000007,0.0012036013726980036,9.8355985385226967e-07,-3.7372215032698013e-07,0.98184696401417737,0.0075144502030005432,-0.065250566886256689,-0.1779394161373791,0.015120505976998808,-0.1312965765894947,-0.35804801849303364,-0.0028697861205570119,0.0031410326024228392,-0.0010531995322065149,42.168604561064576,-251.45150992697236,-798.50248700191241,-2.6007680191718403e-05,0,0,2.6105272349578067e-07,-1.6304728224792603e-06,-6.2204389320829457e-06,1.0521683476302259e-06,0.00089894783165236978,31.686778921741652,1.1231193736583516,1,0.00096804061516114759,-0.0003558788759629748,0.00013390702545093959,-0.010713178403892422,-0.0024873388636840058,0.00020237060947713426
FREE_6DOF,robot_wall,0.0017875000000000007,0.0012036013726980036,9.8355985385226967e-07,-3.7372215032698013e-07,0.98184696401417737,0.0075144502030005432,-0.065250566886256689,-0.1779394161373791,0.015120505976998808,-0.1312965765894947,-0.35804801849303364,-0.0028697861205570119,0.0031410326024228392,-0.0010531995322065149,42.168604561064576,-251.45150992697236,-798.50248700191241,-2.6007680191718403e-05,0,0,2.6105272349578067e-07,-1.6304728224792603e-06,-6.2204389320829457e-06,1.0521683476302259e-06,0.00089894783165236978,31.686778921741652,1.1231193736583516,1,0.00096804061516114759,-0.0003558788759629748,0.00013390702545093959,-0.010713178403892422,-0.0024873388636840058,0.00020237060947713426
FREE_6DOF,robot_wall,0.0017875000000000007,0.0012036013726980036,9.8355985385226967e-07,-3.7372215032698013e-07,0.98184696401417737,0.0075144502030005432,-0.065250566886256689,-0.1779394161373791,0.015120505976998808,-0.1312965765894947,-0.35804801849303364,-0.0028697861205570119,0.0031410326024228392,-0.0010531995322065149,42.168604561064576,-251.45150992697236,-798.50248700191241,-2.6007680191718403e-05,0,0,2.6105272349578067e-07,-1.6304728224792603e-06,-6.2204389320829457e-06,1.0521683476302259e-06,0.00089894783165236978,31.686778921741652,1.1231193736583516,1,0.00096804061516114759,-0.0003558788759629748,0.00013390702545093959,-0.010713178403892422,-0.0024873388636840058,0.00020237060947713426
FREE_6DOF,robot_wall,0.0017875000000000007,0.0012036013726980036,9.8355985385226967e-07,-3.7372215032698013e-07,0.98184696401417737,0.0075144502030005432,-0.065250566886256689,-0.1779394161373791,0.015120505976998808,-0.1312965765894947,-0.35804801849303364,-0.0028697861205570119,0.0031410326024228392,-0.0010531995322065149,42.168604561064576,-251.45150992697236,-798.50248700191241,-2.6007680191718403e-05,0,0,2.6105272349578067e-07,-1.6304728224792603e-06,-6.2204389320829457e-06,1.0521683476302259e-06,0.00089894783165236978,31.686778921741652,1.1231193736583516,1,0.00096804061516114759,-0.0003558788759629748,0.00013390702545093959,-0.010713178403892422,-0.0024873388636840058,0.00020237060947713426
FREE_6DOF,robot_wall,0.0017875000000000007,0.0012036013726980036,9.8355985385226967e-07,-3.7372215032698013e-07,0.98184696401417737,0.0075144502030005432,-0.065250566886256689,-0.1779394161373791,0.015120505976998808,-0.1312965765894947,-0.35804801849303364,-0.0028697861205570119,0.0031410326024228392,-0.0010531995322065149,42.168604561064576,-251.45150992697236,-798.50248700191241,-2.6007680191718403e-05,0,0,2.6105272349578067e-07,-1.6304728224792603e-06,-6.2204389320829457e-06,1.0521683476302259e-06,0.00089894783165236978,31.686778921741652,1.1231193736583516,1,0.00096804061516114759,-0.0003558788759629748,0.00013390702545093959,-0.010713178403892422,-0.0024873388636840058,0.00020237060947713426
FREE_6DOF,robot_wall,0.0017875000000000007,0.0012036013726980036,9.8355985385226967e-07,-3.7372215032698013e-07,0.98184696401417737,0.0075144502030005432,-0.065250566886256689,-0.1779394161373791,0.015120505976998808,-0.1312965765894947,-0.35804801849303364,-0.0028697861205570119,0.0031410326024228392,-0.0010531995322065149,42.168604561064576,-251.45150992697236,-798.50248700191241,-2.6007680191718403e-05,0,0,2.6105272349578067e-07,-1.6304728224792603e-06,-6.2204389320829457e-06,1.0521683476302259e-06,0.00089894783165236978,31.686778921741652,1.1231193736583516,1,0.00096804061516114759,-0.0003558788759629748,0.00013390702545093959,-0.010713178403892422,-0.0024873388636840058,0.00020237060947713426
FREE_6DOF,robot_wall,0.0017875000000000007,0.0012036013726980036,9.8355985385226967e-07,-3.7372215032698013e-07,0.98184696401417737,0.0075144502030005432,-0.065250566886256689,-0.1779394161373791,0.015120505976998808,-0.1312965765894947,-0.35804801849303364,-0.0028697861205570119,0.0031410326024228392,-0.0010531995322065149,42.168604561064576,-251.45150992697236,-798.50248700191241,-2.6007680191718403e-05,0,0,2.6105272349578067e-07,-1.6304728224792603e-06,-6.2204389320829457e-06,1.0521683476302259e-06,0.00089894783165236978,31.686778921741652,1.1231193736583516,1,0.00096804061516114759,-0.0003558788759629748,0.00013390702545093959,-0.010713178403892422,-0.0024873388636840058,0.00020237060947713426
FREE_6DOF,robot_wall,0.0017875000000000007,0.0012036013726980036,9.8355985385226967e-07,-3.7372215032698013e-07,0.98184696401417737,0.0075144502030005432,-0.065250566886256689,-0.1779394161373791,0.015120505976998808,-0.1312965765894947,-0.35804801849303364,-0.0028697861205570119,0.0031410326024228392,-0.0010531995322065149,42.168604561064576,-251.45150992697236,-798.50248700191241,-2.6007680191718403e-05,0,0,2.6105272349578067e-07,-1.6304728224792603e-06,-6.2204389320829457e-06,1.0521683476302259e-06,0.00089894783165236978,31.686778921741652,1.1231193736583516,1,0.00096804061516114759,-0.0003558788759629748,0.00013390702545093959,-0.010713178403892422,-0.0024873388636840058,0.00020237060947713426
FREE_6DOF,robot_wall,0.0017937500000000006,0.0012036013726980036,9.8355985385226967e-07,-3.7372215032698013e-07,0.98184696401417737,0.0075144502030005432,-0.065250566886256689,-0.1779394161373791,0.015120505976998808,-0.1312965765894947,-0.35804801849303364,-0.0028697861205570119,0.0031410326024228392,-0.0010531995322065149,42.168604561064576,-251.45150992697236,-798.50248700191241,-2.6007664673779561e-05,0,0,2.6226481975081136e-07,-1.6287112290074706e-06,-6.2245197075155279e-06,1.0521683476302259e-06,0.00089894783165236978,31.686741421741655,1.1270463644753388,1,0.00096804061516114759,-0.0003558788759629748,0.00013390702545093959,-0.010712141676909186,-0.0024919354938215902,0.00020069426612971203
FREE_6DOF,robot_wall,0.0017937500000000006,0.0012035835722133759,1.0033921958670798e-06,-3.8037014385470151e-07,0.98134476101477575,0.0076214214604494179,-0.066020658784646857,-0.18040412017860383,0.015338342220034244,-0.13286858144324565,-0.36306877234951407,-0.0028263689603424567,0.0032053168423164455,-0.0010741583966643298,42.694134550113617,-253.76205976307827,-806.70295210491702,-2.5953656445718354e-05,0,0,2.6485187222100324e-07,-1.643644690598833e-06,-6.2718571356446599e-06,1.0730691240842812e-06,0.00089892693087591572,31.686723621257027,1.1270463644753388,1,0.00096603062913865197,-0.0003607654976320581,0.00013533875168493235,-0.010712141676909186,-0.0024919354938215902,0.00020069426612971203
FREE_6DOF,robot_wall,0.0017937500000000006,0.0012035835722726076,1.0033921958670798e-06,-3.8037014385470151e-07,0.981344749082253,0.007621433202208489,-0.066020678544985917,-0.18040417736043066,0.015338365912225501,-0.132868621744657,-0.36306888888647337,-0.0028263500062112859,0.0032053168423164455,-0.0010741583966643298,42.701701938096186,-253.77605134165668,-806.73984374895417,-2.5953655169355671e-05,0,0,2.6485193322364001e-07,-1.6436450421409513e-06,-6.2718582445522441e-06,1.0730691240842812e-06,0.00089892693087591572,31.686723621316258,1.1270463644753388,1,0.00096603058162977493,-0.00036076561220267135,0.00013533878539218609,-0.010712141676909186,-0.0024919354938215902,0.00020069426612971203
FREE_6DOF,robot_wall,0.0017937500000000006,0.0012035835722726089,1.0033921958670798e-06,-3.8037014385470151e-07,0.98134474908197333,0.0076214332024896712,-0.06602067854545178,-0.18040417736176986,0.015338365912792832,-0.13286862174560704,-0.36306888888920275,-0.0028263500057633477,0.0032053168423164455,-0.0010741583966643298,42.701702118857419,-253.77605167199962,-806.73984461272858,-2.5953655169325754e-05,0,0,2.6485193322507859e-07,-1.6436450421492275e-06,-6.2718582445782234e-06,1.0730691240842812e-06,0.00089892693087591572,31.686723621316261,1.1270463644753388,1,0.00096603058162866146,-0.00036076561220535562,0.00013533878539297956,-0.010712141676909186,-0.0024919354938215902,0.00020069426612971203
FREE_6DOF,robot_wall,0.0018000000000000006,0.0012035835722726089,1.0033921958670798e-06,-3.8037014385470151e-07,0.98134474908197333,0.0076214332024896782,-0.066020678545451808,-0.18040417736176986,0.015338365912792846,-0.1328686217456071,-0.36306888888920275,-0.0028263500057633369,0.0032053168423164455,-0.0010741583966643298,42.701702118861704,-253.77605167200744,-806.7398446127487,-2.5953639683541712e-05,0,0,2.6607458139697649e-07,-1.6418836782020629e-06,-6.2758901706837047e-06,1.0730691240842812e-06,0.00089892693087591572,31.68668612131626,1.130973355292326,1,0.00096603058162866146,-0.00036076561220535562,0.00013533878539297961,-0.010711111574804612,-0.0024964938914599417,0.00019901528079493397
FREE_6DOF,robot_wall,0.0018000000000000006,0.0012035660455946438,1.0236347870490346e-06,-3.8715081408075454e-07,0.98083051961771262,0.007729604046109036,-0.066797357700077969,-0.18289302340993258,0.015558753467756196,-0.13445496231805026,-0.36814142680958267,-0.0027821869430506691,0.0032723123359091233,-0.0010956560756726422,43.232645937906227,-256.10362528241205,-814.99830241703216,-2.5898351935613469e-05,0,0,2.6868913381129624e-07,-1.65689891902726e-06,-6.3235281929153744e-06,1.0944011742045571e-06,0.00089890559882579546,31.686668594638295,1.130973355292326,1,0.00096397296354650615,-0.00036569272484312035,0.00013677885425584808,-0.010711111574804612,-0.0024964938914599417,0.00019901528079493397
FREE_6DOF,robot_wall,0.0018000000000000006,0.0012035660456552787,1.0236347870490346e-06,-3.8715081408075454e-07,0.98083050744695366,0.0077296158971879884,-0.066797377585185946,-0.18289308091662579,0.015558777386228366,-0.13445500289475415,-0.36814154407057281,-0.0027821675398733386,0.0032723123359091233,-0.0010956560756726422,43.240276322224844,-256.11773072720018,-815.03541753928778,-2.5898350634130656e-05,0,0,2.6868919522215795e-07,-1.6568992711195923e-06,-6.3235293044770829e-06,1.0944011742045571e-06,0.00089890559882579546,31.686668594698929,1.130973355292326,1,0.00096397291510256122,-0.00036569283991070341,0.00013677888802763873,-0.010711111574804612,-0.0024964938914599417,0.00019901528079493397
FREE_6DOF,robot_wall,0.0018000000000000006,0.0012035660456552802,1.0236347870490346e-06,-3.8715081408075454e-07,0.98083050744666944,0.0077296158974707483,-0.066797377585652948,-0.18289308091796727,0.015558777386799016,-0.13445500289570703,-0.36814154407330824,-0.0027821675394165846,0.0032723123359091233,-0.0010956560756726422,43.240276503814172,-256.11773105896401,-815.03541840486616,-2.5898350634100265e-05,0,0,2.6868919522360044e-07,-1.6568992711278492e-06,-6.3235293045030191e-06,1.0944011742045571e-06,0.00089890559882579546,31.686668594698929,1.130973355292326,1,0.00096397291510143008,-0.0003656928399133885,0.0001367788880284306,-0.010711111574804612,-0.0024964938914599417,0.00019901528079493397
FREE_6DOF,robot_wall,0.0018062500000000006,0.0012035660456552802,1.0236347870490346e-06,-3.8715081408075454e-07,0.98083050744666944,0.0077296158974707561,-0.066797377585652976,-0.1828930809179673,0.01555877738679903,-0.13445500289570705,-0.36814154407330829,-0.0027821675394165738,0.0032723123359091233,-0.0010956560756726422,43.240276503818535,-256.11773105897186,-815.0354184048864,-2.5898335181235199e-05,0,0,2.69922400172906e-07,-1.6551382701632806e-06,-6.3275123075375422e-06,1.0944011742045571e-06,0.00089890559882579546,31.686631094698928,1.1349003461093132,1,0.00096397291510143008,-0.00036569283991338855,0.00013677888802843065,-0.010710088160797994,-0.0025010139958536958,0.00019733367801402934
FREE_6DOF,robot_wall,0.0018062500000000006,0.0012035488022543229,1.044307879890933e-06,-3.9406000564330002e-07,0.98030400519046001,0.0078389957065331736,-0.0675806808248888,-0.18540620036314884,0.015781740464278431,-0.13605579146940427,-0.37326625044080675,-0.0027357207669850832,0.0033430773734983857,-0.0011152852243419254,43.776033635358225,-258.46619742835009,-823.35760234346287,-2.5841743032055418e-05,0,0,2.7256444220632046e-07,-1.6702344338249967e-06,-6.3754474273530977e-06,1.1161819905597351e-06,0.00089888381800944019,31.686613851297974,1.1349003461093132,1,0.00096186673862400551,-0.00037066037107322253,0.00013822722187775699,-0.010710088160797994,-0.0025010139958536958,0.00019733367801402934
FREE_6DOF,robot_wall,0.0018062500000000006,0.0012035488023163883,1.044307879890933e-06,-3.9406000564330002e-07,0.98030399277871061,0.0078390076669707966,-0.067580700833983404,-0.18540625818915182,0.015781764609348988,-0.13605583232053425,-0.37326636841676636,-0.0027357009060294973,0.0033430773734983857,-0.0011152852243419254,43.7837266430707,-258.48041689455459,-823.39493793609756,-2.5841741705195301e-05,0,0,2.7256450401592738e-07,-1.6702347864086628e-06,-6.3754485413562771e-06,1.1161819905597351e-06,0.00089888381800944019,31.686613851360036,1.1349003461093132,1,0.00096186668923541887,-0.00037066048662079843,0.00013822725570844933,-0.010710088160797994,-0.0025010139958536958,0.00019733367801402934
FREE_6DOF,robot_wall,0.0018062500000000006,0.0012035488023163898,1.044307879890933e-06,-3.9406000564330002e-07,0.98030399277842195,0.0078390076672550987,-0.067580700834451488,-0.18540625819049533,0.015781764609922887,-0.13605583232148982,-0.37326636841950739,-0.0027357009055638368,0.0033430773734983857,-0.0011152852243419254,43.783726825455943,-258.48041722770051,-823.39493880330929,-2.5841741705164442e-05,0,0,2.7256450401737358e-07,-1.6702347864168985e-06,-6.3754485413821666e-06,1.1161819905597351e-06,0.00089888381800944019,31.68661385136004,1.1349003461093132,1,0.00096186668923427027,-0.00037066048662348395,0.00013822725570923947,-0.010710088160797994,-0.0025010139958536958,0.00019733367801402934
FREE_6DOF,robot_wall,0.0018062500000000006,0.0012035488023163898,1.044307879890933e-06,-3.9406000564330002e-07,0.98030399277842195,0.0078390076672551056,-0.067580700834451501,-0.18540625819049536,0.015781764609922901,-0.13605583232148982,-0.37326636841950744,-0.0027357009055638259,0.0033430773734983857,-0.0011152852243419254,43.783726825460242,-258.4804172277083,-823.39493880332907,-2.5841741705164442e-05,0,0,2.7256450401737363e-07,-1.6702347864168987e-06,-6.3754485413821666e-06,1.1161819905597351e-06,0.00089888381800944019,31.68661385136004,1.1349003461093132,1,0.00096186668923427027,-0.000370660486623484,0.0001382272557092395,-0.010710088160797994,-0.0025010139958536958,0.00019733367801402934
FREE_6DOF,robot_wall,0.0018062500000000006,0.0012035488023163898,1.044307879890933e-06,-3.9406000564330002e-07,0.98030399277842195,0.0078390076672551056,-0.067580700834451501,-0.18540625819049536,0.015781764609922901,-0.13605583232148982,-0.37326636841950744,-0.0027357009055638259,0.0033430773734983857,-0.0011152852243419254,43.783726825460242,-258.4804172277083,-823.39493880332907,-2.5841741705164442e-05,0,0,2.7256450401737363e-07,-1.6702347864168987e-06,-6.3754485413821666e-06,1.1161819905597351e-06,0.00089888381800944019,31.68661385136004,1.1349003461093132,1,0.00096186668923427027,-0.000370660486623484,0.0001382272557092395,-0.010710088160797994,-0.0025010139958536958,0.00019733367801402934
FREE_6DOF,robot_wall,0.0018062500000000006,0.0012035488023163898,1.044307879890933e-06,-3.9406000564330002e-07,0.98030399277842195,0.0078390076672551056,-0.067580700834451501,-0.18540625819049536,0.015781764609922901,-0.13605583232148982,-0.37326636841950744,-0.0027357009055638259,0.0033430773734983857,-0.0011152852243419254,43.783726825460242,-258.4804172277083,-823.39493880332907,-2.5841741705164442e-05,0,0,2.7256450401737363e-07,-1.6702347864168987e-06,-6.3754485413821666e-06,1.1161819905597351e-06,0.00089888381800944019,31.68661385136004,1.1349003461093132,1,0.00096186668923427027,-0.000370660486623484,0.0001382272557092395,-0.010710088160797994,-0.0025010139958536958,0.00019733367801402934
FREE_6DOF,robot_wall,0.0018062500000000006,0.0012035488023163898,1.044307879890933e-06,-3.9406000564330002e-07,0.98030399277842195,0.0078390076672551056,-0.067580700834451501,-0.18540625819049536,0.015781764609922901,-0.13605583232148982,-0.37326636841950744,-0.0027357009055638259,0.0033430773734983857,-0.0011152852243419254,43.783726825460242,-258.4804172277083,-823.39493880332907,-2.5841741705164442e-05,0,0,2.7256450401737363e-07,-1.6702347864168987e-06,-6.3754485413821666e-06,1.1161819905597351e-06,0.00089888381800944019,31.68661385136004,1.1349003461093132,1,0.00096186668923427027,-0.000370660486623484,0.0001382272557092395,-0.010710088160797994,-0.0025010139958536958,0.00019733367801402934
FREE_6DOF,robot_wall,0.0018062500000000006,0.0012035488023163898,1.044307879890933e-06,-3.9406000564330002e-07,0.98030399277842195,0.0078390076672551056,-0.067580700834451501,-0.18540625819049536,0.015781764609922901,-0.13605583232148982,-0.37326636841950744,-0.0027357009055638259,0.0033430773734983857,-0.0011152852243419254,43.783726825460242,-258.4804172277083,-823.39493880332907,-2.5841741705164442e-05,0,0,2.7256450401737363e-07,-1.6702347864168987e-06,-6.3754485413821666e-06,1.1161819905597351e-06,0.00089888381800944019,31.68661385136004,1.1349003461093132,1,0.00096186668923427027,-0.000370660486623484,0.0001382272557092395,-0.010710088160797994,-0.0025010139958536958,0.00019733367801402934
FREE_6DOF,robot_wall,0.0018062500000000006,0.0012035488023163898,1.044307879890933e-06,-3.9406000564330002e-07,0.98030399277842195,0.0078390076672551056,-0.067580700834451501,-0.18540625819049536,0.015781764609922901,-0.13605583232148982,-0.37326636841950744,-0.0027357009055638259,0.0033430773734983857,-0.0011152852243419254,43.783726825460242,-258.4804172277083,-823.39493880332907,-2.5841741705164442e-05,0,0,2.7256450401737363e-07,-1.6702347864168987e-06,-6.3754485413821666e-06,1.1161819905597351e-06,0.00089888381800944019,31.68661385136004,1.1349003461093132,1,0.00096186668923427027,-0.000370660486623484,0.0001382272557092395,-0.010710088160797994,-0.0025010139958536958,0.00019733367801402934
FREE_6DOF,robot_wall,0.0018062500000000006,0.0012035488023163898,1.044307879890933e-06,-3.9406000564330002e-07,0.98030399277842195,0.0078390076672551056,-0.067580700834451501,-0.18540625819049536,0.015781764609922901,-0.13605583232148982,-0.37326636841950744,-0.0027357009055638259,0.0033430773734983857,-0.0011152852243419254,43.783726825460242,-258.4804172277083,-823.39493880332907,-2.5841741705164442e-05,0,0,2.7256450401737363e-07,-1.6702347864168987e-06,-6.3754485413821666e-06,1.1161819905597351e-06,0.00089888381800944019,31.68661385136004,1.1349003461093132,1,0.00096186668923427027,-0.000370660486623484,0.0001382272557092395,-0.010710088160797994,-0.0025010139958536958,0.00019733367801402934
FREE_6DOF,robot_wall,0.0018062500000000006,0.0012035488023163898,1.044307879890933e-06,-3.9406000564330002e-07,0.98030399277842195,0.0078390076672551056,-0.067580700834451501,-0.18540625819049536,0.015781764609922901,-0.13605583232148982,-0.37326636841950744,-0.0027357009055638259,0.0033430773734983857,-0.0011152852243419254,43.783726825460242,-258.4804172277083,-823.39493880332907,-2.5841741705164442e-05,0,0,2.7256450401737363e-07,-1.6702347864168987e-06,-6.3754485413821666e-06,1.1161819905597351e-06,0.00089888381800944019,31.68661385136004,1.1349003461093132,1,0.00096186668923427027,-0.000370660486623484,0.0001382272557092395,-0.010710088160797994,-0.0025010139958536958,0.00019733367801402934
FREE_6DOF,robot_wall,0.0018062500000000006,0.0012035488023163898,1.044307879890933e-06,-3.9406000564330002e-07,0.98030399277842195,0.0078390076672551056,-0.067580700834451501,-0.18540625819049536,0.015781764609922901,-0.13605583232148982,-0.37326636841950744,-0.0027357009055638259,0.0033430773734983857,-0.0011152852243419254,43.783726825460242,-258.4804172277083,-823.39493880332907,-2.5841741705164442e-05,0,0,2.7256450401737363e-07,-1.6702347864168987e-06,-6.3754485413821666e-06,1.1161819905597351e-06,0.00089888381800944019,31.68661385136004,1.1349003461093132,1,0.00096186668923427027,-0.000370660486623484,0.0001382272557092395,-0.010710088160797994,-0.0025010139958536958,0.00019733367801402934
FREE_6DOF,robot_wall,0.0018062500000000006,0.0012035488023163898,1.044307879890933e-06,-3.9406000564330002e-07,0.98030399277842195,0.0078390076672551056,-0.067580700834451501,-0.18540625819049536,0.015781764609922901,-0.13605583232148982,-0.37326636841950744,-0.0027357009055638259,0.0033430773734983857,-0.0011152852243419254,43.783726825460242,-258.4804172277083,-823.39493880332907,-2.5841741705164442e-05,0,0,2.7256450401737363e-07,-1.6702347864168987e-06,-6.3754485413821666e-06,1.1161819905597351e-06,0.00089888381800944019,31.68661385136004,1.1349003461093132,1,0.00096186668923427027,-0.000370660486623484,0.0001382272557092395,-0.010710088160797994,-0.0025010139958536958,0.00019733367801402934
FREE_6DOF,robot_wall,0.0018062500000000006,0.0012035488023163898,1.044307879890933e-06,-3.9406000564330002e-07,0.98030399277842195,0.0078390076672551056,-0.067580700834451501,-0.18540625819049536,0.015781764609922901,-0.13605583232148982,-0.37326636841950744,-0.0027357009055638259,0.0033430773734983857,-0.0011152852243419254,43.783726825460242,-258.4804172277083,-823.39493880332907,-2.5841741705164442e-05,0,0,2.7256450401737363e-07,-1.6702347864168987e-06,-6.3754485413821666e-06,1.1161819905597351e-06,0.00089888381800944019,31.68661385136004,1.1349003461093132,1,0.00096186668923427027,-0.000370660486623484,0.0001382272557092395,-0.010710088160797994,-0.0025010139958536958,0.00019733367801402934
FREE_6DOF,robot_wall,0.0018062500000000006,0.0012035488023163898,1.044307879890933e-06,-3.9406000564330002e-07,0.98030399277842195,0.0078390076672551056,-0.067580700834451501,-0.18540625819049536,0.015781764609922901,-0.13605583232148982,-0.37326636841950744,-0.0027357009055638259,0.0033430773734983857,-0.0011152852243419254,43.783726825460242,-258.4804172277083,-823.39493880332907,-2.5841741705164442e-05,0,0,2.7256450401737363e-07,-1.6702347864168987e-06,-6.3754485413821666e-06,1.1161819905597351e-06,0.00089888381800944019,31.68661385136004,1.1349003461093132,1,0.00096186668923427027,-0.000370660486623484,0.0001382272557092395,-0.010710088160797994,-0.0025010139958536958,0.00019733367801402934
FREE_6DOF,robot_wall,0.0018062500000000006,0.0012035488023163898,1.044307879890933e-06,-3.9406000564330002e-07,0.98030399277842195,0.0078390076672551056,-0.067580700834451501,-0.18540625819049536,0.015781764609922901,-0.13605583232148982,-0.37326636841950744,-0.0027357009055638259,0.0033430773734983857,-0.0011152852243419254,43.783726825460242,-258.4804172277083,-823.39493880332907,-2.5841741705164442e-05,0,0,2.7256450401737363e-07,-1.6702347864168987e-06,-6.3754485413821666e-06,1.1161819905597351e-06,0.00089888381800944019,31.68661385136004,1.1349003461093132,1,0.00096186668923427027,-0.000370660486623484,0.0001382272557092395,-0.010710088160797994,-0.0025010139958536958,0.00019733367801402934
FREE_6DOF,robot_wall,0.0018062500000000006,0.0012035488023163898,1.044307879890933e-06,-3.9406000564330002e-07,0.98030399277842195,0.0078390076672551056,-0.067580700834451501,-0.18540625819049536,0.015781764609922901,-0.13605583232148982,-0.37326636841950744,-0.0027357009055638259,0.0033430773734983857,-0.0011152852243419254,43.783726825460242,-258.4804172277083,-823.39493880332907,-2.5841741705164442e-05,0,0,2.7256450401737363e-07,-1.6702347864168987e-06,-6.3754485413821666e-06,1.1161819905597351e-06,0.00089888381800944019,31.68661385136004,1.1349003461093132,1,0.00096186668923427027,-0.000370660486623484,0.0001382272557092395,-0.010710088160797994,-0.0025010139958536958,0.00019733367801402934
FREE_6DOF,robot_wall,0.0018062500000000006,0.0012035488023163898,1.044307879890933e-06,-3.9406000564330002e-07,0.98030399277842195,0.0078390076672551056,-0.067580700834451501,-0.18540625819049536,0.015781764609922901,-0.13605583232148982,-0.37326636841950744,-0.0027357009055638259,0.0033430773734983857,-0.0011152852243419254,43.783726825460242,-258.4804172277083,-823.39493880332907,-2.5841741705164442e-05,0,0,2.7256450401737363e-07,-1.6702347864168987e-06,-6.3754485413821666e-06,1.1161819905597351e-06,0.00089888381800944019,31.68661385136004,1.1349003461093132,1,0.00096186668923427027,-0.000370660486623484,0.0001382272557092395,-0.010710088160797994,-0.0025010139958536958,0.00019733367801402934
FREE_6DOF,robot_wall,0.0018062500000000006,0.0012035488023163898,1.044307879890933e-06,-3.9406000564330002e-07,0.98030399277842195,0.0078390076672551056,-0.067580700834451501,-0.18540625819049536,0.015781764609922901,-0.13605583232148982,-0.37326636841950744,-0.0027357009055638259,0.0033430773734983857,-0.0011152852243419254,43.783726825460242,-258.4804172277083,-823.39493880332907,-2.5841741705164442e-05,0,0,2.7256450401737363e-07,-1.6702347864168987e-06,-6.3754485413821666e-06,1.1161819905597351e-06,0.00089888381800944019,31.68661385136004,1.1349003461093132,1,0.00096186668923427027,-0.000370660486623484,0.0001382272557092395,-0.010710088160797994,-0.0025010139958536958,0.00019733367801402934
FREE_6DOF,robot_wall,0.0018062500000000006,0.0012035488023163898,1.044307879890933e-06,-3.9406000564330002e-07,0.98030399277842195,0.0078390076672551056,-0.067580700834451501,-0.18540625819049536,0.015781764609922901,-0.13605583232148982,-0.37326636841950744,-0.0027357009055638259,0.0033430773734983857,-0.0011152852243419254,43.783726825460242,-258.4804172277083,-823.39493880332907,-2.5841741705164442e-05,0,0,2.7256450401737363e-07,-1.6702347864168987e-06,-6.3754485413821666e-06,1.1161819905597351e-06,0.00089888381800944019,31.68661385136004,1.1349003461093132,1,0.00096186668923427027,-0.000370660486623484,0.0001382272557092395,-0.010710088160797994,-0.0025010139958536958,0.00019733367801402934
FREE_6DOF,robot_wall,0.0018125000000000005,0.0012035488023163898,1.044307879890933e-06,-3.9406000564330002e-07,0.98030399277842195,0.0078390076672551056,-0.067580700834451501,-0.18540625819049536,0.015781764609922901,-0.13605583232148982,-0.37326636841950744,-0.0027357009055638259,0.0033430773734983857,-0.0011152852243419254,43.783726825460242,-258.4804172277083,-823.39493880332907,-2.58417262859974e-05,0,0,2.7380826895484135e-07,-1.6684742841166037e-06,-6.3793825515053401e-06,1.1161819905597351e-06,0.00089888381800944019,31.686576351360042,1.1388273369263004,1,0.00096186668923427027,-0.000370660486623484,0.0001382272557092395,-0.010709071497694908,-0.0025054957468197544,0.00019564948230613524
FREE_6DOF,robot_wall,0.0018125000000000005,0.0012035318556783074,1.0654312846535772e-06,-4.01097359251096e-07,0.9797649622772383,0.0079496058017737847,-0.068370673173037536,-0.18794380413129835,0.016007327586811344,-0.13767119906340852,-0.37844367578200194,-0.0026872232808042222,0.0034164121505477966,-0.0011366679301527773,44.324949572682243,-260.85156244931045,-831.79056169751721,-2.5783803971433881e-05,0,0,2.7647781098995631e-07,-1.6836506380529166e-06,-6.4276115251182156e-06,1.1384300215282336e-06,0.00089886156997847179,31.686559404721958,1.1388273369263004,1,0.00095971099510736783,-0.00037566839567431233,0.00013968378855427739,-0.010709071497694908,-0.0025054957468197544,0.00019564948230613524
FREE_6DOF,robot_wall,0.0018125000000000005,0.0012035318557418317,1.0654312846535772e-06,-4.01097359251096e-07,0.97976494962166893,0.0079496178718083607,-0.068370693305521452,-0.1879438622713257,0.016007351959206346,-0.1376712401884892,-0.37844379446446907,-0.0026872029530284856,0.0034164121505477966,-0.0011366679301527773,44.332704936177031,-260.86589624271551,-831.82811493674353,-2.5783802618933179e-05,0,0,2.7647787318913612e-07,-1.6836509910714774e-06,-6.4276126413544355e-06,1.1384300215282336e-06,0.00089886156997847179,31.686559404785484,1.1388273369263004,1,0.00095971094476433817,-0.00037566851168534721,0.00013968382243846131,-0.010709071497694908,-0.0025054957468197544,0.00019564948230613524
FREE_6DOF,robot_wall,0.0018125000000000005,0.0012035318557418332,1.0654312846535772e-06,-4.01097359251096e-07,0.97976494962137584,0.0079496178720941685,-0.068370693305990535,-0.18794386227267093,0.016007351959783429,-0.13767124018944732,-0.37844379446721521,-0.0026872029525538267,0.0034164121505477966,-0.0011366679301527773,44.332705119328466,-260.86589657720742,-831.8281158054217,-2.5783802618901856e-05,0,0,2.764778731905855e-07,-1.6836509910796898e-06,-6.4276126413802709e-06,1.1384300215282336e-06,0.00089886156997847179,31.686559404785484,1.1388273369263004,1,0.00095971094476317233,-0.00037566851168803239,0.00013968382243924947,-0.010709071497694908,-0.0025054957468197544,0.00019564948230613524
FREE_6DOF,robot_wall,0.0018125000000000005,0.0012035318557418332,1.0654312846535772e-06,-4.01097359251096e-07,0.97976494962137584,0.0079496178720941755,-0.068370693305990507,-0.18794386227267093,0.016007351959783443,-0.13767124018944729,-0.37844379446721521,-0.0026872029525538159,0.0034164121505477966,-0.0011366679301527773,44.332705119332708,-260.86589657721527,-831.82811580544183,-2.5783802618901856e-05,0,0,2.7647787319058534e-07,-1.6836509910796891e-06,-6.4276126413802709e-06,1.1384300215282336e-06,0.00089886156997847179,31.686559404785484,1.1388273369263004,1,0.00095971094476317233,-0.00037566851168803239,0.00013968382243924942,-0.010709071497694908,-0.0025054957468197544,0.00019564948230613524
FREE_6DOF,robot_wall,0.0018125000000000005,0.0012035318557418332,1.0654312846535772e-06,-4.01097359251096e-07,0.97976494962137584,0.0079496178720941755,-0.068370693305990507,-0.18794386227267093,0.016007351959783443,-0.13767124018944729,-0.37844379446721521,-0.0026872029525538159,0.0034164121505477966,-0.0011366679301527773,44.332705119332708,-260.86589657721527,-831.82811580544183,-2.5783802618901856e-05,0,0,2.7647787319058534e-07,-1.6836509910796891e-06,-6.4276126413802709e-06,1.1384300215282336e-06,0.00089886156997847179,31.686559404785484,1.1388273369263004,1,0.00095971094476317233,-0.00037566851168803239,0.00013968382243924942,-0.010709071497694908,-0.0025054957468197544,0.00019564948230613524
FREE_6DOF,robot_wall,0.0018125000000000005,0.0012035318557418332,1.0654312846535772e-06,-4.01097359251096e-07,0.97976494962137584,0.0079496178720941755,-0.068370693305990507,-0.18794386227267093,0.016007351959783443,-0.13767124018944729,-0.37844379446721521,-0.0026872029525538159,0.0034164121505477966,-0.0011366679301527773,44.332705119332708,-260.86589657721527,-831.82811580544183,-2.5783802618901856e-05,0,0,2.7647787319058534e-07,-1.6836509910796891e-06,-6.4276126413802709e-06,1.1384300215282336e-06,0.00089886156997847179,31.686559404785484,1.1388273369263004,1,0.00095971094476317233,-0.00037566851168803239,0.00013968382243924942,-0.010709071497694908,-0.0025054957468197544,0.00019564948230613524
FREE_6DOF,robot_wall,0.0018125000000000005,0.0012035318557418332,1.0654312846535772e-06,-4.01097359251096e-07,0.97976494962137584,0.0079496178720941755,-0.068370693305990507,-0.18794386227267093,0.016007351959783443,-0.13767124018944729,-0.37844379446721521,-0.0026872029525538159,0.0034164121505477966,-0.0011366679301527773,44.332705119332708,-260.86589657721527,-831.82811580544183,-2.5783802618901856e-05,0,0,2.7647787319058534e-07,-1.6836509910796891e-06,-6.4276126413802709e-06,1.1384300215282336e-06,0.00089886156997847179,31.686559404785484,1.1388273369263004,1,0.00095971094476317233,-0.00037566851168803239,0.00013968382243924942,-0.010709071497694908,-0.0025054957468197544,0.00019564948230613524
FREE_6DOF,robot_wall,0.0018125000000000005,0.0012035318557418332,1.0654312846535772e-06,-4.01097359251096e-07,0.97976494962137584,0.0079496178720941755,-0.068370693305990507,-0.18794386227267093,0.016007351959783443,-0.13767124018944729,-0.37844379446721521,-0.0026872029525538159,0.0034164121505477966,-0.0011366679301527773,44.332705119332708,-260.86589657721527,-831.82811580544183,-2.5783802618901856e-05,0,0,2.7647787319058534e-07,-1.6836509910796891e-06,-6.4276126413802709e-06,1.1384300215282336e-06,0.00089886156997847179,31.686559404785484,1.1388273369263004,1,0.00095971094476317233,-0.00037566851168803239,0.00013968382243924942,-0.010709071497694908,-0.0025054957468197544,0.00019564948230613524
FREE_6DOF,robot_wall,0.0018125000000000005,0.0012035318557418332,1.0654312846535772e-06,-4.01097359251096e-07,0.97976494962137584,0.0079496178720941755,-0.068370693305990507,-0.18794386227267093,0.016007351959783443,-0.13767124018944729,-0.37844379446721521,-0.0026872029525538159,0.0034164121505477966,-0.0011366679301527773,44.332705119332708,-260.86589657721527,-831.82811580544183,-2.5783802618901856e-05,0,0,2.7647787319058534e-07,-1.6836509910796891e-06,-6.4276126413802709e-06,1.1384300215282336e-06,0.00089886156997847179,31.686559404785484,1.1388273369263004,1,0.00095971094476317233,-0.00037566851168803239,0.00013968382243924942,-0.010709071497694908,-0.0025054957468197544,0.00019564948230613524
FREE_6DOF,robot_wall,0.0018125000000000005,0.0012035318557418332,1.0654312846535772e-06,-4.01097359251096e-07,0.97976494962137584,0.0079496178720941755,-0.068370693305990507,-0.18794386227267093,0.016007351959783443,-0.13767124018944729,-0.37844379446721521,-0.0026872029525538159,0.0034164121505477966,-0.0011366679301527773,44.332705119332708,-260.86589657721527,-831.82811580544183,-2.5783802618901856e-05,0,0,2.7647787319058534e-07,-1.6836509910796891e-06,-6.4276126413802709e-06,1.1384300215282336e-06,0.00089886156997847179,31.686559404785484,1.1388273369263004,1,0.00095971094476317233,-0.00037566851168803239,0.00013968382243924942,-0.010709071497694908,-0.0025054957468197544,0.00019564948230613524
FREE_6DOF,robot_wall,0.0018125000000000005,0.0012035318557418332,1.0654312846535772e-06,-4.01097359251096e-07,0.97976494962137584,0.0079496178720941755,-0.068370693305990507,-0.18794386227267093,0.016007351959783443,-0.13767124018944729,-0.37844379446721521,-0.0026872029525538159,0.0034164121505477966,-0.0011366679301527773,44.332705119332708,-260.86589657721527,-831.82811580544183,-2.5783802618901856e-05,0,0,2.7647787319058534e-07,-1.6836509910796891e-06,-6.4276126413802709e-06,1.1384300215282336e-06,0.00089886156997847179,31.686559404785484,1.1388273369263004,1,0.00095971094476317233,-0.00037566851168803239,0.00013968382243924942,-0.010709071497694908,-0.0025054957468197544,0.00019564948230613524
FREE_6DOF,robot_wall,0.0018125000000000005,0.0012035318557418332,1.0654312846535772e-06,-4.01097359251096e-07,0.97976494962137584,0.0079496178720941755,-0.068370693305990507,-0.18794386227267093,0.016007351959783443,-0.13767124018944729,-0.37844379446721521,-0.0026872029525538159,0.0034164121505477966,-0.0011366679301527773,44.332705119332708,-260.86589657721527,-831.82811580544183,-2.5783802618901856e-05,0,0,2.7647787319058534e-07,-1.6836509910796891e-06,-6.4276126413802709e-06,1.1384300215282336e-06,0.00089886156997847179,31.686559404785484,1.1388273369263004,1,0.00095971094476317233,-0.00037566851168803239,0.00013968382243924942,-0.010709071497694908,-0.0025054957468197544,0.00019564948230613524
FREE_6DOF,robot_wall,0.0018125000000000005,0.0012035318557418332,1.0654312846535772e-06,-4.01097359251096e-07,0.97976494962137584,0.0079496178720941755,-0.068370693305990507,-0.18794386227267093,0.016007351959783443,-0.13767124018944729,-0.37844379446721521,-0.0026872029525538159,0.0034164121505477966,-0.0011366679301527773,44.332705119332708,-260.86589657721527,-831.82811580544183,-2.5783802618901856e-05,0,0,2.7647787319058534e-07,-1.6836509910796891e-06,-6.4276126413802709e-06,1.1384300215282336e-06,0.00089886156997847179,31.686559404785484,1.1388273369263004,1,0.00095971094476317233,-0.00037566851168803239,0.00013968382243924942,-0.010709071497694908,-0.0025054957468197544,0.00019564948230613524
FREE_6DOF,robot_wall,0.0018125000000000005,0.0012035318557418332,1.0654312846535772e-06,-4.01097359251096e-07,0.97976494962137584,0.0079496178720941755,-0.068370693305990507,-0.18794386227267093,0.016007351959783443,-0.13767124018944729,-0.37844379446721521,-0.0026872029525538159,0.0034164121505477966,-0.0011366679301527773,44.332705119332708,-260.86589657721527,-831.82811580544183,-2.5783802618901856e-05,0,0,2.7647787319058534e-07,-1.6836509910796891e-06,-6.4276126413802709e-06,1.1384300215282336e-06,0.00089886156997847179,31.686559404785484,1.1388273369263004,1,0.00095971094476317233,-0.00037566851168803239,0.00013968382243924942,-0.010709071497694908,-0.0025054957468197544,0.00019564948230613524
FREE_6DOF,robot_wall,0.0018125000000000005,0.0012035318557418332,1.0654312846535772e-06,-4.01097359251096e-07,0.97976494962137584,0.0079496178720941755,-0.068370693305990507,-0.18794386227267093,0.016007351959783443,-0.13767124018944729,-0.37844379446721521,-0.0026872029525538159,0.0034164121505477966,-0.0011366679301527773,44.332705119332708,-260.86589657721527,-831.82811580544183,-2.5783802618901856e-05,0,0,2.7647787319058534e-07,-1.6836509910796891e-06,-6.4276126413802709e-06,1.1384300215282336e-06,0.00089886156997847179,31.686559404785484,1.1388273369263004,1,0.00095971094476317233,-0.00037566851168803239,0.00013968382243924942,-0.010709071497694908,-0.0025054957468197544,0.00019564948230613524
FREE_6DOF,robot_wall,0.0018125000000000005,0.0012035318557418332,1.0654312846535772e-06,-4.01097359251096e-07,0.97976494962137584,0.0079496178720941755,-0.068370693305990507,-0.18794386227267093,0.016007351959783443,-0.13767124018944729,-0.37844379446721521,-0.0026872029525538159,0.0034164121505477966,-0.0011366679301527773,44.332705119332708,-260.86589657721527,-831.82811580544183,-2.5783802618901856e-05,0,0,2.7647787319058534e-07,-1.6836509910796891e-06,-6.4276126413802709e-06,1.1384300215282336e-06,0.00089886156997847179,31.686559404785484,1.1388273369263004,1,0.00095971094476317233,-0.00037566851168803239,0.00013968382243924942,-0.010709071497694908,-0.0025054957468197544,0.00019564948230613524
FREE_6DOF,robot_wall,0.0018125000000000005,0.0012035318557418332,1.0654312846535772e-06,-4.01097359251096e-07,0.97976494962137584,0.0079496178720941755,-0.068370693305990507,-0.18794386227267093,0.016007351959783443,-0.13767124018944729,-0.37844379446721521,-0.0026872029525538159,0.0034164121505477966,-0.0011366679301527773,44.332705119332708,-260.86589657721527,-831.82811580544183,-2.5783802618901856e-05,0,0,2.7647787319058534e-07,-1.6836509910796891e-06,-6.4276126413802709e-06,1.1384300215282336e-06,0.00089886156997847179,31.686559404785484,1.1388273369263004,1,0.00095971094476317233,-0.00037566851168803239,0.00013968382243924942,-0.010709071497694908,-0.0025054957468197544,0.00019564948230613524
FREE_6DOF,robot_wall,0.0018125000000000005,0.0012035318557418332,1.0654312846535772e-06,-4.01097359251096e-07,0.97976494962137584,0.0079496178720941755,-0.068370693305990507,-0.18794386227267093,0.016007351959783443,-0.13767124018944729,-0.37844379446721521,-0.0026872029525538159,0.0034164121505477966,-0.0011366679301527773,44.332705119332708,-260.86589657721527,-831.82811580544183,-2.5783802618901856e-05,0,0,2.7647787319058534e-07,-1.6836509910796891e-06,-6.4276126413802709e-06,1.1384300215282336e-06,0.00089886156997847179,31.686559404785484,1.1388273369263004,1,0.00095971094476317233,-0.00037566851168803239,0.00013968382243924942,-0.010709071497694908,-0.0025054957468197544,0.00019564948230613524
FREE_6DOF,robot_wall,0.0018125000000000005,0.0012035318557418332,1.0654312846535772e-06,-4.01097359251096e-07,0.97976494962137584,0.0079496178720941755,-0.068370693305990507,-0.18794386227267093,0.016007351959783443,-0.13767124018944729,-0.37844379446721521,-0.0026872029525538159,0.0034164121505477966,-0.0011366679301527773,44.332705119332708,-260.86589657721527,-831.82811580544183,-2.5783802618901856e-05,0,0,2.7647787319058534e-07,-1.6836509910796891e-06,-6.4276126413802709e-06,1.1384300215282336e-06,0.00089886156997847179,31.686559404785484,1.1388273369263004,1,0.00095971094476317233,-0.00037566851168803239,0.00013968382243924942,-0.010709071497694908,-0.0025054957468197544,0.00019564948230613524
FREE_6DOF,robot_wall,0.0018125000000000005,0.0012035318557418332,1.0654312846535772e-06,-4.01097359251096e-07,0.97976494962137584,0.0079496178720941755,-0.068370693305990507,-0.18794386227267093,0.016007351959783443,-0.13767124018944729,-0.37844379446721521,-0.0026872029525538159,0.0034164121505477966,-0.0011366679301527773,44.332705119332708,-260.86589657721527,-831.82811580544183,-2.5783802618901856e-05,0,0,2.7647787319058534e-07,-1.6836509910796891e-06,-6.4276126413802709e-06,1.1384300215282336e-06,0.00089886156997847179,31.686559404785484,1.1388273369263004,1,0.00095971094476317233,-0.00037566851168803239,0.00013968382243924942,-0.010709071497694908,-0.0025054957468197544,0.00019564948230613524
FREE_6DOF,robot_wall,0.0018187500000000005,0.0012035318557418332,1.0654312846535772e-06,-4.01097359251096e-07,0.97976494962137584,0.0079496178720941755,-0.068370693305990507,-0.18794386227267093,0.016007351959783443,-0.13767124018944729,-0.37844379446721521,-0.0026872029525538159,0.0034164121505477966,-0.0011366679301527773,44.332705119332708,-260.86589657721527,-831.82811580544183,-2.5783787234227293e-05,0,0,2.777321997885364e-07,-1.681891125393436e-06,-6.4314975926348918e-06,1.1384300215282336e-06,0.00089886156997847179,31.686521904785483,1.1427543277432877,1,0.00095971094476317233,-0.00037566851168803239,0.00013968382243924942,-0.010708061647883384,-0.0025099390847368786,0.00019396271816811745
FREE_6DOF,robot_wall,0.0018187500000000005,0.0012035152230661893,1.0870174915786992e-06,-4.08275024102855e-07,0.97921313236866836,0.0080614437914234092,-0.069167375913864335,-0.19050598056210355,0.016235539591884372,-0.13930130869497895,-0.38367412462732819,-0.0026352532534888603,0.0034911740654913043,-0.001160184822410095,44.8789990550341,-263.25594116923617,-840.2839888833347,-2.5724508766754176e-05,0,0,2.8042922562285194e-07,-1.6971468146876622e-06,-6.4800168751716429e-06,1.161161281779682e-06,0.00089883883871822031,31.686505272109841,1.1427543277432877,1,0.0009575047653614259,-0.00038071673238592314,0.00014114847648808519,-0.010708061647883384,-0.0025099390847368786,0.00019396271816811745
FREE_6DOF,robot_wall,0.0018187500000000005,0.0012035152231312009,1.0870174915786992e-06,-4.08275024102855e-07,0.97921311946652645,0.0080614559710985665,-0.069167396168964113,-0.19050603901048865,0.016235564191944295,-0.13930135009319256,-0.38367424400710842,-0.0026352324497726778,0.0034911740654913043,-0.001160184822410095,44.886816377852952,-263.27038946983384,-840.32175671756636,-2.5724507388359683e-05,0,0,2.8042928820159796e-07,-1.6971471680812222e-06,-6.4800179934238563e-06,1.161161281779682e-06,0.00089883883871822031,31.686505272174852,1.1427543277432877,1,0.00095750471405452663,-0.00038071684884298572,0.00014114851042001402,-0.010708061647883384,-0.0025099390847368786,0.00019396271816811745
FREE_6DOF,robot_wall,0.0018187500000000005,0.0012035152231312024,1.0870174915786992e-06,-4.08275024102855e-07,0.97921311946622891,0.0080614559713858471,-0.069167396169434125,-0.19050603901183538,0.016235564192524494,-0.13930135009415306,-0.38367424400985911,-0.0026352324492889315,0.0034911740654913043,-0.001160184822410095,44.886816561736786,-263.27038980563145,-840.32175758753635,-2.5724507388327896e-05,0,0,2.8042928820305025e-07,-1.6971471680894099e-06,-6.4800179934496298e-06,1.161161281779682e-06,0.00089883883871822031,31.686505272174852,1.1427543277432877,1,0.00095750471405334344,-0.00038071684884567004,0.00014114851042080007,-0.010708061647883384,-0.0025099390847368786,0.00019396271816811745
FREE_6DOF,robot_wall,0.0018250000000000004,0.0012035149956914429,2.7568386841788012e-06,-9.8074925191001284e-07,0.97955349354566201,0.0080533660645568245,-0.068618748987017475,-0.18894857465716841,0.016217413345996304,-0.13818055787941708,-0.38049395889726856,-0.00269760806244684,0.27062518392403584,-0.0927443028254267,40.128704209215826,-86.081749534695405,-326.08084918059762,-2.5761119228993573e-05,0,0,2.7965960696470388e-07,-1.6844822288950894e-06,-6.4545372197416546e-06,2.9260944321239454e-06,0.00089707390556787608,31.686467544735091,1.1466813185602749,1,0.00095886803723719508,-0.00037765863570124773,0.00014010546195107121,-0.010707058673330163,-0.0025143439505452862,0.000192273410074401
FREE_6DOF,robot_wall,0.0018250000000000004,0.0012034208397971946,4.2150690629940494e-06,-1.4814389341078717e-06,0.97930682835204741,0.0081584330354650611,-0.068919944539252737,-0.19010948729131238,0.016430355246592851,-0.13879861088923551,-0.38286352273354612,-0.015064943079710057,0.23331686061043971,-0.080110349151657406,40.849644157627154,-103.1891499497661,-377.27981886122473,-2.5734651007186419e-05,0,0,2.8052912255483149e-07,-1.6898754690709707e-06,-6.4766437937476462e-06,4.4678259278199503e-06,0.00089553217407218005,31.686373388840845,1.1466813185602749,1,0.00095788428484399918,-0.00037995432368004658,0.00014062683666036418,-0.010707058673330163,-0.0025143439505452862,0.000192273410074401
FREE_6DOF,robot_wall,0.0018250000000000004,0.0012034208399133071,4.2150690629940494e-06,-1.4814389341078717e-06,0.97930680559815086,0.0081584325812800746,-0.068919970430663238,-0.19010959513606535,0.016430354457738626,-0.13879866409522862,-0.38286374285544966,-0.015064924501720516,0.23331686061043971,-0.080110349151657406,40.850362999340675,-103.19746004770484,-377.31507607135427,-2.5734648561650194e-05,0,0,2.805292025815274e-07,-1.6898759657007041e-06,-6.4766458317176164e-06,4.4678259278199503e-06,0.00089553217407218005,31.686373388956955,1.1466813185602749,1,0.00095788419381551571,-0.00037995453539522967,0.00014062688467841522,-0.010707058673330163,-0.0025143439505452862,0.000192273410074401
FREE_6DOF,robot_wall,0.0018250000000000004,0.0012034208399133179,4.2150690629940494e-06,-1.4814389341078717e-06,0.97930680559605354,0.0081584325812299029,-0.06891997043304611,-0.19010959514600784,0.016430354457649184,-0.13879866410012551,-0.38286374287574326,-0.015064924500004,0.23331686061043971,-0.080110349151657406,40.850363063259728,-103.1974608120377,-377.31507932196621,-2.5734648561424778e-05,0,0,2.8052920258889241e-07,-1.6898759657464339e-06,-6.4766458319054942e-06,4.4678259278199503e-06,0.00089553217407218005,31.686373388956966,1.1466813185602749,1,0.00095788419380712518,-0.00037995453541474704,0.00014062688468283692,-0.010707058673330163,-0.0025143439505452862,0.000192273410074401
FREE_6DOF,robot_wall,0.0018312500000000004,0.0012034207659611844,4.4056745623327847e-06,-1.5460473588929398e-06,0.97934590318277759,0.0081571049551502801,-0.068857762813949022,-0.18993070330549031,0.016427464558162266,-0.138671558647323,-0.38249843715542736,-0.015076756841332679,0.26381374050463735,-0.090447697117268314,40.16663476866831,-83.220269051223156,-318.74498024334588,-2.5738839702649641e-05,0,0,2.8155589340425973e-07,-1.6868823067413104e-06,-6.4770833077800334e-06,4.6690717262777201e-06,0.00089533092827372227,31.686335815004835,1.1506083093772621,1,0.0009580407674723261,-0.00037960325013213961,0.00014050892773597825,-0.010706062635576942,-0.0025187102857462357,0.0001905815824768093
FREE_6DOF,robot_wall,0.0018312500000000004,0.0012033170850074687,6.0245515724267674e-06,-2.10042612842112e-06,0.97912574918612627,0.0082622419065939302,-0.069112961883670998,-0.1909657067094771,0.016640431260152244,-0.1391958144547791,-0.38461131391097941,-0.016588952594498253,0.25902032161503713,-0.088700603124508809,40.818933586830802,-88.516362873868118,-336.09047889927285,-2.5715225340078381e-05,0,0,2.8225545750682341e-07,-1.6913472515332754e-06,-6.4967931098729027e-06,6.3802046651956212e-06,0.00089361979533480432,31.686232134051121,1.1506083093772621,1,0.00095716338222491396,-0.00038165065841716571,0.0001409415945733145,-0.010706062635576942,-0.0025187102857462357,0.0001905815824768093
FREE_6DOF,robot_wall,0.0018312500000000004,0.0012033170851110618,6.0245515724267674e-06,-2.10042612842112e-06,0.97912572896726946,0.0082622365769465175,-0.069112982546694679,-0.19096580312862327,0.01664042063931799,-0.13919585701815795,-0.38461151072000449,-0.016588936019626545,0.25902032161503713,-0.088700603124508809,40.81818479554191,-88.522708384933736,-336.12209601077865,-2.5715223163842664e-05,0,0,2.8225552160924353e-07,-1.6913476612637999e-06,-6.496794923836022e-06,6.3802046651956212e-06,0.00089361979533480432,31.686232134154714,1.1506083093772621,1,0.00095716330122022966,-0.00038165084690760517,0.00014094163428618933,-0.010706062635576942,-0.0025187102857462357,0.0001905815824768093
FREE_6DOF,robot_wall,0.0018312500000000004,0.0012033170851110714,6.0245515724267674e-06,-2.10042612842112e-06,0.97912572896540917,0.0082622365764383962,-0.069112982548587887,-0.19096580313749809,0.016640420638305037,-0.13919585702205808,-0.3846115107381195,-0.016588936018099049,0.25902032161503713,-0.088700603124508809,40.818184721644357,-88.522708965190873,-336.12209892126475,-2.5715223163642419e-05,0,0,2.8225552161511659e-07,-1.6913476613013961e-06,-6.4967949240029672e-06,6.3802046651956212e-06,0.00089361979533480432,31.686232134154722,1.1506083093772621,1,0.0009571633012127761,-0.00038165084692495213,0.00014094163428983369,-0.010706062635576942,-0.0025187102857462357,0.0001905815824768093
FREE_6DOF,robot_wall,0.0018312500000000004,0.0012033170851110714,6.0245515724267674e-06,-2.10042612842112e-06,0.97912572896540895,0.0082622365764383476,-0.069112982548588039,-0.19096580313749889,0.01664042063830494,-0.13919585702205842,-0.38461151073812117,-0.01658893601809891,0.25902032161503713,-0.088700603124508809,40.818184721637074,-88.522708965243908,-336.12209892153265,-2.5715223163642395e-05,0,0,2.8225552161511701e-07,-1.6913476613013991e-06,-6.4967949240029816e-06,6.3802046651956212e-06,0.00089361979533480432,31.686232134154722,1.1506083093772621,1,0.00095716330121277523,-0.0003816508469249537,0.00014094163428983399,-0.010706062635576942,-0.0025187102857462357,0.0001905815824768093
FREE_6DOF,robot_wall,0.0018312500000000004,0.0012033170851110714,6.0245515724267674e-06,-2.10042612842112e-06,0.97912572896540895,0.0082622365764383476,-0.069112982548588039,-0.19096580313749889,0.01664042063830494,-0.13919585702205842,-0.38461151073812117,-0.01658893601809891,0.25902032161503713,-0.088700603124508809,40.818184721637074,-88.522708965243908,-336.12209892153265,-2.5715223163642395e-05,0,0,2.8225552161511701e-07,-1.6913476613013991e-06,-6.4967949240029816e-06,6.3802046651956212e-06,0.00089361979533480432,31.686232134154722,1.1506083093772621,1,0.00095716330121277523,-0.0003816508469249537,0.00014094163428983399,-0.010706062635576942,-0.0025187102857462357,0.0001905815824768093
FREE_6DOF,robot_wall,0.0018312500000000004,0.0012033170851110714,6.0245515724267674e-06,-2.10042612842112e-06,0.97912572896540895,0.0082622365764383476,-0.069112982548588039,-0.19096580313749889,0.01664042063830494,-0.13919585702205842,-0.38461151073812117,-0.01658893601809891,0.25902032161503713,-0.088700603124508809,40.818184721637074,-88.522708965243908,-336.12209892153265,-2.5715223163642395e-05,0,0,2.8225552161511701e-07,-1.6913476613013991e-06,-6.4967949240029816e-06,6.3802046651956212e-06,0.00089361979533480432,31.686232134154722,1.1506083093772621,1,0.00095716330121277523,-0.0003816508469249537,0.00014094163428983399,-0.010706062635576942,-0.0025187102857462357,0.0001905815824768093
FREE_6DOF,robot_wall,0.0018312500000000004,0.0012033170851110714,6.0245515724267674e-06,-2.10042612842112e-06,0.97912572896540895,0.0082622365764383476,-0.069112982548588039,-0.19096580313749889,0.01664042063830494,-0.13919585702205842,-0.38461151073812117,-0.01658893601809891,0.25902032161503713,-0.088700603124508809,40.818184721637074,-88.522708965243908,-336.12209892153265,-2.5715223163642395e-05,0,0,2.8225552161511701e-07,-1.6913476613013991e-06,-6.4967949240029816e-06,6.3802046651956212e-06,0.00089361979533480432,31.686232134154722,1.1506083093772621,1,0.00095716330121277523,-0.0003816508469249537,0.00014094163428983399,-0.010706062635576942,-0.0025187102857462357,0.0001905815824768093
FREE_6DOF,robot_wall,0.0018312500000000004,0.0012033170851110714,6.0245515724267674e-06,-2.10042612842112e-06,0.97912572896540895,0.0082622365764383476,-0.069112982548588039,-0.19096580313749889,0.01664042063830494,-0.13919585702205842,-0.38461151073812117,-0.01658893601809891,0.25902032161503713,-0.088700603124508809,40.818184721637074,-88.522708965243908,-336.12209892153265,-2.5715223163642395e-05,0,0,2.8225552161511701e-07,-1.6913476613013991e-06,-6.4967949240029816e-06,6.3802046651956212e-06,0.00089361979533480432,31.686232134154722,1.1506083093772621,1,0.00095716330121277523,-0.0003816508469249537,0.00014094163428983399,-0.010706062635576942,-0.0025187102857462357,0.0001905815824768093
FREE_6DOF,robot_wall,0.0018312500000000004,0.0012033170851110714,6.0245515724267674e-06,-2.10042612842112e-06,0.97912572896540895,0.0082622365764383476,-0.069112982548588039,-0.19096580313749889,0.01664042063830494,-0.13919585702205842,-0.38461151073812117,-0.01658893601809891,0.25902032161503713,-0.088700603124508809,40.818184721637074,-88.522708965243908,-336.12209892153265,-2.5715223163642395e-05,0,0,2.8225552161511701e-07,-1.6913476613013991e-06,-6.4967949240029816e-06,6.3802046651956212e-06,0.00089361979533480432,31.686232134154722,1.1506083093772621,1,0.00095716330121277523,-0.0003816508469249537,0.00014094163428983399,-0.010706062635576942,-0.0025187102857462357,0.0001905815824768093
FREE_6DOF,robot_wall,0.0018312500000000004,0.0012033170851110714,6.0245515724267674e-06,-2.10042612842112e-06,0.97912572896540895,0.0082622365764383476,-0.069112982548588039,-0.19096580313749889,0.01664042063830494,-0.13919585702205842,-0.38461151073812117,-0.01658893601809891,0.25902032161503713,-0.088700603124508809,40.818184721637074,-88.522708965243908,-336.12209892153265,-2.5715223163642395e-05,0,0,2.8225552161511701e-07,-1.6913476613013991e-06,-6.4967949240029816e-06,6.3802046651956212e-06,0.00089361979533480432,31.686232134154722,1.1506083093772621,1,0.00095716330121277523,-0.0003816508469249537,0.00014094163428983399,-0.010706062635576942,-0.0025187102857462357,0.0001905815824768093
FREE_6DOF,robot_wall,0.0018312500000000004,0.0012033170851110714,6.0245515724267674e-06,-2.10042612842112e-06,0.97912572896540895,0.0082622365764383476,-0.069112982548588039,-0.19096580313749889,0.01664042063830494,-0.13919585702205842,-0.38461151073812117,-0.01658893601809891,0.25902032161503713,-0.088700603124508809,40.818184721637074,-88.522708965243908,-336.12209892153265,-2.5715223163642395e-05,0,0,2.8225552161511701e-07,-1.6913476613013991e-06,-6.4967949240029816e-06,6.3802046651956212e-06,0.00089361979533480432,31.686232134154722,1.1506083093772621,1,0.00095716330121277523,-0.0003816508469249537,0.00014094163428983399,-0.010706062635576942,-0.0025187102857462357,0.0001905815824768093
FREE_6DOF,robot_wall,0.0018312500000000004,0.0012033170851110714,6.0245515724267674e-06,-2.10042612842112e-06,0.97912572896540895,0.0082622365764383476,-0.069112982548588039,-0.19096580313749889,0.01664042063830494,-0.13919585702205842,-0.38461151073812117,-0.01658893601809891,0.25902032161503713,-0.088700603124508809,40.818184721637074,-88.522708965243908,-336.12209892153265,-2.5715223163642395e-05,0,0,2.8225552161511701e-07,-1.6913476613013991e-06,-6.4967949240029816e-06,6.3802046651956212e-06,0.00089361979533480432,31.686232134154722,1.1506083093772621,1,0.00095716330121277523,-0.0003816508469249537,0.00014094163428983399,-0.010706062635576942,-0.0025187102857462357,0.0001905815824768093
FREE_6DOF,robot_wall,0.0018312500000000004,0.0012033170851110714,6.0245515724267674e-06,-2.10042612842112e-06,0.97912572896540895,0.0082622365764383476,-0.069112982548588039,-0.19096580313749889,0.01664042063830494,-0.13919585702205842,-0.38461151073812117,-0.01658893601809891,0.25902032161503713,-0.088700603124508809,40.818184721637074,-88.522708965243908,-336.12209892153265,-2.5715223163642395e-05,0,0,2.8225552161511701e-07,-1.6913476613013991e-06,-6.4967949240029816e-06,6.3802046651956212e-06,0.00089361979533480432,31.686232134154722,1.1506083093772621,1,0.00095716330121277523,-0.0003816508469249537,0.00014094163428983399,-0.010706062635576942,-0.0025187102857462357,0.0001905815824768093
FREE_6DOF,robot_wall,0.0018312500000000004,0.0012033170851110714,6.0245515724267674e-06,-2.10042612842112e-06,0.97912572896540895,0.0082622365764383476,-0.069112982548588039,-0.19096580313749889,0.01664042063830494,-0.13919585702205842,-0.38461151073812117,-0.01658893601809891,0.25902032161503713,-0.088700603124508809,40.818184721637074,-88.522708965243908,-336.12209892153265,-2.5715223163642395e-05,0,0,2.8225552161511701e-07,-1.6913476613013991e-06,-6.4967949240029816e-06,6.3802046651956212e-06,0.00089361979533480432,31.686232134154722,1.1506083093772621,1,0.00095716330121277523,-0.0003816508469249537,0.00014094163428983399,-0.010706062635576942,-0.0025187102857462357,0.0001905815824768093
FREE_6DOF,robot_wall,0.0018312500000000004,0.0012033170851110714,6.0245515724267674e-06,-2.10042612842112e-06,0.97912572896540895,0.0082622365764383476,-0.069112982548588039,-0.19096580313749889,0.01664042063830494,-0.13919585702205842,-0.38461151073812117,-0.01658893601809891,0.25902032161503713,-0.088700603124508809,40.818184721637074,-88.522708965243908,-336.12209892153265,-2.5715223163642395e-05,0,0,2.8225552161511701e-07,-1.6913476613013991e-06,-6.4967949240029816e-06,6.3802046651956212e-06,0.00089361979533480432,31.686232134154722,1.1506083093772621,1,0.00095716330121277523,-0.0003816508469249537,0.00014094163428983399,-0.010706062635576942,-0.0025187102857462357,0.0001905815824768093
FREE_6DOF,robot_wall,0.0018312500000000004,0.0012033170851110714,6.0245515724267674e-06,-2.10042612842112e-06,0.97912572896540895,0.0082622365764383476,-0.069112982548588039,-0.19096580313749889,0.01664042063830494,-0.13919585702205842,-0.38461151073812117,-0.01658893601809891,0.25902032161503713,-0.088700603124508809,40.818184721637074,-88.522708965243908,-336.12209892153265,-2.5715223163642395e-05,0,0,2.8225552161511701e-07,-1.6913476613013991e-06,-6.4967949240029816e-06,6.3802046651956212e-06,0.00089361979533480432,31.686232134154722,1.1506083093772621,1,0.00095716330121277523,-0.0003816508469249537,0.00014094163428983399,-0.010706062635576942,-0.0025187102857462357,0.0001905815824768093
FREE_6DOF,robot_wall,0.0018312500000000004,0.0012033170851110714,6.0245515724267674e-06,-2.10042612842112e-06,0.97912572896540895,0.0082622365764383476,-0.069112982548588039,-0.19096580313749889,0.01664042063830494,-0.13919585702205842,-0.38461151073812117,-0.01658893601809891,0.25902032161503713,-0.088700603124508809,40.818184721637074,-88.522708965243908,-336.12209892153265,-2.5715223163642395e-05,0,0,2.8225552161511701e-07,-1.6913476613013991e-06,-6.4967949240029816e-06,6.3802046651956212e-06,0.00089361979533480432,31.686232134154722,1.1506083093772621,1,0.00095716330121277523,-0.0003816508469249537,0.00014094163428983399,-0.010706062635576942,-0.0025187102857462357,0.0001905815824768093
FREE_6DOF,robot_wall,0.0018312500000000004,0.0012033170851110714,6.0245515724267674e-06,-2.10042612842112e-06,0.97912572896540895,0.0082622365764383476,-0.069112982548588039,-0.19096580313749889,0.01664042063830494,-0.13919585702205842,-0.38461151073812117,-0.01658893601809891,0.25902032161503713,-0.088700603124508809,40.818184721637074,-88.522708965243908,-336.12209892153265,-2.5715223163642395e-05,0,0,2.8225552161511701e-07,-1.6913476613013991e-06,-6.4967949240029816e-06,6.3802046651956212e-06,0.00089361979533480432,31.686232134154722,1.1506083093772621,1,0.00095716330121277523,-0.0003816508469249537,0.00014094163428983399,-0.010706062635576942,-0.0025187102857462357,0.0001905815824768093
FREE_6DOF,robot_wall,0.0018312500000000004,0.0012033170851110714,6.0245515724267674e-06,-2.10042612842112e-06,0.97912572896540895,0.0082622365764383476,-0.069112982548588039,-0.19096580313749889,0.01664042063830494,-0.13919585702205842,-0.38461151073812117,-0.01658893601809891,0.25902032161503713,-0.088700603124508809,40.818184721637074,-88.522708965243908,-336.12209892153265,-2.5715223163642395e-05,0,0,2.8225552161511701e-07,-1.6913476613013991e-06,-6.4967949240029816e-06,6.3802046651956212e-06,0.00089361979533480432,31.686232134154722,1.1506083093772621,1,0.00095716330121277523,-0.0003816508469249537,0.00014094163428983399,-0.010706062635576942,-0.0025187102857462357,0.0001905815824768093
FREE_6DOF,robot_wall,0.0018312500000000004,0.0012033170851110714,6.0245515724267674e-06,-2.10042612842112e-06,0.97912572896540895,0.0082622365764383476,-0.069112982548588039,-0.19096580313749889,0.01664042063830494,-0.13919585702205842,-0.38461151073812117,-0.01658893601809891,0.25902032161503713,-0.088700603124508809,40.818184721637074,-88.522708965243908,-336.12209892153265,-2.5715223163642395e-05,0,0,2.8225552161511701e-07,-1.6913476613013991e-06,-6.4967949240029816e-06,6.3802046651956212e-06,0.00089361979533480432,31.686232134154722,1.1506083093772621,1,0.00095716330121277523,-0.0003816508469249537,0.00014094163428983399,-0.010706062635576942,-0.0025187102857462357,0.0001905815824768093
FREE_6DOF,robot_wall,0.0018375000000000004,0.0012033170822606065,6.0694748946874094e-06,-2.1155530914227972e-06,0.9791349590093027,0.0082618963589952219,-0.069098451404401295,-0.19092374689366962,0.016639683730243694,-0.13916615842887212,-0.38452561335326679,-0.016589392092459465,0.26620805317673996,-0.091120917204777219,40.643953817458851,-83.854502767040358,-322.35064001864868,-2.5716200718691379e-05,0,0,2.8345831683623709e-07,-1.689299062434543e-06,-6.499769443627151e-06,6.4276037821157975e-06,0.00089357239621788416,31.686194631304257,1.1545353001942493,1,0.00095720025863772534,-0.00038156830496581133,0.00014091412964196257,-0.010705073595736676,-0.0025230380324016161,0.00018888725980441219
FREE_6DOF,robot_wall,0.0018375000000000004,0.0012032049109117209,7.7037325530023982e-06,-2.6749027476583567e-06,0.97891269106192624,0.0083680748576488717,-0.069353249040261647,-0.19196365658278658,0.016854791173102887,-0.13968977926641507,-0.38664894848194115,-0.017947415821684076,0.26148122533039814,-0.089495944997689536,41.28278092955329,-88.486422419122022,-337.73334857649849,-2.5692360998799749e-05,0,0,2.8415590839528233e-07,-1.6937393343363271e-06,-6.5195442336629065e-06,8.154912627221648e-06,0.00089184508737277833,31.686082459955372,1.1545353001942493,1,0.00095631461105592579,-0.00038362427519068735,0.00014134453858828663,-0.010705073595736676,-0.0025230380324016161,0.00018888725980441219
FREE_6DOF,robot_wall,0.0018375000000000004,0.0012032049110163026,7.7037325530023982e-06,-2.6749027476583567e-06,0.9789126706904101,0.0083680690543242522,-0.069353269502121645,-0.19196375332712398,0.016854779599765245,-0.13968982143823572,-0.38664914599389066,-0.017947399088634533,0.26148122533039814,-0.089495944997689536,41.281905506330069,-88.492673712741208,-337.76508786677272,-2.569235880603106e-05,0,0,2.8415597218412545e-07,-1.6937397409936935e-06,-6.5195460503430864e-06,8.154912627221648e-06,0.00089184508737277833,31.686082460059954,1.1545353001942493,1,0.00095631452943564863,-0.00038362446413018648,0.00014134457801579669,-0.010705073595736676,-0.0025230380324016161,0.00018888725980441219
FREE_6DOF,robot_wall,0.0018375000000000004,0.0012032049110163121,7.7037325530023982e-06,-2.6749027476583567e-06,0.97891267068853915,0.0083680690537724107,-0.069353269503992454,-0.19196375333601282,0.016854779598664351,-0.13968982144209185,-0.38664914601203787,-0.017947399087095434,0.26148122533039814,-0.089495944997689536,41.281905420619012,-88.492674283060708,-337.76509078330673,-2.569235880582965e-05,0,0,2.8415597218995764e-07,-1.6937397410309335e-06,-6.5195460505099816e-06,8.154912627221648e-06,0.00089184508737277833,31.686082460059961,1.1545353001942493,1,0.00095631452942815181,-0.00038362446414754359,0.00014134457801940771,-0.010705073595736676,-0.0025230380324016161,0.00018888725980441219
FREE_6DOF,robot_wall,0.0018437500000000003,0.0012032049085152162,7.7453693316516447e-06,-2.6887290515713494e-06,0.97892124304432238,0.0083683807231406063,-0.069340085371541585,-0.19192478391624879,0.016855358714021402,-0.13966286320677523,-0.38656953908346509,-0.017947799262443137,0.26814310991427748,-0.091708153623768357,41.300714364423477,-84.294299343585124,-324.98957957022941,-2.569326595994778e-05,0,0,2.8536392108113897e-07,-1.691715695301186e-06,-6.5225406326918656e-06,8.1987810067383553e-06,0.00089180121899326158,31.686044957558867,1.1584622910112365,1,0.00095634886598860405,-0.00038354811812146985,0.00014131944675504758,-0.010704091614489868,-0.0025273271331335196,0.00018719046646338265
FREE_6DOF,robot_wall,0.0018437500000000003,0.0012030903495105483,9.4094689789671899e-06,-3.2580514051029374e-06,0.9786986132546549,0.0084762601585178059,-0.069591852740501253,-0.19296152844358633,0.017073926125570467,-0.14018047233234893,-0.38868685246903351,-0.018329440746858789,0.26625594357048715,-0.091091576565054094,41.931553332054335,-87.656484341552641,-336.71876543458541,-2.5669392564074598e-05,0,0,2.8604923968370979e-07,-1.6960765503030095e-06,-6.5422296378659511e-06,9.9575602144520861e-06,0.00089004243978554789,31.685930398554198,1.1584622910112365,1,0.00095546199761693037,-0.00038559690586200513,0.00014174235684111979,-0.010704091614489868,-0.0025273271331335196,0.00018719046646338265
FREE_6DOF,robot_wall,0.0018437500000000003,0.0012030903496152777,9.4094689789671899e-06,-3.2580514051029374e-06,0.9786985928959101,0.0084762536124158832,-0.069591872694954302,-0.19296162479382506,0.017073913056638131,-0.14018051348791805,-0.38868704921375935,-0.018329423990172147,0.26625594357048715,-0.091091576565054094,41.93046963133547,-87.662526861274429,-336.7503966649158,-2.56693903723498e-05,0,0,2.8604930220557697e-07,-1.6960769488338465e-06,-6.5422314433959536e-06,9.9575602144520861e-06,0.00089004243978554789,31.685930398658925,1.1584622910112365,1,0.00095546191603531065,-0.00038559709380074072,0.00014174239549943413,-0.010704091614489868,-0.0025273271331335196,0.00018719046646338265
FREE_6DOF,robot_wall,0.0018437500000000003,0.0012030903496152872,9.4094689789671899e-06,-3.2580514051029374e-06,0.97869859289404382,0.0084762536117952477,-0.069591872696774429,-0.1929616248026618,0.017073913055398699,-0.14018051349167246,-0.38868704923180364,-0.01832942398863378,0.26625594357048715,-0.091091576565054094,41.930469526209997,-87.662527411057226,-336.75039956633384,-2.5669390372148873e-05,0,0,2.8604930221128025e-07,-1.6960769488702649e-06,-6.5422314435615249e-06,9.9575602144520861e-06,0.00089004243978554789,31.685930398658936,1.1584622910112365,1,0.00095546191602783161,-0.00038559709381797466,0.00014174239550296722,-0.010704091614489868,-0.0025273271331335196,0.00018719046646338265
FREE_6DOF,robot_wall,0.0018500000000000003,0.0012030903556201214,9.4347936784263083e-06,-3.2664888453830555e-06,0.97870381285988017,0.008476911113336736,-0.069583906484345162,-0.19293799167060743,0.017075207466841137,-0.14016422063269399,-0.38863876145027837,-0.018328463215179797,0.27030789548394613,-0.092441567009872952,42.087317101210431,-85.154914755506852,-328.99069219664545,-2.5669937114898218e-05,0,0,2.8727670384965967e-07,-1.694154832096903e-06,-6.5454750956674656e-06,9.984251656057402e-06,0.00089001574834394255,31.685892904663774,1.1623892818282238,1,0.00095548283685803113,-0.00038555089233245225,0.00014172704863483958,-0.010703116752080934,-0.0025315775311238243,0.00018549122683686266
FREE_6DOF,robot_wall,0.0018500000000000003,0.0012029738099892831,1.111420116876633e-05,-3.8408690123712382e-06,0.97847772821770784,0.0085868270223165132,-0.069837371099454038,-0.1939854205385533,0.017297929936080373,-0.14068548825529975,-0.39077836369315128,-0.018647300934126212,0.26870519845440349,-0.091900826718109188,42.711323029240361,-88.360540001817967,-340.23788135875014,-2.5645697985529925e-05,0,0,2.8796692097029276e-07,-1.6985283122779678e-06,-6.5653376508707783e-06,1.1759155683551454e-05,0.00088824084431644856,31.685776359032936,1.1623892818282238,1,0.00095458238165285704,-0.00038761964743261605,0.00014215127148758025,-0.010703116752080934,-0.0025315775311238243,0.00018549122683686266
FREE_6DOF,robot_wall,0.0018500000000000003,0.0012029738100956169,1.111420116876633e-05,-3.8408690123712382e-06,0.97847770758452024,0.0085868201577848479,-0.06983739105490358,-0.19398551773357822,0.017297916227845524,-0.14068552943242851,-0.39077856220483753,-0.018647283920731991,0.26870519845440349,-0.091900826718109188,42.71016130499531,-88.36656172466607,-340.26980230225087,-2.5645695764295776e-05,0,0,2.8796698381195246e-07,-1.6985287111759751e-06,-6.565339468960062e-06,1.1759155683551454e-05,0.00088824084431644856,31.685776359139268,1.1623892818282238,1,0.00095458229897261895,-0.00038761983685414286,0.00014215131018980836,-0.010703116752080934,-0.0025315775311238243,0.00018549122683686266
FREE_6DOF,robot_wall,0.0018500000000000003,0.0012029738100956266,1.111420116876633e-05,-3.8408690123712382e-06,0.97847770758263231,0.0085868201571353327,-0.069837391056720016,-0.19398551774247608,0.017297916226548089,-0.1406855294361771,-0.39077856222301038,-0.018647283919172912,0.26870519845440349,-0.091900826718109188,42.710161192679095,-88.36656227134165,-340.2698052248769,-2.5645695764092522e-05,0,0,2.8796698381767311e-07,-1.6985287112123543e-06,-6.5653394691264768e-06,1.1759155683551454e-05,0.00088824084431644856,31.685776359139279,1.1623892818282238,1,0.00095458229896505317,-0.00038761983687148066,0.00014215131019333844,-0.010703116752080934,-0.0025315775311238243,0.00018549122683686266
FREE_6DOF,robot_wall,0.0018562500000000003,0.001202973815471812,1.1138351410043906e-05,-3.8488906983271085e-06,0.97848269216857775,0.0085874520709821392,-0.069829844383119274,-0.19396306253225212,0.017299160165086282,-0.14067009076750206,-0.39073267100893661,-0.018646423729491941,0.27256923705881547,-0.093184296471048506,42.860471696820106,-85.991990097991845,-332.89486981003779,-2.5646217111436361e-05,0,0,2.8919650017042581e-07,-1.696614993196211e-06,-6.568565896926001e-06,1.1784601467223912e-05,0.00088821539853277604,31.685738864515461,1.166316272645211,1,0.00095460227407152603,-0.00038757596834919535,0.00014213678453875726,-0.010702149068314558,-0.0025357891701137652,0.00018378956528483737
FREE_6DOF,robot_wall,0.0018562500000000003,0.0012028558922122397,1.2834267983232184e-05,-4.4287060019163682e-06,0.97825325558460596,0.0086993641221280293,-0.070084843367843555,-0.19502052131018199,0.017525957564082605,-0.14119468658931544,-0.39289324284214794,-0.018867721531583094,0.27134665171012445,-0.092770448574281544,43.473954211688564,-89.011071841916149,-343.54641542141769,-2.5621623768730757e-05,0,0,2.8989112069304828e-07,-1.7009978136205036e-06,-6.5885886668898717e-06,1.3576887401640657e-05,0.00088642311259835935,31.685620941255891,1.166316272645211,1,0.00095368865141759864,-0.00038966335512101761,0.00014256200144665526,-0.010702149068314558,-0.0025357891701137652,0.00018378956528483737
FREE_6DOF,robot_wall,0.0018562500000000003,0.0012028558923201271,1.2834267983232184e-05,-4.4287060019163682e-06,0.97825323468817693,0.0086993569386100492,-0.070084863307814785,-0.19502061928446979,0.017525943215315358,-0.14119472775445796,-0.3928934429883682,-0.018867704269567274,0.27134665171012445,-0.092770448574281544,43.472714024409285,-89.01706718233855,-343.5786049251065,-2.562162151919597e-05,0,0,2.8989118380626966e-07,-1.7009982125729638e-06,-6.5885904962223692e-06,1.3576887401640657e-05,0.00088642311259835935,31.685620941363776,1.166316272645211,1,0.00095368856768372745,-0.0003896635458924158,0.00014256204016241874,-0.010702149068314558,-0.0025357891701137652,0.00018378956528483737
FREE_6DOF,robot_wall,0.0018562500000000003,0.0012028558923201371,1.2834267983232184e-05,-4.4287060019163682e-06,0.97825323468626857,0.0086993569379317237,-0.070084863309625961,-0.19502061929342226,0.017525943213960046,-0.14119472775819755,-0.39289344300665652,-0.018867704267988328,0.27134665171012445,-0.092770448574281544,43.472713904890789,-89.01706772539093,-343.57860786684779,-2.562162151899052e-05,0,0,2.8989118381200323e-07,-1.7009982126092754e-06,-6.5885904963895023e-06,1.3576887401640657e-05,0.00088642311259835935,31.685620941363787,1.166316272645211,1,0.00095368856767607992,-0.00038966354590984462,0.00014256204016594299,-0.010702149068314558,-0.0025357891701137652,0.00018378956528483737
FREE_6DOF,robot_wall,0.0018625000000000002,0.0012028558926386235,1.2855303429185665e-05,-4.4357920015511644e-06,0.9782575873897027,0.0086996876221409856,-0.070078189826923987,-0.19500116784352081,0.01752658372854032,-0.14118107625154697,-0.39285367978896668,-0.018867653310185303,0.27471232306268162,-0.09390420851584888,43.543852006846485,-86.904216376420663,-337.19218136094185,-2.5622074638466604e-05,0,0,2.9112458330163254e-07,-1.699102746542126e-06,-6.5918334064525244e-06,1.3599083680066756e-05,0.0008864009163199332,31.685583441682272,1.1702432634621982,1,0.00095370600280161681,-0.00038962554091562094,0.00014254927747882351,-0.010701188622552078,-0.0025399619944034978,0.00018208550614401802
FREE_6DOF,robot_wall,0.0018625000000000002,0.0012027366304540651,1.4565829700471405e-05,-5.0205004759510077e-06,0.97802424968866097,0.0088132985493279865,-0.070335333010742851,-0.19607099153082319,0.017756862122746967,-0.14171025792885289,-0.39504001179542336,-0.019081949529335743,0.27368420340571842,-0.093553355903974927,44.159626344564863,-89.840430628700673,-347.62877187829554,-2.5597068095500205e-05,0,0,2.9182592611059252e-07,-1.7035075029287293e-06,-6.6120585864067953e-06,1.5406778374863422e-05,0.00088459322162513657,31.685464179497714,1.1702432634621982,1,0.00095277701634074519,-0.00039173603266142609,0.0001429766983493325,-0.010701188622552078,-0.0025399619944034978,0.00018208550614401802
FREE_6DOF,robot_wall,0.0018625000000000002,0.0012027366305637653,1.4565829700471405e-05,-5.0205004759510077e-06,0.97802422847991211,0.0088132910821496595,-0.070335353000761727,-0.1960710904871808,0.017756847204856333,-0.14171029921657038,-0.3950402139924814,-0.019081931977295522,0.27368420340571842,-0.093553355903974927,44.158319559106559,-89.846422524780479,-347.66129597271214,-2.5597065812428511e-05,0,0,2.9182598970479748e-07,-1.7035079030754258e-06,-6.612060430726127e-06,1.5406778374863422e-05,0.00088459322162513657,31.685464179607415,1.1702432634621982,1,0.00095277693135832468,-0.00039173622517942784,0.00014297673718808006,-0.010701188622552078,-0.0025399619944034978,0.00018208550614401802
FREE_6DOF,robot_wall,0.0018625000000000002,0.0012027366305637753,1.4565829700471405e-05,-5.0205004759510077e-06,0.97802422847797876,0.0088132910814459429,-0.070335353002573694,-0.19607109049620594,0.017756847203450062,-0.14171029922031333,-0.39504021401092232,-0.01908193197569304,0.27368420340571842,-0.093553355903974927,44.158319433518365,-89.846423066310507,-347.66129893941621,-2.5597065812220381e-05,0,0,2.9182598971056302e-07,-1.7035079031117735e-06,-6.6120604308943088e-06,1.5406778374863422e-05,0.00088459322162513657,31.685464179607425,1.1702432634621982,1,0.00095277693135057708,-0.00039173622519698292,0.00014297673719160849,-0.010701188622552078,-0.0025399619944034978,0.00018208550614401802
FREE_6DOF,robot_wall,0.0018687500000000002,0.0012027366309163888,1.4588393846324648e-05,-5.0281649236142618e-06,0.97802892308635303,0.0088134398116583509,-0.070328109049374421,-0.19605026386815746,0.017757118786591898,-0.14169548021127853,-0.39499762839981467,-0.019081875557544554,0.27729446674223718,-0.09477966753009566,44.176796436865018,-87.540740530213526,-340.82522939897768,-2.5597555517437419e-05,0,0,2.9305782568202696e-07,-1.7016018123443057e-06,-6.6152381785393762e-06,1.5430608462226878e-05,0.0008845693915377731,31.685426679960038,1.1741702542791854,1,0.00095279572778149163,-0.0003916955320942034,0.00014296296612108488,-0.010700235473707933,-0.0025440959488516753,0.00018037907372773422
FREE_6DOF,robot_wall,0.0018687500000000002,0.0012026159111252865,1.6315404533789688e-05,-5.6184571987658622e-06,0.97779202389549524,0.0089285688755013585,-0.070586719194393494,-0.19713080362429011,0.017990513606541952,-0.14222786986526828,-0.39720636692430711,-0.019315166576355285,0.27632170999440619,-0.09444676402425603,44.793347883476443,-90.443758854100309,-351.17630623548763,-2.5572172377207613e-05,0,0,2.9376337218503107e-07,-1.7060153469748924e-06,-6.6356337919437869e-06,1.7255708805945036e-05,0.00088274429119405496,31.685305960168936,1.1741702542791854,1,0.00095185274159454521,-0.00039382582733849539,0.00014339133329270356,-0.010700235473707933,-0.0025440959488516753,0.00018037907372773422
FREE_6DOF,robot_wall,0.0018687500000000002,0.0012026159112366389,1.6315404533789688e-05,-5.6184571987658622e-06,0.97779200240801756,0.0089285610441020569,-0.070586739157706857,-0.1971309034111168,0.017990497956963843,-0.14222791111948743,-0.39720657086337957,-0.019315148759982234,0.27632170999440619,-0.09444676402425603,44.791950780775238,-90.449717597633139,-351.20911705354246,-2.55721700641533e-05,0,0,2.9376343602484356e-07,-1.7060157470920233e-06,-6.6356356482308743e-06,1.7255708805945036e-05,0.00088274429119405496,31.685305960280289,1.1741702542791854,1,0.00095185265549586776,-0.00039382602129033777,0.00014339137213741231,-0.010700235473707933,-0.0025440959488516753,0.00018037907372773422
FREE_6DOF,robot_wall,0.0018687500000000002,0.001202615911236649,1.6315404533789688e-05,-5.6184571987658622e-06,0.97779200240606257,0.0089285610433655696,-0.070586739159512427,-0.19713090342020018,0.017990497955491715,-0.14222791112321917,-0.39720657088194361,-0.019315148758358706,0.27632170999440619,-0.09444676402425603,44.79195064693964,-90.449718134892095,-351.20912004068072,-2.5572170063942829e-05,0,0,2.9376343603061895e-07,-1.7060157471282924e-06,-6.6356356483998192e-06,1.7255708805945036e-05,0.00088274429119405496,31.685305960280299,1.1741702542791854,1,0.00095185265548803353,-0.00039382602130798934,0.00014339137214093394,-0.010700235473707933,-0.0025440959488516753,0.00018037907372773422
FREE_6DOF,robot_wall,0.0018750000000000001,0.0012026159115890488,1.6336904539564223e-05,-5.6258550911662934e-06,0.97779649823309667,0.0089285654298192577,-0.070579732680296769,-0.19711111104460144,0.017990479550794521,-0.14221357814601654,-0.39716608903812173,-0.019315092374398681,0.27976171091833169,-0.095630426808324967,44.774775285184738,-88.211821434801664,-344.71280113352532,-2.5572638246134836e-05,0,0,2.9499669059571096e-07,-1.7041148826958669e-06,-6.6387932107462737e-06,1.7278445978780493e-05,0.00088272155402121947,31.685268460632699,1.1780972450961726,1,0.00095187065028669911,-0.0003937873571559309,0.00014337810464044547,-0.010699289680246081,-0.0025481909788749976,0.00017867029232583367
FREE_6DOF,robot_wall,0.0018750000000000001,0.0012024937185849593,1.8079851359641714e-05,-6.2216218042718169e-06,0.97755583029423798,0.0090450683002893193,-0.070839954436303892,-0.19820314390202895,0.018226702802830789,-0.1427494799608407,-0.39939884128607761,-0.01955088065431863,0.2788714912123989,-0.095322674096883733,45.39127597237021,-91.086075896080203,-354.98404496414116,-2.554685638509673e-05,0,0,2.9570696432916202e-07,-1.7085401139802089e-06,-6.6593725133481143e-06,1.9120397565483013e-05,0.00088087960243451698,31.68514626762861,1.1780972450961726,1,0.00095091284095751472,-0.00039593890033140467,0.00014380769982802751,-0.010699289680246081,-0.0025481909788749976,0.00017867029232583367
FREE_6DOF,robot_wall,0.0018750000000000001,0.0012024937186980607,1.8079851359641714e-05,-6.2216218042718169e-06,0.97755580851090695,0.0090450601004215102,-0.070839974385492208,-0.19820324458350719,0.01822668641303752,-0.14274952120791395,-0.39939904709995366,-0.019550862558084279,0.2788714912123989,-0.095322674096883733,45.389788152090389,-91.092005015249143,-355.01716389619492,-2.5546854040225115e-05,0,0,2.9570702845901521e-07,-1.7085405143199248e-06,-6.6593743827029541e-06,1.9120397565483013e-05,0.00088087960243451698,31.685146267741711,1.1780972450961726,1,0.00095091275367428058,-0.00039593909583683098,0.00014380773870300418,-0.010699289680246081,-0.0025481909788749976,0.00017867029232583367
FREE_6DOF,robot_wall,0.0018750000000000001,0.0012024937186980711,1.8079851359641714e-05,-6.2216218042718169e-06,0.97755580850892898,0.0090450600996520077,-0.070839974387292517,-0.19820324459265426,0.018226686411499039,-0.14274952121163687,-0.39939904711865204,-0.019550862556438418,0.2788714912123989,-0.095322674096883733,45.389788010003315,-91.092005548553445,-355.01716690553928,-2.5546854040012195e-05,0,0,2.9570702846480447e-07,-1.7085405143561384e-06,-6.6593743828727596e-06,1.9120397565483013e-05,0.00088087960243451698,31.685146267741722,1.1780972450961726,1,0.00095091275366635463,-0.00039593909585458939,0.00014380773870652122,-0.010699289680246081,-0.0025481909788749976,0.00017867029232583367
FREE_6DOF,robot_wall,0.0018812500000000001,0.001202493719032186,1.81016574079657e-05,-6.2290944986705201e-06,0.97756038468940309,0.0090449098290807488,-0.070832888684289663,-0.1981832126410539,0.018226355504758842,-0.14273502279016997,-0.3993580651359766,-0.019550809098031873,0.28236045894423628,-0.096518305200676266,45.324196659644407,-88.819324447743043,-348.4437714681161,-2.5547330661300998e-05,0,0,2.9694068749890512e-07,-1.7066389650279213e-06,-6.6624879196532988e-06,1.9143448466478728e-05,0.00088085655153352128,31.685108768075835,1.1820242359131599,1,0.00095093106207999557,-0.00039589996827167178,0.00014379439737786487,-0.010698351300176502,-0.0025522470304477811,0.00017695918620459167
FREE_6DOF,robot_wall,0.0018812500000000001,0.0012023700409643516,1.986110865785915e-05,-6.8304861203825316e-06,0.97731601190735407,0.009162635183459009,-0.071094551423062272,-0.19928628589030667,0.018465103387409389,-0.14327409266258181,-0.40161392426716169,-0.019788490853486784,0.28151219998295196,-0.096222659473921793,45.942626394526329,-91.665540281798826,-358.64941941968863,-2.5521157071778966e-05,0,0,2.9765517631340193e-07,-1.7110728359716415e-06,-6.6832411887586355e-06,2.1002837374031778e-05,0.00087899716262596821,31.684985090007999,1.1820242359131599,1,0.00094995868988942997,-0.00039807179853684679,0.00014422492550374299,-0.010698351300176502,-0.0025522470304477811,0.00017695918620459167
FREE_6DOF,robot_wall,0.0018812500000000001,0.0012023700410791717,1.986110865785915e-05,-6.8304861203825316e-06,0.97731598983593138,0.009162626604509479,-0.071094571340929419,-0.19928638741913487,0.018465086235889334,-0.14327413386765717,-0.40161413186062894,-0.019788472482299028,0.28151219998295196,-0.096222659473921793,45.941044759586092,-91.671433335689514,-358.6828314651267,-2.552115469592232e-05,0,0,2.9765524068353735e-07,-1.7110732362430865e-06,-6.6832430701940828e-06,2.1002837374031778e-05,0.00087899716262596821,31.684985090122819,1.1820242359131599,1,0.00094995860145261025,-0.00039807199549692025,0.00014422496438086911,-0.010698351300176502,-0.0025522470304477811,0.00017695918620459167
FREE_6DOF,robot_wall,0.0018812500000000001,0.0012023700410791821,1.986110865785915e-05,-6.8304861203825316e-06,0.9773159898339312,0.0091626266037061182,-0.071094571342722859,-0.19928638742834073,0.018465086234282793,-0.14327413387136795,-0.40161413187945177,-0.019788472480631418,0.28151219998295196,-0.096222659473921793,45.941044608997004,-91.671433864449341,-358.68283449514388,-2.5521154695706991e-05,0,0,2.976552406893355e-07,-1.7110732362792171e-06,-6.6832430703646464e-06,2.1002837374031778e-05,0.00087899716262596821,31.684985090122829,1.1820242359131599,1,0.00094995860144459496,-0.00039807199551477533,0.00014422496438437889,-0.010698351300176502,-0.0025522470304477811,0.00017695918620459167
FREE_6DOF,robot_wall,0.0018812500000000001,0.0012023700410791821,1.986110865785915e-05,-6.8304861203825316e-06,0.97731598983393109,0.0091626266037060401,-0.071094571342723012,-0.19928638742834157,0.018465086234282641,-0.14327413387136828,-0.40161413187945344,-0.019788472480631269,0.28151219998295196,-0.096222659473921793,45.941044608982679,-91.671433864496777,-358.68283449541855,-2.552115469570698e-05,0,0,2.9765524068933603e-07,-1.7110732362792205e-06,-6.6832430703646625e-06,2.1002837374031778e-05,0.00087899716262596821,31.684985090122829,1.1820242359131599,1,0.00094995860144459453,-0.00039807199551477701,0.00014422496438437922,-0.010698351300176502,-0.0025522470304477811,0.00017695918620459167
FREE_6DOF,robot_wall,0.0018875000000000001,0.0012023700414208183,1.988271419352113e-05,-6.8378476936051458e-06,0.97732053827104814,0.0091626048913643985,-0.071087615973739054,-0.19926656267513568,0.018465014182957092,-0.14325989745829093,-0.40157356446236347,-0.019788417818828015,0.2849690856888687,-0.097400511189540143,45.91282902801187,-89.448564776753315,-352.17316934002883,-2.5521628378236901e-05,0,0,2.988898843034224e-07,-1.7091741086469472e-06,-6.6863212848958961e-06,2.10256625289713e-05,0.00087897433747102869,31.684947590464468,1.1859512267301471,1,0.00094997679995506589,-0.00039803331897678872,0.00014421184054999489,-0.010697420391051699,-0.0025562640501015131,0.00017524577960662842
FREE_6DOF,robot_wall,0.0018875000000000001,0.0012022448764159757,2.1658558341619892e-05,-7.4447764610765425e-06,0.97707241347625184,0.0092816810389580243,-0.071350776623124418,-0.20038067745184535,0.018706547128554008,-0.14380225521186893,-0.40385255328977876,-0.020026400774819649,0.28413506369580188,-0.09710860279542341,46.53110818516997,-92.272216121952752,-362.31580398037914,-2.549505836371107e-05,0,0,2.9960874330042301e-07,-1.7136169934029799e-06,-6.7072476073215569e-06,2.2902354594948353e-05,0.00087709764540505164,31.684822425459625,1.1859512267301471,1,0.00094898968994425311,-0.0004002254022457058,0.00014464333444765419,-0.010697420391051699,-0.0025562640501015131,0.00017524577960662842
FREE_6DOF,robot_wall,0.0018875000000000001,0.0012022448765325346,2.1658558341619892e-05,-7.4447764610765425e-06,0.97707239111442112,0.0092816720899248761,-0.071350796512133247,-0.20038077982243466,0.018706529233380335,-0.14380229638019837,-0.4038527626530557,-0.020026382125382013,0.28413506369580188,-0.09710860279542341,46.529435510044664,-92.278074162861856,-362.34950744155873,-2.5495055956634965e-05,0,0,2.9960880792214379e-07,-1.7136173936291338e-06,-6.7072495006511273e-06,2.2902354594948353e-05,0.00087709764540505164,31.684822425576186,1.1859512267301471,1,0.00094898960034511359,-0.00040022560064574536,0.0001446433733288059,-0.010697420391051699,-0.0025562640501015131,0.00017524577960662842
FREE_6DOF,robot_wall,0.0018875000000000001,0.0012022448765325452,2.1658558341619892e-05,-7.4447764610765425e-06,0.97707239111239874,0.0092816720890886405,-0.071350796513920026,-0.20038077983169839,0.018706529231707712,-0.14380229638389747,-0.40385276267200126,-0.020026382123692489,0.28413506369580188,-0.09710860279542341,46.529435351244736,-92.278074687175106,-362.34951049192279,-2.5495055956417243e-05,0,0,2.9960880792795189e-07,-1.7136173936651829e-06,-6.7072495008224261e-06,2.2902354594948353e-05,0.00087709764540505164,31.684822425576197,1.1859512267301471,1,0.00094898960033700951,-0.00040022560066369514,0.00014464337333230855,-0.010697420391051699,-0.0025562640501015131,0.00017524577960662842
FREE_6DOF,robot_wall,0.0018875000000000001,0.0012022448765325452,2.1658558341619892e-05,-7.4447764610765425e-06,0.97707239111239852,0.0092816720890885607,-0.071350796513920151,-0.20038077983169919,0.018706529231707552,-0.14380229638389774,-0.40385276267200293,-0.020026382123692336,0.28413506369580188,-0.09710860279542341,46.529435351229665,-92.278074687222016,-362.34951049219882,-2.5495055956417223e-05,0,0,2.9960880792795221e-07,-1.7136173936651854e-06,-6.7072495008224414e-06,2.2902354594948353e-05,0.00087709764540505164,31.684822425576197,1.1859512267301471,1,0.00094898960033700875,-0.00040022560066369672,0.0001446433733323088,-0.010697420391051699,-0.0025562640501015131,0.00017524577960662842
FREE_6DOF,robot_wall,0.0018875000000000001,0.0012022448765325452,2.1658558341619892e-05,-7.4447764610765425e-06,0.97707239111239852,0.0092816720890885607,-0.071350796513920151,-0.20038077983169919,0.018706529231707552,-0.14380229638389774,-0.40385276267200293,-0.020026382123692336,0.28413506369580188,-0.09710860279542341,46.529435351229665,-92.278074687222016,-362.34951049219887,-2.5495055956417223e-05,0,0,2.9960880792795221e-07,-1.7136173936651854e-06,-6.7072495008224414e-06,2.2902354594948353e-05,0.00087709764540505164,31.684822425576197,1.1859512267301471,1,0.00094898960033700875,-0.00040022560066369672,0.0001446433733323088,-0.010697420391051699,-0.0025562640501015131,0.00017524577960662842
FREE_6DOF,robot_wall,0.0018875000000000001,0.0012022448765325452,2.1658558341619892e-05,-7.4447764610765425e-06,0.97707239111239852,0.0092816720890885607,-0.071350796513920151,-0.20038077983169919,0.018706529231707552,-0.14380229638389774,-0.40385276267200293,-0.020026382123692336,0.28413506369580188,-0.09710860279542341,46.529435351229665,-92.278074687222016,-362.34951049219887,-2.5495055956417223e-05,0,0,2.9960880792795221e-07,-1.7136173936651854e-06,-6.7072495008224414e-06,2.2902354594948353e-05,0.00087709764540505164,31.684822425576197,1.1859512267301471,1,0.00094898960033700875,-0.00040022560066369672,0.0001446433733323088,-0.010697420391051699,-0.0025562640501015131,0.00017524577960662842
FREE_6DOF,robot_wall,0.0018875000000000001,0.0012022448765325452,2.1658558341619892e-05,-7.4447764610765425e-06,0.97707239111239852,0.0092816720890885607,-0.071350796513920151,-0.20038077983169919,0.018706529231707552,-0.14380229638389774,-0.40385276267200293,-0.020026382123692336,0.28413506369580188,-0.09710860279542341,46.529435351229665,-92.278074687222016,-362.34951049219887,-2.5495055956417223e-05,0,0,2.9960880792795221e-07,-1.7136173936651854e-06,-6.7072495008224414e-06,2.2902354594948353e-05,0.00087709764540505164,31.684822425576197,1.1859512267301471,1,0.00094898960033700875,-0.00040022560066369672,0.0001446433733323088,-0.010697420391051699,-0.0025562640501015131,0.00017524577960662842
FREE_6DOF,robot_wall,0.0018875000000000001,0.0012022448765325452,2.1658558341619892e-05,-7.4447764610765425e-06,0.97707239111239852,0.0092816720890885607,-0.071350796513920151,-0.20038077983169919,0.018706529231707552,-0.14380229638389774,-0.40385276267200293,-0.020026382123692336,0.28413506369580188,-0.09710860279542341,46.529435351229665,-92.278074687222016,-362.34951049219887,-2.5495055956417223e-05,0,0,2.9960880792795221e-07,-1.7136173936651854e-06,-6.7072495008224414e-06,2.2902354594948353e-05,0.00087709764540505164,31.684822425576197,1.1859512267301471,1,0.00094898960033700875,-0.00040022560066369672,0.0001446433733323088,-0.010697420391051699,-0.0025562640501015131,0.00017524577960662842
FREE_6DOF,robot_wall,0.0018875000000000001,0.0012022448765325452,2.1658558341619892e-05,-7.4447764610765425e-06,0.97707239111239852,0.0092816720890885607,-0.071350796513920151,-0.20038077983169919,0.018706529231707552,-0.14380229638389774,-0.40385276267200293,-0.020026382123692336,0.28413506369580188,-0.09710860279542341,46.529435351229665,-92.278074687222016,-362.34951049219887,-2.5495055956417223e-05,0,0,2.9960880792795221e-07,-1.7136173936651854e-06,-6.7072495008224414e-06,2.2902354594948353e-05,0.00087709764540505164,31.684822425576197,1.1859512267301471,1,0.00094898960033700875,-0.00040022560066369672,0.0001446433733323088,-0.010697420391051699,-0.0025562640501015131,0.00017524577960662842
FREE_6DOF,robot_wall,0.0018875000000000001,0.0012022448765325452,2.1658558341619892e-05,-7.4447764610765425e-06,0.97707239111239852,0.0092816720890885607,-0.071350796513920151,-0.20038077983169919,0.018706529231707552,-0.14380229638389774,-0.40385276267200293,-0.020026382123692336,0.28413506369580188,-0.09710860279542341,46.529435351229665,-92.278074687222016,-362.34951049219887,-2.5495055956417223e-05,0,0,2.9960880792795221e-07,-1.7136173936651854e-06,-6.7072495008224414e-06,2.2902354594948353e-05,0.00087709764540505164,31.684822425576197,1.1859512267301471,1,0.00094898960033700875,-0.00040022560066369672,0.0001446433733323088,-0.010697420391051699,-0.0025562640501015131,0.00017524577960662842
FREE_6DOF,robot_wall,0.0018875000000000001,0.0012022448765325452,2.1658558341619892e-05,-7.4447764610765425e-06,0.97707239111239852,0.0092816720890885607,-0.071350796513920151,-0.20038077983169919,0.018706529231707552,-0.14380229638389774,-0.40385276267200293,-0.020026382123692336,0.28413506369580188,-0.09710860279542341,46.529435351229665,-92.278074687222016,-362.34951049219887,-2.5495055956417223e-05,0,0,2.9960880792795221e-07,-1.7136173936651854e-06,-6.7072495008224414e-06,2.2902354594948353e-05,0.00087709764540505164,31.684822425576197,1.1859512267301471,1,0.00094898960033700875,-0.00040022560066369672,0.0001446433733323088,-0.010697420391051699,-0.0025562640501015131,0.00017524577960662842
FREE_6DOF,robot_wall,0.0018875000000000001,0.0012022448765325452,2.1658558341619892e-05,-7.4447764610765425e-06,0.97707239111239852,0.0092816720890885607,-0.071350796513920151,-0.20038077983169919,0.018706529231707552,-0.14380229638389774,-0.40385276267200293,-0.020026382123692336,0.28413506369580188,-0.09710860279542341,46.529435351229665,-92.278074687222016,-362.34951049219887,-2.5495055956417223e-05,0,0,2.9960880792795221e-07,-1.7136173936651854e-06,-6.7072495008224414e-06,2.2902354594948353e-05,0.00087709764540505164,31.684822425576197,1.1859512267301471,1,0.00094898960033700875,-0.00040022560066369672,0.0001446433733323088,-0.010697420391051699,-0.0025562640501015131,0.00017524577960662842
FREE_6DOF,robot_wall,0.0018875000000000001,0.0012022448765325452,2.1658558341619892e-05,-7.4447764610765425e-06,0.97707239111239852,0.0092816720890885607,-0.071350796513920151,-0.20038077983169919,0.018706529231707552,-0.14380229638389774,-0.40385276267200293,-0.020026382123692336,0.28413506369580188,-0.09710860279542341,46.529435351229665,-92.278074687222016,-362.34951049219887,-2.5495055956417223e-05,0,0,2.9960880792795221e-07,-1.7136173936651854e-06,-6.7072495008224414e-06,2.2902354594948353e-05,0.00087709764540505164,31.684822425576197,1.1859512267301471,1,0.00094898960033700875,-0.00040022560066369672,0.0001446433733323088,-0.010697420391051699,-0.0025562640501015131,0.00017524577960662842
FREE_6DOF,robot_wall,0.0018875000000000001,0.0012022448765325452,2.1658558341619892e-05,-7.4447764610765425e-06,0.97707239111239852,0.0092816720890885607,-0.071350796513920151,-0.20038077983169919,0.018706529231707552,-0.14380229638389774,-0.40385276267200293,-0.020026382123692336,0.28413506369580188,-0.09710860279542341,46.529435351229665,-92.278074687222016,-362.34951049219887,-2.5495055956417223e-05,0,0,2.9960880792795221e-07,-1.7136173936651854e-06,-6.7072495008224414e-06,2.2902354594948353e-05,0.00087709764540505164,31.684822425576197,1.1859512267301471,1,0.00094898960033700875,-0.00040022560066369672,0.0001446433733323088,-0.010697420391051699,-0.0025562640501015131,0.00017524577960662842
FREE_6DOF,robot_wall,0.0018875000000000001,0.0012022448765325452,2.1658558341619892e-05,-7.4447764610765425e-06,0.97707239111239852,0.0092816720890885607,-0.071350796513920151,-0.20038077983169919,0.018706529231707552,-0.14380229638389774,-0.40385276267200293,-0.020026382123692336,0.28413506369580188,-0.09710860279542341,46.529435351229665,-92.278074687222016,-362.34951049219887,-2.5495055956417223e-05,0,0,2.9960880792795221e-07,-1.7136173936651854e-06,-6.7072495008224414e-06,2.2902354594948353e-05,0.00087709764540505164,31.684822425576197,1.1859512267301471,1,0.00094898960033700875,-0.00040022560066369672,0.0001446433733323088,-0.010697420391051699,-0.0025562640501015131,0.00017524577960662842
FREE_6DOF,robot_wall,0.0018875000000000001,0.0012022448765325452,2.1658558341619892e-05,-7.4447764610765425e-06,0.97707239111239852,0.0092816720890885607,-0.071350796513920151,-0.20038077983169919,0.018706529231707552,-0.14380229638389774,-0.40385276267200293,-0.020026382123692336,0.28413506369580188,-0.09710860279542341,46.529435351229665,-92.278074687222016,-362.34951049219887,-2.5495055956417223e-05,0,0,2.9960880792795221e-07,-1.7136173936651854e-06,-6.7072495008224414e-06,2.2902354594948353e-05,0.00087709764540505164,31.684822425576197,1.1859512267301471,1,0.00094898960033700875,-0.00040022560066369672,0.0001446433733323088,-0.010697420391051699,-0.0025562640501015131,0.00017524577960662842
FREE_6DOF,robot_wall,0.0018875000000000001,0.0012022448765325452,2.1658558341619892e-05,-7.4447764610765425e-06,0.97707239111239852,0.0092816720890885607,-0.071350796513920151,-0.20038077983169919,0.018706529231707552,-0.14380229638389774,-0.40385276267200293,-0.020026382123692336,0.28413506369580188,-0.09710860279542341,46.529435351229665,-92.278074687222016,-362.34951049219887,-2.5495055956417223e-05,0,0,2.9960880792795221e-07,-1.7136173936651854e-06,-6.7072495008224414e-06,2.2902354594948353e-05,0.00087709764540505164,31.684822425576197,1.1859512267301471,1,0.00094898960033700875,-0.00040022560066369672,0.0001446433733323088,-0.010697420391051699,-0.0025562640501015131,0.00017524577960662842
FREE_6DOF,robot_wall,0.0018875000000000001,0.0012022448765325452,2.1658558341619892e-05,-7.4447764610765425e-06,0.97707239111239852,0.0092816720890885607,-0.071350796513920151,-0.20038077983169919,0.018706529231707552,-0.14380229638389774,-0.40385276267200293,-0.020026382123692336,0.28413506369580188,-0.09710860279542341,46.529435351229665,-92.278074687222016,-362.34951049219887,-2.5495055956417223e-05,0,0,2.9960880792795221e-07,-1.7136173936651854e-06,-6.7072495008224414e-06,2.2902354594948353e-05,0.00087709764540505164,31.684822425576197,1.1859512267301471,1,0.00094898960033700875,-0.00040022560066369672,0.0001446433733323088,-0.010697420391051699,-0.0025562640501015131,0.00017524577960662842
FREE_6DOF,robot_wall,0.0018875000000000001,0.0012022448765325452,2.1658558341619892e-05,-7.4447764610765425e-06,0.97707239111239852,0.0092816720890885607,-0.071350796513920151,-0.20038077983169919,0.018706529231707552,-0.14380229638389774,-0.40385276267200293,-0.020026382123692336,0.28413506369580188,-0.09710860279542341,46.529435351229665,-92.278074687222016,-362.34951049219887,-2.5495055956417223e-05,0,0,2.9960880792795221e-07,-1.7136173936651854e-06,-6.7072495008224414e-06,2.2902354594948353e-05,0.00087709764540505164,31.684822425576197,1.1859512267301471,1,0.00094898960033700875,-0.00040022560066369672,0.0001446433733323088,-0.010697420391051699,-0.0025562640501015131,0.00017524577960662842
FREE_6DOF,robot_wall,0.0018875000000000001,0.0012022448765325452,2.1658558341619892e-05,-7.4447764610765425e-06,0.97707239111239852,0.0092816720890885607,-0.071350796513920151,-0.20038077983169919,0.018706529231707552,-0.14380229638389774,-0.40385276267200293,-0.020026382123692336,0.28413506369580188,-0.09710860279542341,46.529435351229665,-92.278074687222016,-362.34951049219887,-2.5495055956417223e-05,0,0,2.9960880792795221e-07,-1.7136173936651854e-06,-6.7072495008224414e-06,2.2902354594948353e-05,0.00087709764540505164,31.684822425576197,1.1859512267301471,1,0.00094898960033700875,-0.00040022560066369672,0.0001446433733323088,-0.010697420391051699,-0.0025562640501015131,0.00017524577960662842
FREE_6DOF,robot_wall,0.00189375,0.0012022448773571324,2.1679426761886694e-05,-7.4518140377022085e-06,0.97707679247229173,0.0092815580710830965,-0.071344156157797309,-0.20036168714093841,0.018706271695514191,-0.14378869999562596,-0.40381368390152589,-0.020026250189735379,0.28747401093849001,-0.098234615055530064,46.469974810495955,-90.149939142016336,-356.08087889023244,-2.5495513666715376e-05,0,0,3.0084538470073112e-07,-1.7117253342697773e-06,-6.7103017363933616e-06,2.2924377356353751e-05,0.00087707562264364622,31.684784926400781,1.1898782175471343,1,0.00094900720378951226,-0.00040018836496364958,0.00014463090308331365,-0.010696497009963214,-0.002560241984924402,0.00017353009675083507
FREE_6DOF,robot_wall,0.00189375,0.0012021182935365452,2.347117625382146e-05,-8.0640294294129448e-06,0.97682473619089039,0.0094018981000066979,-0.07160905011037072,-0.20148742645635434,0.018950417277651555,-0.14433483175560249,-0.40611701668467615,-0.020253411293936454,0.28667991870956266,-0.097954462673717796,47.091610066489267,-92.949587567406624,-366.17904704220558,-2.5468528156578464e-05,0,0,3.0156964784495344e-07,-1.7161819830820446e-06,-6.7314105867496772e-06,2.4817829989271633e-05,0.00087518217001072833,31.684658342580196,1.1898782175471343,1,0.00094800464489791221,-0.00040240176657549464,0.00014506381331078457,-0.010696497009963214,-0.002560241984924402,0.00017353009675083507
FREE_6DOF,robot_wall,0.00189375,0.001202118293654927,2.347117625382146e-05,-8.0640294294129448e-06,0.97682471352396005,0.0094018888185263636,-0.071609069998682232,-0.20148752971189357,0.01895039871469623,-0.14433487294485123,-0.40611722790804666,-0.020253392352863317,0.28667991870956266,-0.097954462673717796,47.089857584556135,-92.955421663977361,-366.21305568941136,-2.5468525716745219e-05,0,0,3.015697128097728e-07,-1.7161823836846175e-06,-6.7314124927218174e-06,2.4817829989271633e-05,0.00087518217001072833,31.684658342698576,1.1898782175471343,1,0.00094800455407920766,-0.00040240196649982493,0.00014506385223589724,-0.010696497009963214,-0.002560241984924402,0.00017353009675083507
FREE_6DOF,robot_wall,0.00189375,0.0012021182936549377,2.347117625382146e-05,-8.0640294294129448e-06,0.97682471352191436,0.0094018888176608771,-0.071609070000464861,-0.20148752972121844,0.018950398712964823,-0.14433487294854377,-0.40611722792712174,-0.020253392351150805,0.28667991870956266,-0.097954462673717796,47.08985741861833,-92.955422184859643,-366.21305876118612,-2.5468525716524998e-05,0,0,3.015697128155989e-07,-1.7161823837206227e-06,-6.7314124928939125e-06,2.4817829989271633e-05,0.00087518217001072833,31.684658342698587,1.1898782175471343,1,0.00094800455407101044,-0.00040240196651787586,0.00014506385223939631,-0.010696497009963214,-0.002560241984924402,0.00017353009675083507
FREE_6DOF,robot_wall,0.0019,0.0012021182944667063,2.3491411072671266e-05,-8.0707255782302556e-06,0.97682898067610113,0.0094017896302034717,-0.071602783090237945,-0.2014690802996108,0.018950171541993084,-0.14432199355802489,-0.40607945744927054,-0.020253262468157368,0.28991748972553139,-0.099025846484487409,47.028057973319846,-90.940744336177076,-360.15457396298382,-2.5468968920926271e-05,0,0,3.0280836625674368e-07,-1.7142978813934403e-06,-6.7344371741592174e-06,2.4839142608880892e-05,0.00087516085739111908,31.684620843510359,1.1938052083641215,1,0.00094802161704163562,-0.00040236601231557139,0.0001450520740230563,-0.010695581213538219,-0.0025641807825609354,0.00017181216183230841
FREE_6DOF,robot_wall,0.0019,0.0012019903435789899,2.5298693398422834e-05,-8.688007662137369e-06,0.97657281003504348,0.0095234116284847736,-0.071869714716391822,-0.20260699750452271,0.01919696905117638,-0.14487252498892184,-0.40840829026151454,-0.020472142034634249,0.28916517212025111,-0.098765133425138193,47.651827379265839,-93.726004385776193,-370.22797029863148,-2.544154856697213e-05,0,0,3.035393346328542e-07,-1.7187740806789373e-06,-6.755737485595481e-06,2.6748932031106602e-05,0.00087325106796889334,31.684492892622643,1.1938052083641215,1,0.00094700288811769577,-0.00040460175024212747,0.00014548694794074043,-0.010695581213538219,-0.0025641807825609354,0.00017181216183230841
FREE_6DOF,robot_wall,0.0019,0.0012019903436992791,2.5298693398422834e-05,-8.688007662137369e-06,0.97657278704805472,0.0095234020704496464,-0.071869734640219521,-0.2026071016843774,0.019196949933134349,-0.14487256627303188,-0.40840850342768453,-0.020472122788345148,0.28916517212025111,-0.098765133425138193,47.650011408203369,-93.731829344491771,-370.26229632927334,-2.544154609283313e-05,0,0,3.0353940005626339e-07,-1.7187744821723309e-06,-6.7557394049023279e-06,2.6748932031106602e-05,0.00087325106796889334,31.684492892742931,1.1938052083641215,1,0.00094700279602177254,-0.00040460195176997353,0.00014548698695840436,-0.010695581213538219,-0.0025641807825609354,0.00017181216183230841
FREE_6DOF,robot_wall,0.0019,0.00120199034369929,2.5298693398422834e-05,-8.688007662137369e-06,0.97657278704598438,0.0095234020695601981,-0.071869734642001276,-0.20260710169376644,0.019196949931354821,-0.14487256627672457,-0.40840850344689561,-0.020472122786608555,0.28916517212025111,-0.098765133425138193,47.650011236663147,-93.731829863296895,-370.26229942336778,-2.5441546092610265e-05,0,0,3.0353940006211745e-07,-1.7187744822083372e-06,-6.7557394050752708e-06,2.6748932031106602e-05,0.00087325106796889334,31.684492892742941,1.1938052083641215,1,0.00094700279601347677,-0.00040460195178813185,0.00014548698696190409,-0.010695581213538219,-0.0025641807825609354,0.00017181216183230841
