time_s,phase_rad_unwrapped,phase_rad_periodic,analytic_driver_axial_offset_m,ramp,physical_center_x,physical_center_y,physical_center_z,physical_orientation,analytic_Bx_T,analytic_By_T,analytic_Bz_T
0.0,0.0,0.0,0.0,0.0,UNKNOWN,UNKNOWN,UNKNOWN,NOT_DEFINED_ANALYTIC_SOURCE,-0.010989530437400434,-1.0400209339567201e-16,0.00047981326101875234
5e-05,0.031415926535897934,0.031415926535897934,3.0000000000000004e-07,0.007250000000000001,UNKNOWN,UNKNOWN,UNKNOWN,NOT_DEFINED_ANALYTIC_SOURCE,-0.010989194213238369,-8.735721865506444e-05,0.000479561528979538
0.0001,0.06283185307179587,0.06283185307179587,6.000000000000001e-07,0.028000000000000004,UNKNOWN,UNKNOWN,UNKNOWN,NOT_DEFINED_ANALYTIC_SOURCE,-0.010988186877472791,-0.00017462323917789168,0.0004788067147333953
0.00015000000000000001,0.0942477796076938,0.0942477796076938,9.000000000000001e-07,0.06075000000000002,UNKNOWN,UNKNOWN,UNKNOWN,NOT_DEFINED_ANALYTIC_SOURCE,-0.01098651243484686,-0.0002617069973133563,0.00047754996232071277
0.0002,0.12566370614359174,0.12566370614359174,1.2000000000000002e-06,0.10400000000000002,UNKNOWN,UNKNOWN,UNKNOWN,NOT_DEFINED_ANALYTIC_SOURCE,-0.010984177541893526,-0.0003485176960488599,0.0004757931732409062
0.00025,0.15707963267948966,0.15707963267948966,1.5e-06,0.15625,UNKNOWN,UNKNOWN,UNKNOWN,NOT_DEFINED_ANALYTIC_SOURCE,-0.010981191479958238,-0.0004349649379613666,0.00047353899864411
0.00030000000000000003,0.1884955592153876,0.1884955592153876,1.8000000000000001e-06,0.21600000000000005,UNKNOWN,UNKNOWN,UNKNOWN,NOT_DEFINED_ANALYTIC_SOURCE,-0.0109775661175928,-0.0005209588560450801,0.0004707908284862
0.00035,0.21991148575128552,0.21991148575128552,2.1000000000000002e-06,0.28174999999999994,UNKNOWN,UNKNOWN,UNKNOWN,NOT_DEFINED_ANALYTIC_SOURCE,-0.010973315862481538,-0.0006064102425300235,0.00046755277773285705
0.0004,0.25132741228718347,0.25132741228718347,2.4000000000000003e-06,0.3520000000000001,UNKNOWN,UNKNOWN,UNKNOWN,NOT_DEFINED_ANALYTIC_SOURCE,-0.010968457603105681,-0.0006912306752157762,0.0004638296697214851
0.00045000000000000004,0.28274333882308145,0.28274333882308145,2.7000000000000004e-06,0.4252500000000001,UNKNOWN,UNKNOWN,UNKNOWN,NOT_DEFINED_ANALYTIC_SOURCE,-0.01096301064039575,-0.0007753326408620679,0.00045962701681193313
0.0005,0.3141592653589793,0.3141592653589793,3e-06,0.5,UNKNOWN,UNKNOWN,UNKNOWN,NOT_DEFINED_ANALYTIC_SOURCE,-0.010956996609664416,-0.0008586296551986058,0.0004549509984778533
0.00055,0.3455751918948773,0.3455751918948773,3.3e-06,0.5747500000000001,UNKNOWN,UNKNOWN,UNKNOWN,NOT_DEFINED_ANALYTIC_SOURCE,-0.010950439393153549,-0.0009410363791403374,0.0004498084370100953
0.0006000000000000001,0.3769911184307752,0.3769911184307752,3.6000000000000003e-06,0.6480000000000001,UNKNOWN,UNKNOWN,UNKNOWN,NOT_DEFINED_ANALYTIC_SOURCE,-0.010943365023568932,-0.0010224687308210778,0.0004442067710214081
0.0006500000000000001,0.4084070449666732,0.4084070449666732,3.900000000000001e-06,0.71825,UNKNOWN,UNKNOWN,UNKNOWN,NOT_DEFINED_ANALYTIC_SOURCE,-0.010935801579014238,-0.0011028439930879565,0.0004381540269579724
0.0007,0.43982297150257105,0.43982297150257105,4.2000000000000004e-06,0.7839999999999999,UNKNOWN,UNKNOWN,UNKNOWN,NOT_DEFINED_ANALYTIC_SOURCE,-0.010927779069771566,-0.0011820809161312844,0.00043165878883758306
0.00075,0.471238898038469,0.471238898038469,4.5e-06,0.84375,UNKNOWN,UNKNOWN,UNKNOWN,NOT_DEFINED_ANALYTIC_SOURCE,-0.010919329317410074,-0.001260099814958764,0.00042473016644659577
0.0008,0.5026548245743669,0.5026548245743669,4.800000000000001e-06,0.8960000000000001,UNKNOWN,UNKNOWN,UNKNOWN,NOT_DEFINED_ANALYTIC_SOURCE,-0.010910485826735547,-0.0013368226614596153,0.00041737776223798586
0.0008500000000000001,0.5340707511102649,0.5340707511102649,5.1e-06,0.93925,UNKNOWN,UNKNOWN,UNKNOWN,NOT_DEFINED_ANALYTIC_SOURCE,-0.01090128365112288,-0.0014121731708423844,0.0004096116371807943
0.0009000000000000001,0.5654866776461629,0.5654866776461629,5.400000000000001e-06,0.972,UNKNOWN,UNKNOWN,UNKNOWN,NOT_DEFINED_ANALYTIC_SOURCE,-0.010891759251799919,-0.0014860768822701359,0.0004014422758170093
0.00095,0.5969026041820608,0.5969026041820608,5.7000000000000005e-06,0.99275,UNKNOWN,UNKNOWN,UNKNOWN,NOT_DEFINED_ANALYTIC_SOURCE,-0.010881950351674665,-0.0015584612335577128,0.00039288055078533115
0.001,0.6283185307179586,0.6283185307179586,6e-06,1.0,UNKNOWN,UNKNOWN,UNKNOWN,NOT_DEFINED_ANALYTIC_SOURCE,-0.010871895784318752,-0.001629255629837669,0.0003839376870723194
0.0010500000000000002,0.6597344572538567,0.6597344572538567,6.300000000000001e-06,1.0,UNKNOWN,UNKNOWN,UNKNOWN,NOT_DEFINED_ANALYTIC_SOURCE,-0.010861635338737678,-0.0016983915061439066,0.0003746252262502455
0.0011,0.6911503837897546,0.6911503837897546,6.6e-06,1.0,UNKNOWN,UNKNOWN,UNKNOWN,NOT_DEFINED_ANALYTIC_SOURCE,-0.010851209600573208,-0.0017658023839046003,0.0003649549909573635
0.00115,0.7225663103256524,0.7225663103256524,6.9e-06,1.0,UNKNOWN,UNKNOWN,UNKNOWN,NOT_DEFINED_ANALYTIC_SOURCE,-0.010840659790394672,-0.0018314239213784176,0.0003549390498705843
0.0012000000000000001,0.7539822368615504,0.7539822368615504,7.2000000000000005e-06,1.0,UNKNOWN,UNKNOWN,UNKNOWN,NOT_DEFINED_ANALYTIC_SOURCE,-0.010830027599744607,-0.001895193958109748,0.00034458968341251816
0.00125,0.7853981633974483,0.7853981633974483,7.5e-06,1.0,UNKNOWN,UNKNOWN,UNKNOWN,NOT_DEFINED_ANALYTIC_SOURCE,-0.01081935502560917,-0.001957052553519577,0.0003339193504248235
0.0013000000000000002,0.8168140899333464,0.8168140899333464,7.800000000000002e-06,1.0,UNKNOWN,UNKNOWN,UNKNOWN,NOT_DEFINED_ANALYTIC_SOURCE,-0.010808684203986058,-0.0020169420197880396,0.000322940656027724
0.00135,0.8482300164692442,0.8482300164692442,8.1e-06,1.0,UNKNOWN,UNKNOWN,UNKNOWN,NOT_DEFINED_ANALYTIC_SOURCE,-0.01079805724322167,-0.0020748069492225844,0.0003116663208716883
0.0014,0.8796459430051421,0.8796459430051421,8.400000000000001e-06,1.0,UNKNOWN,UNKNOWN,UNKNOWN,NOT_DEFINED_ANALYTIC_SOURCE,-0.010787516057785123,-0.002130594236341354,0.00030010915197161586
0.0014500000000000001,0.9110618695410401,0.9110618695410401,8.700000000000001e-06,1.0,UNKNOWN,UNKNOWN,UNKNOWN,NOT_DEFINED_ANALYTIC_SOURCE,-0.010777102203139958,-0.002184253094934813,0.0002882820152967382
0.0015,0.942477796076938,0.942477796076938,9e-06,1.0,UNKNOWN,UNKNOWN,UNKNOWN,NOT_DEFINED_ANALYTIC_SOURCE,-0.010766856712364496,-0.0022357350703992632,0.0002761978102708738
0.0015500000000000002,0.973893722612836,0.973893722612836,9.3e-06,1.0,UNKNOWN,UNKNOWN,UNKNOWN,NOT_DEFINED_ANALYTIC_SOURCE,-0.010756819935159357,-0.0022849940476636086,0.0002638694463179328
0.0016,1.0053096491487339,1.0053096491487339,9.600000000000001e-06,1.0,UNKNOWN,UNKNOWN,UNKNOWN,NOT_DEFINED_ANALYTIC_SOURCE,-0.010747031379865707,-0.0023319862550550737,0.0002513098215667956
0.00165,1.0367255756846319,1.0367255756846319,9.9e-06,1.0,UNKNOWN,UNKNOWN,UNKNOWN,NOT_DEFINED_ANALYTIC_SOURCE,-0.010737529559100348,-0.0023766702644705045,0.00023853180380810574
0.0017000000000000001,1.0681415022205298,1.0681415022205298,1.02e-05,1.0,UNKNOWN,UNKNOWN,UNKNOWN,NOT_DEFINED_ANALYTIC_SOURCE,-0.010728351839594185,-0.002419006988237058,0.00022554821377333834
0.00175,1.0995574287564276,1.0995574287564276,1.0500000000000001e-05,1.0,UNKNOWN,UNKNOWN,UNKNOWN,NOT_DEFINED_ANALYTIC_SOURCE,-0.010719534296799085,-0.0024589596730594286,0.0002123718107838715
0.0018000000000000002,1.1309733552923258,1.1309733552923258,1.0800000000000002e-05,1.0,UNKNOWN,UNKNOWN,UNKNOWN,NOT_DEFINED_ANALYTIC_SOURCE,-0.010711111574804585,-0.0024964938914600436,0.0001990152807949889
0.00185,1.1623892818282235,1.1623892818282235,1.11e-05,1.0,UNKNOWN,UNKNOWN,UNKNOWN,NOT_DEFINED_ANALYTIC_SOURCE,-0.01070311675208091,-0.0025315775311239245,0.00018549122683691717
0.0019,1.1938052083641215,1.1938052083641215,1.1400000000000001e-05,1.0,UNKNOWN,UNKNOWN,UNKNOWN,NOT_DEFINED_ANALYTIC_SOURCE,-0.010695581213538197,-0.002564180782561037,0.00017181216183236297
0.0019500000000000001,1.2252211349000195,1.2252211349000195,1.1700000000000001e-05,1.0,UNKNOWN,UNKNOWN,UNKNOWN,NOT_DEFINED_ANALYTIC_SOURCE,-0.010688534529364063,-0.002594276125495825,0.0001579905037477733
0.002,1.2566370614359172,1.2566370614359172,1.2e-05,1.0,UNKNOWN,UNKNOWN,UNKNOWN,NOT_DEFINED_ANALYTIC_SOURCE,-0.010682004341072807,-0.0026218383143866513,0.00014403857301388458
0.00205,1.2880529879718154,1.2880529879718154,1.23e-05,1.0,UNKNOWN,UNKNOWN,UNKNOWN,NOT_DEFINED_ANALYTIC_SOURCE,-0.010676016255169587,-0.0026468443634665205,0.00012996859213017958
0.0021000000000000003,1.3194689145077134,1.3194689145077134,1.2600000000000001e-05,1.0,UNKNOWN,UNKNOWN,UNKNOWN,NOT_DEFINED_ANALYTIC_SOURCE,-0.01067059374480263,-0.0026692735316815683,0.00011579268734791229
0.00215,1.3508848410436112,1.3508848410436112,1.29e-05,1.0,UNKNOWN,UNKNOWN,UNKNOWN,NOT_DEFINED_ANALYTIC_SOURCE,-0.01066575805974511,-0.00268910730788486,0.00010152289230740781
0.0022,1.3823007675795091,1.3823007675795091,1.32e-05,1.0,UNKNOWN,UNKNOWN,UNKNOWN,NOT_DEFINED_ANALYTIC_SOURCE,-0.010661528145016828,-0.0027063293966207522,8.717115348771693e-05
0.0022500000000000003,1.4137166941154071,1.4137166941154071,1.3500000000000001e-05,1.0,UNKNOWN,UNKNOWN,UNKNOWN,NOT_DEFINED_ANALYTIC_SOURCE,-0.0106579205684237,-0.0027209257048092937,7.274933731031574e-05
0.0023,1.4451326206513049,1.4451326206513049,1.38e-05,1.0,UNKNOWN,UNKNOWN,UNKNOWN,NOT_DEFINED_ANALYTIC_SOURCE,-0.01065494945726082,-0.0027328843296114597,5.8269238723816655e-05
0.00235,1.4765485471872029,1.4765485471872029,1.41e-05,1.0,UNKNOWN,UNKNOWN,UNKNOWN,NOT_DEFINED_ANALYTIC_SOURCE,-0.010652626444392294,-0.002742195547724367,4.3742591083367624e-05
0.0024000000000000002,1.5079644737231008,1.5079644737231008,1.4400000000000001e-05,1.0,UNKNOWN,UNKNOWN,UNKNOWN,NOT_DEFINED_ANALYTIC_SOURCE,-0.010650960623888343,-0.0027488518063216376,2.91810771269373e-05
0.00245,1.5393804002589986,1.5393804002589986,1.47e-05,1.0,UNKNOWN,UNKNOWN,UNKNOWN,NOT_DEFINED_ANALYTIC_SOURCE,-0.010649958516367557,-0.0027528477158179714,1.459634084097737e-05
0.0025,1.5707963267948966,1.5707963267948966,1.5e-05,1.0,UNKNOWN,UNKNOWN,UNKNOWN,NOT_DEFINED_ANALYTIC_SOURCE,-0.010649624044159159,-0.002754180044598956,5.377642775528102e-17
0.00255,1.6022122533307948,1.6022122533307948,1.5300000000000003e-05,1.0,UNKNOWN,UNKNOWN,UNKNOWN,NOT_DEFINED_ANALYTIC_SOURCE,-0.010649958516367559,-0.0027528477158179723,-1.4596340840868083e-05
0.0026000000000000003,1.6336281798666927,1.6336281798666927,1.5600000000000003e-05,1.0,UNKNOWN,UNKNOWN,UNKNOWN,NOT_DEFINED_ANALYTIC_SOURCE,-0.010650960623888343,-0.0027488518063216376,-2.9181077126828447e-05
0.00265,1.6650441064025905,1.6650441064025905,1.59e-05,1.0,UNKNOWN,UNKNOWN,UNKNOWN,NOT_DEFINED_ANALYTIC_SOURCE,-0.010652626444392292,-0.002742195547724365,-4.374259108325812e-05
0.0027,1.6964600329384885,1.6964600329384885,1.62e-05,1.0,UNKNOWN,UNKNOWN,UNKNOWN,NOT_DEFINED_ANALYTIC_SOURCE,-0.010654949457260823,-0.0027328843296114606,-5.8269238723707584e-05
0.0027500000000000003,1.7278759594743864,1.7278759594743864,1.65e-05,1.0,UNKNOWN,UNKNOWN,UNKNOWN,NOT_DEFINED_ANALYTIC_SOURCE,-0.0106579205684237,-0.0027209257048092937,-7.274933731020623e-05
0.0028,1.7592918860102842,1.7592918860102842,1.6800000000000002e-05,1.0,UNKNOWN,UNKNOWN,UNKNOWN,NOT_DEFINED_ANALYTIC_SOURCE,-0.010661528145016832,-0.002706329396620752,-8.717115348760808e-05
0.00285,1.7907078125461822,1.7907078125461822,1.7100000000000002e-05,1.0,UNKNOWN,UNKNOWN,UNKNOWN,NOT_DEFINED_ANALYTIC_SOURCE,-0.01066575805974511,-0.0026891073078848596,-0.00010152289230729982
0.0029000000000000002,1.8221237390820801,1.8221237390820801,1.7400000000000003e-05,1.0,UNKNOWN,UNKNOWN,UNKNOWN,NOT_DEFINED_ANALYTIC_SOURCE,-0.010670593744802628,-0.002669273531681567,-0.00011579268734780278
0.00295,1.853539665617978,1.853539665617978,1.77e-05,1.0,UNKNOWN,UNKNOWN,UNKNOWN,NOT_DEFINED_ANALYTIC_SOURCE,-0.010676016255169585,-0.0026468443634665205,-0.0001299685921300705
0.003,1.884955592153876,1.884955592153876,1.8e-05,1.0,UNKNOWN,UNKNOWN,UNKNOWN,NOT_DEFINED_ANALYTIC_SOURCE,-0.010682004341072806,-0.0026218383143866513,-0.00014403857301377573
0.00305,1.916371518689774,1.916371518689774,1.83e-05,1.0,UNKNOWN,UNKNOWN,UNKNOWN,NOT_DEFINED_ANALYTIC_SOURCE,-0.01068853452936407,-0.002594276125495826,-0.00015799050374766532
0.0031000000000000003,1.947787445225672,1.947787445225672,1.86e-05,1.0,UNKNOWN,UNKNOWN,UNKNOWN,NOT_DEFINED_ANALYTIC_SOURCE,-0.010695581213538197,-0.002564180782561037,-0.00017181216183225368
0.00315,1.9792033717615698,1.9792033717615698,1.8900000000000002e-05,1.0,UNKNOWN,UNKNOWN,UNKNOWN,NOT_DEFINED_ANALYTIC_SOURCE,-0.010703116752080914,-0.0025315775311239254,-0.00018549122683680789
0.0032,2.0106192982974678,2.0106192982974678,1.9200000000000003e-05,1.0,UNKNOWN,UNKNOWN,UNKNOWN,NOT_DEFINED_ANALYTIC_SOURCE,-0.010711111574804588,-0.0024964938914600423,-0.0001990152807948794
0.0032500000000000003,2.042035224833366,2.042035224833366,1.9500000000000003e-05,1.0,UNKNOWN,UNKNOWN,UNKNOWN,NOT_DEFINED_ANALYTIC_SOURCE,-0.010719534296799088,-0.0024589596730594278,-0.00021237181078376157
0.0033,2.0734511513692637,2.0734511513692637,1.98e-05,1.0,UNKNOWN,UNKNOWN,UNKNOWN,NOT_DEFINED_ANALYTIC_SOURCE,-0.010728351839594188,-0.0024190069882370586,-0.00022554821377322905
0.00335,2.1048670779051615,2.1048670779051615,2.01e-05,1.0,UNKNOWN,UNKNOWN,UNKNOWN,NOT_DEFINED_ANALYTIC_SOURCE,-0.010737529559100352,-0.002376670264470504,-0.00023853180380799602
0.0034000000000000002,2.1362830044410597,2.1362830044410597,2.04e-05,1.0,UNKNOWN,UNKNOWN,UNKNOWN,NOT_DEFINED_ANALYTIC_SOURCE,-0.01074703137986571,-0.0023319862550550737,-0.0002513098215666861
0.0034500000000000004,2.1676989309769574,2.1676989309769574,2.0700000000000002e-05,1.0,UNKNOWN,UNKNOWN,UNKNOWN,NOT_DEFINED_ANALYTIC_SOURCE,-0.010756819935159359,-0.0022849940476636077,-0.00026386944631782375
0.0035,2.199114857512855,2.199114857512855,2.1000000000000002e-05,1.0,UNKNOWN,UNKNOWN,UNKNOWN,NOT_DEFINED_ANALYTIC_SOURCE,-0.010766856712364499,-0.0022357350703992637,-0.0002761978102707634
0.00355,2.2305307840487534,2.2305307840487534,2.1300000000000003e-05,1.0,UNKNOWN,UNKNOWN,UNKNOWN,NOT_DEFINED_ANALYTIC_SOURCE,-0.010777102203139962,-0.0021842530949348123,-0.00028828201529662763
0.0036000000000000003,2.2619467105846516,2.2619467105846516,2.1600000000000003e-05,1.0,UNKNOWN,UNKNOWN,UNKNOWN,NOT_DEFINED_ANALYTIC_SOURCE,-0.010787516057785126,-0.002130594236341355,-0.0003001091519715059
0.00365,2.293362637120549,2.293362637120549,2.19e-05,1.0,UNKNOWN,UNKNOWN,UNKNOWN,NOT_DEFINED_ANALYTIC_SOURCE,-0.010798057243221675,-0.002074806949222584,-0.0003116663208715784
0.0037,2.324778563656447,2.324778563656447,2.22e-05,1.0,UNKNOWN,UNKNOWN,UNKNOWN,NOT_DEFINED_ANALYTIC_SOURCE,-0.01080868420398606,-0.002016942019788039,-0.0003229406560276136
0.0037500000000000003,2.3561944901923453,2.3561944901923453,2.25e-05,1.0,UNKNOWN,UNKNOWN,UNKNOWN,NOT_DEFINED_ANALYTIC_SOURCE,-0.01081935502560917,-0.001957052553519577,-0.0003339193504247129
0.0038,2.387610416728243,2.387610416728243,2.2800000000000002e-05,1.0,UNKNOWN,UNKNOWN,UNKNOWN,NOT_DEFINED_ANALYTIC_SOURCE,-0.01083002759974461,-0.0018951939581097472,-0.000344589683412408
0.00385,2.419026343264141,2.419026343264141,2.3100000000000002e-05,1.0,UNKNOWN,UNKNOWN,UNKNOWN,NOT_DEFINED_ANALYTIC_SOURCE,-0.010840659790394678,-0.0018314239213784156,-0.0003549390498704735
0.0039000000000000003,2.450442269800039,2.450442269800039,2.3400000000000003e-05,1.0,UNKNOWN,UNKNOWN,UNKNOWN,NOT_DEFINED_ANALYTIC_SOURCE,-0.010851209600573213,-0.0017658023839046,-0.0003649549909572527
0.00395,2.4818581963359367,2.4818581963359367,2.3700000000000003e-05,1.0,UNKNOWN,UNKNOWN,UNKNOWN,NOT_DEFINED_ANALYTIC_SOURCE,-0.010861635338737683,-0.0016983915061439055,-0.00037462522625013447
0.004,2.5132741228718345,2.5132741228718345,2.4e-05,1.0,UNKNOWN,UNKNOWN,UNKNOWN,NOT_DEFINED_ANALYTIC_SOURCE,-0.010871895784318755,-0.0016292556298376692,-0.00038393768707220815
0.00405,2.5446900494077322,2.5446900494077322,2.4299999999999998e-05,1.0,UNKNOWN,UNKNOWN,UNKNOWN,NOT_DEFINED_ANALYTIC_SOURCE,-0.01088195035167467,-0.0015584612335577126,-0.0003928805507852199
0.0041,2.576105975943631,2.576105975943631,2.46e-05,1.0,UNKNOWN,UNKNOWN,UNKNOWN,NOT_DEFINED_ANALYTIC_SOURCE,-0.010891759251799927,-0.0014860768822701354,-0.0004014422758168981
0.00415,2.6075219024795286,2.6075219024795286,2.4900000000000002e-05,1.0,UNKNOWN,UNKNOWN,UNKNOWN,NOT_DEFINED_ANALYTIC_SOURCE,-0.010901283651122888,-0.0014121731708423837,-0.0004096116371806822
0.004200000000000001,2.638937829015427,2.638937829015427,2.5200000000000003e-05,1.0,UNKNOWN,UNKNOWN,UNKNOWN,NOT_DEFINED_ANALYTIC_SOURCE,-0.010910485826735553,-0.0013368226614596142,-0.0004173777622378744
0.00425,2.6703537555513246,2.6703537555513246,2.5500000000000003e-05,1.0,UNKNOWN,UNKNOWN,UNKNOWN,NOT_DEFINED_ANALYTIC_SOURCE,-0.010919329317410078,-0.001260099814958763,-0.00042473016644648453
0.0043,2.7017696820872223,2.7017696820872223,2.58e-05,1.0,UNKNOWN,UNKNOWN,UNKNOWN,NOT_DEFINED_ANALYTIC_SOURCE,-0.01092777906977157,-0.0011820809161312835,-0.00043165878883747117
0.004350000000000001,2.7331856086231205,2.7331856086231205,2.6100000000000004e-05,1.0,UNKNOWN,UNKNOWN,UNKNOWN,NOT_DEFINED_ANALYTIC_SOURCE,-0.010935801579014248,-0.0011028439930879563,-0.0004381540269578618
0.0044,2.7646015351590183,2.7646015351590183,2.64e-05,1.0,UNKNOWN,UNKNOWN,UNKNOWN,NOT_DEFINED_ANALYTIC_SOURCE,-0.010943365023568939,-0.0010224687308210767,-0.00044420677102129623
0.00445,2.796017461694916,2.796017461694916,2.6700000000000002e-05,1.0,UNKNOWN,UNKNOWN,UNKNOWN,NOT_DEFINED_ANALYTIC_SOURCE,-0.01095043939315355,-0.0009410363791403373,-0.0004498084370099832
0.0045000000000000005,2.8274333882308142,2.8274333882308142,2.7000000000000002e-05,1.0,UNKNOWN,UNKNOWN,UNKNOWN,NOT_DEFINED_ANALYTIC_SOURCE,-0.01095699660966442,-0.0008586296551986043,-0.00045495099847774143
0.00455,2.858849314766712,2.858849314766712,2.7300000000000003e-05,1.0,UNKNOWN,UNKNOWN,UNKNOWN,NOT_DEFINED_ANALYTIC_SOURCE,-0.010963010640395756,-0.0007753326408620663,-0.0004596270168118208
0.0046,2.8902652413026098,2.8902652413026098,2.76e-05,1.0,UNKNOWN,UNKNOWN,UNKNOWN,NOT_DEFINED_ANALYTIC_SOURCE,-0.010968457603105684,-0.0006912306752157764,-0.00046382966972137365
0.0046500000000000005,2.921681167838508,2.921681167838508,2.7900000000000004e-05,1.0,UNKNOWN,UNKNOWN,UNKNOWN,NOT_DEFINED_ANALYTIC_SOURCE,-0.010973315862481545,-0.0006064102425300227,-0.0004675527777327441
0.0047,2.9530970943744057,2.9530970943744057,2.82e-05,1.0,UNKNOWN,UNKNOWN,UNKNOWN,NOT_DEFINED_ANALYTIC_SOURCE,-0.010977566117592806,-0.0005209588560450801,-0.00047079082848608747
0.00475,2.9845130209103035,2.9845130209103035,2.85e-05,1.0,UNKNOWN,UNKNOWN,UNKNOWN,NOT_DEFINED_ANALYTIC_SOURCE,-0.010981191479958243,-0.00043496493796136676,-0.00047353899864399814
0.0048000000000000004,3.0159289474462017,3.0159289474462017,2.8800000000000002e-05,1.0,UNKNOWN,UNKNOWN,UNKNOWN,NOT_DEFINED_ANALYTIC_SOURCE,-0.010984177541893533,-0.0003485176960488599,-0.0004757931732407945
0.00485,3.0473448739820994,3.0473448739820994,2.9100000000000003e-05,1.0,UNKNOWN,UNKNOWN,UNKNOWN,NOT_DEFINED_ANALYTIC_SOURCE,-0.010986512434846867,-0.00026170699731335674,-0.0004775499623206011
0.0049,3.078760800517997,3.078760800517997,2.94e-05,1.0,UNKNOWN,UNKNOWN,UNKNOWN,NOT_DEFINED_ANALYTIC_SOURCE,-0.010988186877472796,-0.00017462323917789217,-0.000478806714733283
0.00495,3.1101767270538954,3.1101767270538954,2.9700000000000004e-05,1.0,UNKNOWN,UNKNOWN,UNKNOWN,NOT_DEFINED_ANALYTIC_SOURCE,-0.010989194213238376,-8.735721865506425e-05,-0.00047956152897942524
0.005,3.141592653589793,3.141592653589793,3e-05,1.0,UNKNOWN,UNKNOWN,UNKNOWN,NOT_DEFINED_ANALYTIC_SOURCE,-0.01098953043740044,-1.0495077029659683e-16,-0.0004798132610186398
0.005050000000000001,3.1730085801256918,3.1730085801256918,3.0300000000000005e-05,1.0,UNKNOWN,UNKNOWN,UNKNOWN,NOT_DEFINED_ANALYTIC_SOURCE,-0.010989194213238376,8.73572186548575e-05,-0.00047956152897942524
0.0051,3.2044245066615895,3.2044245066615895,3.0600000000000005e-05,1.0,UNKNOWN,UNKNOWN,UNKNOWN,NOT_DEFINED_ANALYTIC_SOURCE,-0.0109881868774728,0.00017462323917768436,-0.000478806714733283
0.00515,3.2358404331974873,3.2358404331974873,3.09e-05,1.0,UNKNOWN,UNKNOWN,UNKNOWN,NOT_DEFINED_ANALYTIC_SOURCE,-0.010986512434846872,0.00026170699731314895,-0.00047754996232060023
0.005200000000000001,3.2672563597333855,3.2672563597333855,3.1200000000000006e-05,1.0,UNKNOWN,UNKNOWN,UNKNOWN,NOT_DEFINED_ANALYTIC_SOURCE,-0.01098417754189354,0.0003485176960486532,-0.0004757931732407945
0.00525,3.298672286269283,3.298672286269283,3.15e-05,1.0,UNKNOWN,UNKNOWN,UNKNOWN,NOT_DEFINED_ANALYTIC_SOURCE,-0.01098119147995825,0.0004349649379611594,-0.0004735389986439977
0.0053,3.330088212805181,3.330088212805181,3.18e-05,1.0,UNKNOWN,UNKNOWN,UNKNOWN,NOT_DEFINED_ANALYTIC_SOURCE,-0.010977566117592815,0.000520958856044872,-0.0004707908284860879
0.005350000000000001,3.361504139341079,3.361504139341079,3.21e-05,1.0,UNKNOWN,UNKNOWN,UNKNOWN,NOT_DEFINED_ANALYTIC_SOURCE,-0.010973315862481556,0.0006064102425298162,-0.0004675527777327445
0.0054,3.392920065876977,3.392920065876977,3.24e-05,1.0,UNKNOWN,UNKNOWN,UNKNOWN,NOT_DEFINED_ANALYTIC_SOURCE,-0.010968457603105695,0.0006912306752155687,-0.0004638296697213732
0.00545,3.4243359924128747,3.4243359924128747,3.27e-05,1.0,UNKNOWN,UNKNOWN,UNKNOWN,NOT_DEFINED_ANALYTIC_SOURCE,-0.010963010640395772,0.0007753326408618593,-0.0004596270168118208
0.0055000000000000005,3.455751918948773,3.455751918948773,3.3e-05,1.0,UNKNOWN,UNKNOWN,UNKNOWN,NOT_DEFINED_ANALYTIC_SOURCE,-0.010956996609664435,0.0008586296551983979,-0.000454950998477741
0.00555,3.4871678454846706,3.4871678454846706,3.33e-05,1.0,UNKNOWN,UNKNOWN,UNKNOWN,NOT_DEFINED_ANALYTIC_SOURCE,-0.010950439393153566,0.0009410363791401304,-0.0004498084370099832
0.0056,3.5185837720205684,3.5185837720205684,3.3600000000000004e-05,1.0,UNKNOWN,UNKNOWN,UNKNOWN,NOT_DEFINED_ANALYTIC_SOURCE,-0.010943365023568956,0.0010224687308208692,-0.00044420677102129623
0.0056500000000000005,3.5499996985564666,3.5499996985564666,3.3900000000000004e-05,1.0,UNKNOWN,UNKNOWN,UNKNOWN,NOT_DEFINED_ANALYTIC_SOURCE,-0.010935801579014266,0.00110284399308775,-0.0004381540269578609
0.0057,3.5814156250923643,3.5814156250923643,3.4200000000000005e-05,1.0,UNKNOWN,UNKNOWN,UNKNOWN,NOT_DEFINED_ANALYTIC_SOURCE,-0.010927779069771592,0.0011820809161310767,-0.0004316587888374716
0.00575,3.612831551628262,3.612831551628262,3.45e-05,1.0,UNKNOWN,UNKNOWN,UNKNOWN,NOT_DEFINED_ANALYTIC_SOURCE,-0.010919329317410104,0.001260099814958556,-0.00042473016644648367
0.0058000000000000005,3.6442474781641603,3.6442474781641603,3.4800000000000006e-05,1.0,UNKNOWN,UNKNOWN,UNKNOWN,NOT_DEFINED_ANALYTIC_SOURCE,-0.010910485826735577,0.0013368226614594086,-0.000417377762237874
0.00585,3.675663404700058,3.675663404700058,3.51e-05,1.0,UNKNOWN,UNKNOWN,UNKNOWN,NOT_DEFINED_ANALYTIC_SOURCE,-0.010901283651122915,0.0014121731708421773,-0.0004096116371806826
0.0059,3.707079331235956,3.707079331235956,3.54e-05,1.0,UNKNOWN,UNKNOWN,UNKNOWN,NOT_DEFINED_ANALYTIC_SOURCE,-0.010891759251799952,0.0014860768822699286,-0.0004014422758168981
0.00595,3.7384952577718544,3.7384952577718544,3.57e-05,1.0,UNKNOWN,UNKNOWN,UNKNOWN,NOT_DEFINED_ANALYTIC_SOURCE,-0.0108819503516747,0.0015584612335575066,-0.0003928805507852199
0.006,3.769911184307752,3.769911184307752,3.6e-05,1.0,UNKNOWN,UNKNOWN,UNKNOWN,NOT_DEFINED_ANALYTIC_SOURCE,-0.010871895784318786,0.0016292556298374635,-0.0003839376870722086
0.006050000000000001,3.8013271108436504,3.8013271108436504,3.630000000000001e-05,1.0,UNKNOWN,UNKNOWN,UNKNOWN,NOT_DEFINED_ANALYTIC_SOURCE,-0.010861635338737716,0.0016983915061437008,-0.0003746252262501336
0.0061,3.832743037379548,3.832743037379548,3.66e-05,1.0,UNKNOWN,UNKNOWN,UNKNOWN,NOT_DEFINED_ANALYTIC_SOURCE,-0.010851209600573244,0.0017658023839043947,-0.00036495499095725225
0.00615,3.864158963915446,3.864158963915446,3.69e-05,1.0,UNKNOWN,UNKNOWN,UNKNOWN,NOT_DEFINED_ANALYTIC_SOURCE,-0.01084065979039471,0.0018314239213782118,-0.00035493904987047306
0.006200000000000001,3.895574890451344,3.895574890451344,3.72e-05,1.0,UNKNOWN,UNKNOWN,UNKNOWN,NOT_DEFINED_ANALYTIC_SOURCE,-0.010830027599744647,0.0018951939581095438,-0.000344589683412408
0.00625,3.926990816987242,3.926990816987242,3.7500000000000003e-05,1.0,UNKNOWN,UNKNOWN,UNKNOWN,NOT_DEFINED_ANALYTIC_SOURCE,-0.01081935502560921,0.0019570525535193726,-0.0003339193504247129
0.0063,3.9584067435231396,3.9584067435231396,3.7800000000000004e-05,1.0,UNKNOWN,UNKNOWN,UNKNOWN,NOT_DEFINED_ANALYTIC_SOURCE,-0.0108086842039861,0.002016942019787835,-0.0003229406560276136
0.006350000000000001,3.989822670059038,3.989822670059038,3.8100000000000005e-05,1.0,UNKNOWN,UNKNOWN,UNKNOWN,NOT_DEFINED_ANALYTIC_SOURCE,-0.010798057243221713,0.0020748069492223806,-0.0003116663208715784
0.0064,4.0212385965949355,4.0212385965949355,3.8400000000000005e-05,1.0,UNKNOWN,UNKNOWN,UNKNOWN,NOT_DEFINED_ANALYTIC_SOURCE,-0.010787516057785168,0.0021305942363411506,-0.0003001091519715055
0.00645,4.052654523130833,4.052654523130833,3.87e-05,1.0,UNKNOWN,UNKNOWN,UNKNOWN,NOT_DEFINED_ANALYTIC_SOURCE,-0.010777102203140003,0.0021842530949346094,-0.00028828201529662763
0.006500000000000001,4.084070449666732,4.084070449666732,3.9000000000000006e-05,1.0,UNKNOWN,UNKNOWN,UNKNOWN,NOT_DEFINED_ANALYTIC_SOURCE,-0.010766856712364537,0.00223573507039906,-0.000276197810270763
0.00655,4.11548637620263,4.11548637620263,3.93e-05,1.0,UNKNOWN,UNKNOWN,UNKNOWN,NOT_DEFINED_ANALYTIC_SOURCE,-0.010756819935159404,0.002284994047663406,-0.0002638694463178233
0.0066,4.1469023027385274,4.1469023027385274,3.96e-05,1.0,UNKNOWN,UNKNOWN,UNKNOWN,NOT_DEFINED_ANALYTIC_SOURCE,-0.010747031379865758,0.0023319862550548708,-0.0002513098215666857
0.0066500000000000005,4.178318229274425,4.178318229274425,3.99e-05,1.0,UNKNOWN,UNKNOWN,UNKNOWN,NOT_DEFINED_ANALYTIC_SOURCE,-0.010737529559100399,0.002376670264470301,-0.00023853180380799558
0.0067,4.209734155810323,4.209734155810323,4.02e-05,1.0,UNKNOWN,UNKNOWN,UNKNOWN,NOT_DEFINED_ANALYTIC_SOURCE,-0.010728351839594231,0.0024190069882368543,-0.00022554821377322861
0.00675,4.241150082346221,4.241150082346221,4.05e-05,1.0,UNKNOWN,UNKNOWN,UNKNOWN,NOT_DEFINED_ANALYTIC_SOURCE,-0.010719534296799135,0.0024589596730592257,-0.000212371810783762
0.0068000000000000005,4.272566008882119,4.272566008882119,4.08e-05,1.0,UNKNOWN,UNKNOWN,UNKNOWN,NOT_DEFINED_ANALYTIC_SOURCE,-0.010711111574804635,0.00249649389145984,-0.0001990152807948794
0.00685,4.303981935418017,4.303981935418017,4.11e-05,1.0,UNKNOWN,UNKNOWN,UNKNOWN,NOT_DEFINED_ANALYTIC_SOURCE,-0.010703116752080962,0.0025315775311237224,-0.00018549122683680745
0.006900000000000001,4.335397861953915,4.335397861953915,4.1400000000000003e-05,1.0,UNKNOWN,UNKNOWN,UNKNOWN,NOT_DEFINED_ANALYTIC_SOURCE,-0.010695581213538247,0.0025641807825608344,-0.00017181216183225368
0.0069500000000000004,4.366813788489813,4.366813788489813,4.1700000000000004e-05,1.0,UNKNOWN,UNKNOWN,UNKNOWN,NOT_DEFINED_ANALYTIC_SOURCE,-0.010688534529364115,0.0025942761254956225,-0.00015799050374766446
0.007,4.39822971502571,4.39822971502571,4.2000000000000004e-05,1.0,UNKNOWN,UNKNOWN,UNKNOWN,NOT_DEFINED_ANALYTIC_SOURCE,-0.010682004341072856,0.0026218383143864488,-0.00014403857301377616
0.007050000000000001,4.429645641561609,4.429645641561609,4.2300000000000005e-05,1.0,UNKNOWN,UNKNOWN,UNKNOWN,NOT_DEFINED_ANALYTIC_SOURCE,-0.010676016255169639,0.0026468443634663184,-0.0001299685921300705
0.0071,4.461061568097507,4.461061568097507,4.2600000000000005e-05,1.0,UNKNOWN,UNKNOWN,UNKNOWN,NOT_DEFINED_ANALYTIC_SOURCE,-0.010670593744802679,0.002669273531681366,-0.00011579268734780235
0.00715,4.4924774946334045,4.4924774946334045,4.29e-05,1.0,UNKNOWN,UNKNOWN,UNKNOWN,NOT_DEFINED_ANALYTIC_SOURCE,-0.010665758059745161,0.002689107307884658,-0.00010152289230729939
0.007200000000000001,4.523893421169303,4.523893421169303,4.3200000000000007e-05,1.0,UNKNOWN,UNKNOWN,UNKNOWN,NOT_DEFINED_ANALYTIC_SOURCE,-0.01066152814501688,0.0027063293966205506,-8.717115348760808e-05
0.00725,4.5553093477052,4.5553093477052,4.35e-05,1.0,UNKNOWN,UNKNOWN,UNKNOWN,NOT_DEFINED_ANALYTIC_SOURCE,-0.010657920568423754,0.002720925704809091,-7.274933731020667e-05
0.0073,4.586725274241098,4.586725274241098,4.38e-05,1.0,UNKNOWN,UNKNOWN,UNKNOWN,NOT_DEFINED_ANALYTIC_SOURCE,-0.010654949457260874,0.002732884329611258,-5.826923872370802e-05
0.007350000000000001,4.618141200776996,4.618141200776996,4.410000000000001e-05,1.0,UNKNOWN,UNKNOWN,UNKNOWN,NOT_DEFINED_ANALYTIC_SOURCE,-0.010652626444392348,0.0027421955477241636,-4.374259108325812e-05
0.0074,4.649557127312894,4.649557127312894,4.44e-05,1.0,UNKNOWN,UNKNOWN,UNKNOWN,NOT_DEFINED_ANALYTIC_SOURCE,-0.010650960623888397,0.0027488518063214368,-2.918107712682758e-05
0.00745,4.680973053848792,4.680973053848792,4.47e-05,1.0,UNKNOWN,UNKNOWN,UNKNOWN,NOT_DEFINED_ANALYTIC_SOURCE,-0.010649958516367608,0.00275284771581777,-1.4596340840868516e-05
0.007500000000000001,4.712388980384691,4.712388980384691,4.5e-05,1.0,UNKNOWN,UNKNOWN,UNKNOWN,NOT_DEFINED_ANALYTIC_SOURCE,-0.010649624044159214,0.002754180044598754,5.5077470362263625e-17
0.00755,4.743804906920588,4.743804906920588,4.53e-05,1.0,UNKNOWN,UNKNOWN,UNKNOWN,NOT_DEFINED_ANALYTIC_SOURCE,-0.010649958516367606,0.0027528477158177697,1.4596340840976937e-05
0.0076,4.775220833456486,4.775220833456486,4.5600000000000004e-05,1.0,UNKNOWN,UNKNOWN,UNKNOWN,NOT_DEFINED_ANALYTIC_SOURCE,-0.010650960623888397,0.002748851806321436,2.9181077126937734e-05
0.0076500000000000005,4.806636759992384,4.806636759992384,4.5900000000000004e-05,1.0,UNKNOWN,UNKNOWN,UNKNOWN,NOT_DEFINED_ANALYTIC_SOURCE,-0.010652626444392344,0.002742195547724163,4.3742591083366974e-05
0.0077,4.838052686528282,4.838052686528282,4.6200000000000005e-05,1.0,UNKNOWN,UNKNOWN,UNKNOWN,NOT_DEFINED_ANALYTIC_SOURCE,-0.010654949457260875,0.0027328843296112585,5.826923872381644e-05
0.00775,4.869468613064179,4.869468613064179,4.65e-05,1.0,UNKNOWN,UNKNOWN,UNKNOWN,NOT_DEFINED_ANALYTIC_SOURCE,-0.010657920568423752,0.002720925704809092,7.274933731031509e-05
0.0078000000000000005,4.900884539600078,4.900884539600078,4.6800000000000006e-05,1.0,UNKNOWN,UNKNOWN,UNKNOWN,NOT_DEFINED_ANALYTIC_SOURCE,-0.01066152814501688,0.00270632939662055,8.717115348771736e-05
0.007850000000000001,4.932300466135976,4.932300466135976,4.7100000000000006e-05,1.0,UNKNOWN,UNKNOWN,UNKNOWN,NOT_DEFINED_ANALYTIC_SOURCE,-0.010665758059745161,0.0026891073078846575,0.00010152289230740867
0.0079,4.9637163926718735,4.9637163926718735,4.740000000000001e-05,1.0,UNKNOWN,UNKNOWN,UNKNOWN,NOT_DEFINED_ANALYTIC_SOURCE,-0.01067059374480268,0.0026692735316813654,0.00011579268734791077
0.00795,4.995132319207771,4.995132319207771,4.77e-05,1.0,UNKNOWN,UNKNOWN,UNKNOWN,NOT_DEFINED_ANALYTIC_SOURCE,-0.010676016255169635,0.0026468443634663176,0.00012996859213018066
0.008,5.026548245743669,5.026548245743669,4.8e-05,1.0,UNKNOWN,UNKNOWN,UNKNOWN,NOT_DEFINED_ANALYTIC_SOURCE,-0.010682004341072858,0.002621838314386449,0.00014403857301388545
0.00805,5.057964172279567,5.057964172279567,4.83e-05,1.0,UNKNOWN,UNKNOWN,UNKNOWN,NOT_DEFINED_ANALYTIC_SOURCE,-0.010688534529364113,0.002594276125495623,0.00015799050374777418
0.0081,5.0893800988154645,5.0893800988154645,4.8599999999999995e-05,1.0,UNKNOWN,UNKNOWN,UNKNOWN,NOT_DEFINED_ANALYTIC_SOURCE,-0.010695581213538245,0.0025641807825608335,0.0001718121618323634
0.008150000000000001,5.120796025351364,5.120796025351364,4.890000000000001e-05,1.0,UNKNOWN,UNKNOWN,UNKNOWN,NOT_DEFINED_ANALYTIC_SOURCE,-0.010703116752080957,0.002531577531123721,0.00018549122683691804
0.0082,5.152211951887262,5.152211951887262,4.92e-05,1.0,UNKNOWN,UNKNOWN,UNKNOWN,NOT_DEFINED_ANALYTIC_SOURCE,-0.010711111574804633,0.002496493891459838,0.00019901528079498956
0.00825,5.1836278784231595,5.1836278784231595,4.9500000000000004e-05,1.0,UNKNOWN,UNKNOWN,UNKNOWN,NOT_DEFINED_ANALYTIC_SOURCE,-0.010719534296799131,0.0024589596730592244,0.00021237181078387173
0.0083,5.215043804959057,5.215043804959057,4.9800000000000004e-05,1.0,UNKNOWN,UNKNOWN,UNKNOWN,NOT_DEFINED_ANALYTIC_SOURCE,-0.01072835183959423,0.002419006988236854,0.00022554821377333877
0.00835,5.246459731494955,5.246459731494955,5.01e-05,1.0,UNKNOWN,UNKNOWN,UNKNOWN,NOT_DEFINED_ANALYTIC_SOURCE,-0.010737529559100394,0.0023766702644703,0.00023853180380810617
0.008400000000000001,5.277875658030854,5.277875658030854,5.0400000000000005e-05,1.0,UNKNOWN,UNKNOWN,UNKNOWN,NOT_DEFINED_ANALYTIC_SOURCE,-0.010747031379865754,0.002331986255054869,0.00025130982156679627
0.008450000000000001,5.309291584566751,5.309291584566751,5.0700000000000006e-05,1.0,UNKNOWN,UNKNOWN,UNKNOWN,NOT_DEFINED_ANALYTIC_SOURCE,-0.010756819935159399,0.002284994047663404,0.00026386944631793304
0.0085,5.340707511102649,5.340707511102649,5.1000000000000006e-05,1.0,UNKNOWN,UNKNOWN,UNKNOWN,NOT_DEFINED_ANALYTIC_SOURCE,-0.010766856712364539,0.0022357350703990577,0.00027619781027087443
0.00855,5.372123437638547,5.372123437638547,5.13e-05,1.0,UNKNOWN,UNKNOWN,UNKNOWN,NOT_DEFINED_ANALYTIC_SOURCE,-0.010777102203140002,0.002184253094934609,0.00028828201529673735
0.0086,5.403539364174445,5.403539364174445,5.16e-05,1.0,UNKNOWN,UNKNOWN,UNKNOWN,NOT_DEFINED_ANALYTIC_SOURCE,-0.010787516057785168,0.0021305942363411506,0.0003001091519716165
0.00865,5.4349552907103424,5.4349552907103424,5.19e-05,1.0,UNKNOWN,UNKNOWN,UNKNOWN,NOT_DEFINED_ANALYTIC_SOURCE,-0.01079805724322171,0.00207480694922238,0.00031166632087168853
0.008700000000000001,5.466371217246241,5.466371217246241,5.220000000000001e-05,1.0,UNKNOWN,UNKNOWN,UNKNOWN,NOT_DEFINED_ANALYTIC_SOURCE,-0.0108086842039861,0.0020169420197878336,0.00032294065602772506
0.00875,5.497787143782139,5.497787143782139,5.250000000000001e-05,1.0,UNKNOWN,UNKNOWN,UNKNOWN,NOT_DEFINED_ANALYTIC_SOURCE,-0.010819355025609205,0.0019570525535193705,0.0003339193504248235
0.0088,5.529203070318037,5.529203070318037,5.28e-05,1.0,UNKNOWN,UNKNOWN,UNKNOWN,NOT_DEFINED_ANALYTIC_SOURCE,-0.010830027599744645,0.0018951939581095425,0.00034458968341251816
0.00885,5.560618996853934,5.560618996853934,5.31e-05,1.0,UNKNOWN,UNKNOWN,UNKNOWN,NOT_DEFINED_ANALYTIC_SOURCE,-0.010840659790394709,0.00183142392137821,0.00035493904987058365
0.0089,5.592034923389832,5.592034923389832,5.3400000000000004e-05,1.0,UNKNOWN,UNKNOWN,UNKNOWN,NOT_DEFINED_ANALYTIC_SOURCE,-0.01085120960057324,0.0017658023839043939,0.0003649549909573637
0.00895,5.62345084992573,5.62345084992573,5.37e-05,1.0,UNKNOWN,UNKNOWN,UNKNOWN,NOT_DEFINED_ANALYTIC_SOURCE,-0.010861635338737713,0.0016983915061436993,0.0003746252262502455
0.009000000000000001,5.6548667764616285,5.6548667764616285,5.4000000000000005e-05,1.0,UNKNOWN,UNKNOWN,UNKNOWN,NOT_DEFINED_ANALYTIC_SOURCE,-0.01087189578431878,0.001629255629837461,0.0003839376870723194
0.00905,5.686282702997526,5.686282702997526,5.4300000000000005e-05,1.0,UNKNOWN,UNKNOWN,UNKNOWN,NOT_DEFINED_ANALYTIC_SOURCE,-0.010881950351674692,0.0015584612335575046,0.00039288055078533115
0.0091,5.717698629533424,5.717698629533424,5.4600000000000006e-05,1.0,UNKNOWN,UNKNOWN,UNKNOWN,NOT_DEFINED_ANALYTIC_SOURCE,-0.010891759251799948,0.0014860768822699284,0.0004014422758170093
0.00915,5.749114556069322,5.749114556069322,5.49e-05,1.0,UNKNOWN,UNKNOWN,UNKNOWN,NOT_DEFINED_ANALYTIC_SOURCE,-0.010901283651122909,0.0014121731708421764,0.0004096116371807932
0.0092,5.7805304826052195,5.7805304826052195,5.52e-05,1.0,UNKNOWN,UNKNOWN,UNKNOWN,NOT_DEFINED_ANALYTIC_SOURCE,-0.010910485826735572,0.0013368226614594084,0.0004173777622379863
0.009250000000000001,5.811946409141118,5.811946409141118,5.550000000000001e-05,1.0,UNKNOWN,UNKNOWN,UNKNOWN,NOT_DEFINED_ANALYTIC_SOURCE,-0.010919329317410098,0.001260099814958555,0.00042473016644659577
0.009300000000000001,5.843362335677016,5.843362335677016,5.580000000000001e-05,1.0,UNKNOWN,UNKNOWN,UNKNOWN,NOT_DEFINED_ANALYTIC_SOURCE,-0.010927779069771588,0.0011820809161310756,0.0004316587888375833
0.00935,5.874778262212914,5.874778262212914,5.610000000000001e-05,1.0,UNKNOWN,UNKNOWN,UNKNOWN,NOT_DEFINED_ANALYTIC_SOURCE,-0.010935801579014259,0.0011028439930877492,0.00043815402695797324
0.0094,5.906194188748811,5.906194188748811,5.64e-05,1.0,UNKNOWN,UNKNOWN,UNKNOWN,NOT_DEFINED_ANALYTIC_SOURCE,-0.010943365023568954,0.0010224687308208688,0.00044420677102140834
0.00945,5.937610115284709,5.937610115284709,5.67e-05,1.0,UNKNOWN,UNKNOWN,UNKNOWN,NOT_DEFINED_ANALYTIC_SOURCE,-0.010950439393153563,0.0009410363791401299,0.00044980843701009597
0.0095,5.969026041820607,5.969026041820607,5.7e-05,1.0,UNKNOWN,UNKNOWN,UNKNOWN,NOT_DEFINED_ANALYTIC_SOURCE,-0.010956996609664434,0.0008586296551983982,0.0004549509984778529
0.009550000000000001,6.000441968356506,6.000441968356506,5.730000000000001e-05,1.0,UNKNOWN,UNKNOWN,UNKNOWN,NOT_DEFINED_ANALYTIC_SOURCE,-0.010963010640395763,0.000775332640861858,0.0004596270168119327
0.009600000000000001,6.031857894892403,6.031857894892403,5.7600000000000004e-05,1.0,UNKNOWN,UNKNOWN,UNKNOWN,NOT_DEFINED_ANALYTIC_SOURCE,-0.010968457603105693,0.0006912306752155675,0.0004638296697214853
0.00965,6.063273821428301,6.063273821428301,5.7900000000000005e-05,1.0,UNKNOWN,UNKNOWN,UNKNOWN,NOT_DEFINED_ANALYTIC_SOURCE,-0.01097331586248155,0.000606410242529815,0.00046755277773285597
0.0097,6.094689747964199,6.094689747964199,5.8200000000000005e-05,1.0,UNKNOWN,UNKNOWN,UNKNOWN,NOT_DEFINED_ANALYTIC_SOURCE,-0.01097756611759281,0.0005209588560448715,0.00047079082848619914
0.00975,6.126105674500097,6.126105674500097,5.85e-05,1.0,UNKNOWN,UNKNOWN,UNKNOWN,NOT_DEFINED_ANALYTIC_SOURCE,-0.010981191479958246,0.00043496493796115875,0.00047353899864411046
0.0098,6.157521601035994,6.157521601035994,5.88e-05,1.0,UNKNOWN,UNKNOWN,UNKNOWN,NOT_DEFINED_ANALYTIC_SOURCE,-0.010984177541893533,0.0003485176960486531,0.0004757931732409064
0.009850000000000001,6.188937527571894,6.188937527571894,5.910000000000001e-05,1.0,UNKNOWN,UNKNOWN,UNKNOWN,NOT_DEFINED_ANALYTIC_SOURCE,-0.010986512434846864,0.0002617069973131451,0.0004775499623207132
0.0099,6.220353454107791,6.220353454107791,5.940000000000001e-05,1.0,UNKNOWN,UNKNOWN,UNKNOWN,NOT_DEFINED_ANALYTIC_SOURCE,-0.010988186877472795,0.000174623239177683,0.0004788067147333953
0.00995,6.2517693806436885,6.2517693806436885,5.97e-05,1.0,UNKNOWN,UNKNOWN,UNKNOWN,NOT_DEFINED_ANALYTIC_SOURCE,-0.01098919421323837,8.735721865485657e-05,0.00047956152897953735
0.01,6.283185307179586,0.0,6e-05,1.0,UNKNOWN,UNKNOWN,UNKNOWN,NOT_DEFINED_ANALYTIC_SOURCE,-0.010989530437400434,-1.0375814790686277e-16,0.0004798132610187521
0.01005,6.314601233715484,0.031415926535897754,6.03e-05,1.0,UNKNOWN,UNKNOWN,UNKNOWN,NOT_DEFINED_ANALYTIC_SOURCE,-0.010989194213238369,-8.735721865506333e-05,0.000479561528979538
0.010100000000000001,6.3460171602513835,0.06283185307179728,6.060000000000001e-05,1.0,UNKNOWN,UNKNOWN,UNKNOWN,NOT_DEFINED_ANALYTIC_SOURCE,-0.01098818687747279,-0.00017462323917789483,0.0004788067147333953
0.010150000000000001,6.377433086787281,0.09424777960769504,6.090000000000001e-05,1.0,UNKNOWN,UNKNOWN,UNKNOWN,NOT_DEFINED_ANALYTIC_SOURCE,-0.01098651243484686,-0.0002617069973133594,0.000477549962320713
0.0102,6.408849013323179,0.1256637061435928,6.120000000000001e-05,1.0,UNKNOWN,UNKNOWN,UNKNOWN,NOT_DEFINED_ANALYTIC_SOURCE,-0.010984177541893528,-0.00034851769604886276,0.0004757931732409066
0.01025,6.440264939859077,0.15707963267949054,6.15e-05,1.0,UNKNOWN,UNKNOWN,UNKNOWN,NOT_DEFINED_ANALYTIC_SOURCE,-0.010981191479958238,-0.00043496493796136795,0.0004735389986441098
0.0103,6.4716808663949745,0.1884955592153883,6.18e-05,1.0,UNKNOWN,UNKNOWN,UNKNOWN,NOT_DEFINED_ANALYTIC_SOURCE,-0.0109775661175928,-0.0005209588560450814,0.0004707908284861996
0.01035,6.503096792930872,0.21991148575128605,6.21e-05,1.0,UNKNOWN,UNKNOWN,UNKNOWN,NOT_DEFINED_ANALYTIC_SOURCE,-0.010973315862481538,-0.0006064102425300241,0.00046755277773285705
0.010400000000000001,6.534512719466771,0.2513274122871847,6.240000000000001e-05,1.0,UNKNOWN,UNKNOWN,UNKNOWN,NOT_DEFINED_ANALYTIC_SOURCE,-0.010968457603105681,-0.0006912306752157796,0.00046382966972148554
0.010450000000000001,6.565928646002669,0.28274333882308245,6.27e-05,1.0,UNKNOWN,UNKNOWN,UNKNOWN,NOT_DEFINED_ANALYTIC_SOURCE,-0.010963010640395749,-0.0007753326408620698,0.0004596270168119329
0.0105,6.597344572538566,0.3141592653589802,6.3e-05,1.0,UNKNOWN,UNKNOWN,UNKNOWN,NOT_DEFINED_ANALYTIC_SOURCE,-0.010956996609664416,-0.0008586296551986076,0.0004549509984778531
0.01055,6.628760499074464,0.34557519189487795,6.330000000000001e-05,1.0,UNKNOWN,UNKNOWN,UNKNOWN,NOT_DEFINED_ANALYTIC_SOURCE,-0.010950439393153549,-0.0009410363791403389,0.0004498084370100953
0.0106,6.660176425610362,0.3769911184307757,6.36e-05,1.0,UNKNOWN,UNKNOWN,UNKNOWN,NOT_DEFINED_ANALYTIC_SOURCE,-0.010943365023568932,-0.0010224687308210783,0.0004442067710214081
0.01065,6.69159235214626,0.40840704496667346,6.39e-05,1.0,UNKNOWN,UNKNOWN,UNKNOWN,NOT_DEFINED_ANALYTIC_SOURCE,-0.010935801579014238,-0.0011028439930879565,0.0004381540269579724
0.010700000000000001,6.723008278682158,0.4398229715025721,6.42e-05,1.0,UNKNOWN,UNKNOWN,UNKNOWN,NOT_DEFINED_ANALYTIC_SOURCE,-0.010927779069771566,-0.0011820809161312864,0.0004316587888375822
0.010750000000000001,6.754424205218056,0.47123889803846986,6.450000000000001e-05,1.0,UNKNOWN,UNKNOWN,UNKNOWN,NOT_DEFINED_ANALYTIC_SOURCE,-0.01091932931741007,-0.0012600998149587656,0.0004247301664465951
0.0108,6.785840131753954,0.5026548245743676,6.48e-05,1.0,UNKNOWN,UNKNOWN,UNKNOWN,NOT_DEFINED_ANALYTIC_SOURCE,-0.010910485826735549,-0.0013368226614596161,0.0004173777622379863
0.01085,6.817256058289852,0.5340707511102654,6.51e-05,1.0,UNKNOWN,UNKNOWN,UNKNOWN,NOT_DEFINED_ANALYTIC_SOURCE,-0.01090128365112288,-0.0014121731708423848,0.0004096116371807943
0.0109,6.848671984825749,0.5654866776461631,6.54e-05,1.0,UNKNOWN,UNKNOWN,UNKNOWN,NOT_DEFINED_ANALYTIC_SOURCE,-0.010891759251799919,-0.0014860768822701359,0.0004014422758170093
0.01095,6.880087911361647,0.5969026041820609,6.57e-05,1.0,UNKNOWN,UNKNOWN,UNKNOWN,NOT_DEFINED_ANALYTIC_SOURCE,-0.010881950351674663,-0.0015584612335577117,0.0003928805507853305
0.011000000000000001,6.911503837897546,0.6283185307179595,6.6e-05,1.0,UNKNOWN,UNKNOWN,UNKNOWN,NOT_DEFINED_ANALYTIC_SOURCE,-0.010871895784318754,-0.0016292556298376705,0.0003839376870723194
0.01105,6.9429197644334435,0.6597344572538573,6.630000000000001e-05,1.0,UNKNOWN,UNKNOWN,UNKNOWN,NOT_DEFINED_ANALYTIC_SOURCE,-0.010861635338737678,-0.0016983915061439068,0.0003746252262502453
0.0111,6.974335690969341,0.691150383789755,6.66e-05,1.0,UNKNOWN,UNKNOWN,UNKNOWN,NOT_DEFINED_ANALYTIC_SOURCE,-0.010851209600573208,-0.001765802383904601,0.0003649549909573639
0.01115,7.005751617505239,0.7225663103256528,6.69e-05,1.0,UNKNOWN,UNKNOWN,UNKNOWN,NOT_DEFINED_ANALYTIC_SOURCE,-0.010840659790394672,-0.0018314239213784176,0.0003549390498705841
0.0112,7.037167544041137,0.7539822368615505,6.720000000000001e-05,1.0,UNKNOWN,UNKNOWN,UNKNOWN,NOT_DEFINED_ANALYTIC_SOURCE,-0.010830027599744605,-0.0018951939581097472,0.00034458968341251795
0.011250000000000001,7.068583470577035,0.7853981633974492,6.750000000000001e-05,1.0,UNKNOWN,UNKNOWN,UNKNOWN,NOT_DEFINED_ANALYTIC_SOURCE,-0.010819355025609169,-0.001957052553519578,0.0003339193504248235
0.011300000000000001,7.099999397112933,0.8168140899333469,6.780000000000001e-05,1.0,UNKNOWN,UNKNOWN,UNKNOWN,NOT_DEFINED_ANALYTIC_SOURCE,-0.010808684203986058,-0.0020169420197880417,0.0003229406560277242
0.01135,7.131415323648831,0.8482300164692447,6.81e-05,1.0,UNKNOWN,UNKNOWN,UNKNOWN,NOT_DEFINED_ANALYTIC_SOURCE,-0.01079805724322167,-0.0020748069492225844,0.0003116663208716881
0.0114,7.162831250184729,0.8796459430051424,6.840000000000001e-05,1.0,UNKNOWN,UNKNOWN,UNKNOWN,NOT_DEFINED_ANALYTIC_SOURCE,-0.010787516057785123,-0.002130594236341354,0.00030010915197161586
0.01145,7.194247176720626,0.9110618695410402,6.87e-05,1.0,UNKNOWN,UNKNOWN,UNKNOWN,NOT_DEFINED_ANALYTIC_SOURCE,-0.010777102203139958,-0.0021842530949348123,0.0002882820152967382
0.0115,7.225663103256524,0.9424777960769379,6.9e-05,1.0,UNKNOWN,UNKNOWN,UNKNOWN,NOT_DEFINED_ANALYTIC_SOURCE,-0.010766856712364496,-0.0022357350703992632,0.0002761978102708742
0.011550000000000001,7.257079029792423,0.9738937226128366,6.93e-05,1.0,UNKNOWN,UNKNOWN,UNKNOWN,NOT_DEFINED_ANALYTIC_SOURCE,-0.010756819935159357,-0.0022849940476636094,0.0002638694463179328
0.011600000000000001,7.288494956328321,1.0053096491487343,6.960000000000001e-05,1.0,UNKNOWN,UNKNOWN,UNKNOWN,NOT_DEFINED_ANALYTIC_SOURCE,-0.010747031379865707,-0.0023319862550550737,0.0002513098215667956
0.01165,7.319910882864218,1.036725575684632,6.99e-05,1.0,UNKNOWN,UNKNOWN,UNKNOWN,NOT_DEFINED_ANALYTIC_SOURCE,-0.010737529559100348,-0.0023766702644705045,0.00023853180380810574
0.0117,7.351326809400116,1.0681415022205298,7.02e-05,1.0,UNKNOWN,UNKNOWN,UNKNOWN,NOT_DEFINED_ANALYTIC_SOURCE,-0.010728351839594185,-0.002419006988237058,0.00022554821377333855
0.01175,7.382742735936014,1.0995574287564276,7.05e-05,1.0,UNKNOWN,UNKNOWN,UNKNOWN,NOT_DEFINED_ANALYTIC_SOURCE,-0.010719534296799085,-0.0024589596730594286,0.00021237181078387173
0.0118,7.414158662471912,1.1309733552923253,7.08e-05,1.0,UNKNOWN,UNKNOWN,UNKNOWN,NOT_DEFINED_ANALYTIC_SOURCE,-0.010711111574804585,-0.0024964938914600423,0.00019901528079498934
0.011850000000000001,7.445574589007811,1.1623892818282249,7.110000000000001e-05,1.0,UNKNOWN,UNKNOWN,UNKNOWN,NOT_DEFINED_ANALYTIC_SOURCE,-0.010703116752080912,-0.002531577531123927,0.00018549122683691717
0.0119,7.476990515543709,1.1938052083641226,7.14e-05,1.0,UNKNOWN,UNKNOWN,UNKNOWN,NOT_DEFINED_ANALYTIC_SOURCE,-0.010695581213538197,-0.002564180782561038,0.00017181216183236297
0.01195,7.508406442079607,1.2252211349000204,7.170000000000001e-05,1.0,UNKNOWN,UNKNOWN,UNKNOWN,NOT_DEFINED_ANALYTIC_SOURCE,-0.010688534529364063,-0.002594276125495827,0.00015799050374777374
0.012,7.539822368615504,1.2566370614359181,7.2e-05,1.0,UNKNOWN,UNKNOWN,UNKNOWN,NOT_DEFINED_ANALYTIC_SOURCE,-0.010682004341072807,-0.002621838314386652,0.00014403857301388458
0.01205,7.571238295151402,1.2880529879718159,7.23e-05,1.0,UNKNOWN,UNKNOWN,UNKNOWN,NOT_DEFINED_ANALYTIC_SOURCE,-0.010676016255169587,-0.0026468443634665205,0.00012996859213017936
0.012100000000000001,7.602654221687301,1.3194689145077145,7.260000000000002e-05,1.0,UNKNOWN,UNKNOWN,UNKNOWN,NOT_DEFINED_ANALYTIC_SOURCE,-0.010670593744802628,-0.0026692735316815675,0.00011579268734791142
0.012150000000000001,7.6340701482231985,1.3508848410436123,7.290000000000001e-05,1.0,UNKNOWN,UNKNOWN,UNKNOWN,NOT_DEFINED_ANALYTIC_SOURCE,-0.010665758059745109,-0.0026891073078848604,0.00010152289230740737
0.0122,7.665486074759096,1.38230076757951,7.32e-05,1.0,UNKNOWN,UNKNOWN,UNKNOWN,NOT_DEFINED_ANALYTIC_SOURCE,-0.010661528145016828,-0.0027063293966207522,8.71711534877165e-05
0.01225,7.696902001294994,1.4137166941154078,7.35e-05,1.0,UNKNOWN,UNKNOWN,UNKNOWN,NOT_DEFINED_ANALYTIC_SOURCE,-0.0106579205684237,-0.0027209257048092937,7.274933731031574e-05
0.0123,7.728317927830892,1.4451326206513055,7.38e-05,1.0,UNKNOWN,UNKNOWN,UNKNOWN,NOT_DEFINED_ANALYTIC_SOURCE,-0.01065494945726082,-0.0027328843296114597,5.8269238723816655e-05
0.01235,7.7597338543667895,1.4765485471872033,7.41e-05,1.0,UNKNOWN,UNKNOWN,UNKNOWN,NOT_DEFINED_ANALYTIC_SOURCE,-0.010652626444392294,-0.002742195547724367,4.3742591083367624e-05
0.012400000000000001,7.791149780902688,1.507964473723102,7.44e-05,1.0,UNKNOWN,UNKNOWN,UNKNOWN,NOT_DEFINED_ANALYTIC_SOURCE,-0.010650960623888343,-0.002748851806321638,2.9181077126936867e-05
0.012450000000000001,7.822565707438586,1.5393804002589997,7.470000000000001e-05,1.0,UNKNOWN,UNKNOWN,UNKNOWN,NOT_DEFINED_ANALYTIC_SOURCE,-0.010649958516367557,-0.002752847715817971,1.4596340840976503e-05
0.0125,7.853981633974484,1.5707963267948974,7.500000000000001e-05,1.0,UNKNOWN,UNKNOWN,UNKNOWN,NOT_DEFINED_ANALYTIC_SOURCE,-0.010649624044159159,-0.002754180044598956,5.377642775528102e-17
0.01255,7.885397560510381,1.6022122533307952,7.53e-05,1.0,UNKNOWN,UNKNOWN,UNKNOWN,NOT_DEFINED_ANALYTIC_SOURCE,-0.010649958516367559,-0.0027528477158179723,-1.4596340840868083e-05
0.0126,7.916813487046279,1.633628179866693,7.560000000000001e-05,1.0,UNKNOWN,UNKNOWN,UNKNOWN,NOT_DEFINED_ANALYTIC_SOURCE,-0.010650960623888343,-0.0027488518063216376,-2.9181077126828447e-05
0.01265,7.948229413582177,1.6650441064025907,7.59e-05,1.0,UNKNOWN,UNKNOWN,UNKNOWN,NOT_DEFINED_ANALYTIC_SOURCE,-0.010652626444392292,-0.002742195547724365,-4.374259108325812e-05
0.012700000000000001,7.979645340118076,1.6964600329384893,7.620000000000001e-05,1.0,UNKNOWN,UNKNOWN,UNKNOWN,NOT_DEFINED_ANALYTIC_SOURCE,-0.010654949457260823,-0.0027328843296114597,-5.8269238723707584e-05
0.012750000000000001,8.011061266653973,1.727875959474387,7.65e-05,1.0,UNKNOWN,UNKNOWN,UNKNOWN,NOT_DEFINED_ANALYTIC_SOURCE,-0.0106579205684237,-0.0027209257048092937,-7.274933731020623e-05
0.0128,8.042477193189871,1.7592918860102849,7.680000000000001e-05,1.0,UNKNOWN,UNKNOWN,UNKNOWN,NOT_DEFINED_ANALYTIC_SOURCE,-0.010661528145016832,-0.002706329396620752,-8.717115348760808e-05
0.01285,8.073893119725769,1.7907078125461826,7.71e-05,1.0,UNKNOWN,UNKNOWN,UNKNOWN,NOT_DEFINED_ANALYTIC_SOURCE,-0.01066575805974511,-0.0026891073078848596,-0.00010152289230729982
0.0129,8.105309046261667,1.8221237390820804,7.74e-05,1.0,UNKNOWN,UNKNOWN,UNKNOWN,NOT_DEFINED_ANALYTIC_SOURCE,-0.010670593744802628,-0.002669273531681567,-0.00011579268734780278
0.012950000000000001,8.136724972797566,1.85353966561798,7.77e-05,1.0,UNKNOWN,UNKNOWN,UNKNOWN,NOT_DEFINED_ANALYTIC_SOURCE,-0.010676016255169589,-0.002646844363466519,-0.00012996859213007094
0.013000000000000001,8.168140899333464,1.8849555921538776,7.800000000000001e-05,1.0,UNKNOWN,UNKNOWN,UNKNOWN,NOT_DEFINED_ANALYTIC_SOURCE,-0.010682004341072807,-0.002621838314386651,-0.0001440385730137766
0.01305,8.199556825869362,1.9163715186897754,7.83e-05,1.0,UNKNOWN,UNKNOWN,UNKNOWN,NOT_DEFINED_ANALYTIC_SOURCE,-0.01068853452936407,-0.002594276125495825,-0.00015799050374766532
0.0131,8.23097275240526,1.9477874452256732,7.86e-05,1.0,UNKNOWN,UNKNOWN,UNKNOWN,NOT_DEFINED_ANALYTIC_SOURCE,-0.010695581213538198,-0.002564180782561036,-0.00017181216183225411
0.01315,8.262388678941157,1.979203371761571,7.890000000000001e-05,1.0,UNKNOWN,UNKNOWN,UNKNOWN,NOT_DEFINED_ANALYTIC_SOURCE,-0.010703116752080914,-0.002531577531123925,-0.00018549122683680832
0.0132,8.293804605477055,2.0106192982974687,7.92e-05,1.0,UNKNOWN,UNKNOWN,UNKNOWN,NOT_DEFINED_ANALYTIC_SOURCE,-0.010711111574804586,-0.0024964938914600414,-0.00019901528079488027
0.013250000000000001,8.325220532012953,2.0420352248333664,7.950000000000001e-05,1.0,UNKNOWN,UNKNOWN,UNKNOWN,NOT_DEFINED_ANALYTIC_SOURCE,-0.010719534296799088,-0.0024589596730594278,-0.00021237181078376157
0.013300000000000001,8.35663645854885,2.073451151369264,7.98e-05,1.0,UNKNOWN,UNKNOWN,UNKNOWN,NOT_DEFINED_ANALYTIC_SOURCE,-0.010728351839594188,-0.002419006988237058,-0.00022554821377322948
0.01335,8.388052385084748,2.104867077905162,8.010000000000001e-05,1.0,UNKNOWN,UNKNOWN,UNKNOWN,NOT_DEFINED_ANALYTIC_SOURCE,-0.010737529559100354,-0.0023766702644705045,-0.00023853180380799558
0.0134,8.419468311620646,2.1362830044410597,8.04e-05,1.0,UNKNOWN,UNKNOWN,UNKNOWN,NOT_DEFINED_ANALYTIC_SOURCE,-0.01074703137986571,-0.0023319862550550737,-0.0002513098215666861
0.01345,8.450884238156544,2.1676989309769574,8.07e-05,1.0,UNKNOWN,UNKNOWN,UNKNOWN,NOT_DEFINED_ANALYTIC_SOURCE,-0.010756819935159359,-0.0022849940476636077,-0.00026386944631782375
0.0135,8.482300164692441,2.199114857512855,8.1e-05,1.0,UNKNOWN,UNKNOWN,UNKNOWN,NOT_DEFINED_ANALYTIC_SOURCE,-0.010766856712364497,-0.002235735070399264,-0.000276197810270763
0.013550000000000001,8.513716091228341,2.2305307840487547,8.130000000000001e-05,1.0,UNKNOWN,UNKNOWN,UNKNOWN,NOT_DEFINED_ANALYTIC_SOURCE,-0.010777102203139963,-0.002184253094934812,-0.00028828201529662806
0.013600000000000001,8.545132017764239,2.2619467105846525,8.16e-05,1.0,UNKNOWN,UNKNOWN,UNKNOWN,NOT_DEFINED_ANALYTIC_SOURCE,-0.010787516057785126,-0.002130594236341354,-0.00030010915197150635
0.01365,8.576547944300136,2.29336263712055,8.190000000000001e-05,1.0,UNKNOWN,UNKNOWN,UNKNOWN,NOT_DEFINED_ANALYTIC_SOURCE,-0.010798057243221675,-0.0020748069492225836,-0.0003116663208715784
0.0137,8.607963870836034,2.324778563656448,8.22e-05,1.0,UNKNOWN,UNKNOWN,UNKNOWN,NOT_DEFINED_ANALYTIC_SOURCE,-0.01080868420398606,-0.0020169420197880374,-0.0003229406560276136
0.01375,8.639379797371932,2.3561944901923457,8.25e-05,1.0,UNKNOWN,UNKNOWN,UNKNOWN,NOT_DEFINED_ANALYTIC_SOURCE,-0.01081935502560917,-0.001957052553519576,-0.0003339193504247125
0.013800000000000002,8.67079572390783,2.3876104167282435,8.280000000000001e-05,1.0,UNKNOWN,UNKNOWN,UNKNOWN,NOT_DEFINED_ANALYTIC_SOURCE,-0.01083002759974461,-0.0018951939581097472,-0.000344589683412408
0.013850000000000001,8.702211650443727,2.4190263432641412,8.310000000000001e-05,1.0,UNKNOWN,UNKNOWN,UNKNOWN,NOT_DEFINED_ANALYTIC_SOURCE,-0.010840659790394678,-0.0018314239213784156,-0.0003549390498704735
0.013900000000000001,8.733627576979625,2.450442269800039,8.340000000000001e-05,1.0,UNKNOWN,UNKNOWN,UNKNOWN,NOT_DEFINED_ANALYTIC_SOURCE,-0.010851209600573213,-0.0017658023839046005,-0.0003649549909572527
0.01395,8.765043503515523,2.4818581963359367,8.37e-05,1.0,UNKNOWN,UNKNOWN,UNKNOWN,NOT_DEFINED_ANALYTIC_SOURCE,-0.010861635338737683,-0.0016983915061439064,-0.00037462522625013404
0.014,8.79645943005142,2.5132741228718345,8.400000000000001e-05,1.0,UNKNOWN,UNKNOWN,UNKNOWN,NOT_DEFINED_ANALYTIC_SOURCE,-0.010871895784318755,-0.0016292556298376692,-0.00038393768707220815
0.01405,8.827875356587318,2.5446900494077322,8.43e-05,1.0,UNKNOWN,UNKNOWN,UNKNOWN,NOT_DEFINED_ANALYTIC_SOURCE,-0.01088195035167467,-0.0015584612335577143,-0.00039288055078521905
0.014100000000000001,8.859291283123218,2.5761059759436318,8.460000000000001e-05,1.0,UNKNOWN,UNKNOWN,UNKNOWN,NOT_DEFINED_ANALYTIC_SOURCE,-0.010891759251799926,-0.0014860768822701337,-0.0004014422758168985
0.014150000000000001,8.890707209659116,2.6075219024795295,8.49e-05,1.0,UNKNOWN,UNKNOWN,UNKNOWN,NOT_DEFINED_ANALYTIC_SOURCE,-0.010901283651122886,-0.0014121731708423824,-0.0004096116371806826
0.0142,8.922123136195014,2.6389378290154273,8.520000000000001e-05,1.0,UNKNOWN,UNKNOWN,UNKNOWN,NOT_DEFINED_ANALYTIC_SOURCE,-0.010910485826735553,-0.0013368226614596137,-0.000417377762237874
0.01425,8.953539062730911,2.670353755551325,8.55e-05,1.0,UNKNOWN,UNKNOWN,UNKNOWN,NOT_DEFINED_ANALYTIC_SOURCE,-0.010919329317410078,-0.0012600998149587626,-0.00042473016644648453
0.0143,8.984954989266809,2.701769682087223,8.58e-05,1.0,UNKNOWN,UNKNOWN,UNKNOWN,NOT_DEFINED_ANALYTIC_SOURCE,-0.010927779069771573,-0.0011820809161312835,-0.00043165878883747073
0.01435,9.016370915802707,2.7331856086231205,8.61e-05,1.0,UNKNOWN,UNKNOWN,UNKNOWN,NOT_DEFINED_ANALYTIC_SOURCE,-0.010935801579014248,-0.0011028439930879563,-0.0004381540269578618
0.014400000000000001,9.047786842338606,2.76460153515902,8.640000000000001e-05,1.0,UNKNOWN,UNKNOWN,UNKNOWN,NOT_DEFINED_ANALYTIC_SOURCE,-0.010943365023568935,-0.0010224687308210728,-0.0004442067710212971
0.014450000000000001,9.079202768874502,2.796017461694916,8.67e-05,1.0,UNKNOWN,UNKNOWN,UNKNOWN,NOT_DEFINED_ANALYTIC_SOURCE,-0.010950439393153552,-0.0009410363791403382,-0.0004498084370099832
0.0145,9.1106186954104,2.827433388230814,8.7e-05,1.0,UNKNOWN,UNKNOWN,UNKNOWN,NOT_DEFINED_ANALYTIC_SOURCE,-0.010956996609664423,-0.0008586296551986058,-0.000454950998477741
0.01455,9.142034621946298,2.8588493147667116,8.730000000000001e-05,1.0,UNKNOWN,UNKNOWN,UNKNOWN,NOT_DEFINED_ANALYTIC_SOURCE,-0.010963010640395756,-0.0007753326408620685,-0.00045962701681182124
0.0146,9.173450548482196,2.8902652413026093,8.76e-05,1.0,UNKNOWN,UNKNOWN,UNKNOWN,NOT_DEFINED_ANALYTIC_SOURCE,-0.010968457603105686,-0.0006912306752157788,-0.0004638296697213732
0.014650000000000002,9.204866475018095,2.921681167838509,8.790000000000001e-05,1.0,UNKNOWN,UNKNOWN,UNKNOWN,NOT_DEFINED_ANALYTIC_SOURCE,-0.010973315862481544,-0.0006064102425300212,-0.0004675527777327445
0.014700000000000001,9.236282401553993,2.9530970943744066,8.820000000000002e-05,1.0,UNKNOWN,UNKNOWN,UNKNOWN,NOT_DEFINED_ANALYTIC_SOURCE,-0.010977566117592808,-0.0005209588560450775,-0.00047079082848608747
0.014750000000000001,9.26769832808989,2.9845130209103043,8.850000000000001e-05,1.0,UNKNOWN,UNKNOWN,UNKNOWN,NOT_DEFINED_ANALYTIC_SOURCE,-0.010981191479958243,-0.0004349649379613655,-0.00047353899864399727
0.0148,9.299114254625788,3.015928947446202,8.88e-05,1.0,UNKNOWN,UNKNOWN,UNKNOWN,NOT_DEFINED_ANALYTIC_SOURCE,-0.010984177541893533,-0.0003485176960488594,-0.00047579317324079494
0.01485,9.330530181161686,3.0473448739821,8.91e-05,1.0,UNKNOWN,UNKNOWN,UNKNOWN,NOT_DEFINED_ANALYTIC_SOURCE,-0.010986512434846865,-0.0002617069973133566,-0.00047754996232060067
0.0149,9.361946107697584,3.0787608005179976,8.94e-05,1.0,UNKNOWN,UNKNOWN,UNKNOWN,NOT_DEFINED_ANALYTIC_SOURCE,-0.010988186877472796,-0.00017462323917789155,-0.00047880671473328343
0.014950000000000001,9.393362034233483,3.110176727053897,8.970000000000001e-05,1.0,UNKNOWN,UNKNOWN,UNKNOWN,NOT_DEFINED_ANALYTIC_SOURCE,-0.010989194213238374,-8.735721865506002e-05,-0.00047956152897942524
0.015000000000000001,9.424777960769381,3.141592653589795,9e-05,1.0,UNKNOWN,UNKNOWN,UNKNOWN,NOT_DEFINED_ANALYTIC_SOURCE,-0.010989530437400438,-1.0001765041178778e-16,-0.00047981326101864067
0.015050000000000001,9.456193887305279,3.1730085801256926,9.030000000000001e-05,1.0,UNKNOWN,UNKNOWN,UNKNOWN,NOT_DEFINED_ANALYTIC_SOURCE,-0.010989194213238376,8.735721865485934e-05,-0.0004795615289794248
0.0151,9.487609813841177,3.2044245066615904,9.06e-05,1.0,UNKNOWN,UNKNOWN,UNKNOWN,NOT_DEFINED_ANALYTIC_SOURCE,-0.010988186877472801,0.00017462323917768642,-0.00047880671473328256
0.01515,9.519025740377074,3.235840433197488,9.09e-05,1.0,UNKNOWN,UNKNOWN,UNKNOWN,NOT_DEFINED_ANALYTIC_SOURCE,-0.01098651243484687,0.0002617069973131508,-0.00047754996232060067
0.0152,9.550441666912972,3.267256359733386,9.120000000000001e-05,1.0,UNKNOWN,UNKNOWN,UNKNOWN,NOT_DEFINED_ANALYTIC_SOURCE,-0.01098417754189354,0.0003485176960486536,-0.00047579317324079407
0.015250000000000001,9.58185759344887,3.2986722862692837,9.150000000000002e-05,1.0,UNKNOWN,UNKNOWN,UNKNOWN,NOT_DEFINED_ANALYTIC_SOURCE,-0.010981191479958253,0.00043496493796115935,-0.00047353899864399814
0.015300000000000001,9.613273519984768,3.3300882128051814,9.180000000000001e-05,1.0,UNKNOWN,UNKNOWN,UNKNOWN,NOT_DEFINED_ANALYTIC_SOURCE,-0.010977566117592815,0.0005209588560448724,-0.00047079082848608747
0.01535,9.644689446520665,3.361504139341079,9.21e-05,1.0,UNKNOWN,UNKNOWN,UNKNOWN,NOT_DEFINED_ANALYTIC_SOURCE,-0.010973315862481558,0.0006064102425298152,-0.0004675527777327445
0.0154,9.676105373056563,3.392920065876977,9.240000000000001e-05,1.0,UNKNOWN,UNKNOWN,UNKNOWN,NOT_DEFINED_ANALYTIC_SOURCE,-0.010968457603105695,0.0006912306752155678,-0.00046382966972137365
0.01545,9.707521299592461,3.4243359924128747,9.27e-05,1.0,UNKNOWN,UNKNOWN,UNKNOWN,NOT_DEFINED_ANALYTIC_SOURCE,-0.01096301064039577,0.000775332640861859,-0.0004596270168118208
0.0155,9.738937226128359,3.4557519189487724,9.3e-05,1.0,UNKNOWN,UNKNOWN,UNKNOWN,NOT_DEFINED_ANALYTIC_SOURCE,-0.010956996609664439,0.000858629655198396,-0.000454950998477741
0.015550000000000001,9.770353152664258,3.487167845484672,9.33e-05,1.0,UNKNOWN,UNKNOWN,UNKNOWN,NOT_DEFINED_ANALYTIC_SOURCE,-0.010950439393153568,0.0009410363791401336,-0.0004498084370099828
0.015600000000000001,9.801769079200156,3.5185837720205697,9.360000000000001e-05,1.0,UNKNOWN,UNKNOWN,UNKNOWN,NOT_DEFINED_ANALYTIC_SOURCE,-0.010943365023568956,0.0010224687308208716,-0.0004442067710212958
0.01565,9.833185005736054,3.5499996985564675,9.39e-05,1.0,UNKNOWN,UNKNOWN,UNKNOWN,NOT_DEFINED_ANALYTIC_SOURCE,-0.010935801579014266,0.0011028439930877527,-0.00043815402695786135
0.015700000000000002,9.864600932271951,3.581415625092365,9.420000000000001e-05,1.0,UNKNOWN,UNKNOWN,UNKNOWN,NOT_DEFINED_ANALYTIC_SOURCE,-0.010927779069771592,0.0011820809161310784,-0.0004316587888374716
0.01575,9.89601685880785,3.612831551628263,9.45e-05,1.0,UNKNOWN,UNKNOWN,UNKNOWN,NOT_DEFINED_ANALYTIC_SOURCE,-0.010919329317410102,0.0012600998149585579,-0.0004247301664464841
0.0158,9.927432785343747,3.6442474781641607,9.480000000000001e-05,1.0,UNKNOWN,UNKNOWN,UNKNOWN,NOT_DEFINED_ANALYTIC_SOURCE,-0.010910485826735579,0.001336822661459409,-0.0004173777622378744
0.01585,9.958848711879645,3.6756634047000585,9.51e-05,1.0,UNKNOWN,UNKNOWN,UNKNOWN,NOT_DEFINED_ANALYTIC_SOURCE,-0.010901283651122915,0.0014121731708421777,-0.0004096116371806826
0.0159,9.990264638415542,3.7070793312359562,9.54e-05,1.0,UNKNOWN,UNKNOWN,UNKNOWN,NOT_DEFINED_ANALYTIC_SOURCE,-0.010891759251799952,0.001486076882269929,-0.0004014422758168981
0.015950000000000002,10.021680564951442,3.7384952577718558,9.570000000000002e-05,1.0,UNKNOWN,UNKNOWN,UNKNOWN,NOT_DEFINED_ANALYTIC_SOURCE,-0.010881950351674698,0.0015584612335575092,-0.00039288055078521905
0.016,10.053096491487338,3.7699111843077517,9.6e-05,1.0,UNKNOWN,UNKNOWN,UNKNOWN,NOT_DEFINED_ANALYTIC_SOURCE,-0.010871895784318786,0.0016292556298374622,-0.000383937687072209
0.016050000000000002,10.084512418023238,3.8013271108436513,9.630000000000001e-05,1.0,UNKNOWN,UNKNOWN,UNKNOWN,NOT_DEFINED_ANALYTIC_SOURCE,-0.010861635338737716,0.0016983915061437023,-0.00037462522625013317
0.0161,10.115928344559133,3.8327430373795472,9.66e-05,1.0,UNKNOWN,UNKNOWN,UNKNOWN,NOT_DEFINED_ANALYTIC_SOURCE,-0.010851209600573244,0.0017658023839043926,-0.00036495499095725225
0.01615,10.147344271095033,3.8641589639154468,9.690000000000001e-05,1.0,UNKNOWN,UNKNOWN,UNKNOWN,NOT_DEFINED_ANALYTIC_SOURCE,-0.01084065979039471,0.001831423921378213,-0.00035493904987047263
0.0162,10.178760197630929,3.8955748904513428,9.719999999999999e-05,1.0,UNKNOWN,UNKNOWN,UNKNOWN,NOT_DEFINED_ANALYTIC_SOURCE,-0.010830027599744649,0.0018951939581095408,-0.00034458968341240844
0.01625,10.210176124166829,3.9269908169872423,9.750000000000001e-05,1.0,UNKNOWN,UNKNOWN,UNKNOWN,NOT_DEFINED_ANALYTIC_SOURCE,-0.01081935502560921,0.001957052553519373,-0.0003339193504247129
0.016300000000000002,10.241592050702728,3.958406743523142,9.780000000000002e-05,1.0,UNKNOWN,UNKNOWN,UNKNOWN,NOT_DEFINED_ANALYTIC_SOURCE,-0.0108086842039861,0.0020169420197878388,-0.0003229406560276123
0.01635,10.273007977238624,3.989822670059038,9.81e-05,1.0,UNKNOWN,UNKNOWN,UNKNOWN,NOT_DEFINED_ANALYTIC_SOURCE,-0.010798057243221713,0.00207480694922238,-0.0003116663208715784
0.0164,10.304423903774524,4.021238596594937,9.84e-05,1.0,UNKNOWN,UNKNOWN,UNKNOWN,NOT_DEFINED_ANALYTIC_SOURCE,-0.010787516057785166,0.002130594236341154,-0.00030010915197150505
0.01645,10.33583983031042,4.052654523130833,9.87e-05,1.0,UNKNOWN,UNKNOWN,UNKNOWN,NOT_DEFINED_ANALYTIC_SOURCE,-0.010777102203140003,0.0021842530949346085,-0.00028828201529662763
0.0165,10.367255756846319,4.084070449666733,9.900000000000001e-05,1.0,UNKNOWN,UNKNOWN,UNKNOWN,NOT_DEFINED_ANALYTIC_SOURCE,-0.010766856712364537,0.0022357350703990607,-0.000276197810270763
0.016550000000000002,10.398671683382217,4.115486376202631,9.930000000000001e-05,1.0,UNKNOWN,UNKNOWN,UNKNOWN,NOT_DEFINED_ANALYTIC_SOURCE,-0.010756819935159406,0.002284994047663407,-0.0002638694463178229
0.0166,10.430087609918115,4.146902302738528,9.960000000000001e-05,1.0,UNKNOWN,UNKNOWN,UNKNOWN,NOT_DEFINED_ANALYTIC_SOURCE,-0.010747031379865756,0.002331986255054872,-0.0002513098215666861
0.01665,10.461503536454012,4.178318229274426,9.990000000000002e-05,1.0,UNKNOWN,UNKNOWN,UNKNOWN,NOT_DEFINED_ANALYTIC_SOURCE,-0.010737529559100399,0.0023766702644703016,-0.00023853180380799515
0.0167,10.49291946298991,4.209734155810324,0.0001002,1.0,UNKNOWN,UNKNOWN,UNKNOWN,NOT_DEFINED_ANALYTIC_SOURCE,-0.010728351839594231,0.002419006988236855,-0.00022554821377322861
0.01675,10.524335389525808,4.241150082346222,0.0001005,1.0,UNKNOWN,UNKNOWN,UNKNOWN,NOT_DEFINED_ANALYTIC_SOURCE,-0.010719534296799135,0.0024589596730592266,-0.000212371810783762
0.016800000000000002,10.555751316061707,4.272566008882121,0.00010080000000000001,1.0,UNKNOWN,UNKNOWN,UNKNOWN,NOT_DEFINED_ANALYTIC_SOURCE,-0.010711111574804635,0.002496493891459842,-0.00019901528079487854
0.01685,10.587167242597603,4.303981935418017,0.0001011,1.0,UNKNOWN,UNKNOWN,UNKNOWN,NOT_DEFINED_ANALYTIC_SOURCE,-0.010703116752080962,0.0025315775311237224,-0.00018549122683680789
0.016900000000000002,10.618583169133503,4.335397861953917,0.00010140000000000001,1.0,UNKNOWN,UNKNOWN,UNKNOWN,NOT_DEFINED_ANALYTIC_SOURCE,-0.010695581213538245,0.0025641807825608352,-0.00017181216183225325
0.01695,10.649999095669399,4.366813788489813,0.0001017,1.0,UNKNOWN,UNKNOWN,UNKNOWN,NOT_DEFINED_ANALYTIC_SOURCE,-0.010688534529364115,0.0025942761254956225,-0.00015799050374766532
0.017,10.681415022205298,4.398229715025712,0.00010200000000000001,1.0,UNKNOWN,UNKNOWN,UNKNOWN,NOT_DEFINED_ANALYTIC_SOURCE,-0.010682004341072856,0.00262183831438645,-0.00014403857301377486
0.01705,10.712830948741194,4.429645641561608,0.00010229999999999999,1.0,UNKNOWN,UNKNOWN,UNKNOWN,NOT_DEFINED_ANALYTIC_SOURCE,-0.010676016255169637,0.0026468443634663176,-0.00012996859213007094
0.0171,10.744246875277094,4.461061568097508,0.0001026,1.0,UNKNOWN,UNKNOWN,UNKNOWN,NOT_DEFINED_ANALYTIC_SOURCE,-0.010670593744802679,0.0026692735316813663,-0.00011579268734780235
0.017150000000000002,10.775662801812992,4.492477494633405,0.00010290000000000002,1.0,UNKNOWN,UNKNOWN,UNKNOWN,NOT_DEFINED_ANALYTIC_SOURCE,-0.010665758059745161,0.0026891073078846588,-0.00010152289230729895
0.0172,10.80707872834889,4.523893421169303,0.0001032,1.0,UNKNOWN,UNKNOWN,UNKNOWN,NOT_DEFINED_ANALYTIC_SOURCE,-0.01066152814501688,0.0027063293966205506,-8.717115348760808e-05
0.01725,10.838494654884787,4.555309347705201,0.00010350000000000001,1.0,UNKNOWN,UNKNOWN,UNKNOWN,NOT_DEFINED_ANALYTIC_SOURCE,-0.010657920568423754,0.0027209257048090908,-7.274933731020667e-05
0.0173,10.869910581420685,4.586725274241099,0.0001038,1.0,UNKNOWN,UNKNOWN,UNKNOWN,NOT_DEFINED_ANALYTIC_SOURCE,-0.010654949457260874,0.002732884329611259,-5.8269238723707584e-05
0.01735,10.901326507956583,4.618141200776996,0.00010410000000000001,1.0,UNKNOWN,UNKNOWN,UNKNOWN,NOT_DEFINED_ANALYTIC_SOURCE,-0.010652626444392348,0.002742195547724163,-4.374259108325812e-05
0.017400000000000002,10.932742434492482,4.649557127312896,0.00010440000000000002,1.0,UNKNOWN,UNKNOWN,UNKNOWN,NOT_DEFINED_ANALYTIC_SOURCE,-0.010650960623888397,0.002748851806321437,-2.9181077126827146e-05
0.01745,10.964158361028378,4.680973053848792,0.0001047,1.0,UNKNOWN,UNKNOWN,UNKNOWN,NOT_DEFINED_ANALYTIC_SOURCE,-0.010649958516367608,0.00275284771581777,-1.4596340840868516e-05
0.0175,10.995574287564278,4.7123889803846915,0.00010500000000000002,1.0,UNKNOWN,UNKNOWN,UNKNOWN,NOT_DEFINED_ANALYTIC_SOURCE,-0.010649624044159214,0.002754180044598755,5.5077470362263625e-17
0.01755,11.026990214100174,4.743804906920587,0.0001053,1.0,UNKNOWN,UNKNOWN,UNKNOWN,NOT_DEFINED_ANALYTIC_SOURCE,-0.010649958516367606,0.0027528477158177693,1.4596340840976503e-05
0.0176,11.058406140636073,4.775220833456487,0.0001056,1.0,UNKNOWN,UNKNOWN,UNKNOWN,NOT_DEFINED_ANALYTIC_SOURCE,-0.010650960623888397,0.002748851806321436,2.9181077126937734e-05
0.017650000000000002,11.089822067171971,4.806636759992385,0.00010590000000000001,1.0,UNKNOWN,UNKNOWN,UNKNOWN,NOT_DEFINED_ANALYTIC_SOURCE,-0.010652626444392342,0.0027421955477241627,4.374259108336741e-05
0.0177,11.121237993707869,4.8380526865282825,0.0001062,1.0,UNKNOWN,UNKNOWN,UNKNOWN,NOT_DEFINED_ANALYTIC_SOURCE,-0.010654949457260875,0.0027328843296112577,5.826923872381687e-05
0.017750000000000002,11.152653920243766,4.86946861306418,0.00010650000000000001,1.0,UNKNOWN,UNKNOWN,UNKNOWN,NOT_DEFINED_ANALYTIC_SOURCE,-0.01065792056842375,0.0027209257048090908,7.274933731031595e-05
0.0178,11.184069846779664,4.900884539600078,0.00010680000000000001,1.0,UNKNOWN,UNKNOWN,UNKNOWN,NOT_DEFINED_ANALYTIC_SOURCE,-0.01066152814501688,0.00270632939662055,8.717115348771693e-05
0.01785,11.215485773315562,4.932300466135976,0.00010710000000000001,1.0,UNKNOWN,UNKNOWN,UNKNOWN,NOT_DEFINED_ANALYTIC_SOURCE,-0.010665758059745161,0.0026891073078846575,0.00010152289230740867
0.0179,11.24690169985146,4.9637163926718735,0.0001074,1.0,UNKNOWN,UNKNOWN,UNKNOWN,NOT_DEFINED_ANALYTIC_SOURCE,-0.01067059374480268,0.0026692735316813654,0.00011579268734791077
0.01795,11.278317626387357,4.995132319207771,0.0001077,1.0,UNKNOWN,UNKNOWN,UNKNOWN,NOT_DEFINED_ANALYTIC_SOURCE,-0.010676016255169635,0.0026468443634663176,0.00012996859213018023
0.018000000000000002,11.309733552923257,5.026548245743671,0.00010800000000000001,1.0,UNKNOWN,UNKNOWN,UNKNOWN,NOT_DEFINED_ANALYTIC_SOURCE,-0.010682004341072858,0.0026218383143864488,0.00014403857301388589
0.01805,11.341149479459153,5.057964172279567,0.0001083,1.0,UNKNOWN,UNKNOWN,UNKNOWN,NOT_DEFINED_ANALYTIC_SOURCE,-0.010688534529364113,0.002594276125495623,0.00015799050374777374
0.0181,11.372565405995053,5.089380098815466,0.00010860000000000001,1.0,UNKNOWN,UNKNOWN,UNKNOWN,NOT_DEFINED_ANALYTIC_SOURCE,-0.010695581213538245,0.0025641807825608318,0.00017181216183236384
0.01815,11.403981332530948,5.120796025351362,0.0001089,1.0,UNKNOWN,UNKNOWN,UNKNOWN,NOT_DEFINED_ANALYTIC_SOURCE,-0.010703116752080957,0.002531577531123723,0.00018549122683691717
0.0182,11.435397259066848,5.152211951887262,0.00010920000000000001,1.0,UNKNOWN,UNKNOWN,UNKNOWN,NOT_DEFINED_ANALYTIC_SOURCE,-0.010711111574804633,0.0024964938914598385,0.00019901528079498956
0.018250000000000002,11.466813185602748,5.183627878423161,0.00010950000000000002,1.0,UNKNOWN,UNKNOWN,UNKNOWN,NOT_DEFINED_ANALYTIC_SOURCE,-0.010719534296799131,0.002458959673059222,0.0002123718107838726
0.0183,11.498229112138644,5.215043804959057,0.0001098,1.0,UNKNOWN,UNKNOWN,UNKNOWN,NOT_DEFINED_ANALYTIC_SOURCE,-0.01072835183959423,0.002419006988236854,0.00022554821377333877
0.01835,11.529645038674543,5.246459731494957,0.0001101,1.0,UNKNOWN,UNKNOWN,UNKNOWN,NOT_DEFINED_ANALYTIC_SOURCE,-0.010737529559100394,0.002376670264470298,0.00023853180380810704
0.0184,11.561060965210439,5.277875658030853,0.0001104,1.0,UNKNOWN,UNKNOWN,UNKNOWN,NOT_DEFINED_ANALYTIC_SOURCE,-0.010747031379865754,0.0023319862550548703,0.00025130982156679627
0.01845,11.592476891746339,5.309291584566752,0.00011070000000000001,1.0,UNKNOWN,UNKNOWN,UNKNOWN,NOT_DEFINED_ANALYTIC_SOURCE,-0.010756819935159402,0.002284994047663403,0.00026386944631793434
0.018500000000000003,11.623892818282236,5.34070751110265,0.00011100000000000001,1.0,UNKNOWN,UNKNOWN,UNKNOWN,NOT_DEFINED_ANALYTIC_SOURCE,-0.010766856712364539,0.0022357350703990572,0.00027619781027087443
0.01855,11.655308744818134,5.372123437638548,0.00011130000000000001,1.0,UNKNOWN,UNKNOWN,UNKNOWN,NOT_DEFINED_ANALYTIC_SOURCE,-0.010777102203140002,0.002184253094934607,0.0002882820152967382
0.018600000000000002,11.686724671354032,5.403539364174446,0.00011160000000000002,1.0,UNKNOWN,UNKNOWN,UNKNOWN,NOT_DEFINED_ANALYTIC_SOURCE,-0.010787516057785168,0.002130594236341149,0.0003001091519716174
0.01865,11.71814059788993,5.434955290710343,0.0001119,1.0,UNKNOWN,UNKNOWN,UNKNOWN,NOT_DEFINED_ANALYTIC_SOURCE,-0.01079805724322171,0.0020748069492223793,0.00031166632087168897
0.0187,11.749556524425827,5.466371217246241,0.00011220000000000002,1.0,UNKNOWN,UNKNOWN,UNKNOWN,NOT_DEFINED_ANALYTIC_SOURCE,-0.0108086842039861,0.0020169420197878344,0.0003229406560277246
0.01875,11.780972450961725,5.497787143782139,0.0001125,1.0,UNKNOWN,UNKNOWN,UNKNOWN,NOT_DEFINED_ANALYTIC_SOURCE,-0.010819355025609205,0.001957052553519371,0.00033391935042482394
0.0188,11.812388377497623,5.529203070318037,0.0001128,1.0,UNKNOWN,UNKNOWN,UNKNOWN,NOT_DEFINED_ANALYTIC_SOURCE,-0.010830027599744645,0.0018951939581095425,0.0003445896834125186
0.018850000000000002,11.843804304033522,5.560618996853936,0.00011310000000000001,1.0,UNKNOWN,UNKNOWN,UNKNOWN,NOT_DEFINED_ANALYTIC_SOURCE,-0.010840659790394707,0.0018314239213782077,0.0003549390498705841
0.0189,11.875220230569418,5.592034923389832,0.0001134,1.0,UNKNOWN,UNKNOWN,UNKNOWN,NOT_DEFINED_ANALYTIC_SOURCE,-0.010851209600573238,0.0017658023839043947,0.0003649549909573633
0.01895,11.906636157105318,5.623450849925732,0.00011370000000000001,1.0,UNKNOWN,UNKNOWN,UNKNOWN,NOT_DEFINED_ANALYTIC_SOURCE,-0.010861635338737711,0.0016983915061436964,0.0003746252262502455
0.019,11.938052083641214,5.654866776461628,0.000114,1.0,UNKNOWN,UNKNOWN,UNKNOWN,NOT_DEFINED_ANALYTIC_SOURCE,-0.01087189578431878,0.0016292556298374637,0.00038393768707231895
0.01905,11.969468010177113,5.686282702997527,0.00011430000000000001,1.0,UNKNOWN,UNKNOWN,UNKNOWN,NOT_DEFINED_ANALYTIC_SOURCE,-0.010881950351674694,0.001558461233557503,0.0003928805507853307
0.019100000000000002,12.000883936713011,5.717698629533425,0.00011460000000000002,1.0,UNKNOWN,UNKNOWN,UNKNOWN,NOT_DEFINED_ANALYTIC_SOURCE,-0.010891759251799948,0.0014860768822699262,0.0004014422758170102
0.01915,12.032299863248909,5.749114556069323,0.0001149,1.0,UNKNOWN,UNKNOWN,UNKNOWN,NOT_DEFINED_ANALYTIC_SOURCE,-0.010901283651122909,0.0014121731708421755,0.00040961163718079363
0.019200000000000002,12.063715789784807,5.78053048260522,0.00011520000000000001,1.0,UNKNOWN,UNKNOWN,UNKNOWN,NOT_DEFINED_ANALYTIC_SOURCE,-0.010910485826735573,0.0013368226614594069,0.0004173777622379865
0.01925,12.095131716320704,5.811946409141118,0.0001155,1.0,UNKNOWN,UNKNOWN,UNKNOWN,NOT_DEFINED_ANALYTIC_SOURCE,-0.010919329317410098,0.001260099814958556,0.0004247301664465962
0.0193,12.126547642856602,5.843362335677016,0.00011580000000000001,1.0,UNKNOWN,UNKNOWN,UNKNOWN,NOT_DEFINED_ANALYTIC_SOURCE,-0.010927779069771588,0.0011820809161310764,0.0004316587888375833
0.019350000000000003,12.157963569392502,5.874778262212915,0.00011610000000000002,1.0,UNKNOWN,UNKNOWN,UNKNOWN,NOT_DEFINED_ANALYTIC_SOURCE,-0.01093580157901426,0.0011028439930877453,0.0004381540269579737
0.0194,12.189379495928398,5.906194188748811,0.00011640000000000001,1.0,UNKNOWN,UNKNOWN,UNKNOWN,NOT_DEFINED_ANALYTIC_SOURCE,-0.010943365023568954,0.0010224687308208697,0.0004442067710214081
0.019450000000000002,12.220795422464297,5.937610115284711,0.00011670000000000002,1.0,UNKNOWN,UNKNOWN,UNKNOWN,NOT_DEFINED_ANALYTIC_SOURCE,-0.010950439393153565,0.0009410363791401263,0.00044980843701009575
0.0195,12.252211349000193,5.969026041820607,0.000117,1.0,UNKNOWN,UNKNOWN,UNKNOWN,NOT_DEFINED_ANALYTIC_SOURCE,-0.010956996609664432,0.000858629655198399,0.00045495099847785245
0.01955,12.283627275536093,6.0004419683565065,0.0001173,1.0,UNKNOWN,UNKNOWN,UNKNOWN,NOT_DEFINED_ANALYTIC_SOURCE,-0.010963010640395763,0.0007753326408618565,0.0004596270168119327
0.0196,12.315043202071989,6.031857894892402,0.0001176,1.0,UNKNOWN,UNKNOWN,UNKNOWN,NOT_DEFINED_ANALYTIC_SOURCE,-0.010968457603105693,0.0006912306752155704,0.0004638296697214853
0.01965,12.346459128607888,6.063273821428302,0.0001179,1.0,UNKNOWN,UNKNOWN,UNKNOWN,NOT_DEFINED_ANALYTIC_SOURCE,-0.010973315862481554,0.0006064102425298134,0.00046755277773285705
0.019700000000000002,12.377875055143788,6.0946897479642015,0.00011820000000000001,1.0,UNKNOWN,UNKNOWN,UNKNOWN,NOT_DEFINED_ANALYTIC_SOURCE,-0.010977566117592813,0.0005209588560448648,0.00047079082848620023
0.01975,12.409290981679684,6.1261056745000975,0.00011850000000000001,1.0,UNKNOWN,UNKNOWN,UNKNOWN,NOT_DEFINED_ANALYTIC_SOURCE,-0.010981191479958246,0.00043496493796115723,0.0004735389986441109
0.0198,12.440706908215581,6.157521601035995,0.00011880000000000001,1.0,UNKNOWN,UNKNOWN,UNKNOWN,NOT_DEFINED_ANALYTIC_SOURCE,-0.010984177541893535,0.0003485176960486512,0.0004757931732409068
0.01985,12.47212283475148,6.188937527571893,0.0001191,1.0,UNKNOWN,UNKNOWN,UNKNOWN,NOT_DEFINED_ANALYTIC_SOURCE,-0.010986512434846864,0.00026170699731314863,0.00047754996232071277
0.0199,12.503538761287377,6.220353454107791,0.0001194,1.0,UNKNOWN,UNKNOWN,UNKNOWN,NOT_DEFINED_ANALYTIC_SOURCE,-0.010988186877472795,0.00017462323917768362,0.00047880671473339554
0.019950000000000002,12.534954687823276,6.25176938064369,0.00011970000000000002,1.0,UNKNOWN,UNKNOWN,UNKNOWN,NOT_DEFINED_ANALYTIC_SOURCE,-0.010989194213238372,8.735721865485245e-05,0.000479561528979538
0.02,12.566370614359172,0.0,0.00012,1.0,UNKNOWN,UNKNOWN,UNKNOWN,NOT_DEFINED_ANALYTIC_SOURCE,-0.010989530437400434,-1.0270105078868941e-16,0.00047981326101875234
0.020050000000000002,12.597786540895072,0.03141592653589953,0.00012030000000000001,1.0,UNKNOWN,UNKNOWN,UNKNOWN,NOT_DEFINED_ANALYTIC_SOURCE,-0.010989194213238367,-8.735721865506723e-05,0.00047956152897953757
0.0201,12.629202467430968,0.06283185307179551,0.0001206,1.0,UNKNOWN,UNKNOWN,UNKNOWN,NOT_DEFINED_ANALYTIC_SOURCE,-0.01098818687747279,-0.00017462323917788865,0.00047880671473339554
0.02015,12.660618393966868,0.09424777960769504,0.00012090000000000001,1.0,UNKNOWN,UNKNOWN,UNKNOWN,NOT_DEFINED_ANALYTIC_SOURCE,-0.010986512434846862,-0.0002617069973133587,0.00047754996232071256
0.020200000000000003,12.692034320502767,0.12566370614359457,0.00012120000000000002,1.0,UNKNOWN,UNKNOWN,UNKNOWN,NOT_DEFINED_ANALYTIC_SOURCE,-0.010984177541893526,-0.000348517696048866,0.0004757931732409062
0.02025,12.723450247038663,0.15707963267949054,0.00012150000000000001,1.0,UNKNOWN,UNKNOWN,UNKNOWN,NOT_DEFINED_ANALYTIC_SOURCE,-0.010981191479958238,-0.0004349649379613673,0.0004735389986441096
0.020300000000000002,12.754866173574563,0.18849555921539007,0.00012180000000000002,1.0,UNKNOWN,UNKNOWN,UNKNOWN,NOT_DEFINED_ANALYTIC_SOURCE,-0.0109775661175928,-0.0005209588560450865,0.0004707908284861996
0.02035,12.786282100110459,0.21991148575128605,0.0001221,1.0,UNKNOWN,UNKNOWN,UNKNOWN,NOT_DEFINED_ANALYTIC_SOURCE,-0.010973315862481538,-0.0006064102425300235,0.00046755277773285705
0.0204,12.817698026646358,0.2513274122871856,0.00012240000000000002,1.0,UNKNOWN,UNKNOWN,UNKNOWN,NOT_DEFINED_ANALYTIC_SOURCE,-0.010968457603105681,-0.0006912306752157809,0.0004638296697214851
0.02045,12.849113953182254,0.28274333882308156,0.0001227,1.0,UNKNOWN,UNKNOWN,UNKNOWN,NOT_DEFINED_ANALYTIC_SOURCE,-0.010963010640395749,-0.0007753326408620662,0.0004596270168119325
0.0205,12.880529879718154,0.3141592653589811,0.000123,1.0,UNKNOWN,UNKNOWN,UNKNOWN,NOT_DEFINED_ANALYTIC_SOURCE,-0.010956996609664416,-0.0008586296551986089,0.00045495099847785267
0.020550000000000002,12.911945806254051,0.34557519189487884,0.00012330000000000002,1.0,UNKNOWN,UNKNOWN,UNKNOWN,NOT_DEFINED_ANALYTIC_SOURCE,-0.01095043939315355,-0.0009410363791403409,0.00044980843701009575
0.0206,12.943361732789949,0.3769911184307766,0.0001236,1.0,UNKNOWN,UNKNOWN,UNKNOWN,NOT_DEFINED_ANALYTIC_SOURCE,-0.010943365023568933,-0.0010224687308210798,0.00044420677102140855
0.02065,12.974777659325847,0.40840704496667435,0.0001239,1.0,UNKNOWN,UNKNOWN,UNKNOWN,NOT_DEFINED_ANALYTIC_SOURCE,-0.010935801579014238,-0.0011028439930879596,0.00043815402695797324
0.0207,13.006193585861745,0.4398229715025721,0.0001242,1.0,UNKNOWN,UNKNOWN,UNKNOWN,NOT_DEFINED_ANALYTIC_SOURCE,-0.010927779069771566,-0.0011820809161312861,0.0004316587888375824
0.02075,13.037609512397642,0.47123889803846986,0.00012450000000000002,1.0,UNKNOWN,UNKNOWN,UNKNOWN,NOT_DEFINED_ANALYTIC_SOURCE,-0.010919329317410072,-0.001260099814958766,0.000424730166446596
0.020800000000000003,13.069025438933542,0.5026548245743694,0.00012480000000000002,1.0,UNKNOWN,UNKNOWN,UNKNOWN,NOT_DEFINED_ANALYTIC_SOURCE,-0.010910485826735547,-0.0013368226614596198,0.0004173777622379852
0.02085,13.100441365469438,0.5340707511102654,0.0001251,1.0,UNKNOWN,UNKNOWN,UNKNOWN,NOT_DEFINED_ANALYTIC_SOURCE,-0.01090128365112288,-0.0014121731708423844,0.0004096116371807943
0.020900000000000002,13.131857292005337,0.5654866776461649,0.0001254,1.0,UNKNOWN,UNKNOWN,UNKNOWN,NOT_DEFINED_ANALYTIC_SOURCE,-0.010891759251799919,-0.0014860768822701396,0.0004014422758170091
0.02095,13.163273218541233,0.5969026041820609,0.0001257,1.0,UNKNOWN,UNKNOWN,UNKNOWN,NOT_DEFINED_ANALYTIC_SOURCE,-0.010881950351674663,-0.0015584612335577117,0.0003928805507853307
0.021,13.194689145077133,0.6283185307179604,0.000126,1.0,UNKNOWN,UNKNOWN,UNKNOWN,NOT_DEFINED_ANALYTIC_SOURCE,-0.010871895784318754,-0.0016292556298376714,0.00038393768707231917
0.021050000000000003,13.22610507161303,0.6597344572538582,0.0001263,1.0,UNKNOWN,UNKNOWN,UNKNOWN,NOT_DEFINED_ANALYTIC_SOURCE,-0.01086163533873768,-0.0016983915061439087,0.0003746252262502453
0.0211,13.257520998148928,0.6911503837897559,0.00012660000000000001,1.0,UNKNOWN,UNKNOWN,UNKNOWN,NOT_DEFINED_ANALYTIC_SOURCE,-0.010851209600573208,-0.0017658023839046014,0.00036495499095736284
0.021150000000000002,13.288936924684826,0.7225663103256537,0.00012690000000000002,1.0,UNKNOWN,UNKNOWN,UNKNOWN,NOT_DEFINED_ANALYTIC_SOURCE,-0.010840659790394672,-0.001831423921378418,0.00035493904987058365
0.0212,13.320352851220724,0.7539822368615514,0.0001272,1.0,UNKNOWN,UNKNOWN,UNKNOWN,NOT_DEFINED_ANALYTIC_SOURCE,-0.010830027599744607,-0.0018951939581097485,0.0003445896834125173
0.02125,13.351768777756622,0.7853981633974492,0.0001275,1.0,UNKNOWN,UNKNOWN,UNKNOWN,NOT_DEFINED_ANALYTIC_SOURCE,-0.01081935502560917,-0.001957052553519578,0.0003339193504248235
0.0213,13.38318470429252,0.8168140899333469,0.0001278,1.0,UNKNOWN,UNKNOWN,UNKNOWN,NOT_DEFINED_ANALYTIC_SOURCE,-0.010808684203986058,-0.002016942019788041,0.0003229406560277242
0.02135,13.414600630828417,0.8482300164692447,0.0001281,1.0,UNKNOWN,UNKNOWN,UNKNOWN,NOT_DEFINED_ANALYTIC_SOURCE,-0.01079805724322167,-0.0020748069492225844,0.0003116663208716883
0.021400000000000002,13.446016557364317,0.8796459430051442,0.0001284,1.0,UNKNOWN,UNKNOWN,UNKNOWN,NOT_DEFINED_ANALYTIC_SOURCE,-0.010787516057785123,-0.0021305942363413584,0.0003001091519716163
0.02145,13.477432483900213,0.9110618695410402,0.0001287,1.0,UNKNOWN,UNKNOWN,UNKNOWN,NOT_DEFINED_ANALYTIC_SOURCE,-0.010777102203139958,-0.0021842530949348123,0.0002882820152967382
0.021500000000000002,13.508848410436112,0.9424777960769397,0.00012900000000000002,1.0,UNKNOWN,UNKNOWN,UNKNOWN,NOT_DEFINED_ANALYTIC_SOURCE,-0.010766856712364496,-0.002235735070399265,0.0002761978102708738
0.02155,13.540264336972008,0.9738937226128357,0.0001293,1.0,UNKNOWN,UNKNOWN,UNKNOWN,NOT_DEFINED_ANALYTIC_SOURCE,-0.010756819935159357,-0.0022849940476636077,0.0002638694463179335
0.0216,13.571680263507908,1.0053096491487352,0.0001296,1.0,UNKNOWN,UNKNOWN,UNKNOWN,NOT_DEFINED_ANALYTIC_SOURCE,-0.010747031379865707,-0.002331986255055076,0.0002513098215667954
0.021650000000000003,13.603096190043807,1.0367255756846347,0.0001299,1.0,UNKNOWN,UNKNOWN,UNKNOWN,NOT_DEFINED_ANALYTIC_SOURCE,-0.010737529559100348,-0.0023766702644705084,0.0002385318038081051
0.0217,13.634512116579703,1.0681415022205307,0.0001302,1.0,UNKNOWN,UNKNOWN,UNKNOWN,NOT_DEFINED_ANALYTIC_SOURCE,-0.010728351839594185,-0.0024190069882370586,0.00022554821377333855
0.021750000000000002,13.665928043115603,1.0995574287564303,0.00013050000000000003,1.0,UNKNOWN,UNKNOWN,UNKNOWN,NOT_DEFINED_ANALYTIC_SOURCE,-0.010719534296799081,-0.0024589596730594313,0.00021237181078387064
0.0218,13.697343969651499,1.1309733552923262,0.0001308,1.0,UNKNOWN,UNKNOWN,UNKNOWN,NOT_DEFINED_ANALYTIC_SOURCE,-0.010711111574804585,-0.0024964938914600436,0.0001990152807949889
0.02185,13.728759896187398,1.1623892818282258,0.00013110000000000002,1.0,UNKNOWN,UNKNOWN,UNKNOWN,NOT_DEFINED_ANALYTIC_SOURCE,-0.010703116752080912,-0.002531577531123928,0.00018549122683691717
0.0219,13.760175822723294,1.1938052083641217,0.0001314,1.0,UNKNOWN,UNKNOWN,UNKNOWN,NOT_DEFINED_ANALYTIC_SOURCE,-0.010695581213538197,-0.0025641807825610365,0.00017181216183236275
0.02195,13.791591749259194,1.2252211349000213,0.0001317,1.0,UNKNOWN,UNKNOWN,UNKNOWN,NOT_DEFINED_ANALYTIC_SOURCE,-0.010688534529364063,-0.002594276125495827,0.0001579905037477733
0.022000000000000002,13.823007675795091,1.256637061435919,0.000132,1.0,UNKNOWN,UNKNOWN,UNKNOWN,NOT_DEFINED_ANALYTIC_SOURCE,-0.010682004341072807,-0.002621838314386653,0.00014403857301388437
0.02205,13.85442360233099,1.2880529879718168,0.0001323,1.0,UNKNOWN,UNKNOWN,UNKNOWN,NOT_DEFINED_ANALYTIC_SOURCE,-0.010676016255169583,-0.00264684436346652,0.00012996859213017914
0.0221,13.885839528866887,1.3194689145077145,0.00013260000000000002,1.0,UNKNOWN,UNKNOWN,UNKNOWN,NOT_DEFINED_ANALYTIC_SOURCE,-0.010670593744802628,-0.0026692735316815675,0.00011579268734791142
0.02215,13.917255455402783,1.3508848410436105,0.0001329,1.0,UNKNOWN,UNKNOWN,UNKNOWN,NOT_DEFINED_ANALYTIC_SOURCE,-0.010665758059745109,-0.0026891073078848596,0.00010152289230740911
0.0222,13.948671381938683,1.38230076757951,0.0001332,1.0,UNKNOWN,UNKNOWN,UNKNOWN,NOT_DEFINED_ANALYTIC_SOURCE,-0.010661528145016828,-0.0027063293966207522,8.71711534877165e-05
0.022250000000000002,13.980087308474582,1.4137166941154096,0.00013350000000000002,1.0,UNKNOWN,UNKNOWN,UNKNOWN,NOT_DEFINED_ANALYTIC_SOURCE,-0.0106579205684237,-0.0027209257048092946,7.274933731031465e-05
0.0223,14.011503235010478,1.4451326206513055,0.0001338,1.0,UNKNOWN,UNKNOWN,UNKNOWN,NOT_DEFINED_ANALYTIC_SOURCE,-0.01065494945726082,-0.0027328843296114597,5.8269238723816655e-05
0.022350000000000002,14.042919161546378,1.476548547187205,0.0001341,1.0,UNKNOWN,UNKNOWN,UNKNOWN,NOT_DEFINED_ANALYTIC_SOURCE,-0.010652626444392292,-0.0027421955477243665,4.374259108336632e-05
0.0224,14.074335088082274,1.507964473723101,0.00013440000000000001,1.0,UNKNOWN,UNKNOWN,UNKNOWN,NOT_DEFINED_ANALYTIC_SOURCE,-0.010650960623888343,-0.0027488518063216376,2.9181077126937734e-05
0.02245,14.105751014618173,1.5393804002590006,0.00013470000000000002,1.0,UNKNOWN,UNKNOWN,UNKNOWN,NOT_DEFINED_ANALYTIC_SOURCE,-0.010649958516367557,-0.002752847715817971,1.4596340840976503e-05
0.022500000000000003,14.13716694115407,1.5707963267948983,0.00013500000000000003,1.0,UNKNOWN,UNKNOWN,UNKNOWN,NOT_DEFINED_ANALYTIC_SOURCE,-0.010649624044159159,-0.002754180044598956,5.377642775528102e-17
0.02255,14.168582867689969,1.602212253330796,0.0001353,1.0,UNKNOWN,UNKNOWN,UNKNOWN,NOT_DEFINED_ANALYTIC_SOURCE,-0.010649958516367559,-0.0027528477158179727,-1.4596340840868083e-05
0.022600000000000002,14.199998794225866,1.6336281798666938,0.00013560000000000002,1.0,UNKNOWN,UNKNOWN,UNKNOWN,NOT_DEFINED_ANALYTIC_SOURCE,-0.010650960623888343,-0.0027488518063216376,-2.9181077126828447e-05
0.02265,14.231414720761764,1.6650441064025916,0.0001359,1.0,UNKNOWN,UNKNOWN,UNKNOWN,NOT_DEFINED_ANALYTIC_SOURCE,-0.010652626444392292,-0.0027421955477243652,-4.374259108325812e-05
0.0227,14.262830647297662,1.6964600329384893,0.0001362,1.0,UNKNOWN,UNKNOWN,UNKNOWN,NOT_DEFINED_ANALYTIC_SOURCE,-0.010654949457260823,-0.0027328843296114606,-5.8269238723707584e-05
0.02275,14.29424657383356,1.727875959474387,0.0001365,1.0,UNKNOWN,UNKNOWN,UNKNOWN,NOT_DEFINED_ANALYTIC_SOURCE,-0.0106579205684237,-0.0027209257048092937,-7.274933731020623e-05
0.0228,14.325662500369457,1.7592918860102849,0.00013680000000000002,1.0,UNKNOWN,UNKNOWN,UNKNOWN,NOT_DEFINED_ANALYTIC_SOURCE,-0.010661528145016832,-0.002706329396620752,-8.717115348760808e-05
0.022850000000000002,14.357078426905357,1.7907078125461844,0.00013710000000000003,1.0,UNKNOWN,UNKNOWN,UNKNOWN,NOT_DEFINED_ANALYTIC_SOURCE,-0.010665758059745113,-0.0026891073078848587,-0.00010152289230730025
0.0229,14.388494353441253,1.8221237390820804,0.0001374,1.0,UNKNOWN,UNKNOWN,UNKNOWN,NOT_DEFINED_ANALYTIC_SOURCE,-0.01067059374480263,-0.002669273531681568,-0.00011579268734780235
0.02295,14.419910279977152,1.85353966561798,0.0001377,1.0,UNKNOWN,UNKNOWN,UNKNOWN,NOT_DEFINED_ANALYTIC_SOURCE,-0.010676016255169589,-0.0026468443634665197,-0.0001299685921300705
0.023,14.451326206513048,1.8849555921538759,0.000138,1.0,UNKNOWN,UNKNOWN,UNKNOWN,NOT_DEFINED_ANALYTIC_SOURCE,-0.010682004341072807,-0.002621838314386653,-0.00014403857301377573
0.02305,14.482742133048948,1.9163715186897754,0.0001383,1.0,UNKNOWN,UNKNOWN,UNKNOWN,NOT_DEFINED_ANALYTIC_SOURCE,-0.01068853452936407,-0.002594276125495825,-0.00015799050374766532
0.023100000000000002,14.514158059584846,1.9477874452256732,0.0001386,1.0,UNKNOWN,UNKNOWN,UNKNOWN,NOT_DEFINED_ANALYTIC_SOURCE,-0.010695581213538198,-0.002564180782561037,-0.00017181216183225411
0.02315,14.545573986120743,1.979203371761571,0.00013890000000000002,1.0,UNKNOWN,UNKNOWN,UNKNOWN,NOT_DEFINED_ANALYTIC_SOURCE,-0.010703116752080914,-0.0025315775311239254,-0.00018549122683680789
0.023200000000000002,14.576989912656641,2.0106192982974687,0.00013920000000000002,1.0,UNKNOWN,UNKNOWN,UNKNOWN,NOT_DEFINED_ANALYTIC_SOURCE,-0.010711111574804586,-0.0024964938914600414,-0.00019901528079488027
0.02325,14.608405839192539,2.0420352248333664,0.0001395,1.0,UNKNOWN,UNKNOWN,UNKNOWN,NOT_DEFINED_ANALYTIC_SOURCE,-0.010719534296799088,-0.0024589596730594278,-0.00021237181078376157
0.0233,14.639821765728437,2.073451151369264,0.0001398,1.0,UNKNOWN,UNKNOWN,UNKNOWN,NOT_DEFINED_ANALYTIC_SOURCE,-0.010728351839594188,-0.0024190069882370586,-0.00022554821377322905
0.023350000000000003,14.671237692264336,2.1048670779051637,0.00014010000000000002,1.0,UNKNOWN,UNKNOWN,UNKNOWN,NOT_DEFINED_ANALYTIC_SOURCE,-0.010737529559100354,-0.0023766702644705024,-0.00023853180380799602
0.0234,14.702653618800232,2.1362830044410597,0.0001404,1.0,UNKNOWN,UNKNOWN,UNKNOWN,NOT_DEFINED_ANALYTIC_SOURCE,-0.01074703137986571,-0.0023319862550550737,-0.0002513098215666861
0.023450000000000002,14.734069545336132,2.167698930976959,0.0001407,1.0,UNKNOWN,UNKNOWN,UNKNOWN,NOT_DEFINED_ANALYTIC_SOURCE,-0.01075681993515936,-0.0022849940476636077,-0.0002638694463178233
0.0235,14.765485471872028,2.199114857512855,0.000141,1.0,UNKNOWN,UNKNOWN,UNKNOWN,NOT_DEFINED_ANALYTIC_SOURCE,-0.010766856712364497,-0.002235735070399264,-0.000276197810270763
0.02355,14.796901398407927,2.2305307840487547,0.00014130000000000002,1.0,UNKNOWN,UNKNOWN,UNKNOWN,NOT_DEFINED_ANALYTIC_SOURCE,-0.010777102203139963,-0.002184253094934812,-0.00028828201529662806
0.0236,14.828317324943823,2.2619467105846507,0.0001416,1.0,UNKNOWN,UNKNOWN,UNKNOWN,NOT_DEFINED_ANALYTIC_SOURCE,-0.010787516057785124,-0.0021305942363413566,-0.00030010915197150635
0.02365,14.859733251479723,2.29336263712055,0.0001419,1.0,UNKNOWN,UNKNOWN,UNKNOWN,NOT_DEFINED_ANALYTIC_SOURCE,-0.010798057243221675,-0.0020748069492225836,-0.0003116663208715788
0.023700000000000002,14.891149178015622,2.3247785636564497,0.00014220000000000001,1.0,UNKNOWN,UNKNOWN,UNKNOWN,NOT_DEFINED_ANALYTIC_SOURCE,-0.010808684203986061,-0.0020169420197880357,-0.00032294065602761404
0.02375,14.922565104551518,2.3561944901923457,0.0001425,1.0,UNKNOWN,UNKNOWN,UNKNOWN,NOT_DEFINED_ANALYTIC_SOURCE,-0.01081935502560917,-0.001957052553519577,-0.0003339193504247129
0.0238,14.953981031087418,2.3876104167282453,0.0001428,1.0,UNKNOWN,UNKNOWN,UNKNOWN,NOT_DEFINED_ANALYTIC_SOURCE,-0.01083002759974461,-0.001895193958109744,-0.0003445896834124089
0.02385,14.985396957623314,2.4190263432641412,0.0001431,1.0,UNKNOWN,UNKNOWN,UNKNOWN,NOT_DEFINED_ANALYTIC_SOURCE,-0.010840659790394678,-0.0018314239213784165,-0.00035493904987047306
0.0239,15.016812884159213,2.4504422698000408,0.00014340000000000002,1.0,UNKNOWN,UNKNOWN,UNKNOWN,NOT_DEFINED_ANALYTIC_SOURCE,-0.01085120960057321,-0.0017658023839045975,-0.0003649549909572531
0.023950000000000003,15.048228810695111,2.4818581963359385,0.00014370000000000002,1.0,UNKNOWN,UNKNOWN,UNKNOWN,NOT_DEFINED_ANALYTIC_SOURCE,-0.010861635338737685,-0.0016983915061439029,-0.0003746252262501336
0.024,15.079644737231009,2.5132741228718363,0.000144,1.0,UNKNOWN,UNKNOWN,UNKNOWN,NOT_DEFINED_ANALYTIC_SOURCE,-0.010871895784318755,-0.0016292556298376658,-0.0003839376870722086
0.024050000000000002,15.111060663766906,2.544690049407734,0.0001443,1.0,UNKNOWN,UNKNOWN,UNKNOWN,NOT_DEFINED_ANALYTIC_SOURCE,-0.01088195035167467,-0.0015584612335577102,-0.0003928805507852199
0.0241,15.142476590302804,2.5761059759436318,0.0001446,1.0,UNKNOWN,UNKNOWN,UNKNOWN,NOT_DEFINED_ANALYTIC_SOURCE,-0.010891759251799927,-0.0014860768822701341,-0.00040144227581689765
0.02415,15.173892516838702,2.6075219024795295,0.0001449,1.0,UNKNOWN,UNKNOWN,UNKNOWN,NOT_DEFINED_ANALYTIC_SOURCE,-0.010901283651122888,-0.0014121731708423828,-0.0004096116371806826
0.024200000000000003,15.205308443374602,2.638937829015429,0.00014520000000000003,1.0,UNKNOWN,UNKNOWN,UNKNOWN,NOT_DEFINED_ANALYTIC_SOURCE,-0.010910485826735553,-0.0013368226614596098,-0.00041737776223787484
0.02425,15.236724369910498,2.670353755551325,0.0001455,1.0,UNKNOWN,UNKNOWN,UNKNOWN,NOT_DEFINED_ANALYTIC_SOURCE,-0.010919329317410078,-0.001260099814958763,-0.00042473016644648453
0.024300000000000002,15.268140296446397,2.7017696820872246,0.00014580000000000002,1.0,UNKNOWN,UNKNOWN,UNKNOWN,NOT_DEFINED_ANALYTIC_SOURCE,-0.010927779069771573,-0.00118208091613128,-0.00043165878883747073
0.02435,15.299556222982293,2.7331856086231205,0.0001461,1.0,UNKNOWN,UNKNOWN,UNKNOWN,NOT_DEFINED_ANALYTIC_SOURCE,-0.010935801579014246,-0.0011028439930879574,-0.0004381540269578618
0.0244,15.330972149518193,2.76460153515902,0.0001464,1.0,UNKNOWN,UNKNOWN,UNKNOWN,NOT_DEFINED_ANALYTIC_SOURCE,-0.010943365023568935,-0.0010224687308210728,-0.0004442067710212971
0.02445,15.362388076054089,2.796017461694916,0.0001467,1.0,UNKNOWN,UNKNOWN,UNKNOWN,NOT_DEFINED_ANALYTIC_SOURCE,-0.010950439393153552,-0.0009410363791403384,-0.0004498084370099832
0.0245,15.393804002589988,2.8274333882308156,0.000147,1.0,UNKNOWN,UNKNOWN,UNKNOWN,NOT_DEFINED_ANALYTIC_SOURCE,-0.010956996609664421,-0.0008586296551986017,-0.000454950998477741
0.024550000000000002,15.425219929125886,2.8588493147667133,0.00014730000000000003,1.0,UNKNOWN,UNKNOWN,UNKNOWN,NOT_DEFINED_ANALYTIC_SOURCE,-0.010963010640395756,-0.0007753326408620639,-0.0004596270168118208
0.0246,15.456635855661784,2.890265241302611,0.0001476,1.0,UNKNOWN,UNKNOWN,UNKNOWN,NOT_DEFINED_ANALYTIC_SOURCE,-0.010968457603105688,-0.0006912306752157742,-0.0004638296697213732
0.024650000000000002,15.488051782197681,2.921681167838509,0.00014790000000000002,1.0,UNKNOWN,UNKNOWN,UNKNOWN,NOT_DEFINED_ANALYTIC_SOURCE,-0.010973315862481544,-0.0006064102425300218,-0.0004675527777327445
0.0247,15.519467708733579,2.9530970943744066,0.0001482,1.0,UNKNOWN,UNKNOWN,UNKNOWN,NOT_DEFINED_ANALYTIC_SOURCE,-0.010977566117592808,-0.0005209588560450785,-0.00047079082848608704
0.02475,15.550883635269477,2.9845130209103043,0.0001485,1.0,UNKNOWN,UNKNOWN,UNKNOWN,NOT_DEFINED_ANALYTIC_SOURCE,-0.010981191479958243,-0.00043496493796136616,-0.0004735389986439977
0.024800000000000003,15.582299561805376,3.015928947446204,0.0001488,1.0,UNKNOWN,UNKNOWN,UNKNOWN,NOT_DEFINED_ANALYTIC_SOURCE,-0.010984177541893531,-0.00034851769604885507,-0.00047579317324079494
0.02485,15.613715488341272,3.0473448739821,0.00014910000000000002,1.0,UNKNOWN,UNKNOWN,UNKNOWN,NOT_DEFINED_ANALYTIC_SOURCE,-0.010986512434846865,-0.00026170699731335766,-0.00047754996232060023
0.024900000000000002,15.645131414877172,3.0787608005179994,0.00014940000000000003,1.0,UNKNOWN,UNKNOWN,UNKNOWN,NOT_DEFINED_ANALYTIC_SOURCE,-0.010988186877472795,-0.00017462323917788773,-0.000478806714733283
0.02495,15.676547341413068,3.1101767270538954,0.0001497,1.0,UNKNOWN,UNKNOWN,UNKNOWN,NOT_DEFINED_ANALYTIC_SOURCE,-0.010989194213238376,-8.735721865506569e-05,-0.0004795615289794248
0.025,15.707963267948967,3.141592653589795,0.00015000000000000001,1.0,UNKNOWN,UNKNOWN,UNKNOWN,NOT_DEFINED_ANALYTIC_SOURCE,-0.01098953043740044,-1.0121027280152184e-16,-0.00047981326101864024
0.025050000000000003,15.739379194484865,3.1730085801256926,0.00015030000000000002,1.0,UNKNOWN,UNKNOWN,UNKNOWN,NOT_DEFINED_ANALYTIC_SOURCE,-0.010989194213238376,8.735721865485839e-05,-0.0004795615289794257
0.0251,15.770795121020763,3.2044245066615904,0.0001506,1.0,UNKNOWN,UNKNOWN,UNKNOWN,NOT_DEFINED_ANALYTIC_SOURCE,-0.010988186877472801,0.0001746232391776858,-0.000478806714733283
0.025150000000000002,15.80221104755666,3.235840433197488,0.0001509,1.0,UNKNOWN,UNKNOWN,UNKNOWN,NOT_DEFINED_ANALYTIC_SOURCE,-0.01098651243484687,0.0002617069973131504,-0.0004775499623206011
0.0252,15.833626974092558,3.267256359733386,0.00015120000000000002,1.0,UNKNOWN,UNKNOWN,UNKNOWN,NOT_DEFINED_ANALYTIC_SOURCE,-0.01098417754189354,0.0003485176960486532,-0.0004757931732407945
0.02525,15.865042900628456,3.2986722862692837,0.00015150000000000002,1.0,UNKNOWN,UNKNOWN,UNKNOWN,NOT_DEFINED_ANALYTIC_SOURCE,-0.01098119147995825,0.0004349649379611592,-0.00047353899864399857
0.0253,15.896458827164354,3.3300882128051814,0.0001518,1.0,UNKNOWN,UNKNOWN,UNKNOWN,NOT_DEFINED_ANALYTIC_SOURCE,-0.010977566117592815,0.0005209588560448716,-0.0004707908284860879
0.02535,15.927874753700252,3.361504139341079,0.0001521,1.0,UNKNOWN,UNKNOWN,UNKNOWN,NOT_DEFINED_ANALYTIC_SOURCE,-0.010973315862481558,0.0006064102425298147,-0.00046755277773274494
0.025400000000000002,15.959290680236151,3.3929200658769787,0.00015240000000000002,1.0,UNKNOWN,UNKNOWN,UNKNOWN,NOT_DEFINED_ANALYTIC_SOURCE,-0.010968457603105698,0.000691230675215572,-0.0004638296697213728
0.02545,15.990706606772047,3.4243359924128747,0.0001527,1.0,UNKNOWN,UNKNOWN,UNKNOWN,NOT_DEFINED_ANALYTIC_SOURCE,-0.01096301064039577,0.0007753326408618586,-0.00045962701681182124
0.025500000000000002,16.022122533307947,3.455751918948774,0.000153,1.0,UNKNOWN,UNKNOWN,UNKNOWN,NOT_DEFINED_ANALYTIC_SOURCE,-0.010956996609664435,0.0008586296551983998,-0.000454950998477741
0.02555,16.053538459843843,3.48716784548467,0.0001533,1.0,UNKNOWN,UNKNOWN,UNKNOWN,NOT_DEFINED_ANALYTIC_SOURCE,-0.010950439393153568,0.000941036379140128,-0.0004498084370099828
0.0256,16.084954386379742,3.5185837720205697,0.00015360000000000002,1.0,UNKNOWN,UNKNOWN,UNKNOWN,NOT_DEFINED_ANALYTIC_SOURCE,-0.010943365023568956,0.0010224687308208712,-0.0004442067710212958
0.025650000000000003,16.11637031291564,3.5499996985564692,0.00015390000000000003,1.0,UNKNOWN,UNKNOWN,UNKNOWN,NOT_DEFINED_ANALYTIC_SOURCE,-0.010935801579014266,0.0011028439930877557,-0.0004381540269578609
0.0257,16.147786239451538,3.581415625092365,0.0001542,1.0,UNKNOWN,UNKNOWN,UNKNOWN,NOT_DEFINED_ANALYTIC_SOURCE,-0.010927779069771592,0.0011820809161310775,-0.00043165878883747117
0.025750000000000002,16.179202165987437,3.6128315516282647,0.00015450000000000001,1.0,UNKNOWN,UNKNOWN,UNKNOWN,NOT_DEFINED_ANALYTIC_SOURCE,-0.010919329317410102,0.0012600998149585613,-0.00042473016644648323
0.0258,16.210618092523333,3.6442474781641607,0.0001548,1.0,UNKNOWN,UNKNOWN,UNKNOWN,NOT_DEFINED_ANALYTIC_SOURCE,-0.010910485826735577,0.0013368226614594082,-0.00041737776223787484
0.02585,16.242034019059233,3.6756634047000603,0.0001551,1.0,UNKNOWN,UNKNOWN,UNKNOWN,NOT_DEFINED_ANALYTIC_SOURCE,-0.010901283651122912,0.001412173170842181,-0.0004096116371806822
0.025900000000000003,16.273449945595132,3.70707933123596,0.0001554,1.0,UNKNOWN,UNKNOWN,UNKNOWN,NOT_DEFINED_ANALYTIC_SOURCE,-0.010891759251799948,0.001486076882269937,-0.00040144227581689765
0.02595,16.30486587213103,3.7384952577718558,0.00015570000000000002,1.0,UNKNOWN,UNKNOWN,UNKNOWN,NOT_DEFINED_ANALYTIC_SOURCE,-0.010881950351674698,0.0015584612335575088,-0.00039288055078521905
0.026000000000000002,16.336281798666928,3.7699111843077553,0.00015600000000000002,1.0,UNKNOWN,UNKNOWN,UNKNOWN,NOT_DEFINED_ANALYTIC_SOURCE,-0.010871895784318783,0.0016292556298374702,-0.00038393768707220815
0.02605,16.367697725202824,3.8013271108436513,0.0001563,1.0,UNKNOWN,UNKNOWN,UNKNOWN,NOT_DEFINED_ANALYTIC_SOURCE,-0.010861635338737716,0.0016983915061437019,-0.00037462522625013317
0.0261,16.399113651738723,3.832743037379551,0.0001566,1.0,UNKNOWN,UNKNOWN,UNKNOWN,NOT_DEFINED_ANALYTIC_SOURCE,-0.010851209600573243,0.0017658023839044,-0.0003649549909572518
0.02615,16.43052957827462,3.8641589639154468,0.0001569,1.0,UNKNOWN,UNKNOWN,UNKNOWN,NOT_DEFINED_ANALYTIC_SOURCE,-0.01084065979039471,0.001831423921378213,-0.00035493904987047263
0.0262,16.46194550481052,3.8955748904513463,0.0001572,1.0,UNKNOWN,UNKNOWN,UNKNOWN,NOT_DEFINED_ANALYTIC_SOURCE,-0.010830027599744647,0.0018951939581095477,-0.0003445896834124067
0.026250000000000002,16.493361431346415,3.9269908169872423,0.0001575,1.0,UNKNOWN,UNKNOWN,UNKNOWN,NOT_DEFINED_ANALYTIC_SOURCE,-0.01081935502560921,0.0019570525535193726,-0.0003339193504247129
0.0263,16.524777357882314,3.958406743523142,0.00015780000000000001,1.0,UNKNOWN,UNKNOWN,UNKNOWN,NOT_DEFINED_ANALYTIC_SOURCE,-0.0108086842039861,0.0020169420197878388,-0.00032294065602761273
0.026350000000000002,16.55619328441821,3.989822670059038,0.00015810000000000002,1.0,UNKNOWN,UNKNOWN,UNKNOWN,NOT_DEFINED_ANALYTIC_SOURCE,-0.010798057243221713,0.0020748069492223797,-0.0003116663208715784
0.0264,16.58760921095411,4.021238596594937,0.0001584,1.0,UNKNOWN,UNKNOWN,UNKNOWN,NOT_DEFINED_ANALYTIC_SOURCE,-0.010787516057785166,0.0021305942363411537,-0.0003001091519715055
0.02645,16.619025137490006,4.052654523130833,0.0001587,1.0,UNKNOWN,UNKNOWN,UNKNOWN,NOT_DEFINED_ANALYTIC_SOURCE,-0.010777102203140003,0.0021842530949346085,-0.00028828201529662763
0.026500000000000003,16.650441064025905,4.084070449666733,0.00015900000000000002,1.0,UNKNOWN,UNKNOWN,UNKNOWN,NOT_DEFINED_ANALYTIC_SOURCE,-0.010766856712364537,0.0022357350703990607,-0.000276197810270763
0.02655,16.6818569905618,4.115486376202629,0.0001593,1.0,UNKNOWN,UNKNOWN,UNKNOWN,NOT_DEFINED_ANALYTIC_SOURCE,-0.010756819935159404,0.002284994047663404,-0.00026386944631782375
0.026600000000000002,16.7132729170977,4.146902302738528,0.0001596,1.0,UNKNOWN,UNKNOWN,UNKNOWN,NOT_DEFINED_ANALYTIC_SOURCE,-0.010747031379865756,0.002331986255054872,-0.0002513098215666861
0.02665,16.744688843633597,4.178318229274424,0.0001599,1.0,UNKNOWN,UNKNOWN,UNKNOWN,NOT_DEFINED_ANALYTIC_SOURCE,-0.010737529559100399,0.002376670264470299,-0.00023853180380799732
0.0267,16.776104770169496,4.209734155810324,0.00016020000000000002,1.0,UNKNOWN,UNKNOWN,UNKNOWN,NOT_DEFINED_ANALYTIC_SOURCE,-0.010728351839594231,0.002419006988236855,-0.00022554821377322861
0.026750000000000003,16.807520696705396,4.241150082346223,0.00016050000000000003,1.0,UNKNOWN,UNKNOWN,UNKNOWN,NOT_DEFINED_ANALYTIC_SOURCE,-0.010719534296799133,0.0024589596730592283,-0.00021237181078376157
0.0268,16.838936623241292,4.272566008882119,0.0001608,1.0,UNKNOWN,UNKNOWN,UNKNOWN,NOT_DEFINED_ANALYTIC_SOURCE,-0.010711111574804635,0.0024964938914598393,-0.00019901528079487984
0.026850000000000002,16.87035254977719,4.303981935418019,0.0001611,1.0,UNKNOWN,UNKNOWN,UNKNOWN,NOT_DEFINED_ANALYTIC_SOURCE,-0.010703116752080962,0.002531577531123724,-0.00018549122683680702
0.0269,16.901768476313087,4.335397861953915,0.0001614,1.0,UNKNOWN,UNKNOWN,UNKNOWN,NOT_DEFINED_ANALYTIC_SOURCE,-0.010695581213538247,0.002564180782560834,-0.00017181216183225411
0.02695,16.933184402848987,4.366813788489814,0.00016170000000000003,1.0,UNKNOWN,UNKNOWN,UNKNOWN,NOT_DEFINED_ANALYTIC_SOURCE,-0.010688534529364115,0.0025942761254956243,-0.00015799050374766402
0.027,16.964600329384883,4.39822971502571,0.000162,1.0,UNKNOWN,UNKNOWN,UNKNOWN,NOT_DEFINED_ANALYTIC_SOURCE,-0.010682004341072856,0.0026218383143864488,-0.0001440385730137766
0.02705,16.996016255920782,4.42964564156161,0.00016230000000000001,1.0,UNKNOWN,UNKNOWN,UNKNOWN,NOT_DEFINED_ANALYTIC_SOURCE,-0.010676016255169639,0.0026468443634663184,-0.00012996859213007007
0.027100000000000003,17.027432182456682,4.461061568097509,0.00016260000000000002,1.0,UNKNOWN,UNKNOWN,UNKNOWN,NOT_DEFINED_ANALYTIC_SOURCE,-0.01067059374480268,0.002669273531681367,-0.00011579268734780105
0.02715,17.058848108992578,4.492477494633405,0.0001629,1.0,UNKNOWN,UNKNOWN,UNKNOWN,NOT_DEFINED_ANALYTIC_SOURCE,-0.010665758059745161,0.0026891073078846588,-0.00010152289230729895
0.027200000000000002,17.090264035528477,4.523893421169305,0.0001632,1.0,UNKNOWN,UNKNOWN,UNKNOWN,NOT_DEFINED_ANALYTIC_SOURCE,-0.01066152814501688,0.0027063293966205514,-8.717115348760721e-05
0.02725,17.121679962064373,4.555309347705201,0.0001635,1.0,UNKNOWN,UNKNOWN,UNKNOWN,NOT_DEFINED_ANALYTIC_SOURCE,-0.010657920568423754,0.0027209257048090908,-7.274933731020667e-05
0.0273,17.153095888600273,4.5867252742411,0.00016380000000000002,1.0,UNKNOWN,UNKNOWN,UNKNOWN,NOT_DEFINED_ANALYTIC_SOURCE,-0.010654949457260874,0.0027328843296112594,-5.8269238723707584e-05
0.027350000000000003,17.184511815136172,4.618141200777,0.00016410000000000003,1.0,UNKNOWN,UNKNOWN,UNKNOWN,NOT_DEFINED_ANALYTIC_SOURCE,-0.010652626444392346,0.0027421955477241644,-4.3742591083256385e-05
0.0274,17.21592774167207,4.649557127312896,0.0001644,1.0,UNKNOWN,UNKNOWN,UNKNOWN,NOT_DEFINED_ANALYTIC_SOURCE,-0.010650960623888397,0.002748851806321437,-2.9181077126827146e-05
0.027450000000000002,17.247343668207968,4.6809730538487955,0.00016470000000000002,1.0,UNKNOWN,UNKNOWN,UNKNOWN,NOT_DEFINED_ANALYTIC_SOURCE,-0.010649958516367608,0.0027528477158177693,-1.4596340840866782e-05
0.0275,17.278759594743864,4.7123889803846915,0.000165,1.0,UNKNOWN,UNKNOWN,UNKNOWN,NOT_DEFINED_ANALYTIC_SOURCE,-0.010649624044159214,0.002754180044598755,5.5077470362263625e-17
0.02755,17.310175521279763,4.743804906920591,0.0001653,1.0,UNKNOWN,UNKNOWN,UNKNOWN,NOT_DEFINED_ANALYTIC_SOURCE,-0.010649958516367608,0.00275284771581777,1.4596340840978671e-05
0.027600000000000003,17.34159144781566,4.775220833456487,0.00016560000000000001,1.0,UNKNOWN,UNKNOWN,UNKNOWN,NOT_DEFINED_ANALYTIC_SOURCE,-0.010650960623888397,0.002748851806321436,2.9181077126937734e-05
0.02765,17.37300737435156,4.8066367599923865,0.00016590000000000002,1.0,UNKNOWN,UNKNOWN,UNKNOWN,NOT_DEFINED_ANALYTIC_SOURCE,-0.010652626444392342,0.0027421955477241627,4.374259108336784e-05
0.027700000000000002,17.404423300887455,4.8380526865282825,0.00016620000000000003,1.0,UNKNOWN,UNKNOWN,UNKNOWN,NOT_DEFINED_ANALYTIC_SOURCE,-0.010654949457260875,0.0027328843296112577,5.826923872381687e-05
0.02775,17.435839227423354,4.869468613064182,0.0001665,1.0,UNKNOWN,UNKNOWN,UNKNOWN,NOT_DEFINED_ANALYTIC_SOURCE,-0.010657920568423752,0.0027209257048090903,7.274933731031682e-05
0.027800000000000002,17.46725515395925,4.900884539600078,0.00016680000000000002,1.0,UNKNOWN,UNKNOWN,UNKNOWN,NOT_DEFINED_ANALYTIC_SOURCE,-0.01066152814501688,0.00270632939662055,8.717115348771693e-05
0.02785,17.49867108049515,4.9323004661359775,0.0001671,1.0,UNKNOWN,UNKNOWN,UNKNOWN,NOT_DEFINED_ANALYTIC_SOURCE,-0.010665758059745161,0.0026891073078846566,0.00010152289230740954
0.0279,17.530087007031046,4.9637163926718735,0.0001674,1.0,UNKNOWN,UNKNOWN,UNKNOWN,NOT_DEFINED_ANALYTIC_SOURCE,-0.01067059374480268,0.0026692735316813654,0.00011579268734791077
0.027950000000000003,17.561502933566945,4.995132319207773,0.0001677,1.0,UNKNOWN,UNKNOWN,UNKNOWN,NOT_DEFINED_ANALYTIC_SOURCE,-0.010676016255169634,0.0026468443634663167,0.0001299685921301811
0.028,17.59291886010284,5.026548245743669,0.00016800000000000002,1.0,UNKNOWN,UNKNOWN,UNKNOWN,NOT_DEFINED_ANALYTIC_SOURCE,-0.010682004341072858,0.002621838314386449,0.00014403857301388545
0.028050000000000002,17.62433478663874,5.0579641722795685,0.00016830000000000003,1.0,UNKNOWN,UNKNOWN,UNKNOWN,NOT_DEFINED_ANALYTIC_SOURCE,-0.010688534529364113,0.0025942761254956212,0.00015799050374777418
0.0281,17.655750713174637,5.0893800988154645,0.0001686,1.0,UNKNOWN,UNKNOWN,UNKNOWN,NOT_DEFINED_ANALYTIC_SOURCE,-0.010695581213538245,0.0025641807825608335,0.0001718121618323634
0.02815,17.687166639710536,5.120796025351364,0.0001689,1.0,UNKNOWN,UNKNOWN,UNKNOWN,NOT_DEFINED_ANALYTIC_SOURCE,-0.010703116752080957,0.0025315775311237215,0.00018549122683691804
0.028200000000000003,17.718582566246436,5.1522119518872636,0.00016920000000000002,1.0,UNKNOWN,UNKNOWN,UNKNOWN,NOT_DEFINED_ANALYTIC_SOURCE,-0.010711111574804633,0.0024964938914598367,0.00019901528079499043
0.02825,17.749998492782332,5.1836278784231595,0.0001695,1.0,UNKNOWN,UNKNOWN,UNKNOWN,NOT_DEFINED_ANALYTIC_SOURCE,-0.010719534296799131,0.002458959673059225,0.00021237181078387173
0.028300000000000002,17.78141441931823,5.215043804959059,0.0001698,1.0,UNKNOWN,UNKNOWN,UNKNOWN,NOT_DEFINED_ANALYTIC_SOURCE,-0.010728351839594231,0.0024190069882368517,0.00022554821377333964
0.02835,17.812830345854128,5.246459731494955,0.00017010000000000001,1.0,UNKNOWN,UNKNOWN,UNKNOWN,NOT_DEFINED_ANALYTIC_SOURCE,-0.010737529559100394,0.0023766702644703007,0.00023853180380810617
0.0284,17.844246272390027,5.277875658030855,0.00017040000000000002,1.0,UNKNOWN,UNKNOWN,UNKNOWN,NOT_DEFINED_ANALYTIC_SOURCE,-0.010747031379865754,0.002331986255054869,0.00025130982156679627
0.028450000000000003,17.875662198925927,5.309291584566754,0.00017070000000000003,1.0,UNKNOWN,UNKNOWN,UNKNOWN,NOT_DEFINED_ANALYTIC_SOURCE,-0.0107568199351594,0.002284994047663401,0.0002638694463179339
0.0285,17.907078125461823,5.34070751110265,0.000171,1.0,UNKNOWN,UNKNOWN,UNKNOWN,NOT_DEFINED_ANALYTIC_SOURCE,-0.010766856712364539,0.0022357350703990577,0.000276197810270874
0.028550000000000002,17.938494051997722,5.37212343763855,0.00017130000000000002,1.0,UNKNOWN,UNKNOWN,UNKNOWN,NOT_DEFINED_ANALYTIC_SOURCE,-0.010777102203140002,0.002184253094934605,0.0002882820152967391
0.0286,17.969909978533618,5.403539364174446,0.0001716,1.0,UNKNOWN,UNKNOWN,UNKNOWN,NOT_DEFINED_ANALYTIC_SOURCE,-0.010787516057785168,0.0021305942363411498,0.00030010915197161694
0.028650000000000002,18.001325905069518,5.434955290710345,0.0001719,1.0,UNKNOWN,UNKNOWN,UNKNOWN,NOT_DEFINED_ANALYTIC_SOURCE,-0.010798057243221708,0.0020748069492223754,0.0003116663208716894
0.0287,18.032741831605414,5.466371217246241,0.0001722,1.0,UNKNOWN,UNKNOWN,UNKNOWN,NOT_DEFINED_ANALYTIC_SOURCE,-0.010808684203986098,0.0020169420197878344,0.0003229406560277246
0.02875,18.064157758141313,5.497787143782141,0.00017250000000000002,1.0,UNKNOWN,UNKNOWN,UNKNOWN,NOT_DEFINED_ANALYTIC_SOURCE,-0.010819355025609207,0.001957052553519368,0.00033391935042482437
0.028800000000000003,18.095573684677213,5.52920307031804,0.00017280000000000003,1.0,UNKNOWN,UNKNOWN,UNKNOWN,NOT_DEFINED_ANALYTIC_SOURCE,-0.010830027599744645,0.0018951939581095358,0.00034458968341251903
0.02885,18.12698961121311,5.560618996853936,0.0001731,1.0,UNKNOWN,UNKNOWN,UNKNOWN,NOT_DEFINED_ANALYTIC_SOURCE,-0.010840659790394707,0.0018314239213782077,0.00035493904987058365
0.028900000000000002,18.158405537749005,5.592034923389832,0.0001734,1.0,UNKNOWN,UNKNOWN,UNKNOWN,NOT_DEFINED_ANALYTIC_SOURCE,-0.01085120960057324,0.0017658023839043947,0.0003649549909573637
0.02895,18.189821464284904,5.623450849925732,0.0001737,1.0,UNKNOWN,UNKNOWN,UNKNOWN,NOT_DEFINED_ANALYTIC_SOURCE,-0.010861635338737711,0.0016983915061436969,0.0003746252262502455
0.029,18.2212373908208,5.654866776461628,0.000174,1.0,UNKNOWN,UNKNOWN,UNKNOWN,NOT_DEFINED_ANALYTIC_SOURCE,-0.01087189578431878,0.0016292556298374645,0.00038393768707231895
0.029050000000000003,18.2526533173567,5.686282702997527,0.0001743,1.0,UNKNOWN,UNKNOWN,UNKNOWN,NOT_DEFINED_ANALYTIC_SOURCE,-0.010881950351674692,0.0015584612335575038,0.0003928805507853316
0.0291,18.284069243892596,5.717698629533423,0.00017460000000000002,1.0,UNKNOWN,UNKNOWN,UNKNOWN,NOT_DEFINED_ANALYTIC_SOURCE,-0.01089175925179995,0.001486076882269932,0.0004014422758170091
0.029150000000000002,18.315485170428495,5.749114556069323,0.00017490000000000002,1.0,UNKNOWN,UNKNOWN,UNKNOWN,NOT_DEFINED_ANALYTIC_SOURCE,-0.010901283651122909,0.0014121731708421755,0.00040961163718079363
0.0292,18.34690109696439,5.780530482605219,0.0001752,1.0,UNKNOWN,UNKNOWN,UNKNOWN,NOT_DEFINED_ANALYTIC_SOURCE,-0.01091048582673557,0.0013368226614594112,0.0004173777622379848
0.02925,18.37831702350029,5.811946409141118,0.0001755,1.0,UNKNOWN,UNKNOWN,UNKNOWN,NOT_DEFINED_ANALYTIC_SOURCE,-0.010919329317410098,0.0012600998149585564,0.000424730166446596
0.029300000000000003,18.40973295003619,5.843362335677018,0.00017580000000000002,1.0,UNKNOWN,UNKNOWN,UNKNOWN,NOT_DEFINED_ANALYTIC_SOURCE,-0.010927779069771588,0.0011820809161310723,0.0004316587888375833
0.02935,18.441148876572086,5.874778262212914,0.0001761,1.0,UNKNOWN,UNKNOWN,UNKNOWN,NOT_DEFINED_ANALYTIC_SOURCE,-0.010935801579014259,0.0011028439930877499,0.0004381540269579728
0.029400000000000003,18.472564803107986,5.906194188748813,0.00017640000000000003,1.0,UNKNOWN,UNKNOWN,UNKNOWN,NOT_DEFINED_ANALYTIC_SOURCE,-0.010943365023568954,0.001022468730820865,0.00044420677102140877
0.02945,18.50398072964388,5.937610115284709,0.0001767,1.0,UNKNOWN,UNKNOWN,UNKNOWN,NOT_DEFINED_ANALYTIC_SOURCE,-0.010950439393153563,0.0009410363791401312,0.00044980843701009597
0.029500000000000002,18.53539665617978,5.969026041820609,0.00017700000000000002,1.0,UNKNOWN,UNKNOWN,UNKNOWN,NOT_DEFINED_ANALYTIC_SOURCE,-0.01095699660966443,0.0008586296551983946,0.0004549509984778529
0.02955,18.566812582715677,6.000441968356505,0.0001773,1.0,UNKNOWN,UNKNOWN,UNKNOWN,NOT_DEFINED_ANALYTIC_SOURCE,-0.010963010640395765,0.0007753326408618624,0.0004596270168119325
0.0296,18.598228509251577,6.031857894892404,0.0001776,1.0,UNKNOWN,UNKNOWN,UNKNOWN,NOT_DEFINED_ANALYTIC_SOURCE,-0.010968457603105693,0.0006912306752155669,0.00046382966972148554
0.029650000000000003,18.629644435787476,6.063273821428304,0.00017790000000000001,1.0,UNKNOWN,UNKNOWN,UNKNOWN,NOT_DEFINED_ANALYTIC_SOURCE,-0.01097331586248155,0.0006064102425298091,0.0004675527777328564
0.0297,18.661060362323372,6.0946897479642,0.0001782,1.0,UNKNOWN,UNKNOWN,UNKNOWN,NOT_DEFINED_ANALYTIC_SOURCE,-0.01097756611759281,0.0005209588560448708,0.0004707908284861998
0.029750000000000002,18.69247628885927,6.126105674500099,0.00017850000000000003,1.0,UNKNOWN,UNKNOWN,UNKNOWN,NOT_DEFINED_ANALYTIC_SOURCE,-0.010981191479958246,0.0004349649379611528,0.00047353899864411
0.0298,18.723892215395168,6.157521601035995,0.0001788,1.0,UNKNOWN,UNKNOWN,UNKNOWN,NOT_DEFINED_ANALYTIC_SOURCE,-0.010984177541893535,0.0003485176960486519,0.0004757931732409066
0.02985,18.755308141931067,6.188937527571895,0.00017910000000000002,1.0,UNKNOWN,UNKNOWN,UNKNOWN,NOT_DEFINED_ANALYTIC_SOURCE,-0.010986512434846864,0.00026170699731314375,0.0004775499623207132
0.029900000000000003,18.786724068466967,6.220353454107794,0.00017940000000000002,1.0,UNKNOWN,UNKNOWN,UNKNOWN,NOT_DEFINED_ANALYTIC_SOURCE,-0.010988186877472796,0.00017462323917767465,0.0004788067147333953
0.02995,18.818139995002863,6.25176938064369,0.0001797,1.0,UNKNOWN,UNKNOWN,UNKNOWN,NOT_DEFINED_ANALYTIC_SOURCE,-0.010989194213238372,8.7357218654853e-05,0.000479561528979538
0.030000000000000002,18.849555921538762,3.552713678800501e-15,0.00018,1.0,UNKNOWN,UNKNOWN,UNKNOWN,NOT_DEFINED_ANALYTIC_SOURCE,-0.010989530437400434,-1.1159150860307054e-16,0.0004798132610187521
0.03005,18.88097184807466,0.03141592653589953,0.00018030000000000002,1.0,UNKNOWN,UNKNOWN,UNKNOWN,NOT_DEFINED_ANALYTIC_SOURCE,-0.010989194213238367,-8.735721865506661e-05,0.0004795615289795378
0.030100000000000002,18.912387774610558,0.06283185307179906,0.00018060000000000003,1.0,UNKNOWN,UNKNOWN,UNKNOWN,NOT_DEFINED_ANALYTIC_SOURCE,-0.01098818687747279,-0.00017462323917789876,0.0004788067147333953
0.03015,18.943803701146454,0.09424777960769504,0.0001809,1.0,UNKNOWN,UNKNOWN,UNKNOWN,NOT_DEFINED_ANALYTIC_SOURCE,-0.01098651243484686,-0.00026170699731335804,0.00047754996232071277
0.0302,18.975219627682353,0.12566370614359457,0.0001812,1.0,UNKNOWN,UNKNOWN,UNKNOWN,NOT_DEFINED_ANALYTIC_SOURCE,-0.010984177541893526,-0.0003485176960488658,0.0004757931732409066
0.030250000000000003,19.00663555421825,0.15707963267949054,0.00018150000000000002,1.0,UNKNOWN,UNKNOWN,UNKNOWN,NOT_DEFINED_ANALYTIC_SOURCE,-0.010981191479958238,-0.00043496493796136665,0.0004735389986441098
0.0303,19.03805148075415,0.18849555921539007,0.0001818,1.0,UNKNOWN,UNKNOWN,UNKNOWN,NOT_DEFINED_ANALYTIC_SOURCE,-0.010977566117592801,-0.0005209588560450849,0.0004707908284861998
0.030350000000000002,19.069467407290045,0.21991148575128605,0.0001821,1.0,UNKNOWN,UNKNOWN,UNKNOWN,NOT_DEFINED_ANALYTIC_SOURCE,-0.01097331586248154,-0.0006064102425300225,0.00046755277773285683
0.0304,19.100883333825944,0.2513274122871856,0.00018240000000000002,1.0,UNKNOWN,UNKNOWN,UNKNOWN,NOT_DEFINED_ANALYTIC_SOURCE,-0.010968457603105681,-0.0006912306752157807,0.0004638296697214851
0.03045,19.13229926036184,0.28274333882308156,0.00018270000000000002,1.0,UNKNOWN,UNKNOWN,UNKNOWN,NOT_DEFINED_ANALYTIC_SOURCE,-0.01096301064039575,-0.0007753326408620657,0.0004596270168119327
0.030500000000000003,19.16371518689774,0.3141592653589811,0.00018300000000000003,1.0,UNKNOWN,UNKNOWN,UNKNOWN,NOT_DEFINED_ANALYTIC_SOURCE,-0.010956996609664416,-0.0008586296551986081,0.00045495099847785267
0.03055,19.195131113433636,0.34557519189487707,0.0001833,1.0,UNKNOWN,UNKNOWN,UNKNOWN,NOT_DEFINED_ANALYTIC_SOURCE,-0.010950439393153545,-0.0009410363791403357,0.00044980843701009575
0.030600000000000002,19.226547039969535,0.3769911184307766,0.00018360000000000002,1.0,UNKNOWN,UNKNOWN,UNKNOWN,NOT_DEFINED_ANALYTIC_SOURCE,-0.010943365023568933,-0.0010224687308210791,0.00044420677102140855
0.03065,19.25796296650543,0.40840704496667257,0.0001839,1.0,UNKNOWN,UNKNOWN,UNKNOWN,NOT_DEFINED_ANALYTIC_SOURCE,-0.010935801579014241,-0.001102843993087955,0.0004381540269579741
0.0307,19.28937889304133,0.4398229715025721,0.0001842,1.0,UNKNOWN,UNKNOWN,UNKNOWN,NOT_DEFINED_ANALYTIC_SOURCE,-0.010927779069771566,-0.0011820809161312846,0.0004316587888375826
0.030750000000000003,19.32079481957723,0.47123889803847163,0.0001845,1.0,UNKNOWN,UNKNOWN,UNKNOWN,NOT_DEFINED_ANALYTIC_SOURCE,-0.010919329317410072,-0.0012600998149587689,0.0004247301664465951
0.0308,19.352210746113126,0.5026548245743676,0.00018480000000000002,1.0,UNKNOWN,UNKNOWN,UNKNOWN,NOT_DEFINED_ANALYTIC_SOURCE,-0.010910485826735547,-0.0013368226614596153,0.0004173777622379861
0.030850000000000002,19.383626672649026,0.5340707511102671,0.00018510000000000003,1.0,UNKNOWN,UNKNOWN,UNKNOWN,NOT_DEFINED_ANALYTIC_SOURCE,-0.010901283651122879,-0.0014121731708423878,0.00040961163718079385
0.0309,19.415042599184922,0.5654866776461631,0.0001854,1.0,UNKNOWN,UNKNOWN,UNKNOWN,NOT_DEFINED_ANALYTIC_SOURCE,-0.010891759251799919,-0.0014860768822701359,0.00040144227581701
0.030950000000000002,19.44645852572082,0.5969026041820626,0.00018570000000000001,1.0,UNKNOWN,UNKNOWN,UNKNOWN,NOT_DEFINED_ANALYTIC_SOURCE,-0.010881950351674665,-0.001558461233557715,0.0003928805507853307
0.031,19.477874452256717,0.6283185307179586,0.000186,1.0,UNKNOWN,UNKNOWN,UNKNOWN,NOT_DEFINED_ANALYTIC_SOURCE,-0.01087189578431875,-0.0016292556298376677,0.00038393768707232004
0.03105,19.509290378792617,0.6597344572538582,0.0001863,1.0,UNKNOWN,UNKNOWN,UNKNOWN,NOT_DEFINED_ANALYTIC_SOURCE,-0.010861635338737678,-0.0016983915061439072,0.00037462522625024484
0.031100000000000003,19.540706305328516,0.6911503837897577,0.0001866,1.0,UNKNOWN,UNKNOWN,UNKNOWN,NOT_DEFINED_ANALYTIC_SOURCE,-0.010851209600573208,-0.001765802383904606,0.00036495499095736306
0.03115,19.572122231864412,0.7225663103256537,0.00018690000000000002,1.0,UNKNOWN,UNKNOWN,UNKNOWN,NOT_DEFINED_ANALYTIC_SOURCE,-0.010840659790394672,-0.001831423921378418,0.00035493904987058365
0.031200000000000002,19.603538158400312,0.7539822368615532,0.00018720000000000002,1.0,UNKNOWN,UNKNOWN,UNKNOWN,NOT_DEFINED_ANALYTIC_SOURCE,-0.010830027599744605,-0.0018951939581097524,0.00034458968341251773
0.03125,19.634954084936208,0.7853981633974492,0.0001875,1.0,UNKNOWN,UNKNOWN,UNKNOWN,NOT_DEFINED_ANALYTIC_SOURCE,-0.01081935502560917,-0.001957052553519577,0.0003339193504248235
0.0313,19.666370011472107,0.8168140899333487,0.0001878,1.0,UNKNOWN,UNKNOWN,UNKNOWN,NOT_DEFINED_ANALYTIC_SOURCE,-0.010808684203986058,-0.002016942019788044,0.000322940656027724
0.03135,19.697785938008007,0.8482300164692482,0.00018810000000000002,1.0,UNKNOWN,UNKNOWN,UNKNOWN,NOT_DEFINED_ANALYTIC_SOURCE,-0.010798057243221668,-0.0020748069492225896,0.000311666320871687
0.031400000000000004,19.729201864543903,0.8796459430051442,0.00018840000000000003,1.0,UNKNOWN,UNKNOWN,UNKNOWN,NOT_DEFINED_ANALYTIC_SOURCE,-0.010787516057785123,-0.0021305942363413575,0.00030010915197161586
0.03145,19.7606177910798,0.9110618695410402,0.0001887,1.0,UNKNOWN,UNKNOWN,UNKNOWN,NOT_DEFINED_ANALYTIC_SOURCE,-0.01077710220313996,-0.0021842530949348128,0.0002882820152967382
0.0315,19.7920337176157,0.9424777960769397,0.000189,1.0,UNKNOWN,UNKNOWN,UNKNOWN,NOT_DEFINED_ANALYTIC_SOURCE,-0.010766856712364496,-0.002235735070399265,0.0002761978102708738
0.03155,19.823449644151598,0.9738937226128392,0.00018930000000000002,1.0,UNKNOWN,UNKNOWN,UNKNOWN,NOT_DEFINED_ANALYTIC_SOURCE,-0.010756819935159357,-0.0022849940476636125,0.0002638694463179324
0.0316,19.854865570687494,1.0053096491487352,0.00018960000000000003,1.0,UNKNOWN,UNKNOWN,UNKNOWN,NOT_DEFINED_ANALYTIC_SOURCE,-0.010747031379865707,-0.002331986255055076,0.0002513098215667956
0.031650000000000005,19.886281497223393,1.0367255756846347,0.00018990000000000004,1.0,UNKNOWN,UNKNOWN,UNKNOWN,NOT_DEFINED_ANALYTIC_SOURCE,-0.010737529559100348,-0.0023766702644705084,0.0002385318038081053
0.0317,19.91769742375929,1.0681415022205307,0.0001902,1.0,UNKNOWN,UNKNOWN,UNKNOWN,NOT_DEFINED_ANALYTIC_SOURCE,-0.010728351839594185,-0.0024190069882370586,0.00022554821377333812
0.03175,19.94911335029519,1.0995574287564303,0.0001905,1.0,UNKNOWN,UNKNOWN,UNKNOWN,NOT_DEFINED_ANALYTIC_SOURCE,-0.010719534296799083,-0.0024589596730594313,0.0002123718107838713
0.0318,19.980529276831085,1.1309733552923262,0.0001908,1.0,UNKNOWN,UNKNOWN,UNKNOWN,NOT_DEFINED_ANALYTIC_SOURCE,-0.010711111574804585,-0.0024964938914600436,0.0001990152807949889
0.03185,20.011945203366984,1.1623892818282258,0.00019110000000000004,1.0,UNKNOWN,UNKNOWN,UNKNOWN,NOT_DEFINED_ANALYTIC_SOURCE,-0.010703116752080912,-0.002531577531123928,0.00018549122683691717
0.031900000000000005,20.043361129902884,1.1938052083641253,0.00019140000000000004,1.0,UNKNOWN,UNKNOWN,UNKNOWN,NOT_DEFINED_ANALYTIC_SOURCE,-0.010695581213538193,-0.0025641807825610395,0.00017181216183236145
0.03195,20.07477705643878,1.2252211349000213,0.0001917,1.0,UNKNOWN,UNKNOWN,UNKNOWN,NOT_DEFINED_ANALYTIC_SOURCE,-0.010688534529364063,-0.002594276125495827,0.00015799050374777353
0.032,20.106192982974676,1.2566370614359172,0.000192,1.0,UNKNOWN,UNKNOWN,UNKNOWN,NOT_DEFINED_ANALYTIC_SOURCE,-0.010682004341072809,-0.0026218383143866504,0.00014403857301388545
0.03205,20.137608909510575,1.2880529879718168,0.0001923,1.0,UNKNOWN,UNKNOWN,UNKNOWN,NOT_DEFINED_ANALYTIC_SOURCE,-0.010676016255169583,-0.00264684436346652,0.00012996859213017936
0.032100000000000004,20.169024836046475,1.3194689145077163,0.00019260000000000002,1.0,UNKNOWN,UNKNOWN,UNKNOWN,NOT_DEFINED_ANALYTIC_SOURCE,-0.010670593744802627,-0.0026692735316815683,0.00011579268734791077
0.032150000000000005,20.200440762582375,1.3508848410436158,0.00019290000000000003,1.0,UNKNOWN,UNKNOWN,UNKNOWN,NOT_DEFINED_ANALYTIC_SOURCE,-0.010665758059745113,-0.002689107307884862,0.0001015228923074065
0.0322,20.231856689118267,1.3823007675795083,0.0001932,1.0,UNKNOWN,UNKNOWN,UNKNOWN,NOT_DEFINED_ANALYTIC_SOURCE,-0.01066152814501683,-0.0027063293966207514,8.71711534877178e-05
0.03225,20.263272615654166,1.4137166941154078,0.00019350000000000001,1.0,UNKNOWN,UNKNOWN,UNKNOWN,NOT_DEFINED_ANALYTIC_SOURCE,-0.0106579205684237,-0.0027209257048092937,7.274933731031574e-05
0.0323,20.294688542190066,1.4451326206513073,0.00019380000000000002,1.0,UNKNOWN,UNKNOWN,UNKNOWN,NOT_DEFINED_ANALYTIC_SOURCE,-0.01065494945726082,-0.0027328843296114606,5.8269238723815354e-05
0.032350000000000004,20.326104468725966,1.4765485471872069,0.00019410000000000003,1.0,UNKNOWN,UNKNOWN,UNKNOWN,NOT_DEFINED_ANALYTIC_SOURCE,-0.010652626444392292,-0.0027421955477243657,4.374259108336502e-05
0.0324,20.357520395261858,1.5079644737230993,0.00019439999999999998,1.0,UNKNOWN,UNKNOWN,UNKNOWN,NOT_DEFINED_ANALYTIC_SOURCE,-0.010650960623888343,-0.002748851806321637,2.9181077126938168e-05
0.03245,20.388936321797758,1.5393804002589988,0.0001947,1.0,UNKNOWN,UNKNOWN,UNKNOWN,NOT_DEFINED_ANALYTIC_SOURCE,-0.010649958516367557,-0.002752847715817971,1.459634084097737e-05
0.0325,20.420352248333657,1.5707963267948983,0.00019500000000000002,1.0,UNKNOWN,UNKNOWN,UNKNOWN,NOT_DEFINED_ANALYTIC_SOURCE,-0.010649624044159159,-0.002754180044598956,5.377642775528102e-17
0.03255,20.451768174869557,1.6022122533307979,0.00019530000000000003,1.0,UNKNOWN,UNKNOWN,UNKNOWN,NOT_DEFINED_ANALYTIC_SOURCE,-0.010649958516367557,-0.0027528477158179727,-1.4596340840869384e-05
0.032600000000000004,20.483184101405456,1.6336281798666974,0.00019560000000000004,1.0,UNKNOWN,UNKNOWN,UNKNOWN,NOT_DEFINED_ANALYTIC_SOURCE,-0.010650960623888345,-0.002748851806321638,-2.9181077126829748e-05
0.03265,20.51460002794135,1.6650441064025898,0.0001959,1.0,UNKNOWN,UNKNOWN,UNKNOWN,NOT_DEFINED_ANALYTIC_SOURCE,-0.010652626444392294,-0.0027421955477243644,-4.374259108325682e-05
0.0327,20.546015954477248,1.6964600329384893,0.0001962,1.0,UNKNOWN,UNKNOWN,UNKNOWN,NOT_DEFINED_ANALYTIC_SOURCE,-0.010654949457260823,-0.0027328843296114606,-5.8269238723707584e-05
0.03275,20.577431881013148,1.7278759594743889,0.0001965,1.0,UNKNOWN,UNKNOWN,UNKNOWN,NOT_DEFINED_ANALYTIC_SOURCE,-0.010657920568423702,-0.002720925704809293,-7.274933731020667e-05
0.0328,20.608847807549047,1.7592918860102884,0.0001968,1.0,UNKNOWN,UNKNOWN,UNKNOWN,NOT_DEFINED_ANALYTIC_SOURCE,-0.010661528145016834,-0.002706329396620751,-8.717115348760938e-05
0.032850000000000004,20.640263734084943,1.7907078125461844,0.00019710000000000002,1.0,UNKNOWN,UNKNOWN,UNKNOWN,NOT_DEFINED_ANALYTIC_SOURCE,-0.010665758059745113,-0.0026891073078848596,-0.00010152289230730025
0.0329,20.67167966062084,1.8221237390820804,0.0001974,1.0,UNKNOWN,UNKNOWN,UNKNOWN,NOT_DEFINED_ANALYTIC_SOURCE,-0.010670593744802628,-0.0026692735316815688,-0.00011579268734780192
0.03295,20.70309558715674,1.85353966561798,0.0001977,1.0,UNKNOWN,UNKNOWN,UNKNOWN,NOT_DEFINED_ANALYTIC_SOURCE,-0.010676016255169589,-0.0026468443634665197,-0.0001299685921300705
0.033,20.734511513692638,1.8849555921538794,0.00019800000000000002,1.0,UNKNOWN,UNKNOWN,UNKNOWN,NOT_DEFINED_ANALYTIC_SOURCE,-0.010682004341072807,-0.0026218383143866496,-0.00014403857301377703
0.03305,20.765927440228534,1.9163715186897754,0.00019830000000000002,1.0,UNKNOWN,UNKNOWN,UNKNOWN,NOT_DEFINED_ANALYTIC_SOURCE,-0.01068853452936407,-0.002594276125495826,-0.0001579905037476649
0.033100000000000004,20.797343366764434,1.947787445225675,0.00019860000000000003,1.0,UNKNOWN,UNKNOWN,UNKNOWN,NOT_DEFINED_ANALYTIC_SOURCE,-0.010695581213538197,-0.0025641807825610343,-0.00017181216183225498
0.03315,20.82875929330033,1.979203371761571,0.0001989,1.0,UNKNOWN,UNKNOWN,UNKNOWN,NOT_DEFINED_ANALYTIC_SOURCE,-0.010703116752080914,-0.0025315775311239254,-0.00018549122683680789
0.0332,20.86017521983623,2.0106192982974704,0.00019920000000000002,1.0,UNKNOWN,UNKNOWN,UNKNOWN,NOT_DEFINED_ANALYTIC_SOURCE,-0.010711111574804586,-0.0024964938914600406,-0.00019901528079488027
0.03325,20.891591146372125,2.0420352248333664,0.00019950000000000002,1.0,UNKNOWN,UNKNOWN,UNKNOWN,NOT_DEFINED_ANALYTIC_SOURCE,-0.010719534296799088,-0.0024589596730594278,-0.00021237181078376157
0.0333,20.923007072908025,2.073451151369266,0.00019980000000000003,1.0,UNKNOWN,UNKNOWN,UNKNOWN,NOT_DEFINED_ANALYTIC_SOURCE,-0.01072835183959419,-0.002419006988237056,-0.00022554821377322948
0.033350000000000005,20.954422999443924,2.1048670779051655,0.00020010000000000004,1.0,UNKNOWN,UNKNOWN,UNKNOWN,NOT_DEFINED_ANALYTIC_SOURCE,-0.010737529559100352,-0.0023766702644705,-0.00023853180380799732
0.0334,20.98583892597982,2.1362830044410615,0.0002004,1.0,UNKNOWN,UNKNOWN,UNKNOWN,NOT_DEFINED_ANALYTIC_SOURCE,-0.010747031379865716,-0.002331986255055073,-0.00025130982156668655
0.03345,21.017254852515716,2.1676989309769574,0.0002007,1.0,UNKNOWN,UNKNOWN,UNKNOWN,NOT_DEFINED_ANALYTIC_SOURCE,-0.010756819935159359,-0.00228499404766361,-0.0002638694463178229
0.0335,21.048670779051616,2.199114857512857,0.000201,1.0,UNKNOWN,UNKNOWN,UNKNOWN,NOT_DEFINED_ANALYTIC_SOURCE,-0.010766856712364499,-0.0022357350703992624,-0.00027619781027076384
0.03355,21.080086705587515,2.2305307840487565,0.00020130000000000001,1.0,UNKNOWN,UNKNOWN,UNKNOWN,NOT_DEFINED_ANALYTIC_SOURCE,-0.010777102203139963,-0.002184253094934809,-0.00028828201529662893
0.033600000000000005,21.111502632123415,2.261946710584656,0.00020160000000000002,1.0,UNKNOWN,UNKNOWN,UNKNOWN,NOT_DEFINED_ANALYTIC_SOURCE,-0.010787516057785128,-0.0021305942363413475,-0.00030010915197150765
0.03365,21.142918558659307,2.2933626371205484,0.0002019,1.0,UNKNOWN,UNKNOWN,UNKNOWN,NOT_DEFINED_ANALYTIC_SOURCE,-0.010798057243221675,-0.0020748069492225866,-0.00031166632087157795
0.0337,21.174334485195207,2.324778563656448,0.0002022,1.0,UNKNOWN,UNKNOWN,UNKNOWN,NOT_DEFINED_ANALYTIC_SOURCE,-0.01080868420398606,-0.0020169420197880383,-0.00032294065602761404
0.03375,21.205750411731106,2.3561944901923475,0.00020250000000000002,1.0,UNKNOWN,UNKNOWN,UNKNOWN,NOT_DEFINED_ANALYTIC_SOURCE,-0.010819355025609174,-0.0019570525535195747,-0.0003339193504247129
0.033800000000000004,21.237166338267006,2.387610416728247,0.00020280000000000002,1.0,UNKNOWN,UNKNOWN,UNKNOWN,NOT_DEFINED_ANALYTIC_SOURCE,-0.010830027599744614,-0.0018951939581097422,-0.0003445896834124089
0.033850000000000005,21.268582264802905,2.4190263432641466,0.00020310000000000003,1.0,UNKNOWN,UNKNOWN,UNKNOWN,NOT_DEFINED_ANALYTIC_SOURCE,-0.010840659790394678,-0.0018314239213784065,-0.0003549390498704748
0.0339,21.299998191338798,2.450442269800039,0.0002034,1.0,UNKNOWN,UNKNOWN,UNKNOWN,NOT_DEFINED_ANALYTIC_SOURCE,-0.010851209600573212,-0.0017658023839046007,-0.00036495499095725225
0.03395,21.331414117874697,2.4818581963359385,0.00020370000000000002,1.0,UNKNOWN,UNKNOWN,UNKNOWN,NOT_DEFINED_ANALYTIC_SOURCE,-0.010861635338737685,-0.0016983915061439029,-0.0003746252262501336
0.034,21.362830044410597,2.513274122871838,0.00020400000000000003,1.0,UNKNOWN,UNKNOWN,UNKNOWN,NOT_DEFINED_ANALYTIC_SOURCE,-0.010871895784318755,-0.001629255629837664,-0.0003839376870722086
0.034050000000000004,21.394245970946496,2.5446900494077376,0.00020430000000000003,1.0,UNKNOWN,UNKNOWN,UNKNOWN,NOT_DEFINED_ANALYTIC_SOURCE,-0.01088195035167467,-0.0015584612335577026,-0.0003928805507852212
0.0341,21.42566189748239,2.57610597594363,0.00020459999999999999,1.0,UNKNOWN,UNKNOWN,UNKNOWN,NOT_DEFINED_ANALYTIC_SOURCE,-0.010891759251799927,-0.0014860768822701398,-0.0004014422758168972
0.03415,21.45707782401829,2.6075219024795295,0.0002049,1.0,UNKNOWN,UNKNOWN,UNKNOWN,NOT_DEFINED_ANALYTIC_SOURCE,-0.010901283651122888,-0.0014121731708423837,-0.0004096116371806822
0.0342,21.488493750554188,2.638937829015429,0.0002052,1.0,UNKNOWN,UNKNOWN,UNKNOWN,NOT_DEFINED_ANALYTIC_SOURCE,-0.010910485826735553,-0.0013368226614596107,-0.0004173777622378744
0.03425,21.519909677090084,2.670353755551325,0.0002055,1.0,UNKNOWN,UNKNOWN,UNKNOWN,NOT_DEFINED_ANALYTIC_SOURCE,-0.010919329317410078,-0.0012600998149587637,-0.00042473016644648453
0.034300000000000004,21.551325603625983,2.7017696820872246,0.00020580000000000004,1.0,UNKNOWN,UNKNOWN,UNKNOWN,NOT_DEFINED_ANALYTIC_SOURCE,-0.010927779069771573,-0.0011820809161312805,-0.00043165878883747073
0.03435,21.58274153016188,2.7331856086231205,0.0002061,1.0,UNKNOWN,UNKNOWN,UNKNOWN,NOT_DEFINED_ANALYTIC_SOURCE,-0.010935801579014243,-0.0011028439930879585,-0.0004381540269578605
0.0344,21.61415745669778,2.76460153515902,0.0002064,1.0,UNKNOWN,UNKNOWN,UNKNOWN,NOT_DEFINED_ANALYTIC_SOURCE,-0.010943365023568935,-0.0010224687308210733,-0.0004442067710212971
0.03445,21.645573383233675,2.796017461694916,0.0002067,1.0,UNKNOWN,UNKNOWN,UNKNOWN,NOT_DEFINED_ANALYTIC_SOURCE,-0.010950439393153552,-0.0009410363791403399,-0.0004498084370099832
0.0345,21.676989309769574,2.8274333882308156,0.00020700000000000002,1.0,UNKNOWN,UNKNOWN,UNKNOWN,NOT_DEFINED_ANALYTIC_SOURCE,-0.010956996609664421,-0.0008586296551986032,-0.000454950998477741
0.034550000000000004,21.708405236305474,2.858849314766715,0.00020730000000000002,1.0,UNKNOWN,UNKNOWN,UNKNOWN,NOT_DEFINED_ANALYTIC_SOURCE,-0.010963010640395754,-0.0007753326408620607,-0.0004596270168118204
0.0346,21.73982116284137,2.890265241302611,0.0002076,1.0,UNKNOWN,UNKNOWN,UNKNOWN,NOT_DEFINED_ANALYTIC_SOURCE,-0.010968457603105684,-0.0006912306752157748,-0.0004638296697213732
0.03465,21.771237089377266,2.921681167838507,0.0002079,1.0,UNKNOWN,UNKNOWN,UNKNOWN,NOT_DEFINED_ANALYTIC_SOURCE,-0.010973315862481544,-0.000606410242530027,-0.0004675527777327445
0.0347,21.802653015913165,2.9530970943744066,0.00020820000000000002,1.0,UNKNOWN,UNKNOWN,UNKNOWN,NOT_DEFINED_ANALYTIC_SOURCE,-0.010977566117592806,-0.0005209588560450794,-0.00047079082848608747
0.03475,21.834068942449065,2.984513020910306,0.00020850000000000003,1.0,UNKNOWN,UNKNOWN,UNKNOWN,NOT_DEFINED_ANALYTIC_SOURCE,-0.010981191479958245,-0.0004349649379613615,-0.0004735389986439977
0.034800000000000005,21.865484868984964,3.0159289474462057,0.00020880000000000003,1.0,UNKNOWN,UNKNOWN,UNKNOWN,NOT_DEFINED_ANALYTIC_SOURCE,-0.010984177541893531,-0.0003485176960488506,-0.00047579317324079494
0.03485,21.896900795520857,3.047344873982098,0.0002091,1.0,UNKNOWN,UNKNOWN,UNKNOWN,NOT_DEFINED_ANALYTIC_SOURCE,-0.010986512434846865,-0.00026170699731336303,-0.00047754996232060023
0.0349,21.928316722056756,3.0787608005179976,0.0002094,1.0,UNKNOWN,UNKNOWN,UNKNOWN,NOT_DEFINED_ANALYTIC_SOURCE,-0.010988186877472798,-0.00017462323917789385,-0.00047880671473328256
0.03495,21.959732648592656,3.110176727053897,0.00020970000000000003,1.0,UNKNOWN,UNKNOWN,UNKNOWN,NOT_DEFINED_ANALYTIC_SOURCE,-0.010989194213238374,-8.735721865506154e-05,-0.0004795615289794257
0.035,21.991148575128555,3.1415926535897967,0.00021000000000000004,1.0,UNKNOWN,UNKNOWN,UNKNOWN,NOT_DEFINED_ANALYTIC_SOURCE,-0.010989530437400438,-9.665662367708272e-17,-0.00047981326101864024
0.035050000000000005,22.022564501664455,3.173008580125696,0.00021030000000000004,1.0,UNKNOWN,UNKNOWN,UNKNOWN,NOT_DEFINED_ANALYTIC_SOURCE,-0.010989194213238374,8.73572186548675e-05,-0.00047956152897942524
0.0351,22.053980428200347,3.2044245066615886,0.0002106,1.0,UNKNOWN,UNKNOWN,UNKNOWN,NOT_DEFINED_ANALYTIC_SOURCE,-0.0109881868774728,0.00017462323917767959,-0.00047880671473328343
0.03515,22.085396354736247,3.235840433197488,0.0002109,1.0,UNKNOWN,UNKNOWN,UNKNOWN,NOT_DEFINED_ANALYTIC_SOURCE,-0.01098651243484687,0.0002617069973131497,-0.00047754996232060067
0.0352,22.116812281272146,3.2672563597333877,0.0002112,1.0,UNKNOWN,UNKNOWN,UNKNOWN,NOT_DEFINED_ANALYTIC_SOURCE,-0.01098417754189354,0.0003485176960486575,-0.0004757931732407945
0.035250000000000004,22.148228207808046,3.298672286269287,0.00021150000000000002,1.0,UNKNOWN,UNKNOWN,UNKNOWN,NOT_DEFINED_ANALYTIC_SOURCE,-0.010981191479958251,0.0004349649379611679,-0.0004735389986439977
0.035300000000000005,22.179644134343942,3.330088212805183,0.00021180000000000003,1.0,UNKNOWN,UNKNOWN,UNKNOWN,NOT_DEFINED_ANALYTIC_SOURCE,-0.010977566117592815,0.0005209588560448758,-0.00047079082848608747
0.03535,22.211060060879838,3.361504139341079,0.0002121,1.0,UNKNOWN,UNKNOWN,UNKNOWN,NOT_DEFINED_ANALYTIC_SOURCE,-0.010973315862481558,0.0006064102425298139,-0.0004675527777327441
0.0354,22.242475987415737,3.3929200658769787,0.0002124,1.0,UNKNOWN,UNKNOWN,UNKNOWN,NOT_DEFINED_ANALYTIC_SOURCE,-0.0109684576031057,0.0006912306752155714,-0.00046382966972137235
0.03545,22.273891913951637,3.4243359924128782,0.00021270000000000002,1.0,UNKNOWN,UNKNOWN,UNKNOWN,NOT_DEFINED_ANALYTIC_SOURCE,-0.010963010640395772,0.000775332640861867,-0.00045962701681181994
0.035500000000000004,22.305307840487533,3.455751918948774,0.00021300000000000003,1.0,UNKNOWN,UNKNOWN,UNKNOWN,NOT_DEFINED_ANALYTIC_SOURCE,-0.010956996609664435,0.000858629655198399,-0.000454950998477741
0.03555,22.33672376702343,3.48716784548467,0.00021329999999999998,1.0,UNKNOWN,UNKNOWN,UNKNOWN,NOT_DEFINED_ANALYTIC_SOURCE,-0.010950439393153568,0.0009410363791401271,-0.0004498084370099828
0.0356,22.36813969355933,3.5185837720205697,0.00021360000000000001,1.0,UNKNOWN,UNKNOWN,UNKNOWN,NOT_DEFINED_ANALYTIC_SOURCE,-0.010943365023568956,0.0010224687308208707,-0.0004442067710212958
0.03565,22.399555620095228,3.5499996985564692,0.00021390000000000002,1.0,UNKNOWN,UNKNOWN,UNKNOWN,NOT_DEFINED_ANALYTIC_SOURCE,-0.010935801579014266,0.001102843993087755,-0.0004381540269578609
0.0357,22.430971546631124,3.581415625092365,0.00021420000000000003,1.0,UNKNOWN,UNKNOWN,UNKNOWN,NOT_DEFINED_ANALYTIC_SOURCE,-0.010927779069771592,0.001182080916131077,-0.00043165878883747117
0.035750000000000004,22.462387473167023,3.6128315516282647,0.00021450000000000004,1.0,UNKNOWN,UNKNOWN,UNKNOWN,NOT_DEFINED_ANALYTIC_SOURCE,-0.010919329317410102,0.0012600998149585613,-0.00042473016644648367
0.0358,22.49380339970292,3.6442474781641607,0.0002148,1.0,UNKNOWN,UNKNOWN,UNKNOWN,NOT_DEFINED_ANALYTIC_SOURCE,-0.010910485826735577,0.0013368226614594077,-0.00041737776223787484
0.03585,22.52521932623882,3.6756634047000603,0.0002151,1.0,UNKNOWN,UNKNOWN,UNKNOWN,NOT_DEFINED_ANALYTIC_SOURCE,-0.010901283651122914,0.001412173170842181,-0.0004096116371806822
0.0359,22.556635252774715,3.7070793312359562,0.0002154,1.0,UNKNOWN,UNKNOWN,UNKNOWN,NOT_DEFINED_ANALYTIC_SOURCE,-0.010891759251799952,0.0014860768822699277,-0.0004014422758168981
0.03595,22.588051179310614,3.7384952577718558,0.0002157,1.0,UNKNOWN,UNKNOWN,UNKNOWN,NOT_DEFINED_ANALYTIC_SOURCE,-0.010881950351674698,0.0015584612335575079,-0.00039288055078521905
0.036000000000000004,22.619467105846514,3.7699111843077553,0.00021600000000000002,1.0,UNKNOWN,UNKNOWN,UNKNOWN,NOT_DEFINED_ANALYTIC_SOURCE,-0.010871895784318783,0.0016292556298374693,-0.0003839376870722086
0.03605,22.65088303238241,3.8013271108436513,0.0002163,1.0,UNKNOWN,UNKNOWN,UNKNOWN,NOT_DEFINED_ANALYTIC_SOURCE,-0.010861635338737716,0.0016983915061437014,-0.00037462522625013317
0.0361,22.682298958918306,3.8327430373795472,0.0002166,1.0,UNKNOWN,UNKNOWN,UNKNOWN,NOT_DEFINED_ANALYTIC_SOURCE,-0.010851209600573243,0.0017658023839043917,-0.0003649549909572531
0.03615,22.713714885454205,3.8641589639154468,0.00021690000000000001,1.0,UNKNOWN,UNKNOWN,UNKNOWN,NOT_DEFINED_ANALYTIC_SOURCE,-0.01084065979039471,0.0018314239213782122,-0.00035493904987047306
0.0362,22.745130811990105,3.8955748904513463,0.00021720000000000002,1.0,UNKNOWN,UNKNOWN,UNKNOWN,NOT_DEFINED_ANALYTIC_SOURCE,-0.010830027599744649,0.0018951939581095464,-0.00034458968341240714
0.036250000000000004,22.776546738526005,3.926990816987246,0.00021750000000000003,1.0,UNKNOWN,UNKNOWN,UNKNOWN,NOT_DEFINED_ANALYTIC_SOURCE,-0.010819355025609212,0.001957052553519379,-0.0003339193504247116
0.0363,22.807962665061897,3.9584067435231383,0.0002178,1.0,UNKNOWN,UNKNOWN,UNKNOWN,NOT_DEFINED_ANALYTIC_SOURCE,-0.010808684203986101,0.0020169420197878314,-0.00032294065602761447
0.03635,22.839378591597796,3.989822670059038,0.00021810000000000002,1.0,UNKNOWN,UNKNOWN,UNKNOWN,NOT_DEFINED_ANALYTIC_SOURCE,-0.010798057243221713,0.0020748069492223793,-0.0003116663208715788
0.0364,22.870794518133696,4.021238596594937,0.00021840000000000002,1.0,UNKNOWN,UNKNOWN,UNKNOWN,NOT_DEFINED_ANALYTIC_SOURCE,-0.010787516057785166,0.0021305942363411537,-0.0003001091519715055
0.03645,22.902210444669596,4.052654523130837,0.00021870000000000003,1.0,UNKNOWN,UNKNOWN,UNKNOWN,NOT_DEFINED_ANALYTIC_SOURCE,-0.01077710220314,0.0021842530949346133,-0.0002882820152966263
0.036500000000000005,22.933626371205495,4.084070449666736,0.00021900000000000004,1.0,UNKNOWN,UNKNOWN,UNKNOWN,NOT_DEFINED_ANALYTIC_SOURCE,-0.010766856712364539,0.0022357350703990663,-0.0002761978102707621
0.03655,22.965042297741388,4.115486376202629,0.0002193,1.0,UNKNOWN,UNKNOWN,UNKNOWN,NOT_DEFINED_ANALYTIC_SOURCE,-0.010756819935159404,0.002284994047663404,-0.00026386944631782375
0.0366,22.996458224277287,4.146902302738528,0.0002196,1.0,UNKNOWN,UNKNOWN,UNKNOWN,NOT_DEFINED_ANALYTIC_SOURCE,-0.010747031379865758,0.002331986255054871,-0.0002513098215666861
0.03665,23.027874150813187,4.178318229274428,0.0002199,1.0,UNKNOWN,UNKNOWN,UNKNOWN,NOT_DEFINED_ANALYTIC_SOURCE,-0.010737529559100397,0.0023766702644703037,-0.00023853180380799558
0.0367,23.059290077349086,4.209734155810327,0.0002202,1.0,UNKNOWN,UNKNOWN,UNKNOWN,NOT_DEFINED_ANALYTIC_SOURCE,-0.01072835183959423,0.0024190069882368596,-0.0002255482137732273
0.036750000000000005,23.090706003884982,4.241150082346223,0.00022050000000000005,1.0,UNKNOWN,UNKNOWN,UNKNOWN,NOT_DEFINED_ANALYTIC_SOURCE,-0.010719534296799133,0.0024589596730592283,-0.00021237181078376157
0.0368,23.122121930420878,4.272566008882119,0.0002208,1.0,UNKNOWN,UNKNOWN,UNKNOWN,NOT_DEFINED_ANALYTIC_SOURCE,-0.010711111574804635,0.0024964938914598393,-0.00019901528079487984
0.03685,23.153537856956778,4.303981935418019,0.0002211,1.0,UNKNOWN,UNKNOWN,UNKNOWN,NOT_DEFINED_ANALYTIC_SOURCE,-0.010703116752080962,0.002531577531123724,-0.00018549122683680702
0.0369,23.184953783492677,4.335397861953918,0.00022140000000000001,1.0,UNKNOWN,UNKNOWN,UNKNOWN,NOT_DEFINED_ANALYTIC_SOURCE,-0.010695581213538245,0.002564180782560837,-0.00017181216183225238
0.036950000000000004,23.216369710028573,4.366813788489814,0.00022170000000000002,1.0,UNKNOWN,UNKNOWN,UNKNOWN,NOT_DEFINED_ANALYTIC_SOURCE,-0.010688534529364115,0.0025942761254956243,-0.00015799050374766446
0.037000000000000005,23.247785636564473,4.398229715025714,0.00022200000000000003,1.0,UNKNOWN,UNKNOWN,UNKNOWN,NOT_DEFINED_ANALYTIC_SOURCE,-0.010682004341072856,0.002621838314386451,-0.00014403857301377486
0.03705,23.27920156310037,4.42964564156161,0.0002223,1.0,UNKNOWN,UNKNOWN,UNKNOWN,NOT_DEFINED_ANALYTIC_SOURCE,-0.010676016255169639,0.0026468443634663184,-0.00012996859213007007
0.0371,23.310617489636268,4.461061568097509,0.00022260000000000002,1.0,UNKNOWN,UNKNOWN,UNKNOWN,NOT_DEFINED_ANALYTIC_SOURCE,-0.01067059374480268,0.002669273531681367,-0.00011579268734780105
0.03715,23.342033416172164,4.492477494633405,0.00022290000000000002,1.0,UNKNOWN,UNKNOWN,UNKNOWN,NOT_DEFINED_ANALYTIC_SOURCE,-0.010665758059745161,0.002689107307884658,-0.00010152289230729939
0.037200000000000004,23.373449342708064,4.523893421169305,0.00022320000000000003,1.0,UNKNOWN,UNKNOWN,UNKNOWN,NOT_DEFINED_ANALYTIC_SOURCE,-0.01066152814501688,0.0027063293966205514,-8.717115348760721e-05
0.03725,23.40486526924396,4.555309347705201,0.00022349999999999998,1.0,UNKNOWN,UNKNOWN,UNKNOWN,NOT_DEFINED_ANALYTIC_SOURCE,-0.010657920568423754,0.002720925704809091,-7.274933731020667e-05
0.0373,23.43628119577986,4.5867252742411,0.0002238,1.0,UNKNOWN,UNKNOWN,UNKNOWN,NOT_DEFINED_ANALYTIC_SOURCE,-0.010654949457260875,0.0027328843296112585,-5.826923872370715e-05
0.03735,23.467697122315755,4.618141200776996,0.0002241,1.0,UNKNOWN,UNKNOWN,UNKNOWN,NOT_DEFINED_ANALYTIC_SOURCE,-0.010652626444392348,0.002742195547724163,-4.374259108325812e-05
0.0374,23.499113048851655,4.649557127312896,0.00022440000000000003,1.0,UNKNOWN,UNKNOWN,UNKNOWN,NOT_DEFINED_ANALYTIC_SOURCE,-0.010650960623888397,0.002748851806321437,-2.918107712682758e-05
0.037450000000000004,23.530528975387554,4.6809730538487955,0.00022470000000000004,1.0,UNKNOWN,UNKNOWN,UNKNOWN,NOT_DEFINED_ANALYTIC_SOURCE,-0.01064995851636761,0.0027528477158177706,-1.4596340840866782e-05
0.0375,23.56194490192345,4.7123889803846915,0.000225,1.0,UNKNOWN,UNKNOWN,UNKNOWN,NOT_DEFINED_ANALYTIC_SOURCE,-0.010649624044159214,0.002754180044598754,5.5077470362263625e-17
0.03755,23.593360828459346,4.743804906920587,0.0002253,1.0,UNKNOWN,UNKNOWN,UNKNOWN,NOT_DEFINED_ANALYTIC_SOURCE,-0.010649958516367606,0.0027528477158177697,1.459634084097607e-05
0.0376,23.624776754995246,4.775220833456487,0.0002256,1.0,UNKNOWN,UNKNOWN,UNKNOWN,NOT_DEFINED_ANALYTIC_SOURCE,-0.010650960623888397,0.002748851806321436,2.9181077126937734e-05
0.03765,23.656192681531145,4.8066367599923865,0.00022590000000000002,1.0,UNKNOWN,UNKNOWN,UNKNOWN,NOT_DEFINED_ANALYTIC_SOURCE,-0.010652626444392342,0.0027421955477241627,4.374259108336784e-05
0.037700000000000004,23.687608608067045,4.838052686528286,0.00022620000000000002,1.0,UNKNOWN,UNKNOWN,UNKNOWN,NOT_DEFINED_ANALYTIC_SOURCE,-0.010654949457260874,0.0027328843296112564,5.826923872381817e-05
0.03775,23.719024534602937,4.869468613064178,0.0002265,1.0,UNKNOWN,UNKNOWN,UNKNOWN,NOT_DEFINED_ANALYTIC_SOURCE,-0.010657920568423752,0.002720925704809092,7.274933731031465e-05
0.0378,23.750440461138837,4.900884539600078,0.0002268,1.0,UNKNOWN,UNKNOWN,UNKNOWN,NOT_DEFINED_ANALYTIC_SOURCE,-0.01066152814501688,0.00270632939662055,8.717115348771693e-05
0.03785,23.781856387674736,4.9323004661359775,0.00022710000000000002,1.0,UNKNOWN,UNKNOWN,UNKNOWN,NOT_DEFINED_ANALYTIC_SOURCE,-0.010665758059745161,0.002689107307884657,0.00010152289230740954
0.0379,23.813272314210636,4.963716392671877,0.00022740000000000003,1.0,UNKNOWN,UNKNOWN,UNKNOWN,NOT_DEFINED_ANALYTIC_SOURCE,-0.010670593744802682,0.002669273531681363,0.0001157926873479125
0.037950000000000005,23.844688240746535,4.995132319207777,0.00022770000000000003,1.0,UNKNOWN,UNKNOWN,UNKNOWN,NOT_DEFINED_ANALYTIC_SOURCE,-0.010676016255169635,0.0026468443634663145,0.0001299685921301824
0.038,23.876104167282428,5.026548245743669,0.000228,1.0,UNKNOWN,UNKNOWN,UNKNOWN,NOT_DEFINED_ANALYTIC_SOURCE,-0.010682004341072856,0.002621838314386449,0.00014403857301388458
0.03805,23.907520093818327,5.0579641722795685,0.00022830000000000002,1.0,UNKNOWN,UNKNOWN,UNKNOWN,NOT_DEFINED_ANALYTIC_SOURCE,-0.010688534529364113,0.002594276125495622,0.00015799050374777418
0.0381,23.938936020354227,5.089380098815468,0.00022860000000000003,1.0,UNKNOWN,UNKNOWN,UNKNOWN,NOT_DEFINED_ANALYTIC_SOURCE,-0.010695581213538244,0.002564180782560831,0.0001718121618323647
0.03815,23.970351946890126,5.120796025351368,0.00022890000000000003,1.0,UNKNOWN,UNKNOWN,UNKNOWN,NOT_DEFINED_ANALYTIC_SOURCE,-0.010703116752080959,0.002531577531123718,0.0001854912268369189
0.038200000000000005,24.001767873426022,5.1522119518872636,0.00022920000000000004,1.0,UNKNOWN,UNKNOWN,UNKNOWN,NOT_DEFINED_ANALYTIC_SOURCE,-0.010711111574804633,0.002496493891459837,0.00019901528079498956
0.03825,24.03318379996192,5.1836278784231595,0.0002295,1.0,UNKNOWN,UNKNOWN,UNKNOWN,NOT_DEFINED_ANALYTIC_SOURCE,-0.010719534296799131,0.0024589596730592253,0.0002123718107838713
0.0383,24.064599726497818,5.215043804959059,0.0002298,1.0,UNKNOWN,UNKNOWN,UNKNOWN,NOT_DEFINED_ANALYTIC_SOURCE,-0.010728351839594231,0.0024190069882368517,0.0002255482137733392
0.03835,24.096015653033717,5.246459731494959,0.0002301,1.0,UNKNOWN,UNKNOWN,UNKNOWN,NOT_DEFINED_ANALYTIC_SOURCE,-0.010737529559100394,0.0023766702644702964,0.00023853180380810747
0.038400000000000004,24.127431579569613,5.277875658030855,0.00023040000000000002,1.0,UNKNOWN,UNKNOWN,UNKNOWN,NOT_DEFINED_ANALYTIC_SOURCE,-0.010747031379865754,0.002331986255054869,0.00025130982156679627
0.038450000000000005,24.158847506105513,5.309291584566754,0.00023070000000000002,1.0,UNKNOWN,UNKNOWN,UNKNOWN,NOT_DEFINED_ANALYTIC_SOURCE,-0.0107568199351594,0.0022849940476634017,0.0002638694463179339
0.0385,24.19026343264141,5.34070751110265,0.000231,1.0,UNKNOWN,UNKNOWN,UNKNOWN,NOT_DEFINED_ANALYTIC_SOURCE,-0.010766856712364539,0.0022357350703990577,0.000276197810270874
0.03855,24.22167935917731,5.37212343763855,0.0002313,1.0,UNKNOWN,UNKNOWN,UNKNOWN,NOT_DEFINED_ANALYTIC_SOURCE,-0.010777102203140002,0.002184253094934605,0.00028828201529673865
0.0386,24.253095285713204,5.403539364174446,0.00023160000000000002,1.0,UNKNOWN,UNKNOWN,UNKNOWN,NOT_DEFINED_ANALYTIC_SOURCE,-0.010787516057785168,0.0021305942363411506,0.0003001091519716165
0.038650000000000004,24.284511212249104,5.434955290710345,0.00023190000000000003,1.0,UNKNOWN,UNKNOWN,UNKNOWN,NOT_DEFINED_ANALYTIC_SOURCE,-0.010798057243221708,0.002074806949222376,0.00031166632087168984
0.038700000000000005,24.315927138785003,5.466371217246245,0.00023220000000000003,1.0,UNKNOWN,UNKNOWN,UNKNOWN,NOT_DEFINED_ANALYTIC_SOURCE,-0.010808684203986101,0.002016942019787829,0.0003229406560277259
0.03875,24.3473430653209,5.497787143782141,0.0002325,1.0,UNKNOWN,UNKNOWN,UNKNOWN,NOT_DEFINED_ANALYTIC_SOURCE,-0.010819355025609205,0.0019570525535193687,0.00033391935042482394
0.0388,24.378758991856795,5.529203070318037,0.00023280000000000002,1.0,UNKNOWN,UNKNOWN,UNKNOWN,NOT_DEFINED_ANALYTIC_SOURCE,-0.010830027599744642,0.0018951939581095434,0.00034458968341251773
0.03885,24.410174918392695,5.560618996853936,0.00023310000000000003,1.0,UNKNOWN,UNKNOWN,UNKNOWN,NOT_DEFINED_ANALYTIC_SOURCE,-0.010840659790394709,0.0018314239213782079,0.0003549390498705841
0.038900000000000004,24.441590844928594,5.592034923389836,0.00023340000000000004,1.0,UNKNOWN,UNKNOWN,UNKNOWN,NOT_DEFINED_ANALYTIC_SOURCE,-0.01085120960057324,0.0017658023839043878,0.0003649549909573646
0.03895,24.473006771464487,5.623450849925728,0.0002337,1.0,UNKNOWN,UNKNOWN,UNKNOWN,NOT_DEFINED_ANALYTIC_SOURCE,-0.010861635338737711,0.0016983915061437051,0.0003746252262502446
0.039,24.504422698000386,5.654866776461628,0.000234,1.0,UNKNOWN,UNKNOWN,UNKNOWN,NOT_DEFINED_ANALYTIC_SOURCE,-0.01087189578431878,0.0016292556298374654,0.0003839376870723194
0.03905,24.535838624536286,5.686282702997527,0.0002343,1.0,UNKNOWN,UNKNOWN,UNKNOWN,NOT_DEFINED_ANALYTIC_SOURCE,-0.010881950351674692,0.0015584612335575046,0.00039288055078533115
0.0391,24.567254551072185,5.717698629533427,0.0002346,1.0,UNKNOWN,UNKNOWN,UNKNOWN,NOT_DEFINED_ANALYTIC_SOURCE,-0.010891759251799948,0.0014860768822699236,0.0004014422758170102
0.039150000000000004,24.598670477608085,5.749114556069326,0.00023490000000000002,1.0,UNKNOWN,UNKNOWN,UNKNOWN,NOT_DEFINED_ANALYTIC_SOURCE,-0.010901283651122912,0.0014121731708421682,0.0004096116371807945
0.0392,24.630086404143977,5.780530482605219,0.0002352,1.0,UNKNOWN,UNKNOWN,UNKNOWN,NOT_DEFINED_ANALYTIC_SOURCE,-0.01091048582673557,0.0013368226614594116,0.000417377762237985
0.03925,24.661502330679877,5.811946409141118,0.0002355,1.0,UNKNOWN,UNKNOWN,UNKNOWN,NOT_DEFINED_ANALYTIC_SOURCE,-0.010919329317410098,0.0012600998149585568,0.0004247301664465962
0.0393,24.692918257215776,5.843362335677018,0.0002358,1.0,UNKNOWN,UNKNOWN,UNKNOWN,NOT_DEFINED_ANALYTIC_SOURCE,-0.010927779069771586,0.001182080916131073,0.00043165878883758306
0.03935,24.724334183751676,5.874778262212917,0.00023610000000000002,1.0,UNKNOWN,UNKNOWN,UNKNOWN,NOT_DEFINED_ANALYTIC_SOURCE,-0.010935801579014262,0.0011028439930877419,0.00043815402695797346
0.039400000000000004,24.755750110287575,5.906194188748817,0.00023640000000000003,1.0,UNKNOWN,UNKNOWN,UNKNOWN,NOT_DEFINED_ANALYTIC_SOURCE,-0.010943365023568952,0.001022468730820857,0.00044420677102140877
0.03945,24.787166036823468,5.937610115284709,0.0002367,1.0,UNKNOWN,UNKNOWN,UNKNOWN,NOT_DEFINED_ANALYTIC_SOURCE,-0.010950439393153561,0.000941036379140132,0.0004498084370100953
0.0395,24.818581963359367,5.969026041820609,0.00023700000000000001,1.0,UNKNOWN,UNKNOWN,UNKNOWN,NOT_DEFINED_ANALYTIC_SOURCE,-0.010956996609664434,0.0008586296551983954,0.0004549509984778533
0.03955,24.849997889895267,6.000441968356508,0.00023730000000000002,1.0,UNKNOWN,UNKNOWN,UNKNOWN,NOT_DEFINED_ANALYTIC_SOURCE,-0.010963010640395765,0.0007753326408618531,0.0004596270168119327
0.0396,24.881413816431163,6.031857894892404,0.00023760000000000003,1.0,UNKNOWN,UNKNOWN,UNKNOWN,NOT_DEFINED_ANALYTIC_SOURCE,-0.010968457603105695,0.0006912306752155673,0.0004638296697214851
0.039650000000000005,24.912829742967062,6.063273821428304,0.00023790000000000004,1.0,UNKNOWN,UNKNOWN,UNKNOWN,NOT_DEFINED_ANALYTIC_SOURCE,-0.01097331586248155,0.0006064102425298098,0.0004675527777328566
0.0397,24.94424566950296,6.0946897479642,0.0002382,1.0,UNKNOWN,UNKNOWN,UNKNOWN,NOT_DEFINED_ANALYTIC_SOURCE,-0.01097756611759281,0.0005209588560448715,0.0004707908284861989
0.03975,24.975661596038858,6.126105674500099,0.0002385,1.0,UNKNOWN,UNKNOWN,UNKNOWN,NOT_DEFINED_ANALYTIC_SOURCE,-0.010981191479958246,0.00043496493796115317,0.00047353899864411024
0.0398,25.007077522574754,6.157521601035995,0.0002388,1.0,UNKNOWN,UNKNOWN,UNKNOWN,NOT_DEFINED_ANALYTIC_SOURCE,-0.010984177541893533,0.00034851769604865265,0.00047579317324090596
0.039850000000000003,25.038493449110653,6.188937527571895,0.00023910000000000004,1.0,UNKNOWN,UNKNOWN,UNKNOWN,NOT_DEFINED_ANALYTIC_SOURCE,-0.010986512434846864,0.00026170699731314445,0.000477549962320713
0.039900000000000005,25.069909375646553,6.220353454107794,0.00023940000000000005,1.0,UNKNOWN,UNKNOWN,UNKNOWN,NOT_DEFINED_ANALYTIC_SOURCE,-0.010988186877472796,0.00017462323917767517,0.00047880671473339576
0.03995,25.10132530218245,6.25176938064369,0.0002397,1.0,UNKNOWN,UNKNOWN,UNKNOWN,NOT_DEFINED_ANALYTIC_SOURCE,-0.010989194213238372,8.7357218654854e-05,0.00047956152897953757
0.04,25.132741228718345,0.0,0.00024,1.0,UNKNOWN,UNKNOWN,UNKNOWN,NOT_DEFINED_ANALYTIC_SOURCE,-0.010989530437400434,-1.0158974356189177e-16,0.00047981326101875234
0.04005,25.164157155254244,0.03141592653589953,0.0002403,1.0,UNKNOWN,UNKNOWN,UNKNOWN,NOT_DEFINED_ANALYTIC_SOURCE,-0.010989194213238369,-8.735721865506583e-05,0.00047956152897953757
0.040100000000000004,25.195573081790144,0.06283185307179906,0.00024060000000000002,1.0,UNKNOWN,UNKNOWN,UNKNOWN,NOT_DEFINED_ANALYTIC_SOURCE,-0.010988186877472791,-0.00017462323917789743,0.0004788067147333951
0.040150000000000005,25.226989008326044,0.09424777960769859,0.00024090000000000003,1.0,UNKNOWN,UNKNOWN,UNKNOWN,NOT_DEFINED_ANALYTIC_SOURCE,-0.010986512434846859,-0.00026170699731336693,0.00047754996232071256
0.0402,25.258404934861936,0.12566370614359101,0.0002412,1.0,UNKNOWN,UNKNOWN,UNKNOWN,NOT_DEFINED_ANALYTIC_SOURCE,-0.010984177541893526,-0.0003485176960488556,0.0004757931732409068
0.04025,25.289820861397835,0.15707963267949054,0.00024150000000000002,1.0,UNKNOWN,UNKNOWN,UNKNOWN,NOT_DEFINED_ANALYTIC_SOURCE,-0.010981191479958238,-0.0004349649379613665,0.00047353899864411
0.0403,25.321236787933735,0.18849555921539007,0.00024180000000000002,1.0,UNKNOWN,UNKNOWN,UNKNOWN,NOT_DEFINED_ANALYTIC_SOURCE,-0.010977566117592801,-0.0005209588560450843,0.0004707908284861998
0.040350000000000004,25.352652714469635,0.2199114857512896,0.00024210000000000003,1.0,UNKNOWN,UNKNOWN,UNKNOWN,NOT_DEFINED_ANALYTIC_SOURCE,-0.010973315862481538,-0.0006064102425300319,0.0004675527777328562
0.040400000000000005,25.384068641005534,0.25132741228718913,0.00024240000000000004,1.0,UNKNOWN,UNKNOWN,UNKNOWN,NOT_DEFINED_ANALYTIC_SOURCE,-0.010968457603105681,-0.0006912306752157889,0.00046382966972148467
0.04045,25.415484567541426,0.28274333882308156,0.00024270000000000002,1.0,UNKNOWN,UNKNOWN,UNKNOWN,NOT_DEFINED_ANALYTIC_SOURCE,-0.01096301064039575,-0.0007753326408620651,0.0004596270168119327
0.0405,25.446900494077326,0.3141592653589811,0.00024300000000000002,1.0,UNKNOWN,UNKNOWN,UNKNOWN,NOT_DEFINED_ANALYTIC_SOURCE,-0.010956996609664416,-0.000858629655198608,0.00045495099847785267
0.04055,25.478316420613226,0.3455751918948806,0.00024330000000000003,1.0,UNKNOWN,UNKNOWN,UNKNOWN,NOT_DEFINED_ANALYTIC_SOURCE,-0.010950439393153547,-0.0009410363791403439,0.0004498084370100953
0.040600000000000004,25.509732347149125,0.37699111843078015,0.00024360000000000004,1.0,UNKNOWN,UNKNOWN,UNKNOWN,NOT_DEFINED_ANALYTIC_SOURCE,-0.01094336502356893,-0.0010224687308210876,0.0004442067710214068
0.04065,25.541148273685018,0.40840704496667257,0.0002439,1.0,UNKNOWN,UNKNOWN,UNKNOWN,NOT_DEFINED_ANALYTIC_SOURCE,-0.010935801579014241,-0.001102843993087954,0.0004381540269579741
0.0407,25.572564200220917,0.4398229715025721,0.0002442,1.0,UNKNOWN,UNKNOWN,UNKNOWN,NOT_DEFINED_ANALYTIC_SOURCE,-0.010927779069771566,-0.0011820809161312844,0.00043165878883758284
0.04075,25.603980126756817,0.47123889803847163,0.00024450000000000003,1.0,UNKNOWN,UNKNOWN,UNKNOWN,NOT_DEFINED_ANALYTIC_SOURCE,-0.010919329317410072,-0.0012600998149587686,0.0004247301664465951
0.0408,25.635396053292716,0.5026548245743712,0.00024480000000000004,1.0,UNKNOWN,UNKNOWN,UNKNOWN,NOT_DEFINED_ANALYTIC_SOURCE,-0.010910485826735549,-0.001336822661459623,0.00041737776223798565
0.040850000000000004,25.666811979828612,0.5340707511102671,0.00024510000000000005,1.0,UNKNOWN,UNKNOWN,UNKNOWN,NOT_DEFINED_ANALYTIC_SOURCE,-0.01090128365112288,-0.0014121731708423874,0.00040961163718079385
0.0409,25.698227906364508,0.5654866776461631,0.0002454,1.0,UNKNOWN,UNKNOWN,UNKNOWN,NOT_DEFINED_ANALYTIC_SOURCE,-0.010891759251799919,-0.0014860768822701352,0.00040144227581701
0.04095,25.729643832900408,0.5969026041820626,0.0002457,1.0,UNKNOWN,UNKNOWN,UNKNOWN,NOT_DEFINED_ANALYTIC_SOURCE,-0.010881950351674665,-0.0015584612335577143,0.0003928805507853305
0.041,25.761059759436307,0.6283185307179622,0.000246,1.0,UNKNOWN,UNKNOWN,UNKNOWN,NOT_DEFINED_ANALYTIC_SOURCE,-0.010871895784318748,-0.0016292556298376742,0.0003839376870723183
0.04105,25.792475685972203,0.6597344572538582,0.0002463,1.0,UNKNOWN,UNKNOWN,UNKNOWN,NOT_DEFINED_ANALYTIC_SOURCE,-0.01086163533873768,-0.0016983915061439074,0.0003746252262502453
0.041100000000000005,25.823891612508103,0.6911503837897577,0.00024660000000000003,1.0,UNKNOWN,UNKNOWN,UNKNOWN,NOT_DEFINED_ANALYTIC_SOURCE,-0.010851209600573206,-0.0017658023839046046,0.00036495499095736306
0.04115,25.855307539044,0.7225663103256537,0.0002469,1.0,UNKNOWN,UNKNOWN,UNKNOWN,NOT_DEFINED_ANALYTIC_SOURCE,-0.010840659790394672,-0.001831423921378418,0.00035493904987058387
0.0412,25.886723465579898,0.7539822368615532,0.0002472,1.0,UNKNOWN,UNKNOWN,UNKNOWN,NOT_DEFINED_ANALYTIC_SOURCE,-0.010830027599744609,-0.0018951939581097516,0.0003445896834125171
0.04125,25.918139392115794,0.7853981633974492,0.0002475,1.0,UNKNOWN,UNKNOWN,UNKNOWN,NOT_DEFINED_ANALYTIC_SOURCE,-0.01081935502560917,-0.001957052553519577,0.0003339193504248235
0.0413,25.949555318651694,0.8168140899333487,0.0002478,1.0,UNKNOWN,UNKNOWN,UNKNOWN,NOT_DEFINED_ANALYTIC_SOURCE,-0.010808684203986058,-0.0020169420197880435,0.00032294065602772376
0.041350000000000005,25.980971245187593,0.8482300164692482,0.0002481,1.0,UNKNOWN,UNKNOWN,UNKNOWN,NOT_DEFINED_ANALYTIC_SOURCE,-0.010798057243221668,-0.002074806949222589,0.00031166632087168723
0.0414,26.01238717172349,0.8796459430051442,0.0002484,1.0,UNKNOWN,UNKNOWN,UNKNOWN,NOT_DEFINED_ANALYTIC_SOURCE,-0.010787516057785123,-0.0021305942363413575,0.0003001091519716163
0.04145,26.043803098259385,0.9110618695410402,0.00024870000000000003,1.0,UNKNOWN,UNKNOWN,UNKNOWN,NOT_DEFINED_ANALYTIC_SOURCE,-0.01077710220313996,-0.0021842530949348115,0.0002882820152967378
0.0415,26.075219024795285,0.9424777960769397,0.00024900000000000004,1.0,UNKNOWN,UNKNOWN,UNKNOWN,NOT_DEFINED_ANALYTIC_SOURCE,-0.010766856712364496,-0.002235735070399264,0.0002761978102708738
0.041550000000000004,26.106634951331184,0.9738937226128392,0.00024930000000000004,1.0,UNKNOWN,UNKNOWN,UNKNOWN,NOT_DEFINED_ANALYTIC_SOURCE,-0.010756819935159357,-0.002284994047663612,0.0002638694463179326
0.041600000000000005,26.138050877867084,1.0053096491487388,0.00024960000000000005,1.0,UNKNOWN,UNKNOWN,UNKNOWN,NOT_DEFINED_ANALYTIC_SOURCE,-0.010747031379865709,-0.0023319862550550802,0.0002513098215667943
0.04165,26.169466804402976,1.0367255756846312,0.0002499,1.0,UNKNOWN,UNKNOWN,UNKNOWN,NOT_DEFINED_ANALYTIC_SOURCE,-0.01073752955910035,-0.002376670264470502,0.0002385318038081066
0.0417,26.200882730938876,1.0681415022205307,0.0002502,1.0,UNKNOWN,UNKNOWN,UNKNOWN,NOT_DEFINED_ANALYTIC_SOURCE,-0.010728351839594185,-0.002419006988237058,0.00022554821377333855
0.04175,26.232298657474775,1.0995574287564303,0.0002505,1.0,UNKNOWN,UNKNOWN,UNKNOWN,NOT_DEFINED_ANALYTIC_SOURCE,-0.010719534296799083,-0.0024589596730594313,0.00021237181078387173
0.041800000000000004,26.263714584010675,1.1309733552923298,0.0002508,1.0,UNKNOWN,UNKNOWN,UNKNOWN,NOT_DEFINED_ANALYTIC_SOURCE,-0.010711111574804588,-0.002496493891460046,0.0001990152807949874
0.041850000000000005,26.295130510546574,1.1623892818282293,0.00025110000000000003,1.0,UNKNOWN,UNKNOWN,UNKNOWN,NOT_DEFINED_ANALYTIC_SOURCE,-0.01070311675208091,-0.0025315775311239306,0.00018549122683691544
0.0419,26.326546437082467,1.1938052083641217,0.0002514,1.0,UNKNOWN,UNKNOWN,UNKNOWN,NOT_DEFINED_ANALYTIC_SOURCE,-0.010695581213538197,-0.0025641807825610356,0.0001718121618323634
0.04195,26.357962363618366,1.2252211349000213,0.0002517,1.0,UNKNOWN,UNKNOWN,UNKNOWN,NOT_DEFINED_ANALYTIC_SOURCE,-0.010688534529364063,-0.002594276125495827,0.00015799050374777374
0.042,26.389378290154266,1.2566370614359208,0.000252,1.0,UNKNOWN,UNKNOWN,UNKNOWN,NOT_DEFINED_ANALYTIC_SOURCE,-0.010682004341072807,-0.002621838314386654,0.00014403857301388372
0.042050000000000004,26.420794216690165,1.2880529879718203,0.0002523,1.0,UNKNOWN,UNKNOWN,UNKNOWN,NOT_DEFINED_ANALYTIC_SOURCE,-0.010676016255169585,-0.002646844363466524,0.00012996859213017806
0.042100000000000005,26.45221014322606,1.3194689145077163,0.0002526,1.0,UNKNOWN,UNKNOWN,UNKNOWN,NOT_DEFINED_ANALYTIC_SOURCE,-0.010670593744802627,-0.0026692735316815683,0.00011579268734791099
0.04215,26.483626069761957,1.3508848410436123,0.0002529,1.0,UNKNOWN,UNKNOWN,UNKNOWN,NOT_DEFINED_ANALYTIC_SOURCE,-0.01066575805974511,-0.00268910730788486,0.00010152289230740759
0.0422,26.515041996297857,1.3823007675795118,0.00025320000000000003,1.0,UNKNOWN,UNKNOWN,UNKNOWN,NOT_DEFINED_ANALYTIC_SOURCE,-0.01066152814501683,-0.002706329396620753,8.717115348771585e-05
0.04225,26.546457922833756,1.4137166941154113,0.00025350000000000004,1.0,UNKNOWN,UNKNOWN,UNKNOWN,NOT_DEFINED_ANALYTIC_SOURCE,-0.0106579205684237,-0.002720925704809295,7.274933731031422e-05
0.042300000000000004,26.577873849369652,1.4451326206513073,0.00025380000000000004,1.0,UNKNOWN,UNKNOWN,UNKNOWN,NOT_DEFINED_ANALYTIC_SOURCE,-0.01065494945726082,-0.00273288432961146,5.826923872381579e-05
0.04235,26.60928977590555,1.4765485471872033,0.0002541,1.0,UNKNOWN,UNKNOWN,UNKNOWN,NOT_DEFINED_ANALYTIC_SOURCE,-0.010652626444392294,-0.002742195547724367,4.3742591083367624e-05
0.0424,26.640705702441448,1.5079644737231028,0.0002544,1.0,UNKNOWN,UNKNOWN,UNKNOWN,NOT_DEFINED_ANALYTIC_SOURCE,-0.010650960623888343,-0.002748851806321638,2.9181077126936867e-05
0.04245,26.672121628977347,1.5393804002590024,0.0002547,1.0,UNKNOWN,UNKNOWN,UNKNOWN,NOT_DEFINED_ANALYTIC_SOURCE,-0.010649958516367556,-0.002752847715817972,1.4596340840975202e-05
0.0425,26.703537555513243,1.5707963267948983,0.000255,1.0,UNKNOWN,UNKNOWN,UNKNOWN,NOT_DEFINED_ANALYTIC_SOURCE,-0.010649624044159159,-0.002754180044598956,5.377642775528102e-17
0.042550000000000004,26.734953482049143,1.6022122533307979,0.0002553,1.0,UNKNOWN,UNKNOWN,UNKNOWN,NOT_DEFINED_ANALYTIC_SOURCE,-0.010649958516367559,-0.002752847715817973,-1.459634084086895e-05
0.0426,26.76636940858504,1.6336281798666938,0.0002556,1.0,UNKNOWN,UNKNOWN,UNKNOWN,NOT_DEFINED_ANALYTIC_SOURCE,-0.010650960623888343,-0.0027488518063216376,-2.9181077126828447e-05
0.04265,26.79778533512094,1.6650441064025934,0.0002559,1.0,UNKNOWN,UNKNOWN,UNKNOWN,NOT_DEFINED_ANALYTIC_SOURCE,-0.010652626444392296,-0.0027421955477243652,-4.374259108325899e-05
0.0427,26.829201261656834,1.6964600329384893,0.0002562,1.0,UNKNOWN,UNKNOWN,UNKNOWN,NOT_DEFINED_ANALYTIC_SOURCE,-0.01065494945726082,-0.0027328843296114606,-5.826923872370802e-05
0.04275,26.860617188192734,1.7278759594743889,0.0002565,1.0,UNKNOWN,UNKNOWN,UNKNOWN,NOT_DEFINED_ANALYTIC_SOURCE,-0.010657920568423702,-0.002720925704809293,-7.274933731020667e-05
0.042800000000000005,26.892033114728633,1.7592918860102884,0.0002568,1.0,UNKNOWN,UNKNOWN,UNKNOWN,NOT_DEFINED_ANALYTIC_SOURCE,-0.010661528145016834,-0.002706329396620751,-8.717115348760938e-05
0.04285,26.92344904126453,1.7907078125461844,0.0002571,1.0,UNKNOWN,UNKNOWN,UNKNOWN,NOT_DEFINED_ANALYTIC_SOURCE,-0.010665758059745113,-0.0026891073078848596,-0.00010152289230730025
0.0429,26.954864967800425,1.8221237390820804,0.0002574,1.0,UNKNOWN,UNKNOWN,UNKNOWN,NOT_DEFINED_ANALYTIC_SOURCE,-0.010670593744802628,-0.0026692735316815688,-0.00011579268734780192
0.04295,26.986280894336325,1.85353966561798,0.00025770000000000003,1.0,UNKNOWN,UNKNOWN,UNKNOWN,NOT_DEFINED_ANALYTIC_SOURCE,-0.010676016255169589,-0.00264684436346652,-0.00012996859213007007
0.043000000000000003,27.017696820872224,1.8849555921538794,0.00025800000000000004,1.0,UNKNOWN,UNKNOWN,UNKNOWN,NOT_DEFINED_ANALYTIC_SOURCE,-0.010682004341072807,-0.0026218383143866496,-0.00014403857301377703
0.043050000000000005,27.049112747408124,1.916371518689779,0.00025830000000000004,1.0,UNKNOWN,UNKNOWN,UNKNOWN,NOT_DEFINED_ANALYTIC_SOURCE,-0.01068853452936407,-0.002594276125495822,-0.00015799050374766706
0.0431,27.080528673944016,1.9477874452256714,0.0002586,1.0,UNKNOWN,UNKNOWN,UNKNOWN,NOT_DEFINED_ANALYTIC_SOURCE,-0.010695581213538197,-0.002564180782561038,-0.0001718121618322528
0.04315,27.111944600479916,1.979203371761571,0.0002589,1.0,UNKNOWN,UNKNOWN,UNKNOWN,NOT_DEFINED_ANALYTIC_SOURCE,-0.010703116752080914,-0.0025315775311239254,-0.00018549122683680789
0.0432,27.143360527015815,2.0106192982974704,0.0002592,1.0,UNKNOWN,UNKNOWN,UNKNOWN,NOT_DEFINED_ANALYTIC_SOURCE,-0.010711111574804586,-0.0024964938914600406,-0.00019901528079488027
0.043250000000000004,27.174776453551715,2.04203522483337,0.0002595,1.0,UNKNOWN,UNKNOWN,UNKNOWN,NOT_DEFINED_ANALYTIC_SOURCE,-0.010719534296799086,-0.002458959673059424,-0.00021237181078376287
0.043300000000000005,27.206192380087614,2.0734511513692695,0.0002598,1.0,UNKNOWN,UNKNOWN,UNKNOWN,NOT_DEFINED_ANALYTIC_SOURCE,-0.01072835183959419,-0.0024190069882370517,-0.00022554821377323122
0.04335,27.237608306623507,2.104867077905162,0.0002601,1.0,UNKNOWN,UNKNOWN,UNKNOWN,NOT_DEFINED_ANALYTIC_SOURCE,-0.010737529559100352,-0.002376670264470506,-0.00023853180380799515
0.0434,27.269024233159406,2.1362830044410615,0.0002604,1.0,UNKNOWN,UNKNOWN,UNKNOWN,NOT_DEFINED_ANALYTIC_SOURCE,-0.010747031379865712,-0.0023319862550550733,-0.00025130982156668655
0.04345,27.300440159695306,2.167698930976961,0.0002607,1.0,UNKNOWN,UNKNOWN,UNKNOWN,NOT_DEFINED_ANALYTIC_SOURCE,-0.010756819935159359,-0.0022849940476636042,-0.0002638694463178246
0.043500000000000004,27.331856086231205,2.1991148575128605,0.00026100000000000006,1.0,UNKNOWN,UNKNOWN,UNKNOWN,NOT_DEFINED_ANALYTIC_SOURCE,-0.010766856712364499,-0.002235735070399256,-0.00027619781027076514
0.043550000000000005,27.3632720127671,2.2305307840487565,0.00026130000000000006,1.0,UNKNOWN,UNKNOWN,UNKNOWN,NOT_DEFINED_ANALYTIC_SOURCE,-0.010777102203139963,-0.0021842530949348093,-0.0002882820152966285
0.0436,27.394687939302997,2.2619467105846525,0.0002616,1.0,UNKNOWN,UNKNOWN,UNKNOWN,NOT_DEFINED_ANALYTIC_SOURCE,-0.010787516057785126,-0.002130594236341355,-0.0003001091519715059
0.04365,27.426103865838897,2.293362637120552,0.0002619,1.0,UNKNOWN,UNKNOWN,UNKNOWN,NOT_DEFINED_ANALYTIC_SOURCE,-0.010798057243221673,-0.002074806949222581,-0.0003116663208715788
0.0437,27.457519792374796,2.3247785636564515,0.00026220000000000003,1.0,UNKNOWN,UNKNOWN,UNKNOWN,NOT_DEFINED_ANALYTIC_SOURCE,-0.010808684203986061,-0.0020169420197880335,-0.00032294065602761447
0.043750000000000004,27.488935718910692,2.3561944901923475,0.00026250000000000004,1.0,UNKNOWN,UNKNOWN,UNKNOWN,NOT_DEFINED_ANALYTIC_SOURCE,-0.01081935502560917,-0.0019570525535195743,-0.0003339193504247129
0.0438,27.52035164544659,2.3876104167282435,0.0002628,1.0,UNKNOWN,UNKNOWN,UNKNOWN,NOT_DEFINED_ANALYTIC_SOURCE,-0.01083002759974461,-0.001895193958109749,-0.000344589683412408
0.04385,27.551767571982488,2.419026343264143,0.0002631,1.0,UNKNOWN,UNKNOWN,UNKNOWN,NOT_DEFINED_ANALYTIC_SOURCE,-0.010840659790394676,-0.001831423921378413,-0.00035493904987047393
0.0439,27.583183498518387,2.4504422698000425,0.0002634,1.0,UNKNOWN,UNKNOWN,UNKNOWN,NOT_DEFINED_ANALYTIC_SOURCE,-0.010851209600573213,-0.001765802383904594,-0.0003649549909572531
0.04395,27.614599425054283,2.4818581963359385,0.0002637,1.0,UNKNOWN,UNKNOWN,UNKNOWN,NOT_DEFINED_ANALYTIC_SOURCE,-0.010861635338737685,-0.001698391506143904,-0.0003746252262501336
0.044000000000000004,27.646015351590183,2.513274122871838,0.000264,1.0,UNKNOWN,UNKNOWN,UNKNOWN,NOT_DEFINED_ANALYTIC_SOURCE,-0.010871895784318757,-0.001629255629837664,-0.000383937687072209
0.04405,27.67743127812608,2.544690049407734,0.0002643,1.0,UNKNOWN,UNKNOWN,UNKNOWN,NOT_DEFINED_ANALYTIC_SOURCE,-0.01088195035167467,-0.0015584612335577115,-0.0003928805507852195
0.0441,27.70884720466198,2.5761059759436336,0.0002646,1.0,UNKNOWN,UNKNOWN,UNKNOWN,NOT_DEFINED_ANALYTIC_SOURCE,-0.010891759251799927,-0.0014860768822701313,-0.0004014422758168985
0.04415,27.740263131197874,2.6075219024795295,0.00026490000000000004,1.0,UNKNOWN,UNKNOWN,UNKNOWN,NOT_DEFINED_ANALYTIC_SOURCE,-0.010901283651122888,-0.0014121731708423837,-0.0004096116371806826
0.0442,27.771679057733774,2.638937829015429,0.00026520000000000005,1.0,UNKNOWN,UNKNOWN,UNKNOWN,NOT_DEFINED_ANALYTIC_SOURCE,-0.010910485826735554,-0.0013368226614596107,-0.0004173777622378744
0.044250000000000005,27.803094984269674,2.6703537555513286,0.00026550000000000006,1.0,UNKNOWN,UNKNOWN,UNKNOWN,NOT_DEFINED_ANALYTIC_SOURCE,-0.010919329317410076,-0.0012600998149587556,-0.00042473016644648497
0.0443,27.834510910805566,2.701769682087221,0.0002658,1.0,UNKNOWN,UNKNOWN,UNKNOWN,NOT_DEFINED_ANALYTIC_SOURCE,-0.01092777906977157,-0.0011820809161312892,-0.00043165878883747073
0.04435,27.865926837341465,2.7331856086231205,0.0002661,1.0,UNKNOWN,UNKNOWN,UNKNOWN,NOT_DEFINED_ANALYTIC_SOURCE,-0.010935801579014243,-0.0011028439930879591,-0.0004381540269578605
0.0444,27.897342763877365,2.76460153515902,0.0002664,1.0,UNKNOWN,UNKNOWN,UNKNOWN,NOT_DEFINED_ANALYTIC_SOURCE,-0.010943365023568937,-0.0010224687308210748,-0.00044420677102129623
0.04445,27.928758690413265,2.7960174616949196,0.00026670000000000003,1.0,UNKNOWN,UNKNOWN,UNKNOWN,NOT_DEFINED_ANALYTIC_SOURCE,-0.01095043939315355,-0.0009410363791403304,-0.00044980843700998365
0.044500000000000005,27.960174616949164,2.827433388230819,0.00026700000000000004,1.0,UNKNOWN,UNKNOWN,UNKNOWN,NOT_DEFINED_ANALYTIC_SOURCE,-0.010956996609664421,-0.000858629655198594,-0.00045495099847774143
0.04455,27.991590543485056,2.8588493147667116,0.0002673,1.0,UNKNOWN,UNKNOWN,UNKNOWN,NOT_DEFINED_ANALYTIC_SOURCE,-0.010963010640395754,-0.0007753326408620701,-0.0004596270168118208
0.0446,28.023006470020956,2.890265241302611,0.0002676,1.0,UNKNOWN,UNKNOWN,UNKNOWN,NOT_DEFINED_ANALYTIC_SOURCE,-0.010968457603105684,-0.0006912306752157758,-0.00046382966972137365
0.04465,28.054422396556856,2.9216811678385106,0.0002679,1.0,UNKNOWN,UNKNOWN,UNKNOWN,NOT_DEFINED_ANALYTIC_SOURCE,-0.010973315862481544,-0.0006064102425300185,-0.00046755277773274494
0.044700000000000004,28.085838323092755,2.95309709437441,0.0002682,1.0,UNKNOWN,UNKNOWN,UNKNOWN,NOT_DEFINED_ANALYTIC_SOURCE,-0.010977566117592805,-0.00052095885604507,-0.00047079082848608747
0.044750000000000005,28.117254249628655,2.9845130209103097,0.0002685,1.0,UNKNOWN,UNKNOWN,UNKNOWN,NOT_DEFINED_ANALYTIC_SOURCE,-0.010981191479958243,-0.0004349649379613525,-0.0004735389986439977
0.0448,28.148670176164547,3.015928947446202,0.00026880000000000003,1.0,UNKNOWN,UNKNOWN,UNKNOWN,NOT_DEFINED_ANALYTIC_SOURCE,-0.010984177541893535,-0.0003485176960488614,-0.00047579317324079407
0.04485,28.180086102700447,3.0473448739821016,0.00026910000000000004,1.0,UNKNOWN,UNKNOWN,UNKNOWN,NOT_DEFINED_ANALYTIC_SOURCE,-0.010986512434846867,-0.0002617069973133537,-0.00047754996232060067
0.0449,28.211502029236346,3.078760800518001,0.00026940000000000004,1.0,UNKNOWN,UNKNOWN,UNKNOWN,NOT_DEFINED_ANALYTIC_SOURCE,-0.010988186877472795,-0.0001746232391778846,-0.000478806714733283
0.044950000000000004,28.242917955772242,3.110176727053897,0.00026970000000000005,1.0,UNKNOWN,UNKNOWN,UNKNOWN,NOT_DEFINED_ANALYTIC_SOURCE,-0.010989194213238374,-8.73572186550623e-05,-0.0004795615289794257
0.045000000000000005,28.27433388230814,3.1415926535897967,0.00027000000000000006,1.0,UNKNOWN,UNKNOWN,UNKNOWN,NOT_DEFINED_ANALYTIC_SOURCE,-0.010989530437400438,-9.755109046938326e-17,-0.0004798132610186398
0.04505,28.305749808844038,3.1730085801256926,0.0002703,1.0,UNKNOWN,UNKNOWN,UNKNOWN,NOT_DEFINED_ANALYTIC_SOURCE,-0.010989194213238376,8.735721865485674e-05,-0.00047956152897942524
0.0451,28.337165735379937,3.204424506661592,0.0002706,1.0,UNKNOWN,UNKNOWN,UNKNOWN,NOT_DEFINED_ANALYTIC_SOURCE,-0.0109881868774728,0.00017462323917768943,-0.00047880671473328343
0.04515,28.368581661915833,3.235840433197488,0.0002709,1.0,UNKNOWN,UNKNOWN,UNKNOWN,NOT_DEFINED_ANALYTIC_SOURCE,-0.010986512434846872,0.00026170699731314874,-0.00047754996232060023
0.045200000000000004,28.399997588451733,3.2672563597333877,0.00027120000000000003,1.0,UNKNOWN,UNKNOWN,UNKNOWN,NOT_DEFINED_ANALYTIC_SOURCE,-0.01098417754189354,0.0003485176960486569,-0.00047579317324079407
0.045250000000000005,28.431413514987632,3.298672286269287,0.00027150000000000004,1.0,UNKNOWN,UNKNOWN,UNKNOWN,NOT_DEFINED_ANALYTIC_SOURCE,-0.010981191479958251,0.0004349649379611672,-0.00047353899864399727
0.0453,28.462829441523528,3.330088212805183,0.0002718,1.0,UNKNOWN,UNKNOWN,UNKNOWN,NOT_DEFINED_ANALYTIC_SOURCE,-0.010977566117592815,0.0005209588560448748,-0.00047079082848608704
0.04535,28.494245368059424,3.361504139341079,0.0002721,1.0,UNKNOWN,UNKNOWN,UNKNOWN,NOT_DEFINED_ANALYTIC_SOURCE,-0.010973315862481558,0.000606410242529813,-0.0004675527777327445
0.0454,28.525661294595324,3.3929200658769787,0.0002724,1.0,UNKNOWN,UNKNOWN,UNKNOWN,NOT_DEFINED_ANALYTIC_SOURCE,-0.0109684576031057,0.0006912306752155706,-0.00046382966972137235
0.045450000000000004,28.557077221131223,3.4243359924128782,0.0002727,1.0,UNKNOWN,UNKNOWN,UNKNOWN,NOT_DEFINED_ANALYTIC_SOURCE,-0.010963010640395772,0.0007753326408618666,-0.0004596270168118204
0.0455,28.58849314766712,3.455751918948774,0.000273,1.0,UNKNOWN,UNKNOWN,UNKNOWN,NOT_DEFINED_ANALYTIC_SOURCE,-0.010956996609664435,0.0008586296551983988,-0.000454950998477741
0.04555,28.619909074203015,3.48716784548467,0.00027330000000000003,1.0,UNKNOWN,UNKNOWN,UNKNOWN,NOT_DEFINED_ANALYTIC_SOURCE,-0.010950439393153568,0.0009410363791401264,-0.0004498084370099832
0.0456,28.651325000738915,3.5185837720205697,0.00027360000000000004,1.0,UNKNOWN,UNKNOWN,UNKNOWN,NOT_DEFINED_ANALYTIC_SOURCE,-0.010943365023568956,0.0010224687308208703,-0.00044420677102129666
0.04565,28.682740927274814,3.5499996985564692,0.00027390000000000004,1.0,UNKNOWN,UNKNOWN,UNKNOWN,NOT_DEFINED_ANALYTIC_SOURCE,-0.010935801579014266,0.0011028439930877549,-0.00043815402695786135
0.045700000000000005,28.714156853810714,3.5814156250923688,0.00027420000000000005,1.0,UNKNOWN,UNKNOWN,UNKNOWN,NOT_DEFINED_ANALYTIC_SOURCE,-0.010927779069771595,0.001182080916131086,-0.0004316587888374703
0.04575,28.745572780346606,3.612831551628261,0.0002745,1.0,UNKNOWN,UNKNOWN,UNKNOWN,NOT_DEFINED_ANALYTIC_SOURCE,-0.0109193293174101,0.0012600998149585514,-0.00042473016644648453
0.0458,28.776988706882506,3.6442474781641607,0.0002748,1.0,UNKNOWN,UNKNOWN,UNKNOWN,NOT_DEFINED_ANALYTIC_SOURCE,-0.010910485826735579,0.001336822661459407,-0.00041737776223787484
0.04585,28.808404633418405,3.6756634047000603,0.0002751,1.0,UNKNOWN,UNKNOWN,UNKNOWN,NOT_DEFINED_ANALYTIC_SOURCE,-0.010901283651122914,0.00141217317084218,-0.0004096116371806826
0.0459,28.839820559954305,3.70707933123596,0.0002754,1.0,UNKNOWN,UNKNOWN,UNKNOWN,NOT_DEFINED_ANALYTIC_SOURCE,-0.01089175925179995,0.0014860768822699355,-0.00040144227581689765
0.045950000000000005,28.871236486490204,3.7384952577718593,0.00027570000000000003,1.0,UNKNOWN,UNKNOWN,UNKNOWN,NOT_DEFINED_ANALYTIC_SOURCE,-0.010881950351674694,0.001558461233557516,-0.00039288055078521905
0.046,28.902652413026097,3.7699111843077517,0.000276,1.0,UNKNOWN,UNKNOWN,UNKNOWN,NOT_DEFINED_ANALYTIC_SOURCE,-0.010871895784318785,0.0016292556298374609,-0.0003839376870722099
0.04605,28.934068339561996,3.8013271108436513,0.0002763,1.0,UNKNOWN,UNKNOWN,UNKNOWN,NOT_DEFINED_ANALYTIC_SOURCE,-0.010861635338737716,0.0016983915061437008,-0.0003746252262501336
0.0461,28.965484266097896,3.832743037379551,0.0002766,1.0,UNKNOWN,UNKNOWN,UNKNOWN,NOT_DEFINED_ANALYTIC_SOURCE,-0.010851209600573243,0.0017658023839043982,-0.0003649549909572518
0.046150000000000004,28.996900192633795,3.8641589639154503,0.0002769,1.0,UNKNOWN,UNKNOWN,UNKNOWN,NOT_DEFINED_ANALYTIC_SOURCE,-0.01084065979039471,0.0018314239213782192,-0.0003549390498704722
0.046200000000000005,29.02831611916969,3.8955748904513463,0.0002772,1.0,UNKNOWN,UNKNOWN,UNKNOWN,NOT_DEFINED_ANALYTIC_SOURCE,-0.010830027599744649,0.001895193958109546,-0.00034458968341240714
0.04625,29.059732045705587,3.9269908169872423,0.0002775,1.0,UNKNOWN,UNKNOWN,UNKNOWN,NOT_DEFINED_ANALYTIC_SOURCE,-0.01081935502560921,0.0019570525535193718,-0.0003339193504247129
0.0463,29.091147972241487,3.958406743523142,0.00027780000000000003,1.0,UNKNOWN,UNKNOWN,UNKNOWN,NOT_DEFINED_ANALYTIC_SOURCE,-0.0108086842039861,0.0020169420197878375,-0.0003229406560276136
0.04635,29.122563898777386,3.9898226700590413,0.00027810000000000004,1.0,UNKNOWN,UNKNOWN,UNKNOWN,NOT_DEFINED_ANALYTIC_SOURCE,-0.010798057243221713,0.002074806949222385,-0.00031166632087157664
0.046400000000000004,29.153979825313282,4.021238596594937,0.00027840000000000005,1.0,UNKNOWN,UNKNOWN,UNKNOWN,NOT_DEFINED_ANALYTIC_SOURCE,-0.010787516057785168,0.0021305942363411524,-0.00030010915197150505
0.046450000000000005,29.185395751849182,4.052654523130837,0.00027870000000000005,1.0,UNKNOWN,UNKNOWN,UNKNOWN,NOT_DEFINED_ANALYTIC_SOURCE,-0.01077710220314,0.002184253094934613,-0.0002882820152966263
0.0465,29.216811678385078,4.084070449666733,0.000279,1.0,UNKNOWN,UNKNOWN,UNKNOWN,NOT_DEFINED_ANALYTIC_SOURCE,-0.010766856712364537,0.0022357350703990594,-0.0002761978102707634
0.04655,29.248227604920977,4.115486376202632,0.0002793,1.0,UNKNOWN,UNKNOWN,UNKNOWN,NOT_DEFINED_ANALYTIC_SOURCE,-0.010756819935159404,0.0022849940476634086,-0.0002638694463178233
0.0466,29.279643531456873,4.146902302738528,0.0002796,1.0,UNKNOWN,UNKNOWN,UNKNOWN,NOT_DEFINED_ANALYTIC_SOURCE,-0.010747031379865758,0.0023319862550548708,-0.0002513098215666857
0.046650000000000004,29.311059457992773,4.178318229274428,0.00027990000000000003,1.0,UNKNOWN,UNKNOWN,UNKNOWN,NOT_DEFINED_ANALYTIC_SOURCE,-0.010737529559100397,0.0023766702644703033,-0.00023853180380799515
0.046700000000000005,29.342475384528672,4.209734155810327,0.00028020000000000003,1.0,UNKNOWN,UNKNOWN,UNKNOWN,NOT_DEFINED_ANALYTIC_SOURCE,-0.01072835183959423,0.0024190069882368596,-0.00022554821377322775
0.04675,29.37389131106457,4.241150082346223,0.0002805,1.0,UNKNOWN,UNKNOWN,UNKNOWN,NOT_DEFINED_ANALYTIC_SOURCE,-0.010719534296799133,0.002458959673059228,-0.00021237181078376114
0.0468,29.405307237600464,4.272566008882119,0.0002808,1.0,UNKNOWN,UNKNOWN,UNKNOWN,NOT_DEFINED_ANALYTIC_SOURCE,-0.010711111574804635,0.002496493891459839,-0.00019901528079487984
0.04685,29.436723164136364,4.303981935418019,0.0002811,1.0,UNKNOWN,UNKNOWN,UNKNOWN,NOT_DEFINED_ANALYTIC_SOURCE,-0.010703116752080962,0.0025315775311237233,-0.00018549122683680745
0.046900000000000004,29.468139090672263,4.335397861953918,0.0002814,1.0,UNKNOWN,UNKNOWN,UNKNOWN,NOT_DEFINED_ANALYTIC_SOURCE,-0.010695581213538245,0.002564180782560837,-0.00017181216183225238
0.046950000000000006,29.499555017208163,4.366813788489818,0.0002817,1.0,UNKNOWN,UNKNOWN,UNKNOWN,NOT_DEFINED_ANALYTIC_SOURCE,-0.010688534529364115,0.002594276125495627,-0.00015799050374766272
0.047,29.530970943744055,4.39822971502571,0.000282,1.0,UNKNOWN,UNKNOWN,UNKNOWN,NOT_DEFINED_ANALYTIC_SOURCE,-0.010682004341072858,0.002621838314386448,-0.00014403857301377703
0.04705,29.562386870279955,4.42964564156161,0.00028230000000000003,1.0,UNKNOWN,UNKNOWN,UNKNOWN,NOT_DEFINED_ANALYTIC_SOURCE,-0.010676016255169639,0.0026468443634663184,-0.0001299685921300705
0.0471,29.593802796815854,4.461061568097509,0.00028260000000000004,1.0,UNKNOWN,UNKNOWN,UNKNOWN,NOT_DEFINED_ANALYTIC_SOURCE,-0.01067059374480268,0.002669273531681367,-0.00011579268734780148
0.047150000000000004,29.625218723351754,4.492477494633409,0.00028290000000000005,1.0,UNKNOWN,UNKNOWN,UNKNOWN,NOT_DEFINED_ANALYTIC_SOURCE,-0.010665758059745163,0.0026891073078846605,-0.00010152289230729809
0.0472,29.656634649887646,4.523893421169301,0.0002832,1.0,UNKNOWN,UNKNOWN,UNKNOWN,NOT_DEFINED_ANALYTIC_SOURCE,-0.01066152814501688,0.002706329396620549,-8.717115348760938e-05
0.04725,29.688050576423546,4.555309347705201,0.0002835,1.0,UNKNOWN,UNKNOWN,UNKNOWN,NOT_DEFINED_ANALYTIC_SOURCE,-0.010657920568423754,0.002720925704809091,-7.274933731020667e-05
0.0473,29.719466502959445,4.5867252742411,0.0002838,1.0,UNKNOWN,UNKNOWN,UNKNOWN,NOT_DEFINED_ANALYTIC_SOURCE,-0.010654949457260875,0.0027328843296112585,-5.826923872370715e-05
0.04735,29.750882429495345,4.618141200777,0.0002841,1.0,UNKNOWN,UNKNOWN,UNKNOWN,NOT_DEFINED_ANALYTIC_SOURCE,-0.010652626444392346,0.002742195547724164,-4.3742591083256385e-05
0.047400000000000005,29.782298356031244,4.6495571273128995,0.00028440000000000003,1.0,UNKNOWN,UNKNOWN,UNKNOWN,NOT_DEFINED_ANALYTIC_SOURCE,-0.010650960623888395,0.0027488518063214368,-2.918107712682628e-05
0.04745,29.813714282567137,4.680973053848792,0.0002847,1.0,UNKNOWN,UNKNOWN,UNKNOWN,NOT_DEFINED_ANALYTIC_SOURCE,-0.010649958516367608,0.00275284771581777,-1.459634084086895e-05
0.0475,29.845130209103036,4.7123889803846915,0.000285,1.0,UNKNOWN,UNKNOWN,UNKNOWN,NOT_DEFINED_ANALYTIC_SOURCE,-0.010649624044159214,0.002754180044598754,5.5077470362263625e-17
0.04755,29.876546135638936,4.743804906920591,0.0002853,1.0,UNKNOWN,UNKNOWN,UNKNOWN,NOT_DEFINED_ANALYTIC_SOURCE,-0.010649958516367606,0.0027528477158177697,1.4596340840978238e-05
0.0476,29.907962062174835,4.7752208334564905,0.0002856,1.0,UNKNOWN,UNKNOWN,UNKNOWN,NOT_DEFINED_ANALYTIC_SOURCE,-0.010650960623888395,0.002748851806321435,2.9181077126939035e-05
0.047650000000000005,29.93937798871073,4.8066367599923865,0.0002859,1.0,UNKNOWN,UNKNOWN,UNKNOWN,NOT_DEFINED_ANALYTIC_SOURCE,-0.010652626444392342,0.0027421955477241627,4.374259108336784e-05
0.0477,29.970793915246627,4.8380526865282825,0.0002862,1.0,UNKNOWN,UNKNOWN,UNKNOWN,NOT_DEFINED_ANALYTIC_SOURCE,-0.010654949457260875,0.0027328843296112585,5.826923872381644e-05
0.04775,30.002209841782527,4.869468613064182,0.0002865,1.0,UNKNOWN,UNKNOWN,UNKNOWN,NOT_DEFINED_ANALYTIC_SOURCE,-0.010657920568423754,0.0027209257048090903,7.274933731031639e-05
0.0478,30.033625768318426,4.9008845396000815,0.00028680000000000003,1.0,UNKNOWN,UNKNOWN,UNKNOWN,NOT_DEFINED_ANALYTIC_SOURCE,-0.01066152814501688,0.0027063293966205484,8.717115348771823e-05
0.047850000000000004,30.065041694854322,4.9323004661359775,0.00028710000000000004,1.0,UNKNOWN,UNKNOWN,UNKNOWN,NOT_DEFINED_ANALYTIC_SOURCE,-0.010665758059745161,0.002689107307884657,0.00010152289230740867
0.047900000000000005,30.096457621390222,4.963716392671877,0.00028740000000000005,1.0,UNKNOWN,UNKNOWN,UNKNOWN,NOT_DEFINED_ANALYTIC_SOURCE,-0.010670593744802682,0.0026692735316813632,0.0001157926873479125
0.04795,30.127873547926118,4.995132319207773,0.0002877,1.0,UNKNOWN,UNKNOWN,UNKNOWN,NOT_DEFINED_ANALYTIC_SOURCE,-0.010676016255169634,0.0026468443634663167,0.0001299685921301811
0.048,30.159289474462017,5.0265482457436725,0.000288,1.0,UNKNOWN,UNKNOWN,UNKNOWN,NOT_DEFINED_ANALYTIC_SOURCE,-0.010682004341072856,0.0026218383143864466,0.00014403857301388632
0.04805,30.190705400997913,5.0579641722795685,0.0002883,1.0,UNKNOWN,UNKNOWN,UNKNOWN,NOT_DEFINED_ANALYTIC_SOURCE,-0.010688534529364113,0.002594276125495622,0.00015799050374777418
0.048100000000000004,30.222121327533813,5.089380098815468,0.0002886,1.0,UNKNOWN,UNKNOWN,UNKNOWN,NOT_DEFINED_ANALYTIC_SOURCE,-0.010695581213538244,0.0025641807825608318,0.00017181216183236427
0.048150000000000005,30.253537254069713,5.120796025351368,0.00028890000000000003,1.0,UNKNOWN,UNKNOWN,UNKNOWN,NOT_DEFINED_ANALYTIC_SOURCE,-0.010703116752080959,0.002531577531123718,0.0001854912268369189
0.0482,30.28495318060561,5.1522119518872636,0.0002892,1.0,UNKNOWN,UNKNOWN,UNKNOWN,NOT_DEFINED_ANALYTIC_SOURCE,-0.010711111574804633,0.0024964938914598376,0.00019901528079499
0.04825,30.316369107141504,5.1836278784231595,0.0002895,1.0,UNKNOWN,UNKNOWN,UNKNOWN,NOT_DEFINED_ANALYTIC_SOURCE,-0.010719534296799131,0.0024589596730592257,0.0002123718107838713
0.0483,30.347785033677404,5.215043804959059,0.0002898,1.0,UNKNOWN,UNKNOWN,UNKNOWN,NOT_DEFINED_ANALYTIC_SOURCE,-0.01072835183959423,0.002419006988236853,0.00022554821377333877
0.048350000000000004,30.379200960213304,5.246459731494959,0.0002901,1.0,UNKNOWN,UNKNOWN,UNKNOWN,NOT_DEFINED_ANALYTIC_SOURCE,-0.010737529559100394,0.002376670264470297,0.00023853180380810747
0.048400000000000006,30.410616886749203,5.277875658030858,0.00029040000000000007,1.0,UNKNOWN,UNKNOWN,UNKNOWN,NOT_DEFINED_ANALYTIC_SOURCE,-0.010747031379865756,0.0023319862550548642,0.0002513098215667976
0.04845,30.442032813285095,5.3092915845667505,0.0002907,1.0,UNKNOWN,UNKNOWN,UNKNOWN,NOT_DEFINED_ANALYTIC_SOURCE,-0.0107568199351594,0.002284994047663406,0.00026386944631793304
0.0485,30.473448739820995,5.34070751110265,0.000291,1.0,UNKNOWN,UNKNOWN,UNKNOWN,NOT_DEFINED_ANALYTIC_SOURCE,-0.010766856712364539,0.0022357350703990577,0.00027619781027087443
0.04855,30.504864666356895,5.37212343763855,0.00029130000000000003,1.0,UNKNOWN,UNKNOWN,UNKNOWN,NOT_DEFINED_ANALYTIC_SOURCE,-0.010777102203140002,0.0021842530949346063,0.0002882820152967382
0.048600000000000004,30.536280592892794,5.403539364174449,0.00029160000000000004,1.0,UNKNOWN,UNKNOWN,UNKNOWN,NOT_DEFINED_ANALYTIC_SOURCE,-0.010787516057785166,0.002130594236341144,0.0003001091519716178
0.048650000000000006,30.567696519428694,5.434955290710349,0.00029190000000000005,1.0,UNKNOWN,UNKNOWN,UNKNOWN,NOT_DEFINED_ANALYTIC_SOURCE,-0.01079805724322171,0.00207480694922237,0.00031166632087169027
0.0487,30.599112445964586,5.466371217246241,0.0002922,1.0,UNKNOWN,UNKNOWN,UNKNOWN,NOT_DEFINED_ANALYTIC_SOURCE,-0.010808684203986098,0.0020169420197878353,0.00032294065602772376
0.04875,30.630528372500486,5.497787143782141,0.0002925,1.0,UNKNOWN,UNKNOWN,UNKNOWN,NOT_DEFINED_ANALYTIC_SOURCE,-0.010819355025609205,0.001957052553519369,0.00033391935042482394
0.0488,30.661944299036385,5.52920307031804,0.0002928,1.0,UNKNOWN,UNKNOWN,UNKNOWN,NOT_DEFINED_ANALYTIC_SOURCE,-0.010830027599744645,0.0018951939581095362,0.00034458968341251903
0.048850000000000005,30.693360225572285,5.56061899685394,0.0002931,1.0,UNKNOWN,UNKNOWN,UNKNOWN,NOT_DEFINED_ANALYTIC_SOURCE,-0.01084065979039471,0.0018314239213782022,0.0003549390498705858
0.0489,30.724776152108177,5.592034923389832,0.0002934,1.0,UNKNOWN,UNKNOWN,UNKNOWN,NOT_DEFINED_ANALYTIC_SOURCE,-0.01085120960057324,0.001765802383904396,0.0003649549909573637
0.04895,30.756192078644077,5.623450849925732,0.0002937,1.0,UNKNOWN,UNKNOWN,UNKNOWN,NOT_DEFINED_ANALYTIC_SOURCE,-0.010861635338737711,0.0016983915061436978,0.0003746252262502459
0.049,30.787608005179976,5.654866776461631,0.000294,1.0,UNKNOWN,UNKNOWN,UNKNOWN,NOT_DEFINED_ANALYTIC_SOURCE,-0.01087189578431878,0.001629255629837458,0.0003839376870723194
0.04905,30.819023931715876,5.686282702997531,0.00029430000000000005,1.0,UNKNOWN,UNKNOWN,UNKNOWN,NOT_DEFINED_ANALYTIC_SOURCE,-0.010881950351674696,0.0015584612335574968,0.00039288055078533137
0.049100000000000005,30.85043985825177,5.717698629533427,0.00029460000000000006,1.0,UNKNOWN,UNKNOWN,UNKNOWN,NOT_DEFINED_ANALYTIC_SOURCE,-0.010891759251799948,0.001486076882269924,0.0004014422758170106
0.04915,30.881855784787668,5.749114556069323,0.0002949,1.0,UNKNOWN,UNKNOWN,UNKNOWN,NOT_DEFINED_ANALYTIC_SOURCE,-0.010901283651122909,0.0014121731708421769,0.0004096116371807932
0.0492,30.913271711323567,5.780530482605222,0.0002952,1.0,UNKNOWN,UNKNOWN,UNKNOWN,NOT_DEFINED_ANALYTIC_SOURCE,-0.010910485826735573,0.0013368226614594043,0.0004173777622379865
0.04925,30.944687637859467,5.811946409141122,0.0002955,1.0,UNKNOWN,UNKNOWN,UNKNOWN,NOT_DEFINED_ANALYTIC_SOURCE,-0.010919329317410098,0.0012600998149585488,0.00042473016644659707
0.049300000000000004,30.976103564395363,5.843362335677018,0.00029580000000000003,1.0,UNKNOWN,UNKNOWN,UNKNOWN,NOT_DEFINED_ANALYTIC_SOURCE,-0.010927779069771586,0.0011820809161310738,0.00043165878883758284
0.049350000000000005,31.007519490931262,5.874778262212917,0.00029610000000000004,1.0,UNKNOWN,UNKNOWN,UNKNOWN,NOT_DEFINED_ANALYTIC_SOURCE,-0.010935801579014262,0.0011028439930877425,0.0004381540269579737
0.0494,31.038935417467158,5.906194188748813,0.0002964,1.0,UNKNOWN,UNKNOWN,UNKNOWN,NOT_DEFINED_ANALYTIC_SOURCE,-0.010943365023568952,0.0010224687308208662,0.000444206771021409
0.04945,31.070351344003058,5.937610115284713,0.0002967,1.0,UNKNOWN,UNKNOWN,UNKNOWN,NOT_DEFINED_ANALYTIC_SOURCE,-0.010950439393153563,0.0009410363791401233,0.00044980843701009575
0.0495,31.101767270538954,5.969026041820609,0.000297,1.0,UNKNOWN,UNKNOWN,UNKNOWN,NOT_DEFINED_ANALYTIC_SOURCE,-0.010956996609664434,0.0008586296551983963,0.0004549509984778533
0.049550000000000004,31.133183197074853,6.000441968356508,0.0002973,1.0,UNKNOWN,UNKNOWN,UNKNOWN,NOT_DEFINED_ANALYTIC_SOURCE,-0.010963010640395765,0.0007753326408618539,0.00045962701681193313
0.049600000000000005,31.164599123610753,6.031857894892408,0.0002976,1.0,UNKNOWN,UNKNOWN,UNKNOWN,NOT_DEFINED_ANALYTIC_SOURCE,-0.010968457603105695,0.0006912306752155582,0.0004638296697214864
0.04965,31.196015050146645,6.0632738214283,0.00029790000000000003,1.0,UNKNOWN,UNKNOWN,UNKNOWN,NOT_DEFINED_ANALYTIC_SOURCE,-0.010973315862481549,0.0006064102425298198,0.0004675527777328562
0.0497,31.227430976682545,6.0946897479642,0.00029820000000000004,1.0,UNKNOWN,UNKNOWN,UNKNOWN,NOT_DEFINED_ANALYTIC_SOURCE,-0.01097756611759281,0.0005209588560448721,0.00047079082848619936
0.04975,31.258846903218444,6.126105674500099,0.00029850000000000005,1.0,UNKNOWN,UNKNOWN,UNKNOWN,NOT_DEFINED_ANALYTIC_SOURCE,-0.010981191479958246,0.0004349649379611539,0.00047353899864411
0.049800000000000004,31.290262829754344,6.157521601035999,0.00029880000000000005,1.0,UNKNOWN,UNKNOWN,UNKNOWN,NOT_DEFINED_ANALYTIC_SOURCE,-0.010984177541893533,0.00034851769604864365,0.0004757931732409064
0.049850000000000005,31.321678756290243,6.188937527571898,0.00029910000000000006,1.0,UNKNOWN,UNKNOWN,UNKNOWN,NOT_DEFINED_ANALYTIC_SOURCE,-0.010986512434846867,0.0002617069973131353,0.00047754996232071386
0.0499,31.353094682826136,6.220353454107791,0.0002994,1.0,UNKNOWN,UNKNOWN,UNKNOWN,NOT_DEFINED_ANALYTIC_SOURCE,-0.010988186877472793,0.00017462323917768593,0.0004788067147333953
0.04995,31.384510609362035,6.25176938064369,0.0002997,1.0,UNKNOWN,UNKNOWN,UNKNOWN,NOT_DEFINED_ANALYTIC_SOURCE,-0.010989194213238372,8.735721865485419e-05,0.0004795615289795378
0.05,31.415926535897935,3.552713678800501e-15,0.00030000000000000003,1.0,UNKNOWN,UNKNOWN,UNKNOWN,NOT_DEFINED_ANALYTIC_SOURCE,-0.010989530437400433,-1.1085967213664283e-16,0.00047981326101875234
