factor,coordinate,v1,v2,v3,v4,v5,v6,v7,v8,v9
phase_rad,0.0,-0.010989530437400434,-1.0400209339567201e-16,0.00047981326101875234,,,,,,
phase_rad,0.004363323129985824,-0.010989523949486362,-1.2135017986037062e-05,0.00047980840447428693,,,,,,
phase_rad,0.008726646259971648,-0.010989504486241882,-2.426979154739159e-05,0.00047979383498308577,,,,,,
phase_rad,0.013089969389957472,-0.010989472049160162,-3.6404076266517786e-05,0.0004797695529717167,,,,,,
phase_rad,0.017453292519943295,-0.010989426640729686,-4.8537627739623005e-05,0.0004797355591510935,,,,,,
phase_rad,0.02181661564992912,-0.010989368264434056,-6.067020158368914e-05,0.00047969185451641094,,,,,,
phase_rad,0.026179938779914945,-0.010989296924751722,-7.280155344340875e-05,0.0004796384403470749,,,,,,
phase_rad,0.030543261909900768,-0.010989212627155633,-8.493143899810225e-05,0.0004795753182065901,,,,,,
phase_rad,0.03490658503988659,-0.0109891153781128,-9.705961396863562e-05,0.0004795024899424455,,,,,,
phase_rad,0.039269908169872414,-0.010989005185083814,-0.00010918583412433959,0.0004794199576859607,,,,,,
phase_rad,0.04363323129985824,-0.010988882056522233,-0.00012130985528992843,0.0004793277238521218,,,,,,
phase_rad,0.04799655442984406,-0.010988746001873934,-0.00013343143335239633,0.0004792257911393795,,,,,,
phase_rad,0.05235987755982989,-0.01098859703157638,-0.00014555032426793492,0.0004791141625294481,,,,,,
phase_rad,0.05672320068981571,-0.010988435157057793,-0.00015766628406882715,0.0004789928412870588,,,,,,
phase_rad,0.061086523819801536,-0.010988260390736262,-0.00016977906887033806,0.0004788618309597005,,,,,,
phase_rad,0.06544984694978735,-0.010988072746018785,-0.00018188843487761252,0.00047872113537734506,,,,,,
phase_rad,0.06981317007977318,-0.0109878722373002,-0.00019399413839254375,0.0004785707586521331,,,,,,
phase_rad,0.07417649320975901,-0.010987658879962064,-0.00020609593582065775,0.00047841070517805665,,,,,,
phase_rad,0.07853981633974483,-0.010987432690371474,-0.00021819358367797796,0.00047824097963060407,,,,,,
phase_rad,0.08290313946973066,-0.010987193685879748,-0.0002302868385978746,0.0004780615869663927,,,,,,
phase_rad,0.08726646259971647,-0.010986941884821095,-0.0002423754573379285,0.00047787253242277173,,,,,,
phase_rad,0.0916297857297023,-0.01098667730651117,-0.00025445919678676056,0.00047767382151741146,,,,,,
phase_rad,0.09599310885968812,-0.010986399971245583,-0.0002665378139708681,0.000477465460047864,,,,,,
phase_rad,0.10035643198967395,-0.01098610990029827,-0.0002786110660614456,0.0004772474540911038,,,,,,
phase_rad,0.10471975511965978,-0.010985807115919876,-0.00029067871038119137,0.000477019810003047,,,,,,
phase_rad,0.1090830782496456,-0.010985491641335988,-0.0003027405044111091,0.0004767825344180478,,,,,,
phase_rad,0.11344640137963143,-0.010985163500745316,-0.00031479620579729674,0.000476535634248374,,,,,,
phase_rad,0.11780972450961724,-0.01098482271931783,-0.0003268455723577187,0.0004762791166836649,,,,,,
phase_rad,0.12217304763960307,-0.010984469323192756,-0.00033888836208897184,0.0004760129891903536,,,,,,
phase_rad,0.1265363707695889,-0.010984103339476553,-0.00035092433317303334,0.0004757372595110905,,,,,,
phase_rad,0.1308996938995747,-0.010983724796240787,-0.0003629532439839928,0.0004754519356641178,,,,,,
phase_rad,0.13526301702956053,-0.010983333722519948,-0.0003749748530947833,0.0004751570259426527,,,,,,
phase_rad,0.13962634015954636,-0.010982930148309158,-0.00038698891928388285,0.000474852538914224,,,,,,
phase_rad,0.1439896632895322,-0.01098251410456185,-0.0003989952015420066,0.0004745384834200011,,,,,,
phase_rad,0.14835298641951802,-0.010982085623187322,-0.00041099345907878607,0.00047421486857409626,,,,,,
phase_rad,0.15271630954950383,-0.01098164473704828,-0.0004229834513294306,0.00047388170376285463,,,,,,
phase_rad,0.15707963267948966,-0.010981191479958238,-0.0004349649379613666,0.00047353899864411,,,,,,
phase_rad,0.16144295580947549,-0.010980725886678875,-0.0004469376788808731,0.0004731867631464304,,,,,,
phase_rad,0.16580627893946132,-0.010980247992917342,-0.00045890143423968593,0.0004728250074683385,,,,,,
phase_rad,0.17016960206944712,-0.010979757835323452,-0.00047085596444159327,0.0004724537420775178,,,,,,
phase_rad,0.17453292519943295,-0.01097925545148682,-0.00048280103014900676,0.0004720729777099844,,,,,,
phase_rad,0.17889624832941878,-0.010978740879933935,-0.0004947363922895204,0.0004716827253692581,,,,,,
phase_rad,0.1832595714594046,-0.010978214160125135,-0.0005066618120624425,0.00047128299632549515,,,,,,
phase_rad,0.18762289458939044,-0.010977675332451538,-0.000518577050945316,0.00047087380211461357,,,,,,
phase_rad,0.19198621771937624,-0.01097712443823187,-0.0005304818707004097,0.00047045515453739096,,,,,,
phase_rad,0.19634954084936207,-0.010976561519709263,-0.0005423760333811995,0.0004700270656585496,,,,,,
phase_rad,0.2007128639793479,-0.010975986620047921,-0.0005542593013388173,0.0004695895478058149,,,,,,
phase_rad,0.20507618710933373,-0.010975399783329776,-0.0005661314372284872,0.00046914261356895983,,,,,,
phase_rad,0.20943951023931956,-0.010974801054551042,-0.000577992204015936,0.0004686862757988261,,,,,,
phase_rad,0.21380283336930536,-0.010974190479618683,-0.0005898413649837816,0.00046822054760633147,,,,,,
phase_rad,0.2181661564992912,-0.010973568105346844,-0.000601678683737896,0.0004677454423614505,,,,,,
phase_rad,0.22252947962927702,-0.010972933979453196,-0.0006135039242137507,0.0004672609736921854,,,,,,
phase_rad,0.22689280275926285,-0.0109722881505552,-0.000625316850682734,0.0004667671554835096,,,,,,
phase_rad,0.23125612588924865,-0.010971630668166319,-0.000637117227758451,0.00046626400187630367,,,,,,
phase_rad,0.23561944901923448,-0.010970961582692144,-0.0006489048204029794,0.0004657515272662536,,,,,,
phase_rad,0.2399827721492203,-0.010970280945426477,-0.0006606793939331303,0.0004652297463027615,,,,,,
phase_rad,0.24434609527920614,-0.010969588808547306,-0.0006724407140266606,0.0004646986738878025,,,,,,
phase_rad,0.24870941840919197,-0.01096888522511274,-0.000684188546728464,0.00046415832517479453,,,,,,
phase_rad,0.2530727415391778,-0.010968170249056875,-0.000695922658456744,0.00046360871556742986,,,,,,
phase_rad,0.25743606466916363,-0.010967443935185589,-0.0007076428160091536,0.00046304986071850525,,,,,,
phase_rad,0.2617993877991494,-0.010966706339172247,-0.0007193487865689038,0.0004624817765287164,,,,,,
phase_rad,0.26616271092913524,-0.010965957517553356,-0.000731040337710858,0.0004619044791454529,,,,,,
phase_rad,0.27052603405912107,-0.01096519752772419,-0.0007427172374075869,0.0004613179849615682,,,,,,
phase_rad,0.2748893571891069,-0.010964426427934265,-0.0007543792540353948,0.0004607223106141299,,,,,,
phase_rad,0.2792526803190927,-0.010963644277282842,-0.0007660261563803283,0.0004601174729831586,,,,,,
phase_rad,0.28361600344907856,-0.010962851135714272,-0.0007776577136441455,0.000459503489190354,,,,,,
phase_rad,0.2879793265790644,-0.010962047064013353,-0.0007892736954502579,0.0004588803765977886,,,,,,
phase_rad,0.2923426497090502,-0.01096123212380059,-0.0008008738718496477,0.00045824815280660967,,,,,,
phase_rad,0.29670597283903605,-0.010960406377527354,-0.0008124580133267469,0.00045760683565570213,,,,,,
phase_rad,0.3010692959690218,-0.010959569888471075,-0.0008240258908052929,0.00045695644322035203,,,,,,
phase_rad,0.30543261909900765,-0.010958722720730254,-0.0008355772756541508,0.00045629699381088355,,,,,,
phase_rad,0.3097959422289935,-0.01095786493921949,-0.0008471119396931025,0.00045562850597129266,,,,,,
phase_rad,0.3141592653589793,-0.010956996609664416,-0.0008586296551986058,0.0004549509984778533,,,,,,
phase_rad,0.31852258848896514,-0.01095611779859659,-0.0008701301949095221,0.0004542644903377177,,,,,,
phase_rad,0.32288591161895097,-0.010955228573348283,-0.000881613332032815,0.0004535690007874975,,,,,,
phase_rad,0.3272492347489368,-0.010954329002047264,-0.0008930788402492044,0.0004528645492918352,,,,,,
phase_rad,0.33161255787892263,-0.010953419153611482,-0.0009045264937188028,0.00045215115554195413,,,,,,
phase_rad,0.33597588100890846,-0.01095249909774368,-0.0009159560670867096,0.0004514288394542004,,,,,,
phase_rad,0.34033920413889424,-0.01095156890492599,-0.0009273673354885696,0.0004506976211685718,,,,,,
phase_rad,0.34470252726888007,-0.010950628646414436,-0.0009387600745561086,0.00044995752104722833,,,,,,
phase_rad,0.3490658503988659,-0.010949678394233381,-0.0009501340604226195,0.00044920855967299305,,,,,,
phase_rad,0.3534291735288517,-0.010948718221169933,-0.0009614890697284294,0.0004484507578478411,,,,,,
phase_rad,0.35779249665883756,-0.010947748200768253,-0.0009728248796263181,0.0004476841365913698,,,,,,
phase_rad,0.3621558197888234,-0.010946768407323858,-0.0009841412677869098,0.0004469087171392629,,,,,,
phase_rad,0.3665191429188092,-0.01094577891587783,-0.0009954380124040285,0.0004461245209417396,,,,,,
phase_rad,0.37088246604879505,-0.010944779802210966,-0.0010067148922000106,0.0004453315696619914,,,,,,
phase_rad,0.3752457891787809,-0.0109437711428379,-0.001017971686430993,0.0004445298851746067,,,,,,
phase_rad,0.37960911230876665,-0.010942753015001127,-0.0010292081748921591,0.00044371948956398784,,,,,,
phase_rad,0.3839724354387525,-0.010941725496665021,-0.0010404241379229381,0.00044290040512274696,,,,,,
phase_rad,0.3883357585687383,-0.010940688666509758,-0.0010516193564121883,0.0004420726543501029,,,,,,
phase_rad,0.39269908169872414,-0.010939642603925194,-0.0010627936118033222,0.0004412362599502584,,,,,,
phase_rad,0.39706240482870997,-0.010938587389004691,-0.0010739466860994122,0.00044039124483076985,,,,,,
phase_rad,0.4014257279586958,-0.010937523102538912,-0.0010850783618682443,0.0004395376321009081,,,,,,
phase_rad,0.40578905108868163,-0.010936449826009513,-0.0010961884222473388,0.0004386754450700031,,,,,,
phase_rad,0.41015237421866746,-0.010935367641582826,-0.0011072766509489373,0.00043780470724578795,,,,,,
phase_rad,0.4145156973486533,-0.010934276632103468,-0.0011183428322649451,0.00043692544233272287,,,,,,
phase_rad,0.4188790204786391,-0.010933176881087914,-0.0011293867510718352,0.0004360376742303187,,,,,,
phase_rad,0.4232423436086249,-0.010932068472717991,-0.0011404081928355187,0.00043514142703144254,,,,,,
phase_rad,0.4276056667386107,-0.010930951491834363,-0.0011514069436161715,0.0004342367250206264,,,,,,
phase_rad,0.43196898986859655,-0.010929826023929914,-0.001162382790073018,0.00043332359267235347,,,,,,
phase_rad,0.4363323129985824,-0.01092869215514314,-0.001173335519469086,0.0004324020546493414,,,,,,
phase_rad,0.4406956361285682,-0.010927549972251442,-0.0011842649196759088,0.00043147213580082546,,,,,,
phase_rad,0.44505895925855404,-0.010926399562664387,-0.0011951707791782002,0.0004305338611608172,,,,,,
phase_rad,0.4494222823885399,-0.010925241014416942,-0.0012060528870784769,0.00042958725594637276,,,,,,
phase_rad,0.4537856055185257,-0.010924074416162624,-0.0012169110331016518,0.0004286323455558391,,,,,,
phase_rad,0.45814892864851153,-0.010922899857166633,-0.0012277450075995728,0.00042766915556710313,,,,,,
phase_rad,0.4625122517784973,-0.010921717427298925,-0.0012385546015555387,0.00042669771173583105,,,,,,
phase_rad,0.46687557490848314,-0.010920527217027234,-0.001249339606588754,0.0004257180399936918,,,,,,
phase_rad,0.47123889803846897,-0.010919329317410074,-0.001260099814958764,0.00042473016644659577,,,,,,
phase_rad,0.4756022211684548,-0.010918123820089658,-0.001270835019569826,0.0004237341173729018,,,,,,
phase_rad,0.4799655442984406,-0.010916910817284808,-0.0012815450139752585,0.0004227299192216367,,,,,,
phase_rad,0.48432886742842646,-0.010915690401783801,-0.001292229592381735,0.00042171759861070056,,,,,,
phase_rad,0.4886921905584123,-0.010914462666937179,-0.0013028885496535433,0.0004206971823250659,,,,,,
phase_rad,0.4930555136883981,-0.010913227706650522,-0.0013135216813168035,0.00041966869731498353,,,,,,
phase_rad,0.49741883681838395,-0.010911985615377168,-0.0013241287835636332,0.00041863217069416296,,,,,,
phase_rad,0.5017821599483697,-0.01091073648811089,-0.0013347096532562873,0.00041758762973796606,,,,,,
phase_rad,0.5061454830783556,-0.010909480420378556,-0.001345264087931242,0.00041653510188158953,,,,,,
phase_rad,0.5105088062083414,-0.010908217508232721,-0.0013557918858032375,0.00041547461471824233,,,,,,
phase_rad,0.5148721293383273,-0.010906947848244197,-0.0013662928457692878,0.00041440619599731883,,,,,,
phase_rad,0.519235452468313,-0.010905671537494577,-0.0013767667674126343,0.00041332987362257493,,,,,,
phase_rad,0.5235987755982988,-0.010904388673568723,-0.0013872134510066693,0.0004122456756502884,,,,,,
phase_rad,0.5279620987282847,-0.010903099354547209,-0.001397632697518806,0.00041115363028743123,,,,,,
phase_rad,0.5323254218582705,-0.010901803678998755,-0.0014080243086143113,0.0004100537658898273,,,,,,
phase_rad,0.5366887449882564,-0.010900501745972575,-0.0014183880866600947,0.00040894611096031026,,,,,,
phase_rad,0.5410520681182421,-0.010899193654990744,-0.00142872383472845,0.0004078306941468835,,,,,,
phase_rad,0.545415391248228,-0.010897879506040488,-0.0014390313566007616,0.0004067075442408753,,,,,,
phase_rad,0.5497787143782138,-0.010896559399566469,-0.0014493104567711594,0.0004055766901750874,,,,,,
phase_rad,0.5541420375081997,-0.01089523343646301,-0.0014595609404501342,0.0004044381610219534,,,,,,
phase_rad,0.5585053606381855,-0.010893901718066295,-0.0014697826135681054,0.00040329198599167986,,,,,,
phase_rad,0.5628686837681712,-0.010892564346146579,-0.0014799752827789607,0.00040213819443040734,,,,,,
phase_rad,0.5672320068981571,-0.01089122142290027,-0.0014901387554635225,0.00040097681581834684,,,,,,
phase_rad,0.5715953300281429,-0.010889873050942097,-0.0015002728397330001,0.00039980787976793696,,,,,,
phase_rad,0.5759586531581288,-0.010888519333297146,-0.001510377344432384,0.00039863141602198616,,,,,,
phase_rad,0.5803219762881145,-0.01088716037339292,-0.0015204520791437944,0.00039744745445182143,,,,,,
phase_rad,0.5846852994181004,-0.010885796275051375,-0.0015304968541897965,0.0003962560250554386,,,,,,
phase_rad,0.5890486225480862,-0.010884427142480887,-0.001540511480636662,0.00039505715795564995,,,,,,
phase_rad,0.5934119456780721,-0.010883053080268228,-0.0015504957702975896,0.00039385088339823114,,,,,,
phase_rad,0.5977752688080579,-0.01088167419337049,-0.0015604495357358827,0.0003926372317500733,,,,,,
phase_rad,0.6021385919380436,-0.010880290587107013,-0.0015703725902680898,0.00039141623349733725,,,,,,
phase_rad,0.6065019150680295,-0.010878902367151241,-0.0015802647479670818,0.0003901879192435998,,,,,,
phase_rad,0.6108652381980153,-0.010877509639522604,-0.0015901258236651103,0.0003889523197080167,,,,,,
phase_rad,0.6152285613280012,-0.01087611251057832,-0.0015999556329568056,0.00038770946572347625,,,,,,
phase_rad,0.619591884457987,-0.01087471108700523,-0.0016097539922021319,0.0003864593882347547,,,,,,
phase_rad,0.6239552075879728,-0.010873305475811577,-0.0016195207185293074,0.0003852021182966863,,,,,,
phase_rad,0.6283185307179586,-0.010871895784318752,-0.001629255629837669,0.0003839376870723194,,,,,,
phase_rad,0.6326818538479445,-0.010870482120153032,-0.0016389585448005123,0.00038266612583109255,,,,,,
phase_rad,0.6370451769779303,-0.010869064591237331,-0.0016486292828678613,0.00038138746594699926,,,,,,
phase_rad,0.6414085001079161,-0.010867643305782852,-0.001658267664269216,0.00038010173889676353,,,,,,
phase_rad,0.6457718232379019,-0.010866218372280783,-0.00166787351001625,0.0003788089762580217,,,,,,
phase_rad,0.6501351463678877,-0.010864789899493967,-0.001677446641905461,0.00037750920970750206,,,,,,
phase_rad,0.6544984694978736,-0.01086335799644851,-0.0016869868825207831,0.00037620247101921166,,,,,,
phase_rad,0.6588617926278594,-0.010861922772425434,-0.0016964940552361548,0.0003748887920626287,,,,,,
phase_rad,0.6632251157578453,-0.010860484336952237,-0.0017059679842180348,0.00037356820480089663,,,,,,
phase_rad,0.667588438887831,-0.01085904279979452,-0.0017154084944278948,0.00037224074128902867,,,,,,
phase_rad,0.6719517620178169,-0.010857598270947528,-0.0017248154116246508,0.00037090643367211173,,,,,,
phase_rad,0.6763150851478027,-0.010856150860627708,-0.001734188562367053,0.00036956531418351414,,,,,,
phase_rad,0.6806784082777885,-0.010854700679264258,-0.0017435277740160463,0.00036821741514311205,,,,,,
phase_rad,0.6850417314077744,-0.01085324783749064,-0.0017528328747370744,0.00036686276895550596,,,,,,
phase_rad,0.6894050545377601,-0.01085179244613609,-0.0017621036935023464,0.0003655014081082534,,,,,,
phase_rad,0.693768377667746,-0.010850334616217115,-0.0017713400600930635,0.0003641333651701027,,,,,,
phase_rad,0.6981317007977318,-0.010848874458928986,-0.0017805418051015974,0.00036275867278923787,,,,,,
phase_rad,0.7024950239277177,-0.01084741208563721,-0.0017897087599336315,0.00036137736369152413,,,,,,
phase_rad,0.7068583470577035,-0.010845947607868976,-0.0017988407568102598,0.0003599894706787718,,,,,,
phase_rad,0.7112216701876893,-0.010844481137304624,-0.001807937628770038,0.0003585950266269929,,,,,,
phase_rad,0.7155849933176751,-0.010843012785769084,-0.001816999209671001,0.000357194064484676,,,,,,
phase_rad,0.7199483164476609,-0.010841542665223318,-0.0018260253341926334,0.00035578661727106594,,,,,,
phase_rad,0.7243116395776468,-0.010840070887755715,-0.0018350158378378004,0.00035437271807444706,,,,,,
phase_rad,0.7286749627076325,-0.010838597565573545,-0.0018439705569346363,0.00035295240005044537,,,,,,
phase_rad,0.7330382858376184,-0.010837122810994356,-0.0018528893286383944,0.000351525696420326,,,,,,
phase_rad,0.7374016089676042,-0.010835646736437363,-0.0018617719909332494,0.0003500926404693078,,,,,,
phase_rad,0.7417649320975901,-0.010834169454414878,-0.0018706183826340706,0.00034865326554488576,,,,,,
phase_rad,0.7461282552275759,-0.010832691077523682,-0.001879428343388142,0.00034720760505516026,,,,,,
phase_rad,0.7504915783575618,-0.010831211718436417,-0.001888201713676852,0.00034575569246717746,,,,,,
phase_rad,0.7548549014875475,-0.010829731489892984,-0.0018969383348173311,0.00034429756130527605,,,,,,
phase_rad,0.7592182246175333,-0.010828250504691918,-0.001905638048964067,0.00034283324514944855,,,,,,
phase_rad,0.7635815477475192,-0.010826768875681764,-0.0019143006991104623,0.00034136277763370656,,,,,,
phase_rad,0.767944870877505,-0.010825286715752483,-0.0019229261290903635,0.00033988619244446506,,,,,,
phase_rad,0.7723081940074908,-0.010823804137826793,-0.001931514183579546,0.0003384035233189261,,,,,,
phase_rad,0.7766715171374766,-0.010822321254851577,-0.0019400647080971595,0.00033691480404347786,,,,,,
phase_rad,0.7810348402674625,-0.010820838179789256,-0.0019485775490071392,0.0003354200684521076,,,,,,
phase_rad,0.7853981633974483,-0.01081935502560917,-0.001957052553519577,0.0003339193504248235,,,,,,
phase_rad,0.7897614865274342,-0.010817871905278942,-0.0019654895696920444,0.00033241268388607974,,,,,,
phase_rad,0.7941248096574199,-0.010816388931755896,-0.001973888446430894,0.00033090010280322716,,,,,,
phase_rad,0.7984881327874057,-0.010814906217978423,-0.0019822490334925097,0.00032938164118496375,,,,,,
phase_rad,0.8028514559173916,-0.010813423876857372,-0.0019905711814845245,0.00032785733307980156,,,,,,
phase_rad,0.8072147790473774,-0.010811942021267463,-0.001998854741866994,0.0003263272125745415,,,,,,
phase_rad,0.8115781021773633,-0.010810460764038675,-0.0020070995669535566,0.0003247913137927685,,,,,,
phase_rad,0.815941425307349,-0.01080898021794765,-0.0020153055099125165,0.0003232496708933492,,,,,,
phase_rad,0.8203047484373349,-0.010807500495709119,-0.002023472424767927,0.00032170231806894693,,,,,,
phase_rad,0.8246680715673207,-0.010806021709967325,-0.0020316001664006157,0.00032014928954454875,,,,,,
phase_rad,0.8290313946973066,-0.010804543973287428,-0.0020396885905491855,0.0003185906195760028,,,,,,
phase_rad,0.8333947178272924,-0.010803067398146973,-0.00204773755381097,0.0003170263424485734,,,,,,
phase_rad,0.8377580409572782,-0.01080159209692731,-0.0020557469136429614,0.00031545649247550025,,,,,,
phase_rad,0.842121364087264,-0.010800118181905072,-0.0020637165283626958,0.00031388110399658176,,,,,,
phase_rad,0.8464846872172498,-0.010798645765243626,-0.0020716462571491144,0.0003123002113767652,,,,,,
phase_rad,0.8508480103472357,-0.010797174958984556,-0.0020795359600433746,0.00031071384900474694,,,,,,
phase_rad,0.8552113334772214,-0.010795705875039148,-0.0020873854979496414,0.0003091220512915953,,,,,,
phase_rad,0.8595746566072073,-0.010794238625179904,-0.0020951947326358343,0.00030752485266938084,,,,,,
phase_rad,0.8639379797371931,-0.010792773321032035,-0.002102963526734346,0.0003059222875898184,,,,,,
phase_rad,0.868301302867179,-0.010791310074065008,-0.002110691743742728,0.0003043143905229321,,,,,,
phase_rad,0.8726646259971648,-0.01078984899558408,-0.0021183792480243364,0.0003027011959557252,,,,,,
phase_rad,0.8770279491271507,-0.010788390196721858,-0.002126025904808958,0.0003010827383908706,,,,,,
phase_rad,0.8813912722571364,-0.010786933788429865,-0.0021336315801933803,0.00029945905234540836,,,,,,
phase_rad,0.8857545953871222,-0.010785479881470134,-0.002141196141141963,0.00029783017234946913,,,,,,
phase_rad,0.8901179185171081,-0.01078402858640682,-0.0021487194554871457,0.00029619613294500015,,,,,,
phase_rad,0.8944812416470939,-0.010782580013597802,-0.0021562013919299433,0.00029455696868451397,,,,,,
phase_rad,0.8988445647770797,-0.01078113427318635,-0.0021636418200403993,0.00029291271412984704,,,,,,
phase_rad,0.9032078879070655,-0.010779691475092768,-0.0021710406102580207,0.0002912634038509398,,,,,,
phase_rad,0.9075712110370514,-0.010778251729006073,-0.0021783976338921665,0.0002896090724246248,,,,,,
phase_rad,0.9119345341670372,-0.010776815144375703,-0.002185712763122421,0.0002879497544334324,,,,,,
phase_rad,0.9162978572970231,-0.010775381830403231,-0.00219298587099893,0.000286285484464417,,,,,,
phase_rad,0.9206611804270088,-0.010773951896034101,-0.0022002168314427008,0.00028461629710798764,,,,,,
phase_rad,0.9250245035569946,-0.0107725254499494,-0.002207405519245893,0.0002829422269567672,,,,,,
phase_rad,0.9293878266869805,-0.010771102600557636,-0.0022145518100720567,0.00028126330860445766,,,,,,
phase_rad,0.9337511498169663,-0.010769683455986544,-0.0022216555804563587,0.000279579576644724,,,,,,
phase_rad,0.9381144729469522,-0.010768268124074928,-0.002228716707805777,0.00027789106567009236,,,,,,
phase_rad,0.9424777960769379,-0.010766856712364496,-0.0022357350703992632,0.0002761978102708738,,,,,,
phase_rad,0.9468411192069238,-0.010765449328091764,-0.00224271054738788,0.00027449984503408707,,,,,,
phase_rad,0.9512044423369096,-0.010764046078179946,-0.0022496430187949196,0.0002727972045424125,,,,,,
phase_rad,0.9555677654668955,-0.010762647069230896,-0.0022565323655159763,0.00027108992337315395,,,,,,
phase_rad,0.9599310885968813,-0.01076125240751705,-0.0022633784693190163,0.00026937803609721877,,,,,,
phase_rad,0.964294411726867,-0.010759862198973427,-0.0022701812128444053,0.0002676615772781196,,,,,,
phase_rad,0.9686577348568529,-0.010758476549189641,-0.0022769404796049164,0.0002659405814709819,,,,,,
phase_rad,0.9730210579868387,-0.010757095563401925,-0.0022836561539857077,0.0002642150832215741,,,,,,
phase_rad,0.9773843811168246,-0.010755719346485233,-0.0022903281212442936,0.00026248511706536176,,,,,,
phase_rad,0.9817477042468103,-0.010754348002945311,-0.002296956267510462,0.00026075071752656,,,,,,
phase_rad,0.9861110273767962,-0.010752981636910835,-0.0023035404797861923,0.0002590119191172222,,,,,,
phase_rad,0.990474350506782,-0.010751620352125582,-0.0023100806459455444,0.00025726875633632945,,,,,,
phase_rad,0.9948376736367679,-0.010750264251940606,-0.0023165766547345113,0.000255521263668911,,,,,,
phase_rad,0.9992009967667537,-0.01074891343930648,-0.0023230283957708696,0.0002537694755851698,,,,,,
phase_rad,1.0035643198967394,-0.010747568016765538,-0.0023294357595439936,0.000252013426539628,,,,,,
phase_rad,1.0079276430267252,-0.010746228086444157,-0.002335798637414648,0.0002502531509702983,,,,,,
phase_rad,1.0122909661567112,-0.010744893750045122,-0.0023421169216147693,0.00024848868329785693,,,,,,
phase_rad,1.016654289286697,-0.010743565108839908,-0.002348390505247214,0.00024672005792484826,,,,,,
phase_rad,1.0210176124166828,-0.010742242263661153,-0.0023546192822854924,0.0002449473092348965,,,,,,
phase_rad,1.0253809355466685,-0.01074092531489503,-0.0023608031475734845,0.00024317047159193674,,,,,,
phase_rad,1.0297442586766545,-0.010739614362473717,-0.0023669419968251285,0.0002413895793394699,,,,,,
phase_rad,1.0341075818066403,-0.010738309505867927,-0.0023730357266240946,0.0002396046667998246,,,,,,
phase_rad,1.038470904936626,-0.01073701084407939,-0.0023790842344234412,0.00023781576827344134,,,,,,
phase_rad,1.0428342280666119,-0.010735718475633472,-0.002385087418545249,0.00023602291803817435,,,,,,
phase_rad,1.0471975511965976,-0.010734432498571776,-0.0023910451781802423,0.00023422615034861542,,,,,,
phase_rad,1.0515608743265836,-0.010733153010444765,-0.002396957413387379,0.00023242549943541606,,,,,,
phase_rad,1.0559241974565694,-0.010731880108304474,-0.002402824025093439,0.00023062099950465348,,,,,,
phase_rad,1.0602875205865552,-0.010730613888697236,-0.00240864491509259,0.00022881268473719327,,,,,,
phase_rad,1.064650843716541,-0.010729354447656428,-0.0024144199860459373,0.00022700058928808056,,,,,,
phase_rad,1.069014166846527,-0.010728101880695314,-0.0024201491414810455,0.00022518474728593996,,,,,,
phase_rad,1.0733774899765127,-0.010726856282799856,-0.002425832285791467,0.0002233651928324025,,,,,,
phase_rad,1.0777408131064985,-0.010725617748421621,-0.0024314693242362363,0.00022154196000154073,,,,,,
phase_rad,1.0821041362364843,-0.01072438637147072,-0.0024370601629393595,0.00021971508283932795,,,,,,
phase_rad,1.08646745936647,-0.010723162245308768,-0.0024426047088892803,0.0002178845953631069,,,,,,
phase_rad,1.090830782496456,-0.010721945462741907,-0.002448102869938346,0.0002160505315610883,,,,,,
phase_rad,1.0951941056264418,-0.010720736116013872,-0.0024535545548022416,0.0002142129253918509,,,,,,
phase_rad,1.0995574287564276,-0.010719534296799085,-0.0024589596730594286,0.0002123718107838715,,,,,,
phase_rad,1.1039207518864134,-0.010718340096195806,-0.002464318135150555,0.00021052722163506518,,,,,,
phase_rad,1.1082840750163994,-0.010717153604719337,-0.002469629852377867,0.00020867919181234338,,,,,,
phase_rad,1.1126473981463851,-0.010715974912295246,-0.002474894736904592,0.0002068277551511965,,,,,,
phase_rad,1.117010721276371,-0.010714804108252665,-0.002480112701754334,0.00020497294545527732,,,,,,
phase_rad,1.1213740444063567,-0.01071364128131762,-0.0024852836608104333,0.00020311479649602225,,,,,,
phase_rad,1.1257373675363425,-0.010712486519606398,-0.0024904075288153245,0.00020125334201227026,,,,,,
phase_rad,1.1301006906663285,-0.01071133991061899,-0.0024954842213698943,0.0001993886157099149,,,,,,
phase_rad,1.1344640137963142,-0.010710201541232537,-0.0025005136549328105,0.00019752065126155648,,,,,,
phase_rad,1.1388273369263,-0.010709071497694884,-0.002505495746819855,0.00019564948230619043,,,,,,
phase_rad,1.1431906600562858,-0.010707949865618134,-0.0025104304152032478,0.0001937751424488951,,,,,,
phase_rad,1.1475539831862718,-0.010706836729972255,-0.00251531757911095,0.00019189766526054837,,,,,,
phase_rad,1.1519173063162575,-0.010705732175078777,-0.0025201571584259714,0.0001900170842775498,,,,,,
phase_rad,1.1562806294462433,-0.01070463628460449,-0.002524949073885666,0.00018813343300157432,,,,,,
phase_rad,1.160643952576229,-0.010703549141555205,-0.0025296932470810136,0.00018624674489932684,,,,,,
phase_rad,1.1650072757062149,-0.010702470828269597,-0.002534389600455906,0.00018435705340232164,,,,,,
phase_rad,1.1693705988362009,-0.010701401426413074,-0.0025390380573064187,0.00018246439190668182,,,,,,
phase_rad,1.1737339219661866,-0.010700341016971673,-0.0025436385417800717,0.00018056879377294373,,,,,,
phase_rad,1.1780972450961724,-0.010699289680246055,-0.0025481909788750983,0.0001786702923258878,,,,,,
phase_rad,1.1824605682261582,-0.010698247495845544,-0.002552695294439698,0.00017676892085438504,,,,,,
phase_rad,1.1868238913561442,-0.010697214542682172,-0.00255715141517128,0.00017486471261124524,,,,,,
phase_rad,1.19118721448613,-0.010696190898964843,-0.0025615592686157184,0.00017295770081310747,,,,,,
phase_rad,1.1955505376161157,-0.010695176642193513,-0.0025659187831665858,0.00017104791864032062,,,,,,
phase_rad,1.1999138607461015,-0.010694171849153424,-0.002570229888064391,0.00016913539923685663,,,,,,
phase_rad,1.2042771838760873,-0.010693176595909388,-0.002574492513395817,0.00016722017571023026,,,,,,
phase_rad,1.2086405070060733,-0.010692190957800182,-0.0025787065900929433,0.0001653022811314393,,,,,,
phase_rad,1.213003830136059,-0.0106912150094329,-0.0025828720499324795,0.00016338174853492153,,,,,,
phase_rad,1.2173671532660448,-0.010690248824677439,-0.0025869888255349825,0.00016145861091851712,,,,,,
phase_rad,1.2217304763960306,-0.010689292476661033,-0.002591056850364087,0.00015953290124346375,,,,,,
phase_rad,1.2260937995260166,-0.010688346037762796,-0.002595076058725722,0.00015760465243439058,,,,,,
phase_rad,1.2304571226560024,-0.010687409579608363,-0.002599046385767325,0.00015567389737933344,,,,,,
phase_rad,1.2348204457859882,-0.010686483173064582,-0.0026029677674770735,0.00015374066892977429,,,,,,
phase_rad,1.239183768915974,-0.010685566888234266,-0.0026068401406830867,0.00015180499990067133,,,,,,
phase_rad,1.2435470920459597,-0.010684660794450981,-0.0026106634430526562,0.00014986692307053626,,,,,,
phase_rad,1.2479104151759457,-0.010683764960273904,-0.002614437613091452,0.000147926471181496,,,,,,
phase_rad,1.2522737383059315,-0.010682879453482766,-0.002618162590142752,0.00014598367693939465,,,,,,
phase_rad,1.2566370614359172,-0.010682004341072807,-0.0026218383143866513,0.00014403857301388458,,,,,,
phase_rad,1.261000384565903,-0.010681139689249823,-0.002625464726839285,0.00014209119203855585,,,,,,
phase_rad,1.265363707695889,-0.010680285563425259,-0.0026290417693520525,0.00014014156661106242,,,,,,
phase_rad,1.2697270308258748,-0.010679442028211378,-0.002632569384610835,0.00013818972929327154,,,,,,
phase_rad,1.2740903539558606,-0.010678609147416461,-0.002636047516135228,0.00013623571261142664,,,,,,
phase_rad,1.2784536770858463,-0.010677786984040096,-0.0026394761082777643,0.0001342795490563147,,,,,,
phase_rad,1.2828170002158321,-0.01067697560026851,-0.0026428551062231452,0.00013232127108346375,,,,,,
phase_rad,1.2871803233458181,-0.010676175057469973,-0.0026461844559874767,0.00013036091111333424,,,,,,
phase_rad,1.2915436464758039,-0.010675385416190255,-0.0026494641044175053,0.00012839850153154335,,,,,,
phase_rad,1.2959069696057897,-0.010674606736148158,-0.002652693999189864,0.000126434074689091,,,,,,
phase_rad,1.3002702927357754,-0.010673839076231083,-0.00265587408881031,0.00012446766290259335,,,,,,
phase_rad,1.3046336158657614,-0.010673082494490688,-0.002659004322612981,0.00012249929845454697,,,,,,
phase_rad,1.3089969389957472,-0.010672337048138615,-0.0026620846507596535,0.00012052901359359421,,,,,,
phase_rad,1.313360262125733,-0.010671602793542212,-0.0026651150242389928,0.00011855684053479337,,,,,,
phase_rad,1.3177235852557188,-0.010670879786220435,-0.0026680953948658337,0.0001165828114599273,,,,,,
phase_rad,1.3220869083857045,-0.010670168080839681,-0.002671025715280431,0.00011460695851778766,,,,,,
phase_rad,1.3264502315156905,-0.010669467731209806,-0.00267390593894776,0.00011262931382450994,,,,,,
phase_rad,1.3308135546456763,-0.010668778790280114,-0.0026767360201567906,0.00011064990946389264,,,,,,
phase_rad,1.335176877775662,-0.010668101310135469,-0.002679515914019772,0.00010866877748773448,,,,,,
phase_rad,1.3395402009056478,-0.01066743534199244,-0.0026822455764715404,0.00010668594991619456,,,,,,
phase_rad,1.3439035240356338,-0.01066678093619552,-0.002684924964268822,0.00010470145873815056,,,,,,
phase_rad,1.3482668471656196,-0.010666138142213425,-0.002687554034989539,0.0001027153359115724,,,,,,
phase_rad,1.3526301702956054,-0.010665507008635422,-0.0026901327470321423,0.00010072761336391467,,,,,,
phase_rad,1.3569934934255912,-0.01066488758316777,-0.0026926610596149265,9.873832299250114e-05,,,,,,
phase_rad,1.361356816555577,-0.010664279912630175,-0.0026951389327753775,9.674749666494756e-05,,,,,,
phase_rad,1.365720139685563,-0.010663684042952364,-0.00269756632736951,9.475516621956434e-05,,,,,,
phase_rad,1.3700834628155487,-0.010663100019170674,-0.002699943205071233,9.276136346579567e-05,,,,,,
phase_rad,1.3744467859455345,-0.010662527885424752,-0.0027022695283716973,9.07661201846573e-05,,,,,,
phase_rad,1.3788101090755203,-0.010661967684954286,-0.002704545260578684,8.876946812917523e-05,,,,,,
phase_rad,1.3831734322055063,-0.010661419460095826,-0.0027067703658159798,8.677143902485794e-05,,,,,,
phase_rad,1.387536755335492,-0.010660883252279665,-0.0027089448090227702,8.477206457015683e-05,,,,,,
phase_rad,1.3919000784654778,-0.01066035910202679,-0.002711068555953043,8.277137643694231e-05,,,,,,
phase_rad,1.3962634015954636,-0.010659847048945877,-0.0027131415731749997,8.0769406270995e-05,,,,,,
phase_rad,1.4006267247254494,-0.010659347131730402,-0.0027151638280704816,7.876618569249987e-05,,,,,,
phase_rad,1.4049900478554354,-0.010658859388155766,-0.0027171352888344068,7.676174629655283e-05,,,,,,
phase_rad,1.4093533709854211,-0.010658383855076529,-0.0027190559244742074,7.475611965367091e-05,,,,,,
phase_rad,1.413716694115407,-0.0106579205684237,-0.0027209257048092933,7.274933731031574e-05,,,,,,
phase_rad,1.4180800172453927,-0.010657469563202068,-0.00272274460047052,7.074143078942652e-05,,,,,,
phase_rad,1.4224433403753787,-0.010657030873487652,-0.002724512582899669,6.873243159095303e-05,,,,,,
phase_rad,1.4268066635053644,-0.010656604532425175,-0.0027262296243489316,6.672237119240772e-05,,,,,,
phase_rad,1.4311699866353502,-0.01065619057222563,-0.0027278956978804237,6.471128104941623e-05,,,,,,
phase_rad,1.435533309765336,-0.01065578902416392,-0.0027295107773656953,6.269919259627838e-05,,,,,,
phase_rad,1.4398966328953218,-0.01065539991857654,-0.0027310748374852665,6.068613724654129e-05,,,,,,
phase_rad,1.4442599560253078,-0.010655023284859351,-0.0027325878537281575,5.8672146393570074e-05,,,,,,
phase_rad,1.4486232791552935,-0.01065465915146542,-0.00273404980239145,5.665725141113052e-05,,,,,,
phase_rad,1.4529866022852793,-0.010654307545902929,-0.0027354606605798555,5.4641483653984505e-05,,,,,,
phase_rad,1.457349925415265,-0.01065396849473315,-0.0027368204062052895,5.2624874458480266e-05,,,,,,
phase_rad,1.461713248545251,-0.010653642023568485,-0.002738129017986472,5.060745514315541e-05,,,,,,
phase_rad,1.4660765716752369,-0.010653328157070586,-0.0027393864754485272,4.8589257009344937e-05,,,,,,
phase_rad,1.4704398948052226,-0.010653026918948552,-0.002740592758922609,4.657031134179621e-05,,,,,,
phase_rad,1.4748032179352084,-0.01065273833195717,-0.0027417478495455343,4.455064940928912e-05,,,,,,
phase_rad,1.4791665410651942,-0.010652462417895253,-0.0027428517292594286,4.253030246525579e-05,,,,,,
phase_rad,1.4835298641951802,-0.01065219919760403,-0.002743904380811392,4.050930174841834e-05,,,,,,
phase_rad,1.487893187325166,-0.010651948690965616,-0.0027449057877531706,3.848767848341553e-05,,,,,,
phase_rad,1.4922565104551517,-0.010651710916901558,-0.002745855934440853,3.6465463881450244e-05,,,,,,
phase_rad,1.4966198335851375,-0.01065148589337144,-0.0027467548060345686,3.4442689140927896e-05,,,,,,
phase_rad,1.5009831567151235,-0.010651273637371544,-0.0027476023884982115,3.241938544810497e-05,,,,,,
phase_rad,1.5053464798451093,-0.010651074164933645,-0.0027483986685991734,3.039558397774627e-05,,,,,,
phase_rad,1.509709802975095,-0.010650887491123784,-0.0027491436339080874,2.8371315893775456e-05,,,,,,
phase_rad,1.5140731261050808,-0.010650713630041192,-0.0027498372727986025,2.6346612349937258e-05,,,,,,
phase_rad,1.5184364492350666,-0.010650552594817245,-0.002750479574447148,2.43215044904634e-05,,,,,,
phase_rad,1.5227997723650526,-0.010650404397614496,-0.002751070528832737,2.22960234507331e-05,,,,,,
phase_rad,1.5271630954950384,-0.010650269049625795,-0.002751610126736771,2.02702003579496e-05,,,,,,
phase_rad,1.5315264186250241,-0.010650146561073437,-0.0027520983597428593,1.8244066331804358e-05,,,,,,
phase_rad,1.53588974175501,-0.010650036941208444,-0.002752535220236667,1.621765248515858e-05,,,,,,
phase_rad,1.540253064884996,-0.010649940198309876,-0.002752920701405757,1.4190989924717148e-05,,,,,,
phase_rad,1.5446163880149817,-0.010649856339684204,-0.0027532547972394664,1.2164109751706259e-05,,,,,,
phase_rad,1.5489797111449675,-0.010649785371664796,-0.002753537502528789,1.0137043062554297e-05,,,,,,
phase_rad,1.5533430342749532,-0.010649727299611444,-0.0027537688128662736,8.109820949579218e-06,,,,,,
phase_rad,1.557706357404939,-0.010649682127909964,-0.002753948724645942,6.082474501663791e-06,,,,,,
phase_rad,1.562069680534925,-0.01064964985997189,-0.002754077235063216,4.055034804947323e-06,,,,,,
phase_rad,1.5664330036649108,-0.0106496304982342,-0.0027541543421148616,2.027532943510435e-06,,,,,,
phase_rad,1.5707963267948966,-0.010649624044159159,-0.002754180044598956,5.377642775528102e-17,,,,,,
phase_rad,1.5751596499248823,-0.0106496304982342,-0.002754154342114862,-2.0275329434011474e-06,,,,,,
phase_rad,1.5795229730548683,-0.010649649859971893,-0.002754077235063216,-4.055034804838903e-06,,,,,,
phase_rad,1.583886296184854,-0.010649682127909964,-0.002753948724645943,-6.082474501554504e-06,,,,,,
phase_rad,1.5882496193148399,-0.010649727299611443,-0.002753768812866274,-8.109820949470797e-06,,,,,,
phase_rad,1.5926129424448257,-0.010649785371664795,-0.002753537502528789,-1.0137043062445443e-05,,,,,,
phase_rad,1.5969762655748114,-0.010649856339684205,-0.002753254797239466,-1.2164109751596971e-05,,,,,,
phase_rad,1.6013395887047974,-0.010649940198309876,-0.002752920701405757,-1.4190989924608727e-05,,,,,,
phase_rad,1.6057029118347832,-0.010650036941208448,-0.0027525352202366665,-1.6217652485049725e-05,,,,,,
phase_rad,1.610066234964769,-0.010650146561073437,-0.0027520983597428585,-1.8244066331695504e-05,,,,,,
phase_rad,1.6144295580947547,-0.010650269049625795,-0.002751610126736772,-2.0270200357839444e-05,,,,,,
phase_rad,1.6187928812247407,-0.0106504043976145,-0.002751070528832737,-2.229602345062403e-05,,,,,,
phase_rad,1.6231562043547265,-0.010650552594817245,-0.002750479574447147,-2.4321504490353897e-05,,,,,,
phase_rad,1.6275195274847123,-0.01065071363004119,-0.002749837272798603,-2.6346612349827103e-05,,,,,,
phase_rad,1.631882850614698,-0.010650887491123785,-0.002749143633908088,-2.837131589366595e-05,,,,,,
phase_rad,1.6362461737446838,-0.010651074164933648,-0.0027483986685991725,-3.0395583977636982e-05,,,,,,
phase_rad,1.6406094968746698,-0.010651273637371547,-0.002747602388498212,-3.241938544799698e-05,,,,,,
phase_rad,1.6449728200046556,-0.010651485893371436,-0.0027467548060345686,-3.444268914081861e-05,,,,,,
phase_rad,1.6493361431346414,-0.010651710916901558,-0.002745855934440853,-3.646546388134204e-05,,,,,,
phase_rad,1.6536994662646272,-0.010651948690965614,-0.00274490578775317,-3.848767848330667e-05,,,,,,
phase_rad,1.6580627893946132,-0.010652199197604028,-0.0027439043808113925,-4.050930174830927e-05,,,,,,
phase_rad,1.662426112524599,-0.010652462417895255,-0.002742851729259429,-4.2530302465146504e-05,,,,,,
phase_rad,1.6667894356545847,-0.010652738331957175,-0.0027417478495455347,-4.455064940917918e-05,,,,,,
phase_rad,1.6711527587845705,-0.010653026918948554,-0.002740592758922608,-4.657031134168779e-05,,,,,,
phase_rad,1.6755160819145565,-0.01065332815707059,-0.002739386475448527,-4.8589257009235e-05,,,,,,
phase_rad,1.6798794050445423,-0.010653642023568485,-0.002738129017986472,-5.060745514304634e-05,,,,,,
phase_rad,1.684242728174528,-0.010653968494733152,-0.0027368204062052895,-5.262487445837141e-05,,,,,,
phase_rad,1.6886060513045138,-0.01065430754590293,-0.002735460660579856,-5.464148365387587e-05,,,,,,
phase_rad,1.6929693744344996,-0.01065465915146542,-0.0027340498023914516,-5.665725141102123e-05,,,,,,
phase_rad,1.6973326975644856,-0.010655023284859351,-0.0027325878537281575,-5.867214639346035e-05,,,,,,
phase_rad,1.7016960206944713,-0.01065539991857654,-0.0027310748374852678,-6.068613724643287e-05,,,,,,
phase_rad,1.7060593438244571,-0.01065578902416392,-0.0027295107773656966,-6.269919259616931e-05,,,,,,
phase_rad,1.710422666954443,-0.010656190572225634,-0.002727895697880425,-6.47112810493065e-05,,,,,,
phase_rad,1.714785990084429,-0.010656604532425173,-0.0027262296243489316,-6.672237119229908e-05,,,,,,
phase_rad,1.7191493132144147,-0.010657030873487653,-0.0027245125828996696,-6.873243159084353e-05,,,,,,
phase_rad,1.7235126363444004,-0.010657469563202068,-0.0027227446004705214,-7.074143078931701e-05,,,,,,
phase_rad,1.7278759594743862,-0.0106579205684237,-0.0027209257048092933,-7.27493373102058e-05,,,,,,
phase_rad,1.732239282604372,-0.010658383855076533,-0.002719055924474207,-7.47561196535614e-05,,,,,,
phase_rad,1.736602605734358,-0.010658859388155764,-0.0027171352888344068,-7.676174629644419e-05,,,,,,
phase_rad,1.7409659288643438,-0.0106593471317304,-0.0027151638280704833,-7.87661856923908e-05,,,,,,
phase_rad,1.7453292519943295,-0.01065984704894588,-0.0027131415731749993,-8.076940627088549e-05,,,,,,
phase_rad,1.7496925751243153,-0.01066035910202679,-0.0027110685559530432,-8.277137643683194e-05,,,,,,
phase_rad,1.7540558982543013,-0.010660883252279669,-0.0027089448090227707,-8.477206457004798e-05,,,,,,
phase_rad,1.758419221384287,-0.01066141946009583,-0.0027067703658159806,-8.677143902474952e-05,,,,,,
phase_rad,1.7627825445142729,-0.010661967684954286,-0.0027045452605786845,-8.876946812906659e-05,,,,,,
phase_rad,1.7671458676442586,-0.010662527885424754,-0.002702269528371698,-9.076612018454671e-05,,,,,,
phase_rad,1.7715091907742444,-0.010663100019170674,-0.002699943205071232,-9.27613634656866e-05,,,,,,
phase_rad,1.7758725139042304,-0.010663684042952365,-0.002697566327369512,-9.475516621945462e-05,,,,,,
phase_rad,1.7802358370342162,-0.010664279912630177,-0.0026951389327753775,-9.674749666483805e-05,,,,,,
phase_rad,1.784599160164202,-0.010664887583167767,-0.0026926610596149265,-9.87383229923925e-05,,,,,,
phase_rad,1.7889624832941877,-0.010665507008635423,-0.002690132747032143,-0.00010072761336380517,,,,,,
phase_rad,1.7933258064241737,-0.010666138142213425,-0.0026875540349895386,-0.0001027153359114642,,,,,,
phase_rad,1.7976891295541595,-0.010666780936195521,-0.0026849249642688215,-0.00010470145873804019,,,,,,
phase_rad,1.8020524526841453,-0.010667435341992442,-0.0026822455764715417,-0.00010668594991608462,,,,,,
phase_rad,1.806415775814131,-0.01066810131013547,-0.002679515914019773,-0.00010866877748762476,,,,,,
phase_rad,1.8107790989441168,-0.010668778790280114,-0.0026767360201567906,-0.00011064990946378292,,,,,,
phase_rad,1.8151424220741028,-0.010669467731209808,-0.0026739059389477597,-0.0001126293138244013,,,,,,
phase_rad,1.8195057452040886,-0.010670168080839681,-0.0026710257152804296,-0.00011460695851767859,,,,,,
phase_rad,1.8238690683340744,-0.010670879786220435,-0.0026680953948658333,-0.00011658281145981737,,,,,,
phase_rad,1.8282323914640601,-0.010671602793542213,-0.0026651150242389936,-0.00011855684053468539,,,,,,
phase_rad,1.8325957145940461,-0.010672337048138612,-0.0026620846507596527,-0.0001205290135934847,,,,,,
phase_rad,1.836959037724032,-0.010673082494490694,-0.0026590043226129806,-0.00012249929845443855,,,,,,
phase_rad,1.8413223608540177,-0.010673839076231083,-0.0026558740888103097,-0.0001244676629024834,,,,,,
phase_rad,1.8456856839840035,-0.010674606736148156,-0.0026526939991898626,-0.00012643407468898235,,,,,,
phase_rad,1.8500490071139892,-0.010675385416190258,-0.0026494641044175053,-0.00012839850153143493,,,,,,
phase_rad,1.8544123302439752,-0.010676175057469971,-0.0026461844559874767,-0.00013036091111322473,,,,,,
phase_rad,1.858775653373961,-0.01067697560026851,-0.0026428551062231457,-0.00013232127108335403,,,,,,
phase_rad,1.8631389765039468,-0.0106777869840401,-0.0026394761082777656,-0.00013427954905620518,,,,,,
phase_rad,1.8675022996339325,-0.010678609147416463,-0.0026360475161352295,-0.00013623571261131735,,,,,,
phase_rad,1.8718656227639185,-0.01067944202821138,-0.002632569384610835,-0.00013818972929316312,,,,,,
phase_rad,1.8762289458939043,-0.010680285563425262,-0.0026290417693520525,-0.00014014156661095204,,,,,,
phase_rad,1.88059226902389,-0.010681139689249825,-0.002625464726839286,-0.00014209119203844722,,,,,,
phase_rad,1.8849555921538759,-0.010682004341072806,-0.0026218383143866513,-0.00014403857301377573,,,,,,
phase_rad,1.8893189152838616,-0.010682879453482768,-0.002618162590142753,-0.00014598367693928515,,,,,,
phase_rad,1.8936822384138476,-0.010683764960273909,-0.0026144376130914524,-0.0001479264711813878,,,,,,
phase_rad,1.8980455615438334,-0.01068466079445098,-0.002610663443052656,-0.00014986692307042675,,,,,,
phase_rad,1.9024088846738192,-0.01068556688823427,-0.0026068401406830876,-0.0001518049999005614,,,,,,
phase_rad,1.906772207803805,-0.010686483173064582,-0.0026029677674770735,-0.00015374066892966413,,,,,,
phase_rad,1.911135530933791,-0.010687409579608361,-0.002599046385767325,-0.00015567389737922458,,,,,,
phase_rad,1.9154988540637767,-0.010688346037762798,-0.002595076058725721,-0.00015760465243428107,,,,,,
phase_rad,1.9198621771937625,-0.010689292476661037,-0.002591056850364087,-0.00015953290124335467,,,,,,
phase_rad,1.9242255003237483,-0.010690248824677442,-0.0025869888255349817,-0.00016145861091840762,,,,,,
phase_rad,1.928588823453734,-0.010691215009432901,-0.002582872049932479,-0.0001633817485348116,,,,,,
phase_rad,1.93295214658372,-0.010692190957800185,-0.002578706590092944,-0.00016530228113133087,,,,,,
phase_rad,1.9373154697137058,-0.010693176595909392,-0.0025744925133958166,-0.00016722017571012054,,,,,,
phase_rad,1.9416787928436916,-0.010694171849153422,-0.0025702298880643914,-0.0001691353992367469,,,,,,
phase_rad,1.9460421159736774,-0.010695176642193516,-0.0025659187831665853,-0.00017104791864021047,,,,,,
phase_rad,1.9504054391036634,-0.010696190898964845,-0.0025615592686157175,-0.00017295770081299754,,,,,,
phase_rad,1.9547687622336491,-0.010697214542682174,-0.0025571514151712807,-0.0001748647126111353,,,,,,
phase_rad,1.959132085363635,-0.010698247495845543,-0.0025526952944396972,-0.00017676892085427554,,,,,,
phase_rad,1.9634954084936207,-0.010699289680246058,-0.0025481909788750996,-0.0001786702923257783,,,,,,
phase_rad,1.9678587316236065,-0.010700341016971673,-0.0025436385417800717,-0.00018056879377283423,,,,,,
phase_rad,1.9722220547535925,-0.010701401426413078,-0.002539038057306418,-0.00018246439190657254,,,,,,
phase_rad,1.9765853778835782,-0.0107024708282696,-0.0025343896004559057,-0.00018435705340221192,,,,,,
phase_rad,1.980948701013564,-0.010703549141555206,-0.002529693247081014,-0.00018624674489921668,,,,,,
phase_rad,1.9853120241435498,-0.01070463628460449,-0.0025249490738856657,-0.00018813343300146503,,,,,,
phase_rad,1.9896753472735358,-0.01070573217507878,-0.002520157158425971,-0.00019001708427744072,,,,,,
phase_rad,1.9940386704035216,-0.010706836729972257,-0.00251531757911095,-0.00019189766526043822,,,,,,
phase_rad,1.9984019935335073,-0.01070794986561813,-0.0025104304152032486,-0.00019377514244878474,,,,,,
phase_rad,2.0027653166634933,-0.010709071497694884,-0.0025054957468198555,-0.00019564948230608092,,,,,,
phase_rad,2.007128639793479,-0.010710201541232535,-0.00250051365493281,-0.00019752065126144676,,,,,,
phase_rad,2.011491962923465,-0.010711339910618992,-0.0024954842213698943,-0.00019938861570980475,,,,,,
phase_rad,2.0158552860534504,-0.010712486519606403,-0.0024904075288153245,-0.0002012533420121601,,,,,,
phase_rad,2.0202186091834364,-0.010713641281317623,-0.002485283660810433,-0.00020311479649591166,,,,,,
phase_rad,2.0245819323134224,-0.010714804108252667,-0.002480112701754334,-0.0002049729454551676,,,,,,
phase_rad,2.028945255443408,-0.010715974912295248,-0.002474894736904592,-0.0002068277551510872,,,,,,
phase_rad,2.033308578573394,-0.010717153604719337,-0.0024696298523778654,-0.0002086791918122343,,,,,,
phase_rad,2.0376719017033795,-0.010718340096195808,-0.0024643181351505557,-0.00021052722163495416,,,,,,
phase_rad,2.0420352248333655,-0.010719534296799088,-0.0024589596730594286,-0.00021237181078376157,,,,,,
phase_rad,2.0463985479633515,-0.010720736116013874,-0.002453554554802242,-0.00021421292539174162,,,,,,
phase_rad,2.050761871093337,-0.010721945462741909,-0.002448102869938346,-0.00021605053156097858,,,,,,
phase_rad,2.055125194223323,-0.01072316224530877,-0.00244260470888928,-0.0002178845953629974,,,,,,
phase_rad,2.059488517353309,-0.010724386371470721,-0.0024370601629393586,-0.00021971508283921736,,,,,,
phase_rad,2.0638518404832946,-0.010725617748421623,-0.0024314693242362354,-0.00022154196000143123,,,,,,
phase_rad,2.0682151636132806,-0.010726856282799856,-0.002425832285791467,-0.00022336519283229278,,,,,,
phase_rad,2.072578486743266,-0.010728101880695316,-0.0024201491414810455,-0.00022518474728583024,,,,,,
phase_rad,2.076941809873252,-0.010729354447656431,-0.0024144199860459373,-0.0002270005892879702,,,,,,
phase_rad,2.081305133003238,-0.010730613888697236,-0.0024086449150925904,-0.00022881268473708399,,,,,,
phase_rad,2.0856684561332237,-0.010731880108304477,-0.002402824025093439,-0.00023062099950454376,,,,,,
phase_rad,2.0900317792632097,-0.010733153010444769,-0.002396957413387378,-0.00023242549943530656,,,,,,
phase_rad,2.0943951023931953,-0.010734432498571778,-0.002391045178180243,-0.00023422615034850505,,,,,,
phase_rad,2.0987584255231813,-0.010735718475633475,-0.00238508741854525,-0.0002360229180380655,,,,,,
phase_rad,2.1031217486531673,-0.010737010844079386,-0.0023790842344234404,-0.00023781576827333097,,,,,,
phase_rad,2.107485071783153,-0.010738309505867925,-0.002373035726624094,-0.000239604666799714,,,,,,
phase_rad,2.111848394913139,-0.010739614362473724,-0.0023669419968251285,-0.0002413895793393593,,,,,,
phase_rad,2.1162117180431244,-0.010740925314895034,-0.0023608031475734854,-0.00024317047159182767,,,,,,
phase_rad,2.1205750411731104,-0.010742242263661158,-0.002354619282285493,-0.00024494730923478635,,,,,,
phase_rad,2.1249383643030963,-0.010743565108839913,-0.0023483905052472135,-0.0002467200579247394,,,,,,
phase_rad,2.129301687433082,-0.010744893750045122,-0.0023421169216147693,-0.0002484886832977468,,,,,,
phase_rad,2.133665010563068,-0.010746228086444164,-0.0023357986374146476,-0.0002502531509701888,,,,,,
phase_rad,2.138028333693054,-0.01074756801676554,-0.002329435759543993,-0.00025201342653951783,,,,,,
phase_rad,2.1423916568230394,-0.01074891343930648,-0.0023230283957708705,-0.00025376947558505966,,,,,,
phase_rad,2.1467549799530254,-0.01075026425194061,-0.0023165766547345117,-0.00025552126366880064,,,,,,
phase_rad,2.151118303083011,-0.010751620352125584,-0.0023100806459455435,-0.00025726875633621995,,,,,,
phase_rad,2.155481626212997,-0.010752981636910838,-0.0023035404797861923,-0.0002590119191171118,,,,,,
phase_rad,2.159844949342983,-0.010754348002945315,-0.0022969562675104614,-0.000260750717526449,,,,,,
phase_rad,2.1642082724729685,-0.010755719346485238,-0.002290328121244293,-0.00026248511706525226,,,,,,
phase_rad,2.1685715956029545,-0.010757095563401929,-0.0022836561539857077,-0.0002642150832214644,,,,,,
phase_rad,2.17293491873294,-0.010758476549189641,-0.002276940479604916,-0.0002659405814708707,,,,,,
phase_rad,2.177298241862926,-0.010759862198973428,-0.0022701812128444058,-0.00026766157727800945,,,,,,
phase_rad,2.181661564992912,-0.010761252407517054,-0.0022633784693190167,-0.0002693780360971086,,,,,,
phase_rad,2.1860248881228976,-0.0107626470692309,-0.0022565323655159763,-0.0002710899233730429,,,,,,
phase_rad,2.1903882112528836,-0.010764046078179951,-0.0022496430187949196,-0.0002727972045423019,,,,,,
phase_rad,2.194751534382869,-0.010765449328091765,-0.0022427105473878813,-0.0002744998450339765,,,,,,
phase_rad,2.199114857512855,-0.010766856712364499,-0.0022357350703992637,-0.0002761978102707634,,,,,,
phase_rad,2.203478180642841,-0.01076826812407493,-0.002228716707805778,-0.00027789106566998133,,,,,,
phase_rad,2.2078415037728267,-0.010769683455986546,-0.002221655580456359,-0.00027957957664461255,,,,,,
phase_rad,2.2122048269028127,-0.010771102600557636,-0.0022145518100720567,-0.00028126330860434815,,,,,,
phase_rad,2.2165681500327987,-0.010772525449949404,-0.002207405519245894,-0.00028294222695665703,,,,,,
phase_rad,2.2209314731627843,-0.010773951896034105,-0.002200216831442702,-0.00028461629710787705,,,,,,
phase_rad,2.2252947962927703,-0.010775381830403231,-0.00219298587099893,-0.0002862854844643053,,,,,,
phase_rad,2.229658119422756,-0.010776815144375708,-0.0021857127631224214,-0.00028794975443332226,,,,,,
phase_rad,2.234021442552742,-0.010778251729006073,-0.002178397633892166,-0.00028960907242451357,,,,,,
phase_rad,2.238384765682728,-0.010779691475092768,-0.00217104061025802,-0.00029126340385082945,,,,,,
phase_rad,2.2427480888127134,-0.010781134273186352,-0.0021636418200403997,-0.0002929127141297369,,,,,,
phase_rad,2.2471114119426994,-0.010782580013597805,-0.0021562013919299433,-0.0002945569686844036,,,,,,
phase_rad,2.251474735072685,-0.010784028586406822,-0.0021487194554871466,-0.00029619613294489065,,,,,,
phase_rad,2.255838058202671,-0.010785479881470139,-0.0021411961411419646,-0.000297830172349359,,,,,,
phase_rad,2.260201381332657,-0.010786933788429869,-0.0021336315801933794,-0.0002994590523452993,,,,,,
phase_rad,2.2645647044626425,-0.010788390196721863,-0.002126025904808957,-0.0003010827383907594,,,,,,
phase_rad,2.2689280275926285,-0.010789848995584087,-0.0021183792480243373,-0.0003027011959556144,,,,,,
phase_rad,2.2732913507226145,-0.01079131007406501,-0.002110691743742727,-0.0003043143905228211,,,,,,
phase_rad,2.2776546738526,-0.010792773321032038,-0.0021029635267343465,-0.00030592228758970826,,,,,,
phase_rad,2.282017996982586,-0.010794238625179906,-0.0020951947326358334,-0.00030752485266927025,,,,,,
phase_rad,2.2863813201125716,-0.010795705875039151,-0.0020873854979496422,-0.00030912205129148516,,,,,,
phase_rad,2.2907446432425576,-0.010797174958984558,-0.0020795359600433755,-0.00031071384900463635,,,,,,
phase_rad,2.2951079663725436,-0.01079864576524363,-0.0020716462571491153,-0.00031230021137665506,,,,,,
phase_rad,2.299471289502529,-0.010800118181905079,-0.0020637165283626975,-0.0003138811039964714,,,,,,
phase_rad,2.303834612632515,-0.01080159209692731,-0.0020557469136429606,-0.00031545649247538944,,,,,,
phase_rad,2.3081979357625007,-0.010803067398146972,-0.00204773755381097,-0.0003170263424484626,,,,,,
phase_rad,2.3125612588924866,-0.01080454397328743,-0.002039688590549186,-0.00031859061957589287,,,,,,
phase_rad,2.3169245820224726,-0.010806021709967329,-0.0020316001664006152,-0.00032014928954443795,,,,,,
phase_rad,2.321287905152458,-0.010807500495709119,-0.0020234724247679267,-0.000321702318068837,,,,,,
phase_rad,2.325651228282444,-0.010808980217947652,-0.0020153055099125165,-0.0003232496708932388,,,,,,
phase_rad,2.3300145514124297,-0.010810460764038679,-0.0020070995669535584,-0.0003247913137926573,,,,,,
phase_rad,2.3343778745424157,-0.010811942021267465,-0.001998854741866994,-0.0003263272125744311,,,,,,
phase_rad,2.3387411976724017,-0.010813423876857374,-0.001990571181484523,-0.00032785733307969054,,,,,,
phase_rad,2.3431045208023873,-0.010814906217978426,-0.001982249033492511,-0.0003293816411848527,,,,,,
phase_rad,2.3474678439323733,-0.010816388931755898,-0.0019738884464308945,-0.00033090010280311744,,,,,,
phase_rad,2.3518311670623593,-0.010817871905278944,-0.001965489569692044,-0.00033241268388596893,,,,,,
phase_rad,2.356194490192345,-0.01081935502560917,-0.001957052553519577,-0.0003339193504247129,,,,,,
phase_rad,2.360557813322331,-0.010820838179789261,-0.0019485775490071398,-0.0003354200684519966,,,,,,
phase_rad,2.3649211364523164,-0.01082232125485158,-0.0019400647080971595,-0.0003369148040433677,,,,,,
phase_rad,2.3692844595823024,-0.0108238041378268,-0.0019315141835795455,-0.0003384035233188155,,,,,,
phase_rad,2.3736477827122884,-0.010825286715752487,-0.0019229261290903638,-0.00033988619244435534,,,,,,
phase_rad,2.378011105842274,-0.010826768875681769,-0.0019143006991104627,-0.00034136277763359684,,,,,,
phase_rad,2.38237442897226,-0.010828250504691916,-0.001905638048964067,-0.00034283324514933645,,,,,,
phase_rad,2.3867377521022455,-0.01082973148989299,-0.0018969383348173318,-0.00034429756130516546,,,,,,
phase_rad,2.3911010752322315,-0.010831211718436417,-0.0018882017136768504,-0.00034575569246706643,,,,,,
phase_rad,2.3954643983622175,-0.010832691077523684,-0.0018794283433881424,-0.000347207605055049,,,,,,
phase_rad,2.399827721492203,-0.010834169454414885,-0.001870618382634071,-0.0003486532655447741,,,,,,
phase_rad,2.404191044622189,-0.010835646736437367,-0.0018617719909332492,-0.00035009264046919524,,,,,,
phase_rad,2.4085543677521746,-0.010837122810994356,-0.001852889328638394,-0.00035152569642021457,,,,,,
phase_rad,2.4129176908821606,-0.010838597565573548,-0.0018439705569346365,-0.00035295240005033457,,,,,,
phase_rad,2.4172810140121466,-0.010840070887755718,-0.0018350158378378002,-0.00035437271807433647,,,,,,
phase_rad,2.421644337142132,-0.010841542665223322,-0.0018260253341926345,-0.0003557866172709547,,,,,,
phase_rad,2.426007660272118,-0.010843012785769088,-0.0018169992096710012,-0.00035719406448456517,,,,,,
phase_rad,2.430370983402104,-0.010844481137304627,-0.0018079376287700383,-0.00035859502662688274,,,,,,
phase_rad,2.4347343065320897,-0.010845947607868979,-0.00179884075681026,-0.00035998947067866034,,,,,,
phase_rad,2.4390976296620757,-0.010847412085637212,-0.0017897087599336322,-0.0003613773636914129,,,,,,
phase_rad,2.443460952792061,-0.010848874458928992,-0.0017805418051015979,-0.0003627586727891251,,,,,,
phase_rad,2.447824275922047,-0.01085033461621712,-0.001771340060093064,-0.000364133365169991,,,,,,
phase_rad,2.452187599052033,-0.010851792446136096,-0.0017621036935023462,-0.0003655014081081426,,,,,,
phase_rad,2.4565509221820188,-0.010853247837490646,-0.001752832874737074,-0.0003668627689553958,,,,,,
phase_rad,2.4609142453120048,-0.010854700679264265,-0.0017435277740160465,-0.0003682174151430017,,,,,,
phase_rad,2.4652775684419903,-0.010856150860627712,-0.001734188562367055,-0.00036956531418340247,,,,,,
phase_rad,2.4696408915719763,-0.010857598270947533,-0.001724815411624651,-0.00037090643367200006,,,,,,
phase_rad,2.4740042147019623,-0.010859042799794525,-0.0017154084944278956,-0.0003722407412889181,,,,,,
phase_rad,2.478367537831948,-0.010860484336952242,-0.0017059679842180355,-0.00037356820480078604,,,,,,
phase_rad,2.482730860961934,-0.010861922772425437,-0.0016964940552361544,-0.000374888792062517,,,,,,
phase_rad,2.4870941840919194,-0.010863357996448518,-0.001686986882520784,-0.0003762024710191013,,,,,,
phase_rad,2.4914575072219054,-0.010864789899493974,-0.0016774466419054621,-0.0003775092097073906,,,,,,
phase_rad,2.4958208303518914,-0.010866218372280788,-0.0016678735100162496,-0.00037880897625791046,,,,,,
phase_rad,2.500184153481877,-0.010867643305782854,-0.0016582676642692175,-0.00038010173889665164,,,,,,
phase_rad,2.504547476611863,-0.010869064591237333,-0.0016486292828678615,-0.00038138746594688824,,,,,,
phase_rad,2.508910799741849,-0.010870482120153038,-0.001638958544800512,-0.0003826661258309822,,,,,,
phase_rad,2.5132741228718345,-0.010871895784318755,-0.0016292556298376692,-0.00038393768707220815,,,,,,
phase_rad,2.5176374460018205,-0.010873305475811581,-0.001619520718529305,-0.0003852021182965742,,,,,,
phase_rad,2.522000769131806,-0.010874711087005235,-0.0016097539922021312,-0.0003864593882346437,,,,,,
phase_rad,2.526364092261792,-0.010876112510578323,-0.0015999556329568075,-0.0003877094657233639,,,,,,
phase_rad,2.530727415391778,-0.010877509639522605,-0.0015901258236651105,-0.00038895231970790525,,,,,,
phase_rad,2.5350907385217636,-0.010878902367151246,-0.0015802647479670824,-0.0003901879192434879,,,,,,
phase_rad,2.5394540616517496,-0.010880290587107018,-0.0015703725902680898,-0.00039141623349722536,,,,,,
phase_rad,2.543817384781735,-0.010881674193370494,-0.0015604495357358827,-0.0003926372317499616,,,,,,
phase_rad,2.548180707911721,-0.010883053080268231,-0.0015504957702975905,-0.0003938508833981197,,,,,,
phase_rad,2.552544031041707,-0.01088442714248089,-0.0015405114806366625,-0.00039505715795553915,,,,,,
phase_rad,2.5569073541716927,-0.01088579627505138,-0.0015304968541897976,-0.0003962560250553274,,,,,,
phase_rad,2.5612706773016787,-0.010887160373392922,-0.0015204520791437944,-0.00039744745445170976,,,,,,
phase_rad,2.5656340004316642,-0.010888519333297148,-0.001510377344432383,-0.0003986314160218749,,,,,,
phase_rad,2.5699973235616502,-0.0108898730509421,-0.0015002728397329997,-0.00039980787976782615,,,,,,
phase_rad,2.5743606466916362,-0.010891221422900275,-0.0014901387554635218,-0.00040097681581823495,,,,,,
phase_rad,2.5787239698216218,-0.010892564346146579,-0.0014799752827789616,-0.00040213819443029545,,,,,,
phase_rad,2.5830872929516078,-0.0108939017180663,-0.001469782613568106,-0.0004032919859915684,,,,,,
phase_rad,2.5874506160815938,-0.01089523343646301,-0.0014595609404501324,-0.00040443816102184085,,,,,,
phase_rad,2.5918139392115793,-0.010896559399566475,-0.0014493104567711592,-0.00040557669017497527,,,,,,
phase_rad,2.5961772623415653,-0.010897879506040497,-0.0014390313566007627,-0.00040670754424076364,,,,,,
phase_rad,2.600540585471551,-0.010899193654990749,-0.001428723834728452,-0.00040783069414677183,,,,,,
phase_rad,2.604903908601537,-0.010900501745972579,-0.0014183880866600958,-0.00040894611096019837,,,,,,
phase_rad,2.609267231731523,-0.010901803678998758,-0.0014080243086143115,-0.00041005376588971586,,,,,,
phase_rad,2.6136305548615084,-0.010903099354547212,-0.0013976326975188073,-0.00041115363028731977,,,,,,
phase_rad,2.6179938779914944,-0.010904388673568724,-0.0013872134510066686,-0.0004122456756501772,,,,,,
phase_rad,2.62235720112148,-0.010905671537494582,-0.0013767667674126354,-0.0004133298736224626,,,,,,
phase_rad,2.626720524251466,-0.0109069478482442,-0.0013662928457692874,-0.0004144061959972076,,,,,,
phase_rad,2.631083847381452,-0.010908217508232721,-0.001355791885803237,-0.0004154746147181309,,,,,,
phase_rad,2.6354471705114375,-0.010909480420378558,-0.0013452640879312425,-0.0004165351018814772,,,,,,
phase_rad,2.6398104936414235,-0.01091073648811089,-0.001334709653256288,-0.0004175876297378544,,,,,,
phase_rad,2.644173816771409,-0.01091198561537717,-0.0013241287835636336,-0.0004186321706940504,,,,,,
phase_rad,2.648537139901395,-0.010913227706650526,-0.0013135216813168042,-0.0004196686973148714,,,,,,
phase_rad,2.652900463031381,-0.010914462666937184,-0.001302888549653543,-0.0004206971823249553,,,,,,
phase_rad,2.6572637861613666,-0.010915690401783805,-0.001292229592381735,-0.0004217175986105876,,,,,,
phase_rad,2.6616271092913526,-0.010916910817284811,-0.0012815450139752583,-0.000422729919221525,,,,,,
phase_rad,2.6659904324213386,-0.010918123820089661,-0.0012708350195698272,-0.00042373411737279057,,,,,,
phase_rad,2.670353755551324,-0.010919329317410078,-0.0012600998149587663,-0.00042473016644648323,,,,,,
phase_rad,2.67471707868131,-0.01092052721702724,-0.0012493396065887546,-0.00042571803999358034,,,,,,
phase_rad,2.6790804018112957,-0.010921717427298928,-0.0012385546015555385,-0.0004266977117357196,,,,,,
phase_rad,2.6834437249412817,-0.010922899857166636,-0.0012277450075995726,-0.0004276691555669919,,,,,,
phase_rad,2.6878070480712677,-0.010924074416162628,-0.0012169110331016512,-0.00042863234555572723,,,,,,
phase_rad,2.6921703712012532,-0.010925241014416946,-0.0012060528870784782,-0.00042958725594626065,,,,,,
phase_rad,2.6965336943312392,-0.010926399562664392,-0.0011951707791781993,-0.00043053386116070555,,,,,,
phase_rad,2.700897017461225,-0.010927549972251446,-0.0011842649196759088,-0.0004314721358007136,,,,,,
phase_rad,2.705260340591211,-0.010928692155143145,-0.0011733355194690847,-0.00043240205464923015,,,,,,
phase_rad,2.709623663721197,-0.010929826023929917,-0.0011623827900730172,-0.00043332359267224136,,,,,,
phase_rad,2.7139869868511823,-0.010930951491834366,-0.001151406943616172,-0.0004342367250205147,,,,,,
phase_rad,2.7183503099811683,-0.010932068472717996,-0.0011404081928355193,-0.00043514142703133087,,,,,,
phase_rad,2.722713633111154,-0.010933176881087919,-0.0011293867510718358,-0.0004360376742302066,,,,,,
phase_rad,2.72707695624114,-0.010934276632103473,-0.0011183428322649454,-0.00043692544233261054,,,,,,
phase_rad,2.731440279371126,-0.010935367641582832,-0.0011072766509489394,-0.0004378047072456756,,,,,,
phase_rad,2.7358036025011114,-0.010936449826009517,-0.0010961884222473383,-0.0004386754450698919,,,,,,
phase_rad,2.7401669256310974,-0.010937523102538918,-0.0010850783618682439,-0.000439537632100796,,,,,,
phase_rad,2.7445302487610834,-0.010938587389004698,-0.001073946686099413,-0.00044039124483065796,,,,,,
phase_rad,2.748893571891069,-0.0109396426039252,-0.0010627936118033229,-0.00044123625995014714,,,,,,
phase_rad,2.753256895021055,-0.010940688666509766,-0.0010516193564121877,-0.00044207265434999124,,,,,,
phase_rad,2.7576202181510405,-0.010941725496665028,-0.001040424137922939,-0.00044290040512263507,,,,,,
phase_rad,2.7619835412810265,-0.01094275301500113,-0.0010292081748921596,-0.00044371948956387595,,,,,,
phase_rad,2.7663468644110125,-0.010943771142837904,-0.0010179716864309948,-0.00044452988517449483,,,,,,
phase_rad,2.770710187540998,-0.010944779802210971,-0.001006714892200011,-0.00044533156966187907,,,,,,
phase_rad,2.775073510670984,-0.010945778915877832,-0.000995438012404028,-0.0004461245209416275,,,,,,
phase_rad,2.7794368338009696,-0.010946768407323861,-0.0009841412677869116,-0.0004469087171391508,,,,,,
phase_rad,2.7838001569309556,-0.010947748200768255,-0.000972824879626319,-0.0004476841365912577,,,,,,
phase_rad,2.7881634800609416,-0.010948718221169938,-0.0009614890697284291,-0.0004484507578477294,,,,,,
phase_rad,2.792526803190927,-0.010949678394233388,-0.0009501340604226199,-0.00044920855967288094,,,,,,
phase_rad,2.796890126320913,-0.01095062864641444,-0.0009387600745561069,-0.00044995752104711557,,,,,,
phase_rad,2.8012534494508987,-0.010951568904925995,-0.00092736733548857,-0.0004506976211684586,,,,,,
phase_rad,2.8056167725808847,-0.010952499097743686,-0.0009159560670867113,-0.0004514288394540881,,,,,,
phase_rad,2.8099800957108707,-0.010953419153611484,-0.0009045264937188025,-0.000452151155541842,,,,,,
phase_rad,2.8143434188408563,-0.010954329002047269,-0.0008930788402492045,-0.0004528645492917231,,,,,,
phase_rad,2.8187067419708423,-0.010955228573348288,-0.0008816133320328149,-0.0004535690007873858,,,,,,
phase_rad,2.8230700651008283,-0.010956117798596593,-0.0008701301949095225,-0.00045426449033760495,,,,,,
phase_rad,2.827433388230814,-0.010956996609664423,-0.0008586296551986052,-0.000454950998477741,,,,,,
phase_rad,2.8317967113608,-0.010957864939219495,-0.0008471119396931019,-0.0004556285059711808,,,,,,
phase_rad,2.8361600344907854,-0.010958722720730263,-0.000835577275654152,-0.0004562969938107712,,,,,,
phase_rad,2.8405233576207713,-0.010959569888471082,-0.0008240258908052931,-0.0004569564432202397,,,,,,
phase_rad,2.8448866807507573,-0.01096040637752736,-0.0008124580133267467,-0.0004576068356555896,,,,,,
phase_rad,2.849250003880743,-0.01096123212380059,-0.000800873871849648,-0.00045824815280649757,,,,,,
phase_rad,2.853613327010729,-0.010962047064013354,-0.000789273695450259,-0.00045888037659767714,,,,,,
phase_rad,2.8579766501407144,-0.010962851135714274,-0.0007776577136441464,-0.0004595034891902417,,,,,,
phase_rad,2.8623399732707004,-0.010963644277282844,-0.0007660261563803295,-0.00046011747298304586,,,,,,
phase_rad,2.8667032964006864,-0.010964426427934272,-0.0007543792540353955,-0.00046072231061401736,,,,,,
phase_rad,2.871066619530672,-0.010965197527724195,-0.000742717237407586,-0.0004613179849614563,,,,,,
phase_rad,2.875429942660658,-0.010965957517553363,-0.0007310403377108603,-0.000461904479145341,,,,,,
phase_rad,2.8797932657906435,-0.01096670633917225,-0.000719348786568906,-0.00046248177652860383,,,,,,
phase_rad,2.8841565889206295,-0.010967443935185598,-0.000707642816009154,-0.00046304986071839336,,,,,,
phase_rad,2.8885199120506155,-0.01096817024905688,-0.0006959226584567443,-0.00046360871556731754,,,,,,
phase_rad,2.892883235180601,-0.010968885225112742,-0.000684188546728464,-0.0004641583251746824,,,,,,
phase_rad,2.897246558310587,-0.010969588808547308,-0.0006724407140266603,-0.0004646986738876904,,,,,,
phase_rad,2.901609881440573,-0.010970280945426484,-0.0006606793939331306,-0.00046522974630264875,,,,,,
phase_rad,2.9059732045705586,-0.010970961582692151,-0.0006489048204029793,-0.00046575152726614213,,,,,,
phase_rad,2.9103365277005446,-0.010971630668166322,-0.0006371172277584502,-0.00046626400187619113,,,,,,
phase_rad,2.91469985083053,-0.010972288150555207,-0.0006253168506827357,-0.00046676715548339687,,,,,,
phase_rad,2.919063173960516,-0.010972933979453202,-0.0006135039242137509,-0.0004672609736920729,,,,,,
phase_rad,2.923426497090502,-0.010973568105346847,-0.0006016786837378954,-0.0004677454423613384,,,,,,
phase_rad,2.9277898202204877,-0.010974190479618685,-0.0005898413649837814,-0.00046822054760621915,,,,,,
phase_rad,2.9321531433504737,-0.010974801054551045,-0.0005779922040159357,-0.000468686275798714,,,,,,
phase_rad,2.9365164664804593,-0.01097539978332978,-0.000566131437228488,-0.0004691426135688473,,,,,,
phase_rad,2.9408797896104453,-0.010975986620047926,-0.0005542593013388188,-0.000469589547805703,,,,,,
phase_rad,2.9452431127404313,-0.010976561519709266,-0.0005423760333811986,-0.0004700270656584366,,,,,,
phase_rad,2.949606435870417,-0.010977124438231877,-0.0005304818707004114,-0.00047045515453727777,,,,,,
phase_rad,2.953969759000403,-0.010977675332451541,-0.0005185770509453156,-0.00047087380211450125,,,,,,
phase_rad,2.9583330821303884,-0.010978214160125142,-0.0005066618120624438,-0.0004712829963253824,,,,,,
phase_rad,2.9626964052603744,-0.010978740879933944,-0.0004947363922895207,-0.00047168272536914557,,,,,,
phase_rad,2.9670597283903604,-0.010979255451486829,-0.00048280103014900676,-0.0004720729777098723,,,,,,
phase_rad,2.971423051520346,-0.010979757835323458,-0.0004708559644415942,-0.00047245374207740415,,,,,,
phase_rad,2.975786374650332,-0.010980247992917348,-0.00045890143423968637,-0.0004728250074682262,,,,,,
phase_rad,2.980149697780318,-0.010980725886678883,-0.0004469376788808732,-0.00047318676314631785,,,,,,
phase_rad,2.9845130209103035,-0.010981191479958243,-0.00043496493796136676,-0.00047353899864399814,,,,,,
phase_rad,2.9888763440402895,-0.010981644737048286,-0.00042298345132943014,-0.0004738817037627423,,,,,,
phase_rad,2.993239667170275,-0.01098208562318733,-0.00041099345907878704,-0.00047421486857398415,,,,,,
phase_rad,2.997602990300261,-0.010982514104561853,-0.0003989952015420068,-0.0004745384834198888,,,,,,
phase_rad,3.001966313430247,-0.010982930148309162,-0.000386988919283881,-0.0004748525389141117,,,,,,
phase_rad,3.0063296365602326,-0.010983333722519953,-0.00037497485309478246,-0.000475157025942541,,,,,,
phase_rad,3.0106929596902186,-0.010983724796240792,-0.00036295324398399333,-0.0004754519356640055,,,,,,
phase_rad,3.015056282820204,-0.010984103339476558,-0.00035092433317303497,-0.00047573725951097646,,,,,,
phase_rad,3.01941960595019,-0.010984469323192761,-0.0003388883620889727,-0.0004760129891902415,,,,,,
phase_rad,3.023782929080176,-0.010984822719317834,-0.00032684557235771887,-0.00047627911668355304,,,,,,
phase_rad,3.0281462522101616,-0.010985163500745323,-0.0003147962057972973,-0.00047653563424826257,,,,,,
phase_rad,3.0325095753401476,-0.010985491641335991,-0.0003027405044111092,-0.0004767825344179355,,,,,,
phase_rad,3.036872898470133,-0.010985807115919882,-0.00029067871038119197,-0.00047701981000293535,,,,,,
phase_rad,3.041236221600119,-0.01098610990029827,-0.0002786110660614463,-0.0004772474540909923,,,,,,
phase_rad,3.045599544730105,-0.010986399971245587,-0.00026653781397086886,-0.0004774654600477519,,,,,,
phase_rad,3.0499628678600907,-0.01098667730651118,-0.00025445919678676154,-0.00047767382151729914,,,,,,
phase_rad,3.0543261909900767,-0.0109869418848211,-0.0002423754573379286,-0.0004778725324226592,,,,,,
phase_rad,3.0586895141200627,-0.010987193685879752,-0.0002302868385978744,-0.00047806158696627995,,,,,,
phase_rad,3.0630528372500483,-0.010987432690371479,-0.00021819358367797804,-0.00047824097963049305,,,,,,
phase_rad,3.0674161603800343,-0.01098765887996207,-0.00020609593582065884,-0.00047841070517794454,,,,,,
phase_rad,3.07177948351002,-0.0109878722373002,-0.00019399413839254478,-0.0004785707586520212,,,,,,
phase_rad,3.076142806640006,-0.01098807274601879,-0.000181888434877611,-0.00047872113537723296,,,,,,
phase_rad,3.080506129769992,-0.010988260390736266,-0.00016977906887033823,-0.0004788618309595873,,,,,,
phase_rad,3.0848694528999774,-0.010988435157057795,-0.00015766628406882873,-0.0004789928412869456,,,,,,
phase_rad,3.0892327760299634,-0.010988597031576381,-0.0001455503242679351,-0.0004791141625293356,,,,,,
phase_rad,3.093596099159949,-0.010988746001873937,-0.00013343143335239747,-0.00047922579113926674,,,,,,
phase_rad,3.097959422289935,-0.010988882056522242,-0.00012130985528992802,-0.00047932772385200816,,,,,,
phase_rad,3.102322745419921,-0.010989005185083823,-0.00010918583412434019,-0.0004794199576858486,,,,,,
phase_rad,3.1066860685499065,-0.010989115378112807,-9.705961396863557e-05,-0.00047950248994233337,,,,,,
phase_rad,3.1110493916798925,-0.010989212627155638,-8.493143899810212e-05,-0.00047957531820647754,,,,,,
phase_rad,3.115412714809878,-0.010989296924751727,-7.280155344340997e-05,-0.00047963844034696213,,,,,,
phase_rad,3.119776037939864,-0.010989368264434063,-6.0670201583689194e-05,-0.00047969185451629884,,,,,,
phase_rad,3.12413936106985,-0.010989426640729692,-4.8537627739622246e-05,-0.0004797355591509805,,,,,,
phase_rad,3.1285026841998356,-0.010989472049160169,-3.6404076266519195e-05,-0.0004797695529716048,,,,,,
phase_rad,3.1328660073298216,-0.01098950448624189,-2.4269791547391754e-05,-0.000479793834982973,,,,,,
phase_rad,3.1372293304598076,-0.010989523949486364,-1.2135017986035545e-05,-0.00047980840447417504,,,,,,
phase_rad,3.141592653589793,-0.01098953043740044,-1.0495077029659683e-16,-0.0004798132610186398,,,,,,
phase_rad,3.145955976719779,-0.010989523949486369,1.213501798582689e-05,-0.0004798084044741746,,,,,,
phase_rad,3.1503192998497647,-0.010989504486241884,2.4269791547183424e-05,-0.00047979383498297345,,,,,,
phase_rad,3.1546826229797507,-0.010989472049160169,3.640407626631e-05,-0.0004797695529716048,,,,,,
phase_rad,3.1590459461097367,-0.010989426640729693,4.853762773941427e-05,-0.0004797355591509814,,,,,,
phase_rad,3.163409269239722,-0.010989368264434063,6.067020158347948e-05,-0.00047969185451629884,,,,,,
phase_rad,3.167772592369708,-0.010989296924751731,7.280155344320066e-05,-0.0004796384403469617,,,,,,
phase_rad,3.1721359154996938,-0.010989212627155638,8.493143899789327e-05,-0.0004795753182064784,,,,,,
phase_rad,3.1764992386296798,-0.010989115378112807,9.705961396842683e-05,-0.00047950248994233337,,,,,,
phase_rad,3.1808625617596658,-0.01098900518508382,0.0001091858341241318,-0.0004794199576858486,,,,,,
phase_rad,3.1852258848896513,-0.01098888205652224,0.00012130985528971934,-0.0004793277238520086,,,,,,
phase_rad,3.1895892080196373,-0.010988746001873943,0.00013343143335218749,-0.00047922579113926717,,,,,,
phase_rad,3.193952531149623,-0.010988597031576385,0.00014555032426772597,-0.0004791141625293356,,,,,,
phase_rad,3.198315854279609,-0.0109884351570578,0.00015766628406861771,-0.0004789928412869456,,,,,,
phase_rad,3.202679177409595,-0.01098826039073627,0.00016977906887012963,-0.00047886183095958816,,,,,,
phase_rad,3.2070425005395804,-0.010988072746018792,0.00018188843487740265,-0.00047872113537723165,,,,,,
phase_rad,3.2114058236695664,-0.010987872237300205,0.0001939941383923367,-0.0004785707586520212,,,,,,
phase_rad,3.2157691467995524,-0.010987658879962075,0.00020609593582044959,-0.000478410705177945,,,,,,
phase_rad,3.220132469929538,-0.010987432690371482,0.000218193583677768,-0.00047824097963049305,,,,,,
phase_rad,3.224495793059524,-0.010987193685879757,0.00023028683859766644,-0.0004780615869662804,,,,,,
phase_rad,3.2288591161895095,-0.010986941884821104,0.00024237545733771958,-0.0004778725324226592,,,,,,
phase_rad,3.2332224393194955,-0.010986677306511183,0.00025445919678655196,-0.00047767382151729914,,,,,,
phase_rad,3.2375857624494815,-0.010986399971245592,0.0002665378139706608,-0.00047746546004775146,,,,,,
phase_rad,3.241949085579467,-0.010986109900298281,0.00027861106606123694,-0.0004772474540909919,,,,,,
phase_rad,3.246312408709453,-0.010985807115919888,0.0002906787103809827,-0.00047701981000293405,,,,,,
phase_rad,3.2506757318394386,-0.010985491641335996,0.0003027405044109002,-0.0004767825344179355,,,,,,
phase_rad,3.2550390549694246,-0.010985163500745328,0.0003147962057970885,-0.00047653563424826344,,,,,,
phase_rad,3.2594023780994106,-0.010984822719317843,0.0003268455723575109,-0.00047627911668355347,,,,,,
phase_rad,3.263765701229396,-0.010984469323192766,0.00033888836208876384,-0.0004760129891902428,,,,,,
phase_rad,3.268129024359382,-0.010984103339476563,0.0003509243331728238,-0.0004757372595109769,,,,,,
phase_rad,3.2724923474893677,-0.010983724796240798,0.0003629532439837828,-0.0004754519356640055,,,,,,
phase_rad,3.2768556706193537,-0.01098333372251996,0.00037497485309457407,-0.00047515702594254014,,,,,,
phase_rad,3.2812189937493397,-0.010982930148309167,0.00038698891928367577,-0.0004748525389141121,,,,,,
phase_rad,3.2855823168793252,-0.01098251410456186,0.00039899520154179863,-0.00047453848341988836,,,,,,
phase_rad,3.2899456400093112,-0.010982085623187334,0.0004109934590785764,-0.0004742148685739846,,,,,,
phase_rad,3.294308963139297,-0.0109816447370483,0.0004229834513292215,-0.0004738817037627432,,,,,,
phase_rad,3.2986722862692828,-0.010981191479958251,0.00043496493796115794,-0.00047353899864399857,,,,,,
phase_rad,3.3030356093992688,-0.01098072588667889,0.0004469376788806649,-0.00047318676314631785,,,,,,
phase_rad,3.3073989325292543,-0.010980247992917358,0.000458901434239477,-0.0004728250074682266,,,,,,
phase_rad,3.3117622556592403,-0.010979757835323465,0.00047085596444138445,-0.000472453742077405,,,,,,
phase_rad,3.3161255787892263,-0.010979255451486836,0.0004828010301487991,-0.00047207297770987273,,,,,,
phase_rad,3.320488901919212,-0.010978740879933955,0.0004947363922893116,-0.00047168272536914557,,,,,,
phase_rad,3.324852225049198,-0.010978214160125156,0.000506661812062234,-0.0004712829963253828,,,,,,
phase_rad,3.3292155481791834,-0.010977675332451553,0.0005185770509451062,-0.0004708738021145008,,,,,,
phase_rad,3.3335788713091694,-0.010977124438231888,0.0005304818707002016,-0.00047045515453727864,,,,,,
phase_rad,3.3379421944391554,-0.010976561519709278,0.0005423760333809913,-0.0004700270656584375,,,,,,
phase_rad,3.342305517569141,-0.010975986620047933,0.0005542593013386083,-0.00046958954780570257,,,,,,
phase_rad,3.346668840699127,-0.01097539978332979,0.0005661314372282792,-0.0004691426135688477,,,,,,
phase_rad,3.351032163829113,-0.010974801054551057,0.0005779922040157271,-0.00046868627579871357,,,,,,
phase_rad,3.3553954869590985,-0.010974190479618699,0.0005898413649835743,-0.0004682205476062183,,,,,,
phase_rad,3.3597588100890845,-0.010973568105346861,0.0006016786837376878,-0.000467745442361338,,,,,,
phase_rad,3.36412213321907,-0.010972933979453214,0.0006135039242135403,-0.0004672609736920733,,,,,,
phase_rad,3.368485456349056,-0.010972288150555218,0.0006253168506825269,-0.00046676715548339817,,,,,,
phase_rad,3.372848779479042,-0.010971630668166334,0.0006371172277582424,-0.0004662640018761907,,,,,,
phase_rad,3.3772121026090276,-0.010970961582692161,0.0006489048204027707,-0.00046575152726614213,,,,,,
phase_rad,3.3815754257390136,-0.010970280945426493,0.000660679393932923,-0.0004652297463026492,,,,,,
phase_rad,3.385938748868999,-0.010969588808547323,0.000672440714026452,-0.0004646986738876908,,,,,,
phase_rad,3.390302071998985,-0.010968885225112756,0.0006841885467282558,-0.000464158325174682,,,,,,
phase_rad,3.394665395128971,-0.0109681702490569,0.0006959226584565368,-0.000463608715567318,,,,,,
phase_rad,3.3990287182589567,-0.010967443935185612,0.0007076428160089447,-0.0004630498607183929,,,,,,
phase_rad,3.4033920413889427,-0.010966706339172261,0.0007193487865686962,-0.0004624817765286047,,,,,,
phase_rad,3.4077553645189282,-0.010965957517553374,0.0007310403377106504,-0.000461904479145341,,,,,,
phase_rad,3.4121186876489142,-0.01096519752772421,0.0007427172374073789,-0.00046131798496145716,,,,,,
phase_rad,3.4164820107789002,-0.010964426427934288,0.0007543792540351886,-0.00046072231061401736,,,,,,
phase_rad,3.420845333908886,-0.010963644277282856,0.0007660261563801197,-0.00046011747298304673,,,,,,
phase_rad,3.425208657038872,-0.01096285113571429,0.0007776577136439368,-0.00045950348919024126,,,,,,
phase_rad,3.429571980168858,-0.010962047064013374,0.0007892736954500506,-0.00045888037659767627,,,,,,
phase_rad,3.4339353032988433,-0.010961232123800606,0.0008008738718494391,-0.00045824815280649757,,,,,,
phase_rad,3.4382986264288293,-0.010960406377527373,0.0008124580133265386,-0.0004576068356555909,,,,,,
phase_rad,3.442661949558815,-0.010959569888471098,0.0008240258908050844,-0.00045695644322024057,,,,,,
phase_rad,3.447025272688801,-0.010958722720730275,0.0008355772756539423,-0.0004562969938107712,,,,,,
phase_rad,3.451388595818787,-0.010957864939219509,0.0008471119396928946,-0.00045562850597118034,,,,,,
phase_rad,3.4557519189487724,-0.010956996609664439,0.0008586296551983969,-0.00045495099847774143,,,,,,
phase_rad,3.4601152420787584,-0.010956117798596609,0.0008701301949093144,-0.0004542644903376058,,,,,,
phase_rad,3.464478565208744,-0.010955228573348305,0.000881613332032607,-0.0004535690007873858,,,,,,
phase_rad,3.46884188833873,-0.01095432900204729,0.0008930788402489963,-0.0004528645492917231,,,,,,
phase_rad,3.473205211468716,-0.010953419153611504,0.0009045264937185949,-0.000452151155541842,,,,,,
phase_rad,3.4775685345987015,-0.0109524990977437,0.0009159560670865011,-0.0004514288394540885,,,,,,
phase_rad,3.4819318577286875,-0.01095156890492601,0.0009273673354883616,-0.0004506976211684599,,,,,,
phase_rad,3.486295180858673,-0.010950628646414459,0.0009387600745558993,-0.00044995752104711644,,,,,,
phase_rad,3.490658503988659,-0.010949678394233407,0.000950134060422413,-0.00044920855967288094,,,,,,
phase_rad,3.495021827118645,-0.010948718221169955,0.0009614890697282215,-0.00044845075784772986,,,,,,
phase_rad,3.4993851502486306,-0.010947748200768274,0.0009728248796261091,-0.0004476841365912581,,,,,,
phase_rad,3.5037484733786166,-0.010946768407323882,0.0009841412677867023,-0.0004469087171391512,,,,,,
phase_rad,3.5081117965086026,-0.010945778915877852,0.0009954380124038203,-0.0004461245209416271,,,,,,
phase_rad,3.512475119638588,-0.01094477980221099,0.0010067148921998027,-0.00044533156966187907,,,,,,
phase_rad,3.516838442768574,-0.010943771142837922,0.0010179716864307865,-0.00044452988517449483,,,,,,
phase_rad,3.5212017658985597,-0.01094275301500115,0.0010292081748919512,-0.0004437194895638764,,,,,,
phase_rad,3.5255650890285457,-0.010941725496665045,0.0010404241379227306,-0.0004429004051226355,,,,,,
phase_rad,3.5299284121585317,-0.010940688666509784,0.001051619356411981,-0.0004420726543499917,,,,,,
phase_rad,3.5342917352885173,-0.010939642603925217,0.0010627936118031145,-0.0004412362599501463,,,,,,
phase_rad,3.5386550584185033,-0.010938587389004719,0.0010739466860992055,-0.00044039124483065883,,,,,,
phase_rad,3.543018381548489,-0.010937523102538938,0.001085078361868036,-0.000439537632100796,,,,,,
phase_rad,3.547381704678475,-0.01093644982600954,0.0010961884222471304,-0.000438675445069891,,,,,,
phase_rad,3.551745027808461,-0.010935367641582852,0.0011072766509487315,-0.0004378047072456765,,,,,,
phase_rad,3.5561083509384463,-0.010934276632103496,0.0011183428322647368,-0.000436925442332611,,,,,,
phase_rad,3.5604716740684323,-0.01093317688108794,0.0011293867510716287,-0.0004360376742302062,,,,,,
phase_rad,3.564834997198418,-0.010932068472718017,0.0011404081928353123,-0.0004351414270313313,,,,,,
phase_rad,3.569198320328404,-0.010930951491834389,0.001151406943615963,-0.000434236725020516,,,,,,
phase_rad,3.57356164345839,-0.010929826023929938,0.0011623827900728106,-0.0004333235926722409,,,,,,
phase_rad,3.5779249665883754,-0.010928692155143168,0.0011733355194688774,-0.00043240205464923015,,,,,,
phase_rad,3.5822882897183614,-0.010927549972251472,0.0011842649196757008,-0.0004314721358007127,,,,,,
phase_rad,3.5866516128483474,-0.010926399562664411,0.0011951707791779931,-0.000430533861160706,,,,,,
phase_rad,3.591014935978333,-0.01092524101441697,0.0012060528870782693,-0.00042958725594626065,,,,,,
phase_rad,3.595378259108319,-0.010924074416162652,0.0012169110331014437,-0.0004286323455557268,,,,,,
phase_rad,3.5997415822383045,-0.01092289985716666,0.001227745007599365,-0.0004276691555669919,,,,,,
phase_rad,3.6041049053682905,-0.010921717427298954,0.0012385546015553307,-0.00042669771173571916,,,,,,
phase_rad,3.6084682284982765,-0.010920527217027265,0.0012493396065885478,-0.00042571803999358034,,,,,,
phase_rad,3.612831551628262,-0.010919329317410104,0.001260099814958556,-0.00042473016644648367,,,,,,
phase_rad,3.617194874758248,-0.010918123820089684,0.001270835019569619,-0.00042373411737279014,,,,,,
phase_rad,3.6215581978882336,-0.010916910817284837,0.0012815450139750512,-0.000422729919221525,,,,,,
phase_rad,3.6259215210182196,-0.010915690401783829,0.001292229592381529,-0.0004217175986105889,,,,,,
phase_rad,3.6302848441482056,-0.010914462666937207,0.0013028885496533355,-0.00042069718232495487,,,,,,
phase_rad,3.634648167278191,-0.010913227706650553,0.0013135216813165967,-0.0004196686973148727,,,,,,
phase_rad,3.639011490408177,-0.010911985615377196,0.001324128783563425,-0.0004186321706940513,,,,,,
phase_rad,3.6433748135381627,-0.010910736488110919,0.0013347096532560791,-0.0004175876297378548,,,,,,
phase_rad,3.6477381366681487,-0.010909480420378585,0.0013452640879310347,-0.00041653510188147894,,,,,,
phase_rad,3.6521014597981347,-0.010908217508232749,0.0013557918858030306,-0.00041547461471813044,,,,,,
phase_rad,3.6564647829281203,-0.010906947848244227,0.0013662928457690792,-0.0004144061959972067,,,,,,
phase_rad,3.6608281060581063,-0.010905671537494605,0.0013767667674124272,-0.0004133298736224626,,,,,,
phase_rad,3.6651914291880923,-0.010904388673568752,0.0013872134510064628,-0.00041224567565017675,,,,,,
phase_rad,3.669554752318078,-0.010903099354547238,0.0013976326975185995,-0.00041115363028732064,,,,,,
phase_rad,3.673918075448064,-0.010901803678998784,0.001408024308614105,-0.00041005376588971586,,,,,,
phase_rad,3.6782813985780494,-0.010900501745972605,0.0014183880866598874,-0.0004089461109601988,,,,,,
phase_rad,3.6826447217080354,-0.010899193654990775,0.001428723834728243,-0.0004078306941467727,,,,,,
phase_rad,3.6870080448380214,-0.010897879506040521,0.0014390313566005554,-0.00040670754424076364,,,,,,
phase_rad,3.691371367968007,-0.010896559399566503,0.0014493104567709523,-0.00040557669017497657,,,,,,
phase_rad,3.695734691097993,-0.01089523343646304,0.001459560940449928,-0.0004044381610218417,,,,,,
phase_rad,3.7000980142279785,-0.01089390171806633,0.0014697826135678992,-0.00040329198599156884,,,,,,
phase_rad,3.7044613373579645,-0.01089256434614661,0.0014799752827787524,-0.00040213819443029545,,,,,,
phase_rad,3.7088246604879505,-0.010891221422900305,0.0014901387554633156,-0.0004009768158182354,,,,,,
phase_rad,3.713187983617936,-0.010889873050942129,0.0015002728397327928,-0.00039980787976782615,,,,,,
phase_rad,3.717551306747922,-0.010888519333297174,0.001510377344432176,-0.00039863141602187405,,,,,,
phase_rad,3.7219146298779076,-0.010887160373392954,0.0015204520791435867,-0.00039744745445170976,,,,,,
phase_rad,3.7262779530078936,-0.010885796275051408,0.00153049685418959,-0.0003962560250553278,,,,,,
phase_rad,3.7306412761378795,-0.010884427142480918,0.0015405114806364558,-0.0003950571579555387,,,,,,
phase_rad,3.735004599267865,-0.010883053080268261,0.0015504957702973821,-0.0003938508833981197,,,,,,
phase_rad,3.739367922397851,-0.010881674193370522,0.001560449535735676,-0.0003926372317499629,,,,,,
phase_rad,3.743731245527837,-0.010880290587107046,0.0015703725902678838,-0.00039141623349722536,,,,,,
phase_rad,3.7480945686578226,-0.01087890236715128,0.0015802647479668747,-0.0003901879192434879,,,,,,
phase_rad,3.7524578917878086,-0.010877509639522637,0.0015901258236649043,-0.0003889523197079057,,,,,,
phase_rad,3.756821214917794,-0.01087611251057835,0.0015999556329565983,-0.0003877094657233648,,,,,,
phase_rad,3.76118453804778,-0.010874711087005266,0.0016097539922019252,-0.00038645938823464324,,,,,,
phase_rad,3.765547861177766,-0.010873305475811612,0.001619520718529099,-0.0003852021182965742,,,,,,
phase_rad,3.7699111843077517,-0.010871895784318786,0.0016292556298374635,-0.0003839376870722086,,,,,,
phase_rad,3.7742745074377377,-0.010870482120153072,0.0016389585448003054,-0.0003826661258309822,,,,,,
phase_rad,3.7786378305677233,-0.010869064591237368,0.0016486292828676533,-0.00038138746594688824,,,,,,
phase_rad,3.7830011536977093,-0.010867643305782885,0.0016582676642690106,-0.0003801017388966525,,,,,,
phase_rad,3.7873644768276953,-0.010866218372280818,0.0016678735100160442,-0.00037880897625791,,,,,,
phase_rad,3.791727799957681,-0.010864789899494003,0.0016774466419052546,-0.0003775092097073906,,,,,,
phase_rad,3.796091123087667,-0.010863357996448548,0.0016869868825205776,-0.0003762024710191013,,,,,,
phase_rad,3.8004544462176524,-0.010861922772425469,0.001696494055235947,-0.00037488879206251744,,,,,,
phase_rad,3.8048177693476384,-0.010860484336952277,0.0017059679842178286,-0.00037356820480078604,,,,,,
phase_rad,3.8091810924776244,-0.010859042799794555,0.00171540849442769,-0.0003722407412889185,,,,,,
phase_rad,3.81354441560761,-0.010857598270947564,0.0017248154116244452,-0.0003709064336720005,,,,,,
phase_rad,3.817907738737596,-0.010856150860627745,0.001734188562366848,-0.0003695653141834029,,,,,,
phase_rad,3.822271061867582,-0.010854700679264294,0.001743527774015841,-0.0003682174151430008,,,,,,
phase_rad,3.8266343849975675,-0.010853247837490677,0.0017528328747368677,-0.00036686276895539494,,,,,,
phase_rad,3.8309977081275535,-0.010851792446136125,0.0017621036935021412,-0.0003655014081081426,,,,,,
phase_rad,3.835361031257539,-0.010850334616217153,0.0017713400600928566,-0.00036413336516999146,,,,,,
phase_rad,3.839724354387525,-0.010848874458929026,0.001780541805101391,-0.0003627586727891264,,,,,,
phase_rad,3.844087677517511,-0.010847412085637248,0.0017897087599334264,-0.0003613773636914133,,,,,,
phase_rad,3.8484510006474966,-0.01084594760786901,0.0017988407568100527,-0.00035998947067866034,,,,,,
phase_rad,3.8528143237774826,-0.010844481137304659,0.0018079376287698323,-0.0003585950266268823,,,,,,
phase_rad,3.857177646907468,-0.010843012785769126,0.0018169992096707947,-0.00035719406448456517,,,,,,
phase_rad,3.861540970037454,-0.010841542665223355,0.001826025334192428,-0.00035578661727095513,,,,,,
phase_rad,3.86590429316744,-0.010840070887755753,0.001835015837837595,-0.00035437271807433604,,,,,,
phase_rad,3.8702676162974257,-0.010838597565573585,0.001843970556934431,-0.00035295240005033413,,,,,,
phase_rad,3.8746309394274117,-0.010837122810994394,0.001852889328638188,-0.00035152569642021457,,,,,,
phase_rad,3.878994262557397,-0.010835646736437403,0.0018617719909330432,-0.00035009264046919654,,,,,,
phase_rad,3.883357585687383,-0.010834169454414918,0.0018706183826338644,-0.0003486532655447745,,,,,,
phase_rad,3.887720908817369,-0.010832691077523722,0.0018794283433879375,-0.0003472076050550499,,,,,,
phase_rad,3.8920842319473548,-0.010831211718436455,0.0018882017136766453,-0.0003457556924670673,,,,,,
phase_rad,3.8964475550773408,-0.010829731489893024,0.001896938334817126,-0.0003442975613051646,,,,,,
phase_rad,3.9008108782073267,-0.010828250504691954,0.0019056380489638623,-0.00034283324514933645,,,,,,
phase_rad,3.9051742013373123,-0.010826768875681807,0.001914300699110259,-0.00034136277763359684,,,,,,
phase_rad,3.9095375244672983,-0.010825286715752521,0.0019229261290901582,-0.00033988619244435447,,,,,,
phase_rad,3.913900847597284,-0.010823804137826831,0.001931514183579339,-0.00033840352331881594,,,,,,
phase_rad,3.91826417072727,-0.010822321254851617,0.001940064708096954,-0.00033691480404336683,,,,,,
phase_rad,3.922627493857256,-0.010820838179789294,0.0019485775490069345,-0.0003354200684519979,,,,,,
phase_rad,3.9269908169872414,-0.01081935502560921,0.0019570525535193718,-0.0003339193504247129,,,,,,
phase_rad,3.9313541401172274,-0.010817871905278982,0.0019654895696918397,-0.0003324126838859698,,,,,,
phase_rad,3.935717463247213,-0.010816388931755936,0.0019738884464306885,-0.000330900102803117,,,,,,
phase_rad,3.940080786377199,-0.010814906217978463,0.0019822490334923046,-0.00032938164118485316,,,,,,
phase_rad,3.944444109507185,-0.010813423876857412,0.001990571181484318,-0.00032785733307969054,,,,,,
phase_rad,3.9488074326371705,-0.010811942021267505,0.001998854741866789,-0.00032632721257443023,,,,,,
phase_rad,3.9531707557671565,-0.010810460764038715,0.0020070995669533515,-0.0003247913137926573,,,,,,
phase_rad,3.957534078897142,-0.01080898021794769,0.0020153055099123114,-0.0003232496708932388,,,,,,
phase_rad,3.961897402027128,-0.010807500495709162,0.002023472424767721,-0.00032170231806883656,,,,,,
phase_rad,3.966260725157114,-0.010806021709967365,0.0020316001664004105,-0.0003201492895444384,,,,,,
phase_rad,3.9706240482870996,-0.010804543973287471,0.0020396885905489804,-0.00031859061957589287,,,,,,
phase_rad,3.9749873714170856,-0.010803067398147011,0.0020477375538107655,-0.0003170263424484617,,,,,,
phase_rad,3.9793506945470716,-0.01080159209692735,0.0020557469136427563,-0.00031545649247538944,,,,,,
phase_rad,3.983714017677057,-0.010800118181905115,0.00206371652836249,-0.0003138811039964718,,,,,,
phase_rad,3.988077340807043,-0.010798645765243668,0.0020716462571489106,-0.0003123002113766546,,,,,,
phase_rad,3.9924406639370287,-0.0107971749589846,0.0020795359600431704,-0.00031071384900463635,,,,,,
phase_rad,3.9968039870670147,-0.010795705875039195,0.002087385497949437,-0.0003091220512914856,,,,,,
phase_rad,4.001167310197,-0.010794238625179944,0.0020951947326356283,-0.0003075248526692707,,,,,,
phase_rad,4.005530633326987,-0.010792773321032078,0.0021029635267341418,-0.0003059222875897074,,,,,,
phase_rad,4.009893956456972,-0.010791310074065051,0.0021106917437425225,-0.0003043143905228211,,,,,,
phase_rad,4.014257279586958,-0.010789848995584127,0.0021183792480241317,-0.0003027011959556153,,,,,,
phase_rad,4.018620602716944,-0.010788390196721905,0.0021260259048087532,-0.0003010827383907598,,,,,,
phase_rad,4.02298392584693,-0.010786933788429907,0.002133631580193175,-0.0002994590523452984,,,,,,
phase_rad,4.027347248976915,-0.010785479881470182,0.0021411961411417577,-0.00029783017234935854,,,,,,
phase_rad,4.031710572106901,-0.010784028586406862,0.002148719455486941,-0.0002961961329448902,,,,,,
phase_rad,4.036073895236887,-0.010782580013597845,0.0021562013919297386,-0.0002945569686844036,,,,,,
phase_rad,4.040437218366873,-0.010781134273186391,0.0021636418200401946,-0.0002929127141297369,,,,,,
phase_rad,4.044800541496858,-0.010779691475092812,0.0021710406102578147,-0.00029126340385082945,,,,,,
phase_rad,4.049163864626845,-0.010778251729006115,0.002178397633891963,-0.000289609072424514,,,,,,
phase_rad,4.05352718775683,-0.010776815144375748,0.0021857127631222167,-0.0002879497544333218,,,,,,
phase_rad,4.057890510886816,-0.010775381830403274,0.0021929858709987247,-0.0002862854844643062,,,,,,
phase_rad,4.062253834016802,-0.010773951896034145,0.0022002168314424974,-0.0002846162971078775,,,,,,
phase_rad,4.066617157146788,-0.010772525449949446,0.0022074055192456885,-0.00028294222695665746,,,,,,
phase_rad,4.0709804802767735,-0.010771102600557681,0.002214551810071852,-0.00028126330860434815,,,,,,
phase_rad,4.075343803406759,-0.010769683455986591,0.002221655580456154,-0.000279579576644613,,,,,,
phase_rad,4.0797071265367455,-0.010768268124074968,0.002228716707805573,-0.00027789106566998263,,,,,,
phase_rad,4.084070449666731,-0.010766856712364537,0.0022357350703990585,-0.00027619781027076384,,,,,,
phase_rad,4.088433772796717,-0.010765449328091812,0.0022427105473876766,-0.0002744998450339769,,,,,,
phase_rad,4.092797095926703,-0.010764046078179991,0.0022496430187947157,-0.00027279720454230234,,,,,,
phase_rad,4.097160419056689,-0.01076264706923094,0.002256532365515773,-0.00027108992337304336,,,,,,
phase_rad,4.101523742186674,-0.010761252407517095,0.0022633784693188116,-0.0002693780360971095,,,,,,
phase_rad,4.105887065316661,-0.010759862198973472,0.002270181212844202,-0.000267661577278009,,,,,,
phase_rad,4.110250388446646,-0.010758476549189686,0.0022769404796047113,-0.0002659405814708707,,,,,,
phase_rad,4.114613711576632,-0.010757095563401974,0.002283656153985504,-0.0002642150832214644,,,,,,
phase_rad,4.118977034706618,-0.01075571934648528,0.0022903281212440893,-0.00026248511706525096,,,,,,
phase_rad,4.123340357836604,-0.010754348002945358,0.0022969562675102576,-0.0002607507175264494,,,,,,
phase_rad,4.127703680966589,-0.010752981636910882,0.002303540479785988,-0.0002590119191171114,,,,,,
phase_rad,4.132067004096575,-0.010751620352125627,0.002310080645945339,-0.00025726875633621995,,,,,,
phase_rad,4.136430327226561,-0.010750264251940651,0.002316576654734307,-0.0002555212636688011,,,,,,
phase_rad,4.140793650356547,-0.010748913439306524,0.002323028395770665,-0.00025376947558505966,,,,,,
phase_rad,4.145156973486532,-0.010747568016765576,0.0023294357595437876,-0.00025201342653951827,,,,,,
phase_rad,4.149520296616519,-0.010746228086444208,0.002335798637414444,-0.00025025315097018837,,,,,,
phase_rad,4.153883619746504,-0.010744893750045163,0.0023421169216145655,-0.00024848868329774764,,,,,,
phase_rad,4.15824694287649,-0.010743565108839958,0.0023483905052470097,-0.000246720057924739,,,,,,
phase_rad,4.162610266006476,-0.010742242263661203,0.00235461928228529,-0.00024494730923478635,,,,,,
phase_rad,4.166973589136462,-0.010740925314895075,0.00236080314757328,-0.00024317047159182637,,,,,,
phase_rad,4.171336912266447,-0.010739614362473768,0.002366941996824924,-0.0002413895793393606,,,,,,
phase_rad,4.175700235396434,-0.01073830950586797,0.00237303572662389,-0.000239604666799714,,,,,,
phase_rad,4.180063558526419,-0.010737010844079437,0.002379084234423237,-0.0002378157682733314,,,,,,
phase_rad,4.184426881656405,-0.01073571847563352,0.002385087418545047,-0.00023602291803806593,,,,,,
phase_rad,4.1887902047863905,-0.010734432498571825,0.0023910451781800385,-0.00023422615034850635,,,,,,
phase_rad,4.193153527916377,-0.010733153010444812,0.002396957413387175,-0.000232425499435307,,,,,,
phase_rad,4.1975168510463625,-0.010731880108304523,0.0024028240250932344,-0.00023062099950454376,,,,,,
phase_rad,4.201880174176348,-0.010730613888697282,0.0024086449150923866,-0.00022881268473708399,,,,,,
phase_rad,4.2062434973063345,-0.010729354447656478,0.0024144199860457335,-0.00022700058928797062,,,,,,
phase_rad,4.21060682043632,-0.010728101880695362,0.002420149141480841,-0.00022518474728583067,,,,,,
phase_rad,4.214970143566306,-0.010726856282799903,0.0024258322857912636,-0.0002233651928322932,,,,,,
phase_rad,4.219333466696292,-0.010725617748421668,0.0024314693242360325,-0.0002215419600014308,,,,,,
phase_rad,4.223696789826278,-0.010724386371470768,0.0024370601629391552,-0.0002197150828392178,,,,,,
phase_rad,4.228060112956263,-0.010723162245308813,0.002442604708889077,-0.00021788459536299784,,,,,,
phase_rad,4.232423436086249,-0.010721945462741956,0.002448102869938142,-0.00021605053156097988,,,,,,
phase_rad,4.236786759216235,-0.01072073611601392,0.0024535545548020387,-0.00021421292539174118,,,,,,
phase_rad,4.241150082346221,-0.010719534296799135,0.0024589596730592257,-0.000212371810783762,,,,,,
phase_rad,4.245513405476206,-0.010718340096195853,0.0024643181351503515,-0.0002105272216349559,,,,,,
phase_rad,4.249876728606193,-0.010717153604719384,0.002469629852377663,-0.00020867919181223344,,,,,,
phase_rad,4.254240051736178,-0.010715974912295295,0.0024748947369043883,-0.00020682775515108633,,,,,,
phase_rad,4.258603374866164,-0.010714804108252717,0.0024801127017541305,-0.00020497294545516716,,,,,,
phase_rad,4.26296669799615,-0.01071364128131767,0.0024852836608102295,-0.00020311479649591123,,,,,,
phase_rad,4.267330021126136,-0.010712486519606448,0.002490407528815121,-0.00020125334201216098,,,,,,
phase_rad,4.271693344256121,-0.010711339910619039,0.0024954842213696913,-0.00019938861570980432,,,,,,
phase_rad,4.276056667386108,-0.010710201541232586,0.0025005136549326075,-0.00019752065126144632,,,,,,
phase_rad,4.280419990516093,-0.010709071497694931,0.0025054957468196525,-0.00019564948230608092,,,,,,
phase_rad,4.284783313646079,-0.01070794986561818,0.0025104304152030444,-0.00019377514244878647,,,,,,
phase_rad,4.2891466367760644,-0.010706836729972306,0.0025153175791107455,-0.00019189766526043865,,,,,,
phase_rad,4.293509959906051,-0.01070573217507883,0.002520157158425769,-0.00019001708427744072,,,,,,
phase_rad,4.297873283036036,-0.010704636284604534,0.0025249490738854623,-0.00018813343300146503,,,,,,
phase_rad,4.302236606166022,-0.010703549141555253,0.002529693247080809,-0.00018624674489921712,,,,,,
phase_rad,4.306599929296008,-0.01070247082826965,0.0025343896004557036,-0.00018435705340221235,,,,,,
phase_rad,4.310963252425994,-0.010701401426413125,0.002539038057306215,-0.0001824643919065721,,,,,,
phase_rad,4.3153265755559795,-0.010700341016971721,0.0025436385417798683,-0.00018056879377283423,,,,,,
phase_rad,4.319689898685966,-0.010699289680246105,0.002548190978874896,-0.00017867029232578003,,,,,,
phase_rad,4.3240532218159515,-0.010698247495845593,0.0025526952944394943,-0.00017676892085427423,,,,,,
phase_rad,4.328416544945937,-0.010697214542682219,0.002557151415171077,-0.00017486471261113573,,,,,,
phase_rad,4.3327798680759235,-0.010696190898964893,0.002561559268615516,-0.00017295770081299797,,,,,,
phase_rad,4.337143191205909,-0.010695176642193566,0.0025659187831663824,-0.00017104791864021134,,,,,,
phase_rad,4.341506514335895,-0.010694171849153472,0.0025702298880641876,-0.00016913539923674734,,,,,,
phase_rad,4.34586983746588,-0.010693176595909442,0.002574492513395614,-0.00016722017571012054,,,,,,
phase_rad,4.350233160595867,-0.010692190957800232,0.002578706590092741,-0.00016530228113133044,,,,,,
phase_rad,4.354596483725852,-0.010691215009432951,0.002582872049932276,-0.0001633817485348116,,,,,,
phase_rad,4.358959806855838,-0.010690248824677489,0.0025869888255347787,-0.00016145861091840805,,,,,,
phase_rad,4.363323129985824,-0.010689292476661085,0.0025910568503638848,-0.0001595329012433538,,,,,,
phase_rad,4.36768645311581,-0.010688346037762843,0.002595076058725518,-0.0001576046524342815,,,,,,
phase_rad,4.372049776245795,-0.010687409579608412,0.0025990463857671216,-0.00015567389737922502,,,,,,
phase_rad,4.376413099375782,-0.010686483173064634,0.002602967767476871,-0.00015374066892966456,,,,,,
phase_rad,4.380776422505767,-0.010685566888234315,0.002606840140682884,-0.00015180499990056183,,,,,,
phase_rad,4.385139745635753,-0.01068466079445103,0.002610663443052453,-0.00014986692307042632,,,,,,
phase_rad,4.389503068765738,-0.010683764960273956,0.0026144376130912503,-0.0001479264711813878,,,,,,
phase_rad,4.393866391895725,-0.010682879453482818,0.00261816259014255,-0.00014598367693928515,,,,,,
phase_rad,4.39822971502571,-0.010682004341072856,0.0026218383143864488,-0.00014403857301377616,,,,,,
phase_rad,4.402593038155696,-0.010681139689249873,0.0026254647268390825,-0.00014209119203844722,,,,,,
phase_rad,4.406956361285682,-0.010680285563425315,0.0026290417693518495,-0.00014014156661095248,,,,,,
phase_rad,4.411319684415668,-0.010679442028211429,0.002632569384610633,-0.00013818972929316269,,,,,,
phase_rad,4.4156830075456535,-0.010678609147416513,0.0026360475161350248,-0.0001362357126113178,,,,,,
phase_rad,4.42004633067564,-0.010677786984040146,0.0026394761082775622,-0.00013427954905620562,,,,,,
phase_rad,4.4244096538056255,-0.01067697560026856,0.0026428551062229423,-0.00013232127108335446,,,,,,
phase_rad,4.428772976935611,-0.010676175057470027,0.0026461844559872746,-0.0001303609111132256,,,,,,
phase_rad,4.4331363000655974,-0.010675385416190309,0.002649464104417304,-0.00012839850153143493,,,,,,
phase_rad,4.437499623195583,-0.010674606736148208,0.002652693999189661,-0.00012643407468898105,,,,,,
phase_rad,4.4418629463255686,-0.010673839076231133,0.0026558740888101067,-0.0001244676629024834,,,,,,
phase_rad,4.446226269455554,-0.01067308249449074,0.0026590043226127785,-0.00012249929845443942,,,,,,
phase_rad,4.4505895925855405,-0.010672337048138664,0.0026620846507594506,-0.00012052901359348514,,,,,,
phase_rad,4.454952915715526,-0.010671602793542267,0.0026651150242387915,-0.00011855684053468539,,,,,,
phase_rad,4.459316238845512,-0.010670879786220486,0.00266809539486563,-0.0001165828114598178,,,,,,
phase_rad,4.463679561975498,-0.010670168080839731,0.002671025715280227,-0.00011460695851767816,,,,,,
phase_rad,4.468042885105484,-0.010669467731209857,0.0026739059389475585,-0.0001126293138244013,,,,,,
phase_rad,4.472406208235469,-0.010668778790280166,0.0026767360201565876,-0.00011064990946378379,,,,,,
phase_rad,4.476769531365456,-0.01066810131013552,0.0026795159140195687,-0.00010866877748762433,,,,,,
phase_rad,4.481132854495441,-0.010667435341992491,0.0026822455764713383,-0.00010668594991608462,,,,,,
phase_rad,4.485496177625427,-0.01066678093619557,0.002684924964268619,-0.00010470145873804149,,,,,,
phase_rad,4.489859500755413,-0.010666138142213474,0.002687554034989337,-0.00010271533591146376,,,,,,
phase_rad,4.494222823885399,-0.010665507008635474,0.00269013274703194,-0.00010072761336380603,,,,,,
phase_rad,4.498586147015384,-0.010664887583167821,0.0026926610596147245,-9.873832299239294e-05,,,,,,
phase_rad,4.50294947014537,-0.010664279912630225,0.0026951389327751754,-9.674749666483849e-05,,,,,,
phase_rad,4.507312793275356,-0.010663684042952414,0.002697566327369308,-9.475516621945505e-05,,,,,,
phase_rad,4.511676116405342,-0.010663100019170728,0.0026999432050710303,-9.27613634656879e-05,,,,,,
phase_rad,4.516039439535327,-0.010662527885424804,0.0027022695283714948,-9.076612018454801e-05,,,,,,
phase_rad,4.520402762665314,-0.010661967684954338,0.002704545260578483,-8.876946812906615e-05,,,,,,
phase_rad,4.524766085795299,-0.010661419460095876,0.002706770365815777,-8.677143902474909e-05,,,,,,
phase_rad,4.529129408925285,-0.01066088325227972,0.0027089448090225673,-8.477206457004798e-05,,,,,,
phase_rad,4.533492732055271,-0.01066035910202684,0.00271106855595284,-8.27713764368328e-05,,,,,,
phase_rad,4.537856055185257,-0.010659847048945927,0.0027131415731747963,-8.076940627088549e-05,,,,,,
phase_rad,4.5422193783152425,-0.010659347131730453,0.002715163828070279,-7.876618569239166e-05,,,,,,
phase_rad,4.546582701445229,-0.010658859388155816,0.0027171352888342042,-7.676174629644289e-05,,,,,,
phase_rad,4.5509460245752145,-0.01065838385507658,0.002719055924474005,-7.475611965356184e-05,,,,,,
phase_rad,4.5553093477052,-0.010657920568423754,0.002720925704809091,-7.274933731020667e-05,,,,,,
phase_rad,4.559672670835186,-0.01065746956320212,0.0027227446004703185,-7.074143078931701e-05,,,,,,
phase_rad,4.564035993965172,-0.010657030873487702,0.0027245125828994662,-6.87324315908431e-05,,,,,,
phase_rad,4.568399317095158,-0.010656604532425226,0.0027262296243487287,-6.672237119229865e-05,,,,,,
phase_rad,4.572762640225143,-0.010656190572225685,0.0027278956978802216,-6.471128104930694e-05,,,,,,
phase_rad,4.57712596335513,-0.010655789024163975,0.002729510777365494,-6.269919259616931e-05,,,,,,
phase_rad,4.581489286485115,-0.010655399918576587,0.0027310748374850644,-6.068613724643287e-05,,,,,,
phase_rad,4.585852609615101,-0.010655023284859403,0.0027325878537279554,-5.867214639346035e-05,,,,,,
phase_rad,4.590215932745087,-0.010654659151465472,0.0027340498023912486,-5.665725141102166e-05,,,,,,
phase_rad,4.594579255875073,-0.010654307545902983,0.002735460660579654,-5.46414836538763e-05,,,,,,
phase_rad,4.598942579005058,-0.010653968494733206,0.0027368204062050883,-5.262487445837141e-05,,,,,,
phase_rad,4.603305902135044,-0.010653642023568537,0.0027381290179862693,-5.060745514304677e-05,,,,,,
phase_rad,4.60766922526503,-0.010653328157070638,0.0027393864754483243,-4.858925700923543e-05,,,,,,
phase_rad,4.612032548395016,-0.010653026918948606,0.0027405927589224067,-4.6570311341686925e-05,,,,,,
phase_rad,4.616395871525001,-0.010652738331957224,0.0027417478495453318,-4.4550649409179615e-05,,,,,,
phase_rad,4.620759194654988,-0.010652462417895307,0.002742851729259227,-4.2530302465146504e-05,,,,,,
phase_rad,4.625122517784973,-0.01065219919760408,0.0027439043808111896,-4.0509301748308836e-05,,,,,,
phase_rad,4.629485840914959,-0.01065194869096567,0.002744905787752969,-3.848767848330624e-05,,,,,,
phase_rad,4.633849164044945,-0.010651710916901614,0.002745855934440651,-3.646546388134161e-05,,,,,,
phase_rad,4.638212487174931,-0.01065148589337149,0.002746754806034367,-3.444268914081904e-05,,,,,,
phase_rad,4.642575810304916,-0.010651273637371598,0.0027476023884980094,-3.241938544799698e-05,,,,,,
phase_rad,4.646939133434903,-0.010651074164933699,0.0027483986685989696,-3.0395583977637416e-05,,,,,,
phase_rad,4.651302456564888,-0.010650887491123839,0.002749143633907886,-2.837131589366595e-05,,,,,,
phase_rad,4.655665779694874,-0.010650713630041246,0.0027498372727984,-2.6346612349828404e-05,,,,,,
phase_rad,4.6600291028248595,-0.010650552594817297,0.002750479574446946,-2.432150449035433e-05,,,,,,
phase_rad,4.664392425954846,-0.010650404397614551,0.0027510705288325346,-2.2296023450623596e-05,,,,,,
phase_rad,4.6687557490848315,-0.010650269049625846,0.002751610126736569,-2.027020035784031e-05,,,,,,
phase_rad,4.673119072214817,-0.010650146561073489,0.002752098359742657,-1.8244066331695938e-05,,,,,,
phase_rad,4.6774823953448035,-0.0106500369412085,0.002752535220236465,-1.6217652485049725e-05,,,,,,
phase_rad,4.681845718474789,-0.010649940198309924,0.002752920701405554,-1.4190989924609161e-05,,,,,,
phase_rad,4.686209041604775,-0.010649856339684256,0.002753254797239263,-1.2164109751597405e-05,,,,,,
phase_rad,4.690572364734761,-0.01064978537166485,0.002753537502528587,-1.0137043062445877e-05,,,,,,
phase_rad,4.694935687864747,-0.010649727299611493,0.0027537688128660724,-8.109820949470364e-06,,,,,,
phase_rad,4.699299010994732,-0.010649682127910017,0.0027539487246457405,-6.082474501554504e-06,,,,,,
phase_rad,4.703662334124719,-0.010649649859971941,0.0027540772350630152,-4.055034804838903e-06,,,,,,
phase_rad,4.708025657254704,-0.010649630498234254,0.0027541543421146604,-2.027532943401581e-06,,,,,,
phase_rad,4.71238898038469,-0.010649624044159214,0.0027541800445987554,5.421010862427522e-17,,,,,,
phase_rad,4.716752303514675,-0.010649630498234253,0.00275415434211466,2.0275329435087003e-06,,,,,,
phase_rad,4.721115626644662,-0.010649649859971941,0.002754077235063014,4.0550348049481905e-06,,,,,,
phase_rad,4.725478949774647,-0.010649682127910017,0.002753948724645741,6.082474501663358e-06,,,,,,
phase_rad,4.729842272904633,-0.010649727299611498,0.002753768812866073,8.109820949579651e-06,,,,,,
phase_rad,4.734205596034619,-0.010649785371664848,0.0027535375025285864,1.0137043062555164e-05,,,,,,
phase_rad,4.738568919164605,-0.010649856339684256,0.002753254797239264,1.2164109751705825e-05,,,,,,
phase_rad,4.74293224229459,-0.01064994019830993,0.0027529207014055546,1.4190989924717148e-05,,,,,,
phase_rad,4.747295565424577,-0.010650036941208498,0.0027525352202364644,1.6217652485159013e-05,,,,,,
phase_rad,4.751658888554562,-0.010650146561073489,0.0027520983597426564,1.8244066331804792e-05,,,,,,
phase_rad,4.756022211684548,-0.010650269049625847,0.002751610126736569,2.0270200357948298e-05,,,,,,
phase_rad,4.760385534814533,-0.010650404397614551,0.0027510705288325346,2.2296023450732883e-05,,,,,,
phase_rad,4.76474885794452,-0.010650552594817298,0.002750479574446945,2.432150449046275e-05,,,,,,
phase_rad,4.769112181074505,-0.010650713630041247,0.0027498372727984004,2.634661234993639e-05,,,,,,
phase_rad,4.773475504204491,-0.010650887491123837,0.0027491436339078857,2.8371315893774805e-05,,,,,,
phase_rad,4.777838827334477,-0.0106510741649337,0.0027483986685989704,3.0395583977747137e-05,,,,,,
phase_rad,4.782202150464463,-0.010651273637371598,0.002747602388498009,3.2419385448104535e-05,,,,,,
phase_rad,4.7865654735944485,-0.010651485893371492,0.002746754806034367,3.444268914092746e-05,,,,,,
phase_rad,4.790928796724435,-0.010651710916901612,0.002745855934440651,3.6465463881450895e-05,,,,,,
phase_rad,4.7952921198544205,-0.01065194869096567,0.0027449057877529685,3.8487678483415094e-05,,,,,,
phase_rad,4.799655442984406,-0.01065219919760408,0.00274390438081119,4.0509301748417256e-05,,,,,,
phase_rad,4.8040187661143925,-0.010652462417895307,0.0027428517292592265,4.2530302465256225e-05,,,,,,
phase_rad,4.808382089244378,-0.010652738331957224,0.0027417478495453326,4.4550649409288035e-05,,,,,,
phase_rad,4.812745412374364,-0.010653026918948604,0.0027405927589224067,4.6570311341795345e-05,,,,,,
phase_rad,4.817108735504349,-0.010653328157070636,0.0027393864754483247,4.858925700934385e-05,,,,,,
phase_rad,4.821472058634336,-0.010653642023568536,0.0027381290179862698,5.0607455143155625e-05,,,,,,
phase_rad,4.825835381764321,-0.0106539684947332,0.002736820406205088,5.262487445847983e-05,,,,,,
phase_rad,4.830198704894307,-0.010654307545902983,0.0027354606605796534,5.464148365398472e-05,,,,,,
phase_rad,4.834562028024293,-0.010654659151465469,0.0027340498023912477,5.6657251411131385e-05,,,,,,
phase_rad,4.838925351154279,-0.010655023284859401,0.0027325878537279554,5.867214639356877e-05,,,,,,
phase_rad,4.843288674284264,-0.010655399918576591,0.0027310748374850657,6.068613724654172e-05,,,,,,
phase_rad,4.847651997414251,-0.010655789024163973,0.0027295107773654937,6.269919259627816e-05,,,,,,
phase_rad,4.852015320544236,-0.010656190572225683,0.0027278956978802216,6.471128104941536e-05,,,,,,
phase_rad,4.856378643674222,-0.010656604532425226,0.0027262296243487296,6.67223711924075e-05,,,,,,
phase_rad,4.860741966804208,-0.0106570308734877,0.0027245125828994662,6.873243159095195e-05,,,,,,
phase_rad,4.865105289934194,-0.010657469563202121,0.0027227446004703193,7.074143078942587e-05,,,,,,
phase_rad,4.869468613064179,-0.010657920568423752,0.002720925704809092,7.274933731031509e-05,,,,,,
phase_rad,4.873831936194165,-0.010658383855076581,0.002719055924474004,7.475611965366983e-05,,,,,,
phase_rad,4.878195259324151,-0.010658859388155818,0.0027171352888342055,7.676174629655218e-05,,,,,,
phase_rad,4.882558582454137,-0.010659347131730453,0.00271516382807028,7.876618569250052e-05,,,,,,
phase_rad,4.886921905584122,-0.010659847048945927,0.002713141573174796,8.076940627099434e-05,,,,,,
phase_rad,4.891285228714109,-0.010660359102026843,0.0027110685559528403,8.27713764369421e-05,,,,,,
phase_rad,4.895648551844094,-0.010660883252279721,0.002708944809022568,8.477206457015597e-05,,,,,,
phase_rad,4.90001187497408,-0.010661419460095876,0.0027067703658157777,8.677143902485838e-05,,,,,,
phase_rad,4.904375198104066,-0.010661967684954338,0.0027045452605784816,8.876946812917501e-05,,,,,,
phase_rad,4.908738521234052,-0.010662527885424804,0.002702269528371495,9.076612018465687e-05,,,,,,
phase_rad,4.9131018443640375,-0.010663100019170726,0.0026999432050710303,9.276136346579632e-05,,,,,,
phase_rad,4.917465167494023,-0.010663684042952417,0.002697566327369309,9.475516621956347e-05,,,,,,
phase_rad,4.9218284906240095,-0.010664279912630227,0.002695138932775175,9.674749666494604e-05,,,,,,
phase_rad,4.926191813753995,-0.010664887583167821,0.002692661059614724,9.873832299250179e-05,,,,,,
phase_rad,4.930555136883981,-0.010665507008635472,0.0026901327470319407,0.00010072761336391315,,,,,,
phase_rad,4.934918460013967,-0.010666138142213474,0.002687554034989337,0.00010271533591157348,,,,,,
phase_rad,4.939281783143953,-0.01066678093619557,0.002684924964268618,0.00010470145873815078,,,,,,
phase_rad,4.943645106273938,-0.01066743534199249,0.0026822455764713383,0.00010668594991619477,,,,,,
phase_rad,4.948008429403925,-0.010668101310135519,0.0026795159140195683,0.00010866877748773492,,,,,,
phase_rad,4.95237175253391,-0.010668778790280165,0.002676736020156588,0.00011064990946389177,,,,,,
phase_rad,4.956735075663896,-0.010669467731209857,0.0026739059389475585,0.00011262931382451102,,,,,,
phase_rad,4.961098398793882,-0.010670168080839731,0.002671025715280226,0.00011460695851778831,,,,,,
phase_rad,4.965461721923868,-0.010670879786220484,0.0026680953948656303,0.00011658281145992622,,,,,,
phase_rad,4.969825045053853,-0.010671602793542262,0.002665115024238791,0.0001185568405347938,,,,,,
phase_rad,4.974188368183839,-0.010672337048138664,0.0026620846507594514,0.00012052901359359356,,,,,,
phase_rad,4.978551691313825,-0.01067308249449074,0.0026590043226127793,0.00012249929845454654,,,,,,
phase_rad,4.982915014443811,-0.010673839076231133,0.0026558740888101076,0.00012446766290259226,,,,,,
phase_rad,4.987278337573796,-0.01067460673614821,0.0026526939991896614,0.0001264340746890912,,,,,,
phase_rad,4.991641660703783,-0.010675385416190309,0.002649464104417303,0.00012839850153154378,,,,,,
phase_rad,4.996004983833768,-0.01067617505747002,0.0026461844559872738,0.00013036091111333402,,,,,,
phase_rad,5.000368306963754,-0.010676975600268562,0.002642855106222943,0.00013232127108346288,,,,,,
phase_rad,5.00473163009374,-0.010677786984040148,0.0026394761082775627,0.00013427954905631447,,,,,,
phase_rad,5.009094953223726,-0.010678609147416512,0.0026360475161350256,0.00013623571261142707,,,,,,
phase_rad,5.013458276353711,-0.01067944202821143,0.0026325693846106324,0.0001381897292932724,,,,,,
phase_rad,5.017821599483698,-0.010680285563425311,0.002629041769351849,0.0001401415666110622,,,,,,
phase_rad,5.022184922613683,-0.01068113968924987,0.002625464726839082,0.00014209119203855607,,,,,,
phase_rad,5.026548245743669,-0.010682004341072858,0.002621838314386449,0.00014403857301388545,,,,,,
phase_rad,5.0309115688736545,-0.010682879453482817,0.0026181625901425505,0.00014598367693939443,,,,,,
phase_rad,5.035274892003641,-0.010683764960273956,0.0026144376130912495,0.00014792647118149795,,,,,,
phase_rad,5.0396382151336265,-0.010684660794451028,0.0026106634430524524,0.00014986692307053648,,,,,,
phase_rad,5.044001538263612,-0.010685566888234316,0.002606840140682885,0.00015180499990067112,,,,,,
phase_rad,5.0483648613935985,-0.010686483173064632,0.0026029677674768706,0.00015374066892977429,,,,,,
phase_rad,5.052728184523584,-0.010687409579608408,0.002599046385767123,0.00015567389737933387,,,,,,
phase_rad,5.05709150765357,-0.010688346037762843,0.0025950760587255192,0.00015760465243438992,,,,,,
phase_rad,5.061454830783556,-0.010689292476661083,0.0025910568503638843,0.00015953290124346353,,,,,,
phase_rad,5.065818153913542,-0.010690248824677487,0.002586988825534779,0.00016145861091851647,,,,,,
phase_rad,5.070181477043527,-0.01069121500943295,0.0025828720499322766,0.00016338174853492132,,,,,,
phase_rad,5.074544800173513,-0.010692190957800232,0.0025787065900927417,0.00016530228113143973,,,,,,
phase_rad,5.078908123303499,-0.010693176595909439,0.002574492513395614,0.00016722017571023026,,,,,,
phase_rad,5.083271446433485,-0.010694171849153469,0.0025702298880641884,0.00016913539923685663,,,,,,
phase_rad,5.08763476956347,-0.010695176642193565,0.0025659187831663832,0.00017104791864032062,,,,,,
phase_rad,5.091998092693457,-0.01069619089896489,0.002561559268615515,0.00017295770081310726,,,,,,
phase_rad,5.096361415823442,-0.010697214542682219,0.0025571514151710765,0.00017486471261124502,,,,,,
phase_rad,5.100724738953428,-0.01069824749584559,0.002552695294439495,0.0001767689208543831,,,,,,
phase_rad,5.105088062083414,-0.010699289680246103,0.0025481909788748957,0.00017867029232588845,,,,,,
phase_rad,5.1094513852134,-0.01070034101697172,0.0025436385417798675,0.00018056879377294352,,,,,,
phase_rad,5.113814708343385,-0.01070140142641312,0.0025390380573062153,0.00018246439190668096,,,,,,
phase_rad,5.118178031473372,-0.010702470828269648,0.002534389600455704,0.0001843570534023212,,,,,,
phase_rad,5.122541354603357,-0.01070354914155525,0.00252969324708081,0.00018624674489932597,,,,,,
phase_rad,5.126904677733343,-0.010704636284604534,0.002524949073885463,0.00018813343300157388,,,,,,
phase_rad,5.1312680008633285,-0.010705732175078827,0.002520157158425769,0.00019001708427755,,,,,,
phase_rad,5.135631323993315,-0.010706836729972302,0.002515317579110746,0.00019189766526054837,,,,,,
phase_rad,5.1399946471233005,-0.010707949865618176,0.002510430415203044,0.00019377514244889576,,,,,,
phase_rad,5.144357970253286,-0.010709071497694931,0.002505495746819653,0.00019564948230618977,,,,,,
phase_rad,5.1487212933832724,-0.010710201541232579,0.002500513654932606,0.0001975206512615556,,,,,,
phase_rad,5.153084616513258,-0.010711339910619035,0.002495484221369691,0.00019938861570991404,,,,,,
phase_rad,5.1574479396432436,-0.010712486519606447,0.002490407528815122,0.00020125334201226983,,,,,,
phase_rad,5.16181126277323,-0.010713641281317667,0.002485283660810229,0.00020311479649602225,,,,,,
phase_rad,5.1661745859032155,-0.01071480410825271,0.002480112701754131,0.00020497294545527688,,,,,,
phase_rad,5.170537909033201,-0.010715974912295293,0.0024748947369043883,0.00020682775515119692,,,,,,
phase_rad,5.1749012321631875,-0.010717153604719384,0.0024696298523776616,0.0002086791918123436,,,,,,
phase_rad,5.179264555293173,-0.010718340096195853,0.0024643181351503515,0.00021052722163506518,,,,,,
phase_rad,5.183627878423159,-0.010719534296799131,0.0024589596730592244,0.00021237181078387173,,,,,,
phase_rad,5.187991201553144,-0.01072073611601392,0.0024535545548020387,0.00021421292539185047,,,,,,
phase_rad,5.192354524683131,-0.010721945462741956,0.002448102869938144,0.00021605053156108786,,,,,,
phase_rad,5.196717847813116,-0.010723162245308813,0.002442604708889077,0.0002178845953631067,,,,,,
phase_rad,5.201081170943102,-0.010724386371470765,0.002437060162939157,0.00021971508283932665,,,,,,
phase_rad,5.205444494073088,-0.010725617748421666,0.002431469324236033,0.00022154196000154051,,,,,,
phase_rad,5.209807817203074,-0.010726856282799901,0.0024258322857912628,0.00022336519283240293,,,,,,
phase_rad,5.214171140333059,-0.01072810188069536,0.002420149141480842,0.0002251847472859404,,,,,,
phase_rad,5.218534463463046,-0.010729354447656473,0.002414419986045733,0.00022700058928808078,,,,,,
phase_rad,5.222897786593031,-0.010730613888697277,0.0024086449150923874,0.0002288126847371937,,,,,,
phase_rad,5.227261109723017,-0.010731880108304519,0.0024028240250932352,0.00023062099950465348,,,,,,
phase_rad,5.231624432853002,-0.010733153010444809,0.0023969574133871755,0.00023242549943541585,,,,,,
phase_rad,5.235987755982989,-0.010734432498571818,0.002391045178180038,0.0002342261503486152,,,,,,
phase_rad,5.240351079112974,-0.010735718475633519,0.002385087418545047,0.00023602291803817566,,,,,,
phase_rad,5.24471440224296,-0.010737010844079431,0.0023790842344232374,0.0002378157682734407,,,,,,
phase_rad,5.249077725372946,-0.010738309505867969,0.0023730357266238886,0.00023960466679982502,,,,,,
phase_rad,5.253441048502932,-0.010739614362473763,0.002366941996824924,0.00024138957933947077,,,,,,
phase_rad,5.2578043716329175,-0.010740925314895074,0.0023608031475732794,0.0002431704715919374,,,,,,
phase_rad,5.262167694762904,-0.010742242263661198,0.0023546192822852885,0.00024494730923489607,,,,,,
phase_rad,5.2665310178928895,-0.010743565108839958,0.0023483905052470114,0.00024672005792484826,,,,,,
phase_rad,5.270894341022875,-0.010744893750045163,0.002342116921614566,0.0002484886832978565,,,,,,
phase_rad,5.2752576641528615,-0.010746228086444203,0.0023357986374144433,0.0002502531509702985,,,,,,
phase_rad,5.279620987282847,-0.01074756801676558,0.0023294357595437893,0.000252013426539628,,,,,,
phase_rad,5.283984310412833,-0.010748913439306522,0.0023230283957706667,0.00025376947558516895,,,,,,
phase_rad,5.288347633542818,-0.010750264251940651,0.002316576654734308,0.00025552126366891166,,,,,,
phase_rad,5.292710956672805,-0.010751620352125624,0.0023100806459453397,0.00025726875633632967,,,,,,
phase_rad,5.29707427980279,-0.01075298163691088,0.002303540479785988,0.00025901191911722153,,,,,,
phase_rad,5.301437602932776,-0.010754348002945354,0.002296956267510258,0.00026075071752656,,,,,,
phase_rad,5.305800926062762,-0.01075571934648528,0.0022903281212440897,0.00026248511706536155,,,,,,
phase_rad,5.310164249192748,-0.01075709556340197,0.002283656153985504,0.00026421508322157453,,,,,,
phase_rad,5.314527572322733,-0.010758476549189685,0.0022769404796047117,0.0002659405814709817,,,,,,
phase_rad,5.31889089545272,-0.010759862198973473,0.002270181212844201,0.0002676615772781196,,,,,,
phase_rad,5.323254218582705,-0.010761252407517092,0.002263378469318812,0.0002693780360972192,,,,,,
phase_rad,5.327617541712691,-0.010762647069230937,0.002256532365515772,0.00027108992337315264,,,,,,
phase_rad,5.331980864842677,-0.010764046078179991,0.002249643018794715,0.0002727972045424125,,,,,,
phase_rad,5.336344187972663,-0.010765449328091805,0.0022427105473876766,0.0002744998450340875,,,,,,
phase_rad,5.340707511102648,-0.010766856712364537,0.0022357350703990607,0.00027619781027087313,,,,,,
phase_rad,5.345070834232634,-0.010768268124074967,0.002228716707805573,0.00027789106567009236,,,,,,
phase_rad,5.34943415736262,-0.010769683455986587,0.0022216555804561544,0.0002795795766447236,,,,,,
phase_rad,5.353797480492606,-0.010771102600557676,0.0022145518100718524,0.00028126330860445787,,,,,,
phase_rad,5.358160803622591,-0.010772525449949442,0.00220740551924569,0.0002829422269567672,,,,,,
phase_rad,5.362524126752578,-0.01077395189603414,0.002200216831442496,0.0002846162971079881,,,,,,
phase_rad,5.366887449882563,-0.01077538183040327,0.0021929858709987256,0.00028628548446441634,,,,,,
phase_rad,5.371250773012549,-0.010776815144375744,0.002185712763122217,0.0002879497544334324,,,,,,
phase_rad,5.375614096142535,-0.01077825172900611,0.002178397633891961,0.0002896090724246237,,,,,,
phase_rad,5.379977419272521,-0.010779691475092803,0.0021710406102578156,0.0002912634038509392,,,,,,
phase_rad,5.3843407424025065,-0.010781134273186391,0.0021636418200401955,0.00029291271412984704,,,,,,
phase_rad,5.388704065532492,-0.010782580013597842,0.0021562013919297395,0.0002945569686845133,,,,,,
phase_rad,5.3930673886624785,-0.010784028586406858,0.002148719455486941,0.00029619613294500037,,,,,,
phase_rad,5.397430711792464,-0.010785479881470175,0.0021411961411417573,0.00029783017234946956,,,,,,
phase_rad,5.40179403492245,-0.010786933788429905,0.002133631580193176,0.0002994590523454086,,,,,,
phase_rad,5.406157358052436,-0.010788390196721898,0.0021260259048087515,0.0003010827383908704,,,,,,
phase_rad,5.410520681182422,-0.010789848995584123,0.0021183792480241326,0.000302701195955725,,,,,,
phase_rad,5.414884004312407,-0.010791310074065048,0.0021106917437425246,0.0003043143905229308,,,,,,
phase_rad,5.419247327442394,-0.01079277332103208,0.002102963526734141,0.0003059222875898184,,,,,,
phase_rad,5.423610650572379,-0.010794238625179945,0.002095194732635629,0.00030752485266938084,,,,,,
phase_rad,5.427973973702365,-0.010795705875039188,0.002087385497949437,0.0003091220512915949,,,,,,
phase_rad,5.432337296832351,-0.010797174958984593,0.0020795359600431704,0.00031071384900474737,,,,,,
phase_rad,5.436700619962337,-0.010798645765243666,0.0020716462571489106,0.00031230021137676435,,,,,,
phase_rad,5.441063943092322,-0.010800118181905113,0.002063716528362492,0.00031388110399658154,,,,,,
phase_rad,5.445427266222308,-0.010801592096927347,0.002055746913642756,0.00031545649247550003,,,,,,
phase_rad,5.449790589352294,-0.010803067398147008,0.0020477375538107646,0.0003170263424485723,,,,,,
phase_rad,5.45415391248228,-0.010804543973287466,0.0020396885905489812,0.000318590619576003,,,,,,
phase_rad,5.458517235612265,-0.010806021709967363,0.002031600166400412,0.00032014928954454897,,,,,,
phase_rad,5.462880558742252,-0.010807500495709157,0.0020234724247677233,0.0003217023180689463,,,,,,
phase_rad,5.467243881872237,-0.010808980217947687,0.002015305509912312,0.00032324967089334897,,,,,,
phase_rad,5.471607205002223,-0.010810460764038708,0.0020070995669533506,0.0003247913137927683,,,,,,
phase_rad,5.475970528132209,-0.010811942021267501,0.001998854741866789,0.0003263272125745417,,,,,,
phase_rad,5.480333851262195,-0.01081342387685741,0.001990571181484318,0.00032785733307980113,,,,,,
phase_rad,5.48469717439218,-0.010814906217978457,0.0019822490334923054,0.0003293816411849642,,,,,,
phase_rad,5.489060497522167,-0.01081638893175593,0.0019738884464306885,0.0003309001028032276,,,,,,
phase_rad,5.493423820652152,-0.010817871905278982,0.0019654895696918392,0.00033241268388607996,,,,,,
phase_rad,5.497787143782138,-0.010819355025609205,0.001957052553519372,0.0003339193504248235,,,,,,
phase_rad,5.5021504669121235,-0.010820838179789294,0.0019485775490069356,0.00033542006845210717,,,,,,
phase_rad,5.50651379004211,-0.010822321254851617,0.0019400647080969541,0.0003369148040434774,,,,,,
phase_rad,5.5108771131720955,-0.01082380413782683,0.0019315141835793406,0.00033840352331892566,,,,,,
phase_rad,5.515240436302081,-0.010825286715752518,0.0019229261290901593,0.00033988619244446506,,,,,,
phase_rad,5.5196037594320675,-0.010826768875681804,0.0019143006991102554,0.00034136277763370743,,,,,,
phase_rad,5.523967082562053,-0.01082825050469195,0.0019056380489638617,0.00034283324514944747,,,,,,
phase_rad,5.528330405692039,-0.010829731489893019,0.0018969383348171266,0.0003442975613052752,,,,,,
phase_rad,5.532693728822025,-0.010831211718436451,0.001888201713676645,0.00034575569246717746,,,,,,
phase_rad,5.537057051952011,-0.010832691077523717,0.0018794283433879384,0.0003472076050551596,,,,,,
phase_rad,5.541420375081996,-0.010834169454414915,0.0018706183826338648,0.00034865326554488554,,,,,,
phase_rad,5.545783698211982,-0.010835646736437402,0.0018617719909330434,0.00035009264046930756,,,,,,
phase_rad,5.550147021341968,-0.010837122810994387,0.001852889328638188,0.0003515256964203247,,,,,,
phase_rad,5.554510344471954,-0.010838597565573583,0.0018439705569344316,0.0003529524000504447,,,,,,
phase_rad,5.558873667601939,-0.010840070887755748,0.0018350158378375963,0.0003543727180744475,,,,,,
phase_rad,5.563236990731926,-0.010841542665223353,0.001826025334192428,0.00035578661727106616,,,,,,
phase_rad,5.567600313861911,-0.010843012785769122,0.001816999209670796,0.0003571940644846762,,,,,,
phase_rad,5.571963636991897,-0.010844481137304657,0.0018079376287698336,0.0003585950266269929,,,,,,
phase_rad,5.576326960121883,-0.010845947607869008,0.0017988407568100531,0.00035998947067877223,,,,,,
phase_rad,5.580690283251869,-0.010847412085637243,0.0017897087599334257,0.0003613773636915239,,,,,,
phase_rad,5.585053606381854,-0.01084887445892902,0.001780541805101392,0.000362758672789237,,,,,,
phase_rad,5.589416929511841,-0.010850334616217146,0.001771340060092857,0.0003641333651701025,,,,,,
phase_rad,5.593780252641826,-0.01085179244613612,0.0017621036935021384,0.0003655014081082545,,,,,,
phase_rad,5.598143575771812,-0.010853247837490676,0.0017528328747368693,0.0003668627689555064,,,,,,
phase_rad,5.602506898901797,-0.010854700679264294,0.0017435277740158422,0.00036821741514311184,,,,,,
phase_rad,5.606870222031784,-0.010856150860627741,0.001734188562366847,0.0003695653141835148,,,,,,
phase_rad,5.611233545161769,-0.010857598270947559,0.0017248154116244474,0.0003709064336721102,,,,,,
phase_rad,5.615596868291755,-0.010859042799794553,0.0017154084944276907,0.0003722407412890291,,,,,,
phase_rad,5.619960191421741,-0.010860484336952272,0.0017059679842178286,0.0003735682048008975,,,,,,
phase_rad,5.624323514551727,-0.010861922772425463,0.001696494055235948,0.00037488879206262803,,,,,,
phase_rad,5.6286868376817125,-0.010863357996448546,0.001686986882520578,0.000376202471019211,,,,,,
phase_rad,5.633050160811699,-0.010864789899494,0.0016774466419052542,0.0003775092097075025,,,,,,
phase_rad,5.6374134839416845,-0.010866218372280812,0.0016678735100160436,0.0003788089762580217,,,,,,
phase_rad,5.64177680707167,-0.010867643305782883,0.0016582676642690106,0.00038010173889676396,,,,,,
phase_rad,5.6461401302016565,-0.010869064591237364,0.0016486292828676544,0.0003813874659469988,,,,,,
phase_rad,5.650503453331642,-0.010870482120153064,0.0016389585448003063,0.00038266612583109363,,,,,,
phase_rad,5.654866776461628,-0.01087189578431878,0.0016292556298374632,0.0003839376870723194,,,,,,
phase_rad,5.659230099591613,-0.010873305475811609,0.0016195207185291,0.0003852021182966861,,,,,,
phase_rad,5.6635934227216,-0.010874711087005265,0.0016097539922019241,0.0003864593882347547,,,,,,
phase_rad,5.667956745851585,-0.010876112510578346,0.0015999556329565979,0.0003877094657234756,,,,,,
phase_rad,5.672320068981571,-0.01087750963952263,0.0015901258236649056,0.0003889523197080167,,,,,,
phase_rad,5.676683392111557,-0.01087890236715127,0.0015802647479668762,0.00039018791924359916,,,,,,
phase_rad,5.681046715241543,-0.010880290587107043,0.001570372590267883,0.0003914162334973366,,,,,,
phase_rad,5.685410038371528,-0.01088167419337052,0.00156044953573568,0.00039263723175007306,,,,,,
phase_rad,5.689773361501515,-0.010883053080268256,0.0015504957702973821,0.0003938508833982305,,,,,,
phase_rad,5.6941366846315,-0.010884427142480915,0.0015405114806364556,0.00039505715795564974,,,,,,
phase_rad,5.698500007761486,-0.010885796275051403,0.0015304968541895916,0.0003962560250554386,,,,,,
phase_rad,5.702863330891472,-0.010887160373392952,0.0015204520791435867,0.0003974474544518221,,,,,,
phase_rad,5.707226654021458,-0.010888519333297172,0.0015103773444321764,0.0003986314160219853,,,,,,
phase_rad,5.711589977151443,-0.010889873050942129,0.0015002728397327933,0.0003998078797679365,,,,,,
phase_rad,5.715953300281429,-0.0108912214229003,0.0014901387554633167,0.00040097681581834706,,,,,,
phase_rad,5.720316623411415,-0.010892564346146603,0.0014799752827787532,0.00040213819443040734,,,,,,
phase_rad,5.724679946541401,-0.010893901718066324,0.0014697826135678998,0.00040329198599167986,,,,,,
phase_rad,5.729043269671386,-0.010895233436463035,0.0014595609404499273,0.00040443816102195274,,,,,,
phase_rad,5.733406592801373,-0.0108965593995665,0.0014493104567709545,0.0004055766901750863,,,,,,
phase_rad,5.737769915931358,-0.010897879506040514,0.0014390313566005543,0.0004067075442408749,,,,,,
phase_rad,5.742133239061344,-0.010899193654990775,0.0014287238347282423,0.00040783069414688394,,,,,,
phase_rad,5.74649656219133,-0.010900501745972601,0.0014183880866598872,0.0004089461109603098,,,,,,
phase_rad,5.750859885321316,-0.010901803678998782,0.0014080243086141075,0.0004100537658898273,,,,,,
phase_rad,5.7552232084513015,-0.010903099354547235,0.0013976326975186004,0.0004111536302874321,,,,,,
phase_rad,5.759586531581287,-0.010904388673568743,0.001387213451006466,0.0004122456756502882,,,,,,
phase_rad,5.7639498547112735,-0.010905671537494601,0.001376766767412428,0.0004133298736225743,,,,,,
phase_rad,5.768313177841259,-0.010906947848244222,0.0013662928457690805,0.00041440619599731926,,,,,,
phase_rad,5.772676500971245,-0.010908217508232744,0.0013557918858030317,0.00041547461471824255,,,,,,
phase_rad,5.777039824101231,-0.010909480420378578,0.0013452640879310343,0.0004165351018815902,,,,,,
phase_rad,5.781403147231217,-0.010910736488110914,0.0013347096532560815,0.000417587629737965,,,,,,
phase_rad,5.785766470361202,-0.010911985615377191,0.0013241287835634268,0.0004186321706941623,,,,,,
phase_rad,5.790129793491189,-0.010913227706650546,0.0013135216813165932,0.00041966869731498353,,,,,,
phase_rad,5.794493116621174,-0.010914462666937201,0.0013028885496533366,0.00042069718232506654,,,,,,
phase_rad,5.79885643975116,-0.010915690401783825,0.0012922295923815286,0.0004217175986106997,,,,,,
phase_rad,5.803219762881146,-0.010916910817284832,0.0012815450139750505,0.00042272991922163777,,,,,,
phase_rad,5.807583086011132,-0.01091812382008968,0.0012708350195696212,0.00042373411737290224,,,,,,
phase_rad,5.811946409141117,-0.010919329317410097,0.0012600998149585572,0.00042473016644659577,,,,,,
phase_rad,5.816309732271103,-0.010920527217027255,0.001249339606588546,0.0004257180399936918,,,,,,
phase_rad,5.820673055401089,-0.010921717427298947,0.001238554601555331,0.0004266977117358302,,,,,,
phase_rad,5.825036378531075,-0.010922899857166655,0.001227745007599368,0.00042766915556710357,,,,,,
phase_rad,5.82939970166106,-0.010924074416162647,0.001216911033101445,0.0004286323455558391,,,,,,
phase_rad,5.833763024791047,-0.010925241014416963,0.0012060528870782691,0.0004295872559463721,,,,,,
phase_rad,5.838126347921032,-0.01092639956266441,0.001195170779177993,0.00043053386116081657,,,,,,
phase_rad,5.842489671051018,-0.010927549972251465,0.0011842649196757019,0.0004314721358008244,,,,,,
phase_rad,5.846852994181004,-0.010928692155143164,0.0011733355194688774,0.00043240205464934204,,,,,,
phase_rad,5.85121631731099,-0.010929826023929936,0.0011623827900728114,0.0004333235926723524,,,,,,
phase_rad,5.8555796404409755,-0.010930951491834383,0.001151406943615965,0.0004342367250206268,,,,,,
phase_rad,5.859942963570962,-0.010932068472718014,0.0011404081928353112,0.00043514142703144254,,,,,,
phase_rad,5.8643062867009474,-0.010933176881087935,0.0011293867510716255,0.0004360376742303183,,,,,,
phase_rad,5.868669609830933,-0.010934276632103487,0.0011183428322647376,0.00043692544233272265,,,,,,
phase_rad,5.8730329329609186,-0.010935367641582849,0.0011072766509487315,0.00043780470724578795,,,,,,
phase_rad,5.877396256090905,-0.010936449826009536,0.0010961884222471313,0.00043867544507000355,,,,,,
phase_rad,5.8817595792208905,-0.010937523102538937,0.001085078361868039,0.00043953763210090833,,,,,,
phase_rad,5.886122902350876,-0.010938587389004715,0.0010739466860992064,0.0004403912448307705,,,,,,
phase_rad,5.8904862254808625,-0.010939642603925211,0.0010627936118031143,0.0004412362599502586,,,,,,
phase_rad,5.894849548610848,-0.01094068866650978,0.001051619356411981,0.00044207265435010313,,,,,,
phase_rad,5.899212871740834,-0.01094172549666504,0.0010404241379227339,0.00044290040512274674,,,,,,
phase_rad,5.90357619487082,-0.010942753015001146,0.0010292081748919512,0.0004437194895639872,,,,,,
phase_rad,5.907939518000806,-0.010943771142837917,0.0010179716864307865,0.00044452988517460737,,,,,,
phase_rad,5.912302841130791,-0.010944779802210985,0.0010067148921998025,0.00044533156966199117,,,,,,
phase_rad,5.916666164260777,-0.010945778915877847,0.0009954380124038216,0.00044612452094173853,,,,,,
phase_rad,5.921029487390763,-0.010946768407323875,0.0009841412677867025,0.000446908717139262,,,,,,
phase_rad,5.925392810520749,-0.010947748200768267,0.0009728248796261118,0.0004476841365913689,,,,,,
phase_rad,5.929756133650734,-0.01094871822116995,0.0009614890697282228,0.00044845075784784153,,,,,,
phase_rad,5.934119456780721,-0.010949678394233399,0.0009501340604224113,0.00044920855967299283,,,,,,
phase_rad,5.938482779910706,-0.010950628646414455,0.0009387600745558986,0.00044995752104722833,,,,,,
phase_rad,5.942846103040692,-0.010951568904926004,0.0009273673354883626,0.00045069762116857156,,,,,,
phase_rad,5.947209426170678,-0.010952499097743696,0.0009159560670865029,0.0004514288394542002,,,,,,
phase_rad,5.951572749300664,-0.010953419153611497,0.0009045264937185957,0.0004521511555419537,,,,,,
phase_rad,5.955936072430649,-0.010954329002047283,0.0008930788402490003,0.00045286454929183476,,,,,,
phase_rad,5.960299395560636,-0.010955228573348299,0.000881613332032607,0.0004535690007874975,,,,,,
phase_rad,5.964662718690621,-0.010956117798596603,0.0008701301949093145,0.0004542644903377173,,,,,,
phase_rad,5.969026041820607,-0.010956996609664434,0.0008586296551983982,0.0004549509984778529,,,,,,
phase_rad,5.9733893649505925,-0.010957864939219507,0.0008471119396928975,0.0004556285059712929,,,,,,
phase_rad,5.977752688080579,-0.01095872272073027,0.0008355772756539427,0.00045629699381088333,,,,,,
phase_rad,5.9821160112105645,-0.010959569888471094,0.0008240258908050856,0.0004569564432203514,,,,,,
phase_rad,5.98647933434055,-0.010960406377527371,0.0008124580133265398,0.00045760683565570256,,,,,,
phase_rad,5.9908426574705365,-0.010961232123800601,0.0008008738718494396,0.00045824815280661054,,,,,,
phase_rad,5.995205980600522,-0.010962047064013367,0.0007892736954500508,0.00045888037659778903,,,,,,
phase_rad,5.999569303730508,-0.010962851135714283,0.0007776577136439385,0.0004595034891903538,,,,,,
phase_rad,6.003932626860494,-0.010963644277282856,0.0007660261563801175,0.0004601174729831595,,,,,,
phase_rad,6.00829594999048,-0.010964426427934283,0.0007543792540351865,0.0004607223106141297,,,,,,
phase_rad,6.012659273120465,-0.010965197527724202,0.0007427172374073771,0.0004613179849615686,,,,,,
phase_rad,6.0170225962504515,-0.010965957517553372,0.0007310403377106498,0.0004619044791454533,,,,,,
phase_rad,6.021385919380437,-0.010966706339172258,0.0007193487865686984,0.00046248177652871616,,,,,,
phase_rad,6.025749242510423,-0.010967443935185605,0.0007076428160089454,0.00046304986071850547,,,,,,
phase_rad,6.030112565640408,-0.010968170249056889,0.0006959226584565394,0.0004636087155674301,,,,,,
phase_rad,6.034475888770395,-0.01096888522511275,0.0006841885467282554,0.0004641583251747943,,,,,,
phase_rad,6.03883921190038,-0.010969588808547313,0.0006724407140264528,0.0004646986738878027,,,,,,
phase_rad,6.043202535030366,-0.010970280945426488,0.0006606793939329231,0.00046522974630276064,,,,,,
phase_rad,6.047565858160352,-0.010970961582692155,0.0006489048204027701,0.00046575152726625424,,,,,,
phase_rad,6.051929181290338,-0.010971630668166333,0.0006371172277582428,0.000466264001876303,,,,,,
phase_rad,6.056292504420323,-0.010972288150555213,0.0006253168506825282,0.0004667671554835103,,,,,,
phase_rad,6.06065582755031,-0.01097293397945321,0.0006135039242135415,0.0004672609736921854,,,,,,
phase_rad,6.065019150680295,-0.010973568105346854,0.0006016786837376871,0.0004677454423614505,,,,,,
phase_rad,6.069382473810281,-0.010974190479618694,0.0005898413649835738,0.0004682205476063321,,,,,,
phase_rad,6.073745796940266,-0.010974801054551054,0.0005779922040157297,0.00046868627579882633,,,,,,
phase_rad,6.078109120070253,-0.010975399783329787,0.0005661314372282758,0.00046914261356896026,,,,,,
phase_rad,6.082472443200238,-0.01097598662004793,0.0005542593013386089,0.00046958954780581554,,,,,,
phase_rad,6.086835766330224,-0.010976561519709275,0.0005423760333809899,0.0004700270656585496,,,,,,
phase_rad,6.09119908946021,-0.010977124438231883,0.0005304818707002003,0.00047045515453739096,,,,,,
phase_rad,6.095562412590196,-0.010977675332451548,0.0005185770509451093,0.0004708738021146138,,,,,,
phase_rad,6.0999257357201815,-0.010978214160125146,0.000506661812062235,0.0004712829963254947,,,,,,
phase_rad,6.104289058850168,-0.010978740879933946,0.0004947363922893119,0.0004716827253692583,,,,,,
phase_rad,6.1086523819801535,-0.010979255451486833,0.00048280103014879865,0.00047207297770998483,,,,,,
phase_rad,6.113015705110139,-0.01097975783532346,0.00047085596444138586,0.0004724537420775167,,,,,,
phase_rad,6.1173790282401255,-0.01098024799291735,0.0004589014342394771,0.0004728250074683381,,,,,,
phase_rad,6.121742351370111,-0.010980725886678883,0.00044693767888066436,0.00047318676314642995,,,,,,
phase_rad,6.126105674500097,-0.010981191479958246,0.00043496493796115875,0.00047353899864411046,,,,,,
phase_rad,6.130468997630082,-0.010981644737048291,0.0004229834513292228,0.0004738817037628553,,,,,,
phase_rad,6.134832320760069,-0.010982085623187334,0.0004109934590785782,0.00047421486857409734,,,,,,
phase_rad,6.139195643890054,-0.010982514104561856,0.00039899520154179847,0.0004745384834200011,,,,,,
phase_rad,6.14355896702004,-0.010982930148309164,0.00038698891928367577,0.00047485253891422336,,,,,,
phase_rad,6.147922290150026,-0.010983333722519955,0.0003749748530945747,0.00047515702594265246,,,,,,
phase_rad,6.152285613280012,-0.010983724796240796,0.0003629532439837811,0.000475451935664118,,,,,,
phase_rad,6.156648936409997,-0.01098410333947656,0.0003509243331728251,0.00047573725951108965,,,,,,
phase_rad,6.161012259539984,-0.010984469323192763,0.0003388883620887631,0.00047601298919035424,,,,,,
phase_rad,6.165375582669969,-0.010984822719317834,0.00032684557235751065,0.0004762791166836658,,,,,,
phase_rad,6.169738905799955,-0.010985163500745323,0.0003147962057970915,0.0004765356342483751,,,,,,
phase_rad,6.174102228929941,-0.010985491641335991,0.0003027405044108997,0.0004767825344180485,,,,,,
phase_rad,6.178465552059927,-0.010985807115919882,0.00029067871038098233,0.00047701981000304724,,,,,,
phase_rad,6.182828875189912,-0.010986109900298276,0.00027861106606123765,0.00047724745409110443,,,,,,
phase_rad,6.187192198319898,-0.01098639997124559,0.00026653781397066156,0.00047746546004786487,,,,,,
phase_rad,6.191555521449884,-0.010986677306511178,0.0002544591967865524,0.0004776738215174117,,,,,,
phase_rad,6.19591884457987,-0.010986941884821097,0.00024237545733772045,0.00047787253242277195,,,,,,
phase_rad,6.200282167709855,-0.010987193685879753,0.000230286838597668,0.0004780615869663925,,,,,,
phase_rad,6.204645490839842,-0.010987432690371479,0.00021819358367776843,0.00047824097963060494,,,,,,
phase_rad,6.209008813969827,-0.01098765887996207,0.00020609593582045067,0.00047841070517805687,,,,,,
phase_rad,6.213372137099813,-0.010987872237300203,0.00019399413839233623,0.00047857075865213373,,,,,,
phase_rad,6.217735460229799,-0.010988072746018788,0.00018188843487740547,0.0004787211353773444,,,,,,
phase_rad,6.222098783359785,-0.010988260390736262,0.00016977906887012992,0.00047886183095970027,,,,,,
phase_rad,6.2264621064897705,-0.010988435157057797,0.00015766628406861568,0.0004789928412870588,,,,,,
phase_rad,6.230825429619756,-0.010988597031576381,0.00014555032426772824,0.0004791141625294479,,,,,,
phase_rad,6.2351887527497425,-0.010988746001873936,0.00013343143335218776,0.00047922579113937906,,,,,,
phase_rad,6.239552075879728,-0.010988882056522233,0.0001213098552897204,0.0004793277238521205,,,,,,
phase_rad,6.243915399009714,-0.010989005185083816,0.0001091858341241353,0.0004794199576859614,,,,,,
phase_rad,6.2482787221397,-0.0109891153781128,9.705961396842664e-05,0.0004795024899424455,,,,,,
phase_rad,6.252642045269686,-0.010989212627155635,8.493143899789346e-05,0.0004795753182065901,,,,,,
phase_rad,6.257005368399671,-0.010989296924751726,7.28015534432015e-05,0.0004796384403470751,,,,,,
phase_rad,6.261368691529658,-0.010989368264434056,6.0670201583479727e-05,0.00047969185451641203,,,,,,
phase_rad,6.265732014659643,-0.010989426640729686,4.8537627739414485e-05,0.0004797355591510935,,,,,,
phase_rad,6.270095337789629,-0.010989472049160162,3.640407626631046e-05,0.00047976955297171714,,,,,,
phase_rad,6.274458660919615,-0.010989504486241884,2.426979154718028e-05,0.00047979383498308555,,,,,,
phase_rad,6.278821984049601,-0.010989523949486362,1.2135017985828191e-05,0.0004798084044742867,,,,,,
phase_rad,6.283185307179586,-0.010989530437400434,-1.0375814790686277e-16,0.0004798132610187521,,,,,,
axial_m,-0.07,0.022680518919476016,1.510392934656365e-18,-5.9765306267259385e-19,1.2606245922334873e-18,-7.460563980618245e-21,7.692975038624965e-21,1.0183631222110345e-18,9.404370773827671e-20,-2.2136114739097703e-19
axial_m,-0.0699,0.022726487326285526,1.0725110531392081e-18,1.4332186456920386e-18,1.0942104080162117e-18,-2.7739950997855106e-20,6.454566302276355e-20,1.115462456810294e-18,5.2094615822926424e-20,-2.5183528227086165e-19
axial_m,-0.0698,0.022772389836728548,1.5311170441995948e-18,-2.945545049375826e-19,1.5607752186644187e-18,2.661764678602577e-20,-6.823891380270152e-20,-2.627919770369137e-19,-6.02033415716732e-20,9.334660599541571e-20
axial_m,-0.06970000000000001,0.02281822554190127,1.4846630380644862e-18,5.809201803234875e-19,1.0224698870394717e-18,-3.929317275653188e-20,1.0673236310996752e-19,1.2172502592426615e-18,1.1833412375000587e-19,-3.8299179969281413e-19
axial_m,-0.06960000000000001,0.022863993531083485,9.586640107421522e-19,5.78525707097713e-19,1.1089779235824174e-18,-2.966874655892381e-20,3.94391638855593e-20,7.646517742729835e-19,4.635362310787567e-20,-3.0114944711540527e-19
axial_m,-0.0695,0.022909692891754787,1.190101832428273e-18,1.322941998441138e-18,1.1419350102327234e-18,-1.421369388154658e-20,8.829403446771863e-20,7.145583691062501e-19,1.8689256075238023e-20,-3.3646595817189864e-19
axial_m,-0.0694,0.022955322709610974,9.19745473119255e-19,7.852667422069717e-19,1.0585533072381384e-18,-3.955810811855306e-20,6.495799653901618e-20,2.2937145482677544e-19,3.7735499192145877e-20,-9.09099598311321e-20
axial_m,-0.0693,0.023000882068580534,1.2761757850184832e-18,-1.0038325278876421e-18,1.0907377692270923e-18,-2.082895690451518e-20,9.136475074954744e-20,1.6987359755336774e-18,1.6758565855319083e-19,-4.2711515556658958e-19
axial_m,-0.06920000000000001,0.023046370050841168,1.084569127897268e-18,2.065316604714038e-18,1.1585961775776856e-18,-3.0729477651270047e-20,1.0388547322434705e-19,6.602242220787953e-19,6.111386802299346e-20,-2.322581104766711e-19
axial_m,-0.06910000000000001,0.0230917857368366,1.5081972688031279e-18,4.272197239757919e-19,1.2890787158045073e-18,-1.172246834245538e-20,1.0497257655403713e-19,1.480086495538311e-18,1.1477282590078418e-19,-3.491385455676043e-19
axial_m,-0.069,0.023137128205293216,8.836365005683775e-19,1.1294365513515612e-18,1.3547038434051206e-18,1.4420280979151286e-20,-1.481203880710351e-20,1.3765690759050645e-18,6.116785630033667e-20,-2.1635344188045235e-19
axial_m,-0.0689,0.023182396533237153,1.2173236574344337e-18,-3.6965252630226834e-20,1.2177739996930797e-18,-5.064816134019581e-21,3.080051611667969e-20,4.729614904915409e-19,-1.0949397877742998e-20,5.1672092631503894e-20
axial_m,-0.0688,0.023227589796011208,1.4563344336309413e-18,-1.1575299562978924e-18,1.3930642143019132e-18,-1.05209747126138e-20,5.2859315072338545e-20,6.398434847538735e-19,3.191801014995776e-20,-1.259186215638296e-19
axial_m,-0.06870000000000001,0.023272707067291943,1.6547033976108114e-18,-6.627408092840757e-20,1.5576411575301314e-18,3.3405976485228455e-20,-2.8289145699453025e-20,1.0141140043913787e-18,2.912135843196066e-20,-3.3836349845519866e-19
axial_m,-0.06860000000000001,0.02331774741910708,1.144166645012086e-18,1.5776945143565625e-18,1.582198822680785e-18,2.0584254187985534e-20,-5.1658226201954314e-20,5.813087767090097e-19,2.3202092606856257e-20,-1.1795885239422355e-19
axial_m,-0.0685,0.023362709921852676,1.8836030291001534e-18,-2.8626455663847775e-19,1.6208906811845225e-18,3.9748213559780215e-20,-6.879157088435284e-20,5.322182227342971e-19,-1.4871256038413656e-21,-1.6903822412193464e-19
axial_m,-0.0684,0.0234075936443106,1.3454827061440975e-18,3.9521031539585436e-19,1.2711819101718388e-18,-2.99795079818162e-20,7.61588577150702e-20,7.764261593967569e-19,9.975272281625612e-20,-2.082851138165966e-19
axial_m,-0.0683,0.023452397653666197,1.2851046535643568e-18,8.780202994245006e-20,1.4414605429226443e-18,7.656835325849873e-21,-1.2460760142268705e-20,4.791152156849622e-19,-6.0760833770576166e-21,-1.1448062243750704e-19
axial_m,-0.06820000000000001,0.02349712101552585,8.845531240390916e-19,1.2648850937605266e-18,1.0480730001910352e-18,-3.897307253192329e-20,6.014939918302634e-20,4.07752291294727e-19,-1.1580627153498752e-20,-4.0570030264929305e-20
axial_m,-0.06810000000000001,0.02354176279393481,1.4654861037855714e-18,5.28693575202237e-19,1.271051575720903e-18,-3.043409709801914e-22,-2.1561373499968113e-20,6.796051854159902e-19,-2.5551330115600428e-20,-2.729022028551949e-20
axial_m,-0.068,0.02358632205139503,1.1811717701404186e-18,1.2342583881830103e-18,1.3417690101344192e-18,3.132284294687726e-21,1.380829468319548e-20,2.0922637280962256e-19,-1.0640661984063649e-20,1.751922512172824e-20
axial_m,-0.0679,0.023630797848883167,1.6321958908482539e-18,3.328592574567933e-19,1.4312441651363527e-18,7.456305088749717e-21,1.2162837412513804e-20,1.0798087751015245e-18,3.8803193193961484e-20,-3.645484377917189e-19
axial_m,-0.06780000000000001,0.023675189245868682,1.1079275131194438e-18,-4.513991441027945e-20,1.3292759715813243e-18,6.499446911503388e-21,-2.1327803639710502e-20,1.1152075813249301e-18,2.564190861131029e-20,-2.9081347239801546e-19
axial_m,-0.06770000000000001,0.023719495300332027,8.70575550669876e-19,1.0990133162131964e-18,1.1642862586695498e-18,-1.9631943900929e-20,8.195260519005082e-20,9.64035880094838e-19,3.4244634543139037e-20,-4.1238512598347397e-19
axial_m,-0.06760000000000001,0.023763715068782987,1.1065823176560987e-18,3.0695446298320772e-19,1.2687296981856486e-18,-2.1952624143345567e-20,7.890185984730975e-20,5.632239481803038e-19,2.9807567934259524e-20,-1.6087541419324089e-19
axial_m,-0.0675,0.02380784760627899,1.5847465118593408e-18,2.5225837396626197e-19,1.1899212719011557e-18,-2.0527670456980718e-20,7.132256340530449e-20,6.096768228179735e-19,5.2480361749960196e-20,-3.2051831557374694e-19
axial_m,-0.0674,0.023851891966443692,1.715376999017292e-18,2.7589787041111213e-19,1.478676921647365e-18,-2.202467698862044e-21,1.727497941333236e-20,7.992708659034727e-19,8.475648418019867e-20,-1.6538791759784576e-19
axial_m,-0.06730000000000001,0.023895847201485593,1.0088187984400486e-18,1.6949533465948969e-18,1.1778750151668006e-18,-2.550084960402229e-20,1.1187932034429569e-19,8.91085267721958e-19,3.7395732759085135e-20,-3.576107171750839e-19
axial_m,-0.06720000000000001,0.02393971236221676,1.3857056232016248e-18,5.82879384675654e-19,1.3580913720489899e-18,1.4491161215915825e-20,2.155688664476821e-21,1.2361285437780492e-18,5.291849135350629e-20,-1.9752551057484766e-19
axial_m,-0.0671,0.023983486498071565,1.4963200292090104e-18,8.774016069819703e-19,1.1572276239661715e-18,-2.829722806785746e-20,1.334568968557063e-19,8.38053584488514e-19,1.0071300590845282e-19,-3.613131334832086e-19
axial_m,-0.067,0.024027168657125734,8.099755830219463e-19,2.1880349199838043e-18,1.0927970150481858e-18,-3.262866066351645e-20,1.1629656280554445e-19,1.6445126907669265e-18,7.413431441781481e-20,-3.7171112064537285e-19
axial_m,-0.0669,0.024070757886115308,1.2801021587711829e-18,-2.8698202013664765e-19,1.1298028431251134e-18,-3.12865574159859e-20,9.300775325393993e-20,1.681475648829929e-18,1.6305474264068e-19,-4.632533856174135e-19
axial_m,-0.06680000000000001,0.024114253230455775,1.55973473984194e-18,7.651841064782655e-19,1.5103040176604777e-18,1.1628492466782868e-20,-4.322550546303353e-20,3.3097397352918693e-19,4.7918019026459504e-20,-8.900529873224128e-20
axial_m,-0.06670000000000001,0.024157653734261323,1.374861779999329e-18,1.2005412207271433e-18,1.5004894257184087e-18,7.900330268040561e-21,1.189272922017817e-20,8.407262963260134e-20,-8.43262596637484e-21,-2.4658437789271526e-19
axial_m,-0.0666,0.02420095844036418,1.2999692067105137e-18,1.6197616239370474e-18,1.4043625952692933e-18,-9.519533755712466e-21,5.001623775947525e-20,3.7521233905754163e-19,2.1226308889143152e-20,-2.287941876970948e-19
axial_m,-0.0665,0.024244166390334065,9.641592825267276e-19,1.484218840396236e-18,1.3491700089844042e-18,-5.3040067367927395e-21,4.410436812030097e-20,1.1375691063319026e-18,6.621516162197894e-20,-2.5855772784426927e-19
axial_m,-0.0664,0.024287276624497693,1.223046620209107e-18,1.5754240780332132e-18,1.1006538344274722e-18,-3.174811849256816e-20,1.201577091559796e-19,1.1419002110234411e-18,6.922819715805771e-20,-2.1062809045908275e-19
axial_m,-0.06630000000000001,0.02433028818195843,1.0760291320864183e-18,1.4291838219002475e-19,1.4230491522357291e-18,6.335940195654879e-21,3.1592223345449526e-20,1.1929394597470228e-18,7.069100574908344e-20,-3.7153865670014733e-19
axial_m,-0.06620000000000001,0.024373200100616055,1.374729388061847e-18,9.249669389509039e-19,1.33964738059199e-18,-1.185517672355286e-20,6.031401359653072e-20,1.0558446595044455e-18,7.319299800913708e-20,-2.885712079218463e-19
axial_m,-0.0661,0.024416011417186606,1.5505384473253394e-18,-3.9564859988552444e-19,1.3325241123370653e-18,-3.2116588189312858e-21,5.0010578300012906e-20,1.6099047172349649e-18,1.1960276103838784e-19,-3.5425665031103717e-19
axial_m,-0.066,0.024458721167222305,1.3625243744378838e-18,6.998933294539277e-19,1.5333155754983022e-18,2.2409945363700802e-20,-4.0804879820194177e-20,5.587655207695587e-20,-6.375810087866592e-20,4.177869525059991e-21
axial_m,-0.0659,0.024501328385131596,1.5610841829702584e-18,1.0744749017612088e-18,1.2883529939497843e-18,-2.3571470295214975e-20,7.664470804107089e-20,7.688839018952445e-19,6.076297556651566e-20,-2.580817640490033e-19
axial_m,-0.06580000000000001,0.02454383210419931,1.3978812733281192e-18,7.585106805330216e-19,1.4533151649872631e-18,-6.571248309757159e-21,-2.837696953771135e-21,7.81737526869235e-19,1.1055068320935393e-20,-1.7133369384880835e-19
axial_m,-0.06570000000000001,0.024586231356606935,1.5983882393137451e-18,9.541609579226748e-19,1.3991617093965488e-18,-1.0297640698572124e-21,6.200137638983564e-20,1.325024282361358e-18,1.0031729337837306e-19,-5.016841610630426e-19
axial_m,-0.0656,0.024628525173452858,1.4262540602459492e-18,-8.007727907962773e-20,1.2632997962128849e-18,-1.6916330035101047e-20,6.449441097023766e-20,8.345080261224701e-19,5.877023753654763e-20,-2.818933590937504e-19
axial_m,-0.0655,0.024670712584772932,1.2631932309679085e-18,1.8302046310682142e-18,1.2466811190360306e-18,-1.4790714484989222e-20,1.0204048762437527e-19,1.791628459179621e-18,1.0443450677511886e-19,-5.007504003002794e-19
axial_m,-0.06540000000000001,0.024712792619560896,1.8072621170793833e-18,-4.906001479562326e-19,1.3933977538974769e-18,-1.1543663503429271e-20,3.324046365978507e-20,1.2057064735986328e-18,3.0205699243747327e-20,-2.921324612453305e-19
axial_m,-0.06530000000000001,0.02475476430578913,1.0994708100854323e-18,5.530126048618471e-19,1.2661054809089501e-18,-2.3028008697535115e-20,6.178514004122695e-20,1.4166816116823842e-18,7.335473261558086e-20,-3.4699088068607275e-19
axial_m,-0.06520000000000001,0.024796626670429294,1.2261779256355826e-18,1.346627428327133e-18,1.394039507778071e-18,4.4710125848889394e-21,2.328196465741632e-20,1.270237795194824e-18,1.0182372194237098e-19,-4.682595023221831e-19
axial_m,-0.0651,0.024838378739473164,1.7925563495253756e-18,2.2580885327499146e-19,1.3747447980811074e-18,-8.56722667444047e-21,4.093033433164105e-20,1.1295477295185921e-18,4.7317753542367094e-20,-2.462976028560666e-19
axial_m,-0.065,0.02488001953795362,1.2764209047538593e-18,-5.368631312396747e-19,1.3466350335282572e-18,-7.561816998070118e-21,3.119802026381753e-20,1.198544855125006e-18,7.485160778840588e-20,-2.1328198817407423e-19
axial_m,-0.06490000000000001,0.024921548089965596,1.3509783467106977e-18,7.711896646225052e-19,1.5155653567728232e-18,1.9273974423166186e-20,-7.183600163441668e-21,8.677937501699291e-19,6.06387041874136e-20,-1.967517870472812e-19
axial_m,-0.06480000000000001,0.024962963418687287,1.4624676476166488e-18,3.391767962477829e-19,1.3639033967476797e-18,-8.140796690198687e-21,2.736237021037314e-20,8.931960237776186e-19,5.176593215280217e-20,-1.723650415677535e-19
axial_m,-0.06470000000000001,0.025004264546401252,1.2270405336162553e-18,-4.892072706116544e-20,1.2937213203480811e-18,6.341062887597024e-21,1.6103770222420893e-20,6.045569606004637e-19,-3.0322201075725017e-20,-1.576468844251091e-19
axial_m,-0.0646,0.025045450494515783,1.4810614048323235e-18,1.1468106561117912e-18,1.305067458952451e-18,-2.0852000300221117e-20,7.755720434397087e-20,2.9819203418026863e-19,7.4836483175147e-21,-2.0649504415098595e-19
axial_m,-0.0645,0.025086520283586322,1.2402354096766953e-18,3.6037441916340746e-19,1.2657249902701667e-18,-2.600890456375492e-20,9.112903315504439e-20,1.0380548969078664e-18,4.3122196548355513e-20,-3.2003426644607154e-19
axial_m,-0.06440000000000001,0.02512747293333692,1.0950679902767045e-18,1.0760802444934352e-18,1.5386051615806146e-18,-7.98028336105098e-21,1.504957570954752e-20,8.350432169007016e-19,6.182376614919543e-20,-1.5269534335552366e-19
axial_m,-0.06430000000000001,0.02516830746268182,1.5266216598948736e-18,-6.544142238158906e-19,1.3802841255941618e-18,-1.7788707513493762e-20,3.9583817661707705e-20,9.485049523228817e-19,3.2387084432388254e-20,-1.6374280747564575e-19
axial_m,-0.06420000000000001,0.025209022889747183,1.3873846002366085e-18,-5.90590206894976e-19,1.5196130380570866e-18,7.689252996894902e-21,-4.284339883250866e-20,1.8906637293356766e-19,-1.864470017049069e-22,-6.07944506568466e-20
axial_m,-0.0641,0.02524961823189284,1.6301646038944312e-18,1.4114591232644674e-18,1.4084199804461664e-18,-1.6247715357112356e-21,5.720775855190483e-20,4.844645286209822e-19,2.5690406386968532e-20,-8.525803541374008e-20
axial_m,-0.064,0.02529009250573412,1.1534103384944883e-18,9.153734861026977e-19,1.2481759531452938e-18,-2.903129363224398e-20,1.0419763772712429e-19,1.2282584604379356e-18,1.1448520929547636e-19,-3.859635331210395e-19
axial_m,-0.06390000000000001,0.025330444727163854,1.5864170024884718e-18,1.5309442252598726e-18,1.3723701261810279e-18,-3.5244067279476485e-21,2.910496862136734e-20,2.3329043607148994e-19,-3.179053346481741e-20,6.573986357847049e-20
axial_m,-0.06380000000000001,0.02537067391137444,1.3045037813881855e-18,1.6180792794220606e-18,1.520054257440626e-18,-5.641670394412377e-21,3.6434700323365225e-20,9.05617474677545e-19,3.140334434083537e-20,-2.898250714944656e-19
axial_m,-0.0637,0.02541077907287991,1.2473430916206422e-18,2.7686227963639216e-18,1.2110479504513721e-18,-2.0189023578265018e-20,7.467350700642821e-20,8.127313667676291e-19,2.2600418079486628e-20,-9.676173416213015e-20
axial_m,-0.0636,0.025450759225538223,1.9757760959382316e-18,2.595538663308567e-19,1.6518461223696893e-18,1.126359285830447e-20,2.0002709562706575e-20,4.799110980768407e-19,-6.267517619667324e-20,-1.453425742305357e-19
axial_m,-0.0635,0.02549061338257353,1.175863245204294e-18,1.9100610654685666e-18,1.3551230970235902e-18,-1.6454671017227307e-20,9.621741601789723e-20,2.1969786467098248e-18,1.881042865705784e-19,-6.499772001456521e-19
axial_m,-0.06340000000000001,0.02553034055659868,1.2564025519258168e-18,2.3822500439846594e-18,1.419808119170303e-18,-3.2343079416191414e-20,9.057679732970526e-20,1.5010311456561918e-18,9.928401833200227e-20,-2.660667521701998e-19
axial_m,-0.06330000000000001,0.02556993975963757,1.4234327685095502e-18,1.3993600750575255e-18,1.4726032233256585e-18,1.5091216543548577e-20,2.6759339842311276e-20,1.5544980972500017e-18,8.166696189572969e-20,-4.0154606167181593e-19
axial_m,-0.0632,0.025609410003147887,1.5580071572373262e-18,1.9340443853354622e-18,1.2732862755854314e-18,-7.934062535654996e-21,9.350402651203426e-20,1.3265044201841107e-18,1.0158481636891251e-19,-5.37141232620091e-19
axial_m,-0.0631,0.02564875029804364,1.5076381609816947e-18,1.4324910514356123e-18,1.661582379820117e-18,9.252498926224041e-21,-1.0211802427061081e-20,7.269322379237655e-19,5.109141776254463e-20,-2.806258607882347e-19
axial_m,-0.063,0.025687959654718016,1.3647270196130666e-18,3.2375687913414977e-19,1.432789812084153e-18,-1.7925047165867193e-21,2.0619785426321313e-20,8.79618571275228e-19,1.5375381192934218e-20,-2.1931775918347917e-19
axial_m,-0.06290000000000001,0.025727037083066166,1.0683735165472893e-18,5.225245938103914e-19,1.3393939312797271e-18,-1.8513251090682576e-20,5.447158314003108e-20,9.541495993813215e-19,6.139936597423119e-20,-1.2682818894885368e-19
axial_m,-0.06280000000000001,0.025765981592508206,1.6383973163073189e-18,5.039816945866283e-19,1.5009998512354223e-18,2.16271262810991e-21,-2.061994377486488e-20,5.404675583820554e-19,4.6440970080228587e-20,-1.2865889807820998e-19
axial_m,-0.0627,0.025804792192012163,1.776891560453537e-18,-1.0176255941365604e-18,1.3964582107094664e-18,3.449034652856082e-21,-1.093076825014912e-20,3.3969557660352014e-19,1.9321053697192026e-20,1.2902643198478204e-19
axial_m,-0.0626,0.025843467890117076,1.3054801359139162e-18,9.398741531035617e-20,1.3265760191266946e-18,-1.6644464782743327e-20,-2.1989067493227336e-20,1.9905135382244794e-19,-2.2392064325931394e-20,1.892959898749528e-19
axial_m,-0.0625,0.025882007694956286,1.9373585683355886e-18,-2.324960799815695e-20,1.43371920107126e-18,-2.621211049362703e-21,8.412356110913636e-20,1.2123958289886459e-18,8.394351960640353e-20,-3.0394997982359985e-19
axial_m,-0.062400000000000004,0.025920410614280565,1.037044164604994e-18,2.1559642370766735e-18,1.465560560216349e-18,-1.8155688090502614e-20,2.1190346424872706e-20,8.3510731473314e-19,4.2405768283140494e-20,-6.971843446551653e-20
axial_m,-0.06230000000000001,0.025958675655481583,1.4065630054623861e-18,1.6493641200352991e-18,1.2646017868063623e-18,-1.457028742283577e-20,7.32065740350632e-20,1.2700804235847304e-18,3.655267963536303e-20,-3.850227525143754e-19
axial_m,-0.062200000000000005,0.025996801825615302,1.9822762924294476e-18,-1.885821958541289e-20,1.4206802006374415e-18,1.5240977750498559e-21,1.1412625434654245e-20,1.0587633250975137e-18,5.625491591064622e-20,-2.3340205918281924e-19
axial_m,-0.0621,0.026034788131425447,1.173260610764537e-18,1.4200861928897049e-18,1.4393753618269137e-18,-7.036677095716491e-21,5.719724834966348e-20,1.044289348885872e-18,4.148983058752536e-20,-3.824244221028984e-19
axial_m,-0.062000000000000006,0.026072633579367215,1.4325275821478653e-18,7.865575516986927e-19,1.4451921676316116e-18,-2.4230538057189352e-20,9.587942653995771e-20,4.490135988285036e-19,5.780318910717927e-20,-2.70023866215288e-19
axial_m,-0.06190000000000001,0.02611033717563086,1.2989442541251151e-18,1.2860698875921388e-18,1.3085210392845375e-18,-2.3582796200412484e-20,8.302037379525652e-20,6.2868009902869165e-19,6.104186155600566e-20,-6.886800415292904e-20
axial_m,-0.06180000000000001,0.02614789792616554,1.603993905147167e-18,2.3704664329535665e-18,1.5133774869193453e-18,5.833211862781404e-21,1.1220598952497835e-19,1.5661038947633297e-18,9.213874578764289e-20,-5.405440217320355e-19
axial_m,-0.061700000000000005,0.026185314836703055,1.4382104832978695e-18,1.5609795367553867e-18,1.3005868266353326e-18,-2.3573097194531668e-20,6.283003986950206e-20,1.121712846922161e-18,6.472301351888679e-20,-2.1660707278880778e-19
axial_m,-0.0616,0.02622258691278187,1.6943878170254016e-18,6.189380884496151e-19,1.7975647775074194e-18,2.5921074216011264e-20,-1.7066929345888723e-20,5.659940895758862e-19,-3.8729747065939946e-21,4.793336987575822e-20
axial_m,-0.061500000000000006,0.02625971315977104,1.1017354429053356e-18,1.6320354652122218e-18,1.2026411830440391e-18,-4.769207755493549e-20,1.2816894442578365e-19,1.759177868813544e-18,1.8764482066013515e-19,-5.588836747902744e-19
axial_m,-0.06140000000000001,0.02629669258289439,1.6653476346983468e-18,5.818022444159887e-20,1.4921708930877713e-18,2.8049678399958637e-21,4.700519402967119e-20,6.025922672489301e-19,3.5870242983765846e-20,-2.5871142274844674e-19
axial_m,-0.06130000000000001,0.026333524187254542,1.7232318037311932e-18,2.875836290791369e-19,1.3039601018532677e-18,-2.8216695880019424e-20,1.0574159610333624e-19,7.409286575550855e-19,5.890178498088541e-20,-2.4686184669905674e-19
axial_m,-0.061200000000000004,0.026370206977857233,1.2339839534282476e-18,1.303424142713921e-18,1.5414461310254875e-18,-6.138733693120571e-21,2.4212305421203147e-20,8.145427807502979e-19,3.623386277096978e-20,-2.9937243162954563e-19
axial_m,-0.06110000000000001,0.026406739959635623,1.7553765223521105e-18,4.795355667395904e-19,1.495166832967336e-18,-4.284125876584456e-21,5.0697706332233195e-20,8.20928667656411e-19,5.841721519314875e-20,-2.4557912389470755e-19
axial_m,-0.061000000000000006,0.026443122137474663,1.683218174837476e-18,1.9081553777948394e-18,1.584095435098438e-18,3.478076201766161e-21,6.558755779139932e-20,1.750094794408565e-18,6.1887470435465e-20,-4.40988430993322e-19
axial_m,-0.06090000000000001,0.026479352516235538,1.3559018585088511e-18,1.185117156302732e-18,1.364061671621024e-18,-2.0061124187918884e-20,6.528615944135335e-20,2.0891206509841172e-18,1.3982814911025763e-19,-5.726323691761746e-19
axial_m,-0.06080000000000001,0.026515430100780276,1.9257261557391402e-18,3.468372498443478e-19,1.330675320784786e-18,-1.8640672746235695e-20,9.660071340644525e-20,1.1168837783971759e-18,7.36079096587422e-20,-1.8793913712024364e-19
axial_m,-0.060700000000000004,0.026551353895996242,1.401493818862525e-18,1.1408752630712282e-18,1.3302958313119997e-18,-2.2060708147885396e-20,4.9224139083701203e-20,5.525791436338162e-19,2.5344150347802178e-20,-1.0507618240162156e-19
axial_m,-0.06060000000000001,0.026587122906820942,1.416724045292593e-18,1.5725001660645687e-18,1.4233943991496981e-18,-5.714632248108317e-21,1.7939554031296787e-20,1.6175282198771279e-18,5.834664245433261e-20,-3.03261451772409e-19
axial_m,-0.060500000000000005,0.02662273613826672,1.7078202128057557e-18,-3.3118725034310835e-19,1.565271420849354e-18,-1.0252129507005211e-20,-3.621936375223385e-21,8.065799469389166e-19,5.180541650462786e-22,-1.3439051198652212e-19
axial_m,-0.06040000000000001,0.02665819259544555,1.4345410078560895e-18,7.24947797753813e-19,1.4195338426040563e-18,-1.8806423831124038e-20,9.294339121368752e-20,9.856337567577691e-19,6.253799836247068e-20,-1.516184455867153e-19
axial_m,-0.060300000000000006,0.026693491283594037,1.7003123404622386e-18,1.3458586179040784e-18,1.4145928063109216e-18,-5.406363994620078e-21,3.814568520682019e-20,5.207662969374275e-19,-8.405998046548185e-20,3.266768200702259e-20
axial_m,-0.060200000000000004,0.026728631208098298,1.7071993363050508e-18,1.9866230107348814e-18,1.6068468263971613e-18,-3.2742390295104978e-21,8.501686410792595e-20,6.613283786717842e-19,4.316049758715567e-20,-3.139261259027995e-19
axial_m,-0.06010000000000001,0.026763611374519037,1.7218478993689947e-18,1.7265523711153267e-19,1.2575824205414804e-18,-1.780869331405286e-20,8.426778880551166e-20,4.359352834249575e-19,5.499976271382533e-20,-1.171786580928709e-19
axial_m,-0.060000000000000005,0.026798430788616674,1.6614720996715594e-18,-4.972808158204599e-20,1.5798258539847408e-18,-7.838917477877199e-22,-3.3189145999173814e-20,4.74988967696105e-19,2.2133555530113256e-20,-2.4193365483964923e-19
axial_m,-0.05990000000000001,0.026833088456376473,1.442382783967979e-18,1.0096276994000365e-18,1.4412693012921684e-18,-5.235415599031104e-21,1.0304358967261264e-20,6.321055722858805e-19,4.2694169571268337e-20,-1.3386579223169095e-19
axial_m,-0.059800000000000006,0.026867583384033857,1.790674836814071e-18,1.492477140677806e-18,1.7048116192485558e-18,1.1072362303719857e-20,2.960774764291938e-20,4.991296169132977e-19,-2.3212754982222862e-20,-3.7580105708259973e-19
axial_m,-0.0597,0.026901914578099668,1.2538544863941466e-18,7.526137968486462e-19,1.4278945011551145e-18,-1.1436452820672812e-20,4.048227478454645e-20,1.7207894604552406e-18,6.545861360732709e-20,-4.589673748389695e-19
axial_m,-0.05960000000000001,0.026936081045385574,1.2958144923627301e-18,7.843919248533412e-19,1.5025561550608244e-18,6.856041603998021e-22,2.497312091884765e-20,3.733650015541703e-19,-4.779683105940875e-20,-1.9196005646559033e-20
axial_m,-0.059500000000000004,0.02697008179302952,1.1020147636621974e-18,2.435007183128848e-18,1.416987090295584e-18,-1.0041410853846762e-20,2.330398736830858e-21,8.040351361165296e-19,-6.6879540247832696e-21,-1.20135478329152e-19
axial_m,-0.05940000000000001,0.027003915828521227,1.322882587315595e-18,1.261856222694025e-18,1.2052405163144295e-18,-4.6294116628560226e-20,1.4317454880389897e-19,1.1212724676837303e-18,1.1050479166058e-19,-4.772471145844204e-19
axial_m,-0.059300000000000005,0.027037582159727756,1.8958378015144745e-18,-2.1411993821252689e-19,1.6516650564856534e-18,1.3163358738562429e-20,2.6668655478807872e-20,7.865796999146743e-19,3.316808555562856e-20,-3.3623136738638132e-19
axial_m,-0.0592,0.027071079794919222,1.359270645787567e-18,1.3781483126953954e-18,1.527768524627218e-18,-1.0122052431804756e-20,5.567663652991814e-20,1.0462972739282226e-18,6.519631646274272e-20,-1.6574172897041314e-19
axial_m,-0.05910000000000001,0.027104407742794406,1.4673427213585727e-18,-1.2334131245501977e-19,1.5924391260952654e-18,-9.973353895625873e-21,-7.176500339807364e-21,5.962913880918409e-19,-1.412061621623226e-20,-1.978404963638277e-19
axial_m,-0.059000000000000004,0.027137565012506578,1.5513809480275268e-18,9.06679339796405e-19,1.6306233177995927e-18,7.205495418470704e-21,4.88643160811444e-20,9.152043308250068e-19,6.911519379058458e-20,-2.9288804790454325e-19
axial_m,-0.05890000000000001,0.027170550613689337,1.043756648595512e-18,1.9947397988708854e-18,1.3654149656782845e-18,-8.213598578120528e-21,1.3935033454037067e-20,6.944747989911584e-19,-2.4006682892187026e-20,-1.1571262534267678e-19
axial_m,-0.058800000000000005,0.027203363556482466,1.765839471222976e-18,9.27746430681721e-19,1.7869154017508727e-18,3.167786398371793e-20,6.111746511915085e-20,5.2311679822454215e-19,-3.18715810568906e-20,-1.852543242566711e-19
axial_m,-0.0587,0.02723600285155789,1.4840472231111913e-18,2.1581053748250616e-18,1.5402288930442586e-18,-1.3228138950521927e-20,5.074066114338282e-20,1.9049586831232964e-18,1.1731443804382351e-19,-1.9393531571144177e-19
axial_m,-0.058600000000000006,0.02726846751014573,1.6818691041621802e-18,1.4546522457784774e-18,1.5901519461640452e-18,-1.4643397076153664e-20,3.346640248715669e-20,5.431360483369453e-19,3.482435705226731e-20,-6.396373068755573e-20
axial_m,-0.05850000000000001,0.02730075654406031,1.2512989166814261e-18,1.2495884346366628e-18,1.522442652922748e-18,-5.301664607401478e-21,5.813904999510486e-20,1.0774306595228472e-18,1.1085766922153136e-20,-3.7252291365152864e-19
axial_m,-0.05840000000000001,0.027332868965726346,1.1061494512134517e-18,1.749802126729453e-18,1.4765728769501056e-18,4.98110787454858e-21,9.624297335062833e-20,1.5386533158234994e-18,5.3957322899042596e-20,-4.794383475394429e-19
axial_m,-0.058300000000000005,0.027364803788205102,1.603278285872614e-18,1.3006422114639497e-20,1.459209969066489e-18,-2.2568050560954424e-20,1.2479447583576412e-19,3.932994612515827e-19,2.94069407583479e-21,-2.094441215062615e-19
axial_m,-0.05820000000000001,0.027396560025220607,1.5035696857966362e-18,7.951554105213765e-19,1.4857466641436593e-18,-2.5401794425702053e-20,8.455489752637623e-21,6.359428486957401e-19,3.235726000628538e-20,-2.069334469166013e-19
axial_m,-0.058100000000000006,0.02742813669118603,1.1082793379333993e-18,1.6410363348029606e-18,1.5665914003441815e-18,-9.49797215374924e-21,1.1681037408562537e-19,2.005116960573086e-18,1.5943367579343592e-19,-6.292214355018225e-19
axial_m,-0.05800000000000001,0.027459532801229973,1.3949979503051618e-18,1.0915123336103392e-18,1.5553470522179186e-18,-5.90704216431173e-21,4.159190304914733e-20,-7.751537072066206e-21,-6.785248888787502e-20,-9.274871566647041e-20
axial_m,-0.05790000000000001,0.0274907473712229,1.3168119206799261e-18,7.921735420000935e-19,1.6003457276608779e-18,9.767655594281097e-21,5.498036870408998e-20,1.0208582782549826e-18,1.0199159037897165e-20,-2.1868688083387657e-19
axial_m,-0.057800000000000004,0.027521779417803607,1.3248802334285892e-18,5.264002883067606e-19,1.6944674794587143e-18,1.5769733334303307e-20,1.9941632737493312e-20,9.075983017596785e-19,5.3931795277017136e-20,-2.0227932357813404e-19
axial_m,-0.05770000000000001,0.027552627958405736,1.737046880757805e-18,7.567980907181497e-19,1.6913384507047287e-18,-3.63837822616868e-21,6.554108855731391e-20,9.405081742755412e-19,7.061501903429766e-20,-4.1778394021823956e-19
axial_m,-0.057600000000000005,0.02758329201128431,1.3391676887674634e-18,1.9753683895910777e-18,1.4489762100414118e-18,-1.0753157815138263e-20,4.6694192850558284e-20,8.202614552550613e-19,7.86168115405254e-21,-3.3572580645968886e-19
axial_m,-0.05750000000000001,0.027613770595542434,1.6470935332413553e-18,8.387536083030536e-19,1.6851427419312931e-18,4.0490543850816014e-21,3.240259189627272e-20,5.417263425446061e-19,2.813785226389158e-20,-4.5102730585406305e-20
axial_m,-0.05740000000000001,0.027644062731157906,1.5835425184698376e-18,7.454734743158029e-19,1.3950249330950097e-18,-2.0815061226021903e-20,5.249483211175563e-20,8.025766139468249e-19,6.408435484968182e-20,-8.42975417221517e-20
axial_m,-0.057300000000000004,0.027674167439009915,1.3704394356230786e-18,1.6596257731211984e-18,1.5866939202413024e-18,-8.038839860136953e-21,5.0786586733167793e-20,7.680975227449051e-19,9.254995557970651e-20,-4.690987823197629e-19
axial_m,-0.05720000000000001,0.027704083740905893,1.5379386934438426e-18,1.4455895773886183e-18,1.5592822044248622e-18,-4.6031672102817e-21,2.807358650739201e-20,9.051278703039732e-19,3.083594847096503e-20,-1.3514955754002226e-19
axial_m,-0.057100000000000005,0.02773381065960827,1.3410183686702663e-18,1.4961746043512477e-18,1.5276368143303592e-18,-1.717876921994101e-20,1.2198736009141521e-21,1.4544686905011514e-18,7.420181296687607e-20,-2.0178170770687076e-19
axial_m,-0.05700000000000001,0.027763347218861364,1.514765326910991e-18,-8.676103533046226e-19,1.5480801688547094e-18,-5.852587397266791e-21,6.358471391451138e-20,4.982492051734329e-19,-9.078724993083033e-21,-2.756135769040008e-19
axial_m,-0.056900000000000006,0.02779269244341829,1.5011171705172418e-18,1.4803459192751406e-18,1.4322726630307924e-18,-2.5474956171626493e-20,7.433844514100659e-20,3.35802560099151e-19,2.2408316564942122e-20,-2.2833045113546977e-21
axial_m,-0.0568,0.02782184535906792,1.31960658867918e-18,1.6948729375768012e-18,1.48574903086251e-18,-1.1131721537176804e-20,3.866548550655147e-20,9.336761102435119e-19,-2.963695199955176e-20,-2.0860045119915548e-19
axial_m,-0.05670000000000001,0.027850804992661904,1.4709731449681703e-18,2.133156337045474e-18,1.6090468581257455e-18,9.632949921356892e-21,-8.056909427994724e-21,8.0346534285971e-19,2.1191266562782345e-20,-1.6378028861821283e-19
axial_m,-0.056600000000000004,0.027879570372141706,1.7581238710544093e-18,8.994073002404706e-19,1.6188106669150717e-18,9.509207736134025e-22,1.1691323795326353e-20,-1.8735904908088914e-19,-5.0348359967197926e-20,-4.385757563324096e-20
axial_m,-0.05650000000000001,0.027908140526565667,1.4637225635334746e-18,1.9862892735876535e-18,1.4870371265396237e-18,-3.1184801070062876e-20,1.0669078976469091e-19,1.0231364549597546e-18,9.996241911026242e-20,-4.673977705999118e-19
axial_m,-0.056400000000000006,0.027936514486136224,1.8398807009176518e-18,2.0373313834396052e-19,1.4614095683306572e-18,-2.1888584387608492e-20,9.055414643970613e-20,1.470962649685427e-19,-1.7514130079460848e-20,-3.7601610000121374e-20
axial_m,-0.0563,0.02796469128222697,1.4024302127820228e-18,8.77373879210904e-19,1.4902117360925548e-18,-9.69034427817686e-21,4.4562624858478296e-20,9.597667505267135e-19,1.67766756314547e-20,-2.378084954994738e-19
axial_m,-0.05620000000000001,0.027992669947410013,1.0776850745312648e-18,1.3021646045858814e-18,1.426158332953031e-18,-1.9681169281134186e-20,1.0193378225318733e-19,1.5469109401757037e-18,1.2263938655284084e-19,-4.590148990177482e-19
axial_m,-0.056100000000000004,0.028020449515483135,1.7329486104720953e-18,1.5029963997596054e-19,1.7918983335723824e-18,1.573479160831613e-20,1.5689985504922566e-20,1.0352053715668677e-18,7.842847113239437e-20,-4.570569491324019e-19
axial_m,-0.05600000000000001,0.02804802902149707,1.8736785933452676e-18,-5.582499566779175e-19,1.4884254734400758e-18,-6.6125497861453646e-21,6.896942631567046e-20,1.6411506726072903e-18,5.3504962368000275e-20,-3.6675372923038176e-19
axial_m,-0.055900000000000005,0.028075407501782966,1.1994191566366178e-18,3.0477900852226524e-19,1.379238602403182e-18,-3.2465395614669674e-20,8.023108204749603e-20,9.731544425530602e-19,8.544265875412656e-20,-3.656901502528332e-19
axial_m,-0.0558,0.02810258399397965,1.0289687181616015e-18,9.675081124618447e-19,1.5053233109250408e-18,-2.0888515358738135e-20,4.7912694332507896e-20,1.2408714036224578e-18,1.0431650607436094e-19,-2.5062959156091377e-19
axial_m,-0.055700000000000006,0.028129557537061062,1.383711658811678e-18,2.288395335238058e-18,1.4876948412770358e-18,-1.5087621623341587e-20,1.1168801993512163e-19,1.1464875495875278e-18,1.011813217670816e-19,-2.346227335688737e-19
axial_m,-0.055600000000000004,0.028156327171363772,1.3617126638058314e-18,1.5390965331385008e-18,1.5855608468123764e-18,9.440655571561116e-21,3.452580843790548e-20,1.944021100941649e-18,7.734082274318647e-20,-3.6382651431727443e-19
axial_m,-0.05550000000000001,0.02818289193861436,1.7413864751875414e-18,1.173530537534233e-18,1.5437393487680897e-18,-1.0382940815789644e-20,3.027148715142968e-20,7.435203535995851e-20,-8.238681257145159e-22,-1.4544169017340011e-19
axial_m,-0.055400000000000005,0.028209250881957,1.592860442339698e-18,3.018269964509133e-19,1.412221836387807e-18,-1.3361788998812558e-20,3.052695210345734e-20,1.0582077722499358e-18,4.8026121324481866e-20,-2.3691894075588387e-19
axial_m,-0.0553,0.028235403045981013,1.40320041052384e-18,1.7252301812487321e-18,1.62127048486814e-18,-9.202691583491033e-21,2.5099360889552855e-20,8.899731519229444e-19,7.93377428520782e-20,-3.4661436575789684e-19
axial_m,-0.055200000000000006,0.028261347476748425,1.4569142150019686e-18,6.920107080233632e-19,1.6581959148506306e-18,-3.672420137134521e-21,1.454865990457205e-20,1.3584231976585746e-18,5.735907273565666e-20,-1.9405068175130855e-19
axial_m,-0.05510000000000001,0.028287083221821597,1.2628376065340168e-18,9.215055232397703e-19,1.5666999056568028e-18,1.149781702002814e-21,5.401092193591233e-20,9.129078710673416e-19,9.527548124102003e-20,-2.739555576938678e-19
axial_m,-0.05500000000000001,0.028312609330290898,1.4383156509346995e-18,7.411973205569883e-20,1.4204004933694507e-18,-1.9652258594389233e-20,4.688882211940179e-20,1.3598787370332153e-18,9.987499099364317e-20,-3.3626265425153575e-19
axial_m,-0.054900000000000004,0.02833792485280231,1.4164159146762164e-18,2.269625459750918e-18,1.7205209841629467e-18,1.6266870893946683e-20,6.178580078941824e-20,8.22001730809083e-19,2.6064266188719633e-21,-3.3740129846296564e-19
axial_m,-0.05480000000000001,0.02836302884158523,1.6371453789365855e-18,1.491742686974964e-18,1.5234120571804718e-18,-1.6507061105145904e-20,1.2726560965763094e-19,2.3999641738700436e-19,-2.0300765917424134e-21,-2.519938721487338e-19
axial_m,-0.054700000000000006,0.02838792035048014,1.2018658601497613e-18,1.7331169469017263e-18,1.5437624072847811e-18,-1.8752177480797604e-20,6.469363880828201e-20,3.903213276458176e-19,4.248555091225169e-20,-2.172726109938382e-19
axial_m,-0.05460000000000001,0.028412598434966404,1.8270521470292945e-18,5.891914181129499e-19,1.6805731382185626e-18,-7.14621630835758e-21,-6.98085484044399e-21,4.298825717106086e-19,6.674096995542457e-21,-1.425458372508821e-19
axial_m,-0.05450000000000001,0.028437062152190024,1.6567789828029663e-18,9.483565338710344e-19,1.7243366762499957e-18,-1.0302219155196077e-20,5.629218517481392e-20,3.210387545407808e-19,-1.9995135798435197e-20,1.476885426160538e-19
axial_m,-0.054400000000000004,0.028461310560991465,1.5302456030714495e-18,1.4011344994890305e-18,1.5535163334051469e-18,-1.3488700930454129e-20,8.254307908000595e-20,1.1534471145664888e-19,3.957454339417943e-20,-1.0738736246289848e-19
axial_m,-0.0543,0.02848534272193356,1.575122709197411e-18,1.3111863010395796e-18,1.6727041004364513e-18,1.1582770136797403e-20,2.738341964156825e-20,2.6448081081715327e-19,-1.766713221766662e-20,3.083167646444771e-22
axial_m,-0.054200000000000005,0.02850915769732926,1.6180343761046905e-18,2.208069173141125e-18,1.5502292245995519e-18,-1.084967004728277e-20,9.199972392177419e-20,1.4786627919715131e-18,1.0556992845444965e-19,-2.280647913736086e-19
axial_m,-0.05410000000000001,0.02853275455126962,1.6182280853619964e-18,1.3363079875058885e-19,1.5680750508809108e-18,-9.653659435793667e-21,1.931745152038033e-21,1.5483197123215364e-19,-5.2769051675723304e-20,-5.609216951773935e-20
axial_m,-0.054000000000000006,0.02855613234965167,1.4559587108946707e-18,2.5079556795273765e-18,1.5775531253726593e-18,1.2395929682790786e-20,7.936391947146665e-21,4.864987627151622e-19,-6.73748137436818e-20,-5.341147556527449e-20
axial_m,-0.0539,0.02857929016020633,1.2522391186120784e-18,1.6220149111529208e-18,1.5206283806958498e-18,-1.4429768835804832e-20,7.140947497994772e-20,8.001025567608601e-19,2.3031948870195595e-20,-3.2013547361979976e-19
axial_m,-0.05380000000000001,0.028602227052526387,1.5005284290598388e-18,7.530242118977313e-19,1.4975237667151016e-18,-1.6154291401434807e-20,7.078979007684621e-20,1.2475706368371721e-18,5.512856737998888e-20,-1.9551084461078858e-19
axial_m,-0.053700000000000005,0.02862494209809445,1.5579441877561619e-18,-6.78602300277276e-20,1.5518296029164894e-18,-1.0942351336353165e-20,6.7461122094511186e-21,7.912001868463681e-19,4.817424642750028e-20,-1.9147043273763055e-19
axial_m,-0.05360000000000001,0.02864743437031094,1.288643064770297e-18,7.315283657822675e-19,1.3891486862286266e-18,-3.633150944489852e-20,7.850218972337608e-20,1.1149003084060094e-18,9.23472879221574e-20,-4.528554403213076e-19
axial_m,-0.053500000000000006,0.028669702944522136,1.8110667208799458e-18,3.754628374258948e-19,1.671578656716751e-18,2.88593597807947e-21,3.282460120296445e-20,1.040875845763275e-18,5.617689700725177e-20,-2.3948934306549687e-19
axial_m,-0.0534,0.028691746898048116,1.475731177455179e-18,-4.942961976315577e-19,1.6040327927422804e-18,-1.442749872928392e-20,4.64919760378306e-20,1.2925426638904906e-18,6.0281735402471e-20,-3.1093531598482547e-19
axial_m,-0.05330000000000001,0.028713565310210885,1.5750452599245248e-18,-1.7800234565146112e-19,1.5104818033828532e-18,-2.0967754554503833e-20,5.1940903359602883e-20,1.3080221906750097e-18,3.912684407216889e-20,-4.375913463455004e-19
axial_m,-0.053200000000000004,0.028735157262362365,1.6906781422203308e-18,1.0295151850678844e-18,1.2843100305968453e-18,-4.8228170711957904e-20,1.0552160700505308e-19,9.682685562963461e-19,6.413717688156955e-20,-4.786797606004472e-19
axial_m,-0.05310000000000001,0.028756521837912486,1.3320051063958676e-18,1.4813225877213028e-18,1.6180662070842821e-18,2.6672711924492013e-21,2.505656027248884e-20,9.41166535320119e-19,2.4465759427505363e-20,-3.6359113537474376e-19
axial_m,-0.053000000000000005,0.02877765812235727,1.5349549784529962e-18,1.6098728023103905e-18,1.527732446817963e-18,-2.5902583810198857e-20,1.0482415283727041e-19,3.798012009638743e-19,-1.1987840098793687e-20,-1.1450236648787873e-19
axial_m,-0.0529,0.028798565203306946,1.6798664073034193e-18,1.2125824044827e-18,1.6847944111778126e-18,2.8564189401915007e-21,4.096781444834157e-20,7.757876131870712e-19,5.466266691920331e-20,-3.90197468639836e-19
axial_m,-0.05280000000000001,0.028819242170513956,1.6827641808663555e-18,5.438693459467193e-19,1.60996767105138e-18,-6.619162684806591e-21,2.944604177265859e-20,6.710143956755397e-19,4.1732873398487116e-21,-3.31429630923795e-19
axial_m,-0.05270000000000001,0.028839688115901204,1.72113496885437e-18,1.1167669823133705e-20,1.5920651178723739e-18,-3.432584438766263e-22,5.903249650176802e-20,3.5473103892360487e-19,2.256948990187148e-20,-8.348899100117026e-20
axial_m,-0.05260000000000001,0.028859902133590108,1.5388075196607552e-18,1.7470719614360774e-18,1.247688076132571e-18,-4.615902613761068e-20,1.1157509695379002e-19,2.0448579971258017e-18,1.231350419811547e-19,-3.759268196040147e-19
axial_m,-0.052500000000000005,0.028879883319928707,1.5348380227871806e-18,1.4588419968119467e-18,1.4038586475244406e-18,-3.224930777510653e-20,1.1489858973756341e-19,2.25264357449544e-18,1.69931260553286e-19,-6.052187076510722e-19
axial_m,-0.0524,0.028899630773519834,1.172314874359377e-18,1.8970107502304704e-18,1.4551390209092258e-18,-2.3420631993908032e-20,8.241347325359334e-20,8.088619406792291e-19,5.282896568095382e-20,-3.448502989753602e-19
axial_m,-0.052300000000000006,0.02891914359524928,1.1416307320776268e-18,1.466301964055002e-18,1.4332672363507786e-18,-1.4287422901995213e-20,6.635091201645877e-20,1.3906080085426064e-18,4.6524965696504025e-20,-2.077363939291035e-19
axial_m,-0.05220000000000001,0.028938420888313904,1.812155763813003e-18,4.698032430342325e-19,1.71581674069416e-18,8.678380909206777e-21,-2.9579166451817815e-20,7.412697784257534e-19,-1.4672647631965714e-21,-1.189142102260529e-19
axial_m,-0.05210000000000001,0.0289574617582498,2.0123509512106977e-18,1.5924420884589132e-19,1.7700891750521683e-18,1.412792786531643e-20,2.956955350056157e-20,8.808436336281086e-19,6.581478972850593e-20,-1.991765405754317e-19
axial_m,-0.052000000000000005,0.028976265312960447,1.6072765678580558e-18,1.0685538722194776e-18,1.487592608805771e-18,-4.246145703489001e-21,6.725945407725576e-20,1.0459260994100181e-18,1.0860312314052275e-20,-3.5942617199518977e-19
axial_m,-0.0519,0.028994830662744903,1.4933510893440008e-18,1.063481118605353e-18,1.5581972015542477e-18,-1.6857293667266452e-20,5.21108700643885e-20,1.0391868805368869e-18,9.645226024491272e-20,-3.0224011220595207e-19
axial_m,-0.051800000000000006,0.029013156920325942,1.4064031751535747e-18,4.904645047839687e-19,1.5215961152638772e-18,-3.499014639363434e-20,1.1434736071873563e-19,6.937720831867128e-19,1.0853623020203291e-19,-2.5927021427549027e-19
axial_m,-0.05170000000000001,0.029031243200878173,1.9578842509483154e-18,1.2978946350229745e-18,1.5484582007200534e-18,-1.0816099615351488e-20,6.159415132496483e-20,8.655853214308367e-19,1.761516729403823e-20,-1.9113035658669513e-19
axial_m,-0.05160000000000001,0.029049088622056296,1.5137870538818969e-18,4.137060032358522e-19,1.804993802492077e-18,8.196332462005037e-22,-4.30184537903925e-20,7.006814940155626e-19,-1.108684658966781e-20,-3.603883868290294e-20
axial_m,-0.051500000000000004,0.029066692304023194,1.2311737675471028e-18,2.3552957748851972e-18,1.4816573413210489e-18,-1.8689815778616976e-20,1.0503570657836963e-19,1.1356635909602408e-18,3.4276661816335055e-20,-4.562519091859916e-20
axial_m,-0.0514,0.0290840533694781,1.1812186478036887e-18,1.2380815971667435e-18,1.5493940576122e-18,-2.667965034397565e-20,7.99719181689449e-20,8.6283630130560195e-19,1.0523723169502137e-19,-4.337788164389796e-19
axial_m,-0.051300000000000005,0.02910117094368475,1.7088007351991958e-18,1.1540676598648085e-18,1.556540786175774e-18,-1.5018881208615744e-20,8.914916788333834e-20,9.983960748596407e-19,6.137686608525046e-20,-1.9826629594311238e-19
axial_m,-0.05120000000000001,0.029118044154499572,2.027765578838903e-18,1.757127851354293e-18,1.5602872851815606e-18,-7.824671673266864e-21,2.58810283711408e-20,1.0583982446509216e-18,5.2435050506178176e-20,-3.572172245085714e-20
axial_m,-0.051100000000000007,0.029134672132399782,1.677848977610006e-18,6.465166206307819e-19,1.4641103349147389e-18,-1.8740791768541046e-20,1.158247835605411e-20,2.64620301468835e-19,-2.732782665002481e-20,9.466821700257928e-20
axial_m,-0.051000000000000004,0.029151054010511518,1.455169047451519e-18,1.2574363012944252e-18,1.4518778444111363e-18,-2.1588790279925887e-20,1.5494591634949017e-19,1.9258458901312326e-18,1.238258370431727e-19,-7.256942998239014e-19
axial_m,-0.0509,0.029167188924638033,1.5453886969154508e-18,1.47195468138023e-18,1.733114062670236e-18,4.2692456584808405e-21,3.3274369074969285e-20,8.752917524526628e-19,9.1042285651923e-21,-3.363708062140583e-19
axial_m,-0.050800000000000005,0.029183076013287776,2.20829384834894e-18,7.455287305120327e-19,1.5386364676304256e-18,-1.590214303819898e-20,8.857891185185382e-20,1.776107832137842e-18,9.814038761201427e-20,-4.896281214365397e-19
axial_m,-0.05070000000000001,0.029198714417702453,1.8333646444974487e-18,8.204598250459609e-19,1.5927948213840306e-18,1.0933433330020702e-20,5.3263045884820075e-20,1.6864069908068854e-18,7.52708380609278e-20,-2.4607979595876e-19
axial_m,-0.050600000000000006,0.02921410328188524,1.439942627525429e-18,1.774198895990312e-18,1.7594497937608358e-18,-1.393763736597219e-21,5.600226081488786e-20,1.445638339952456e-18,1.3412198891627986e-19,-6.242428831605429e-19
axial_m,-0.0505,0.02922924175262879,2.0330533525247752e-18,8.971161668310894e-19,1.6534211950180597e-18,-1.5804613991240652e-20,8.521157821651191e-20,8.974835837646034e-19,1.9500192456027725e-22,-3.3404859520394834e-19
axial_m,-0.05040000000000001,0.029244128979543347,2.1242814188619328e-18,7.930035993514087e-20,1.5139076637565044e-18,-2.7164443899487823e-20,9.285074420409216e-20,8.382370727809099e-19,8.223678456566696e-20,-7.268015802201177e-20
axial_m,-0.050300000000000004,0.029258764115084792,1.9909587430721516e-18,-6.225582036554498e-19,1.554470075772799e-18,-1.0347984784419093e-20,3.731571263327406e-20,6.354483875353483e-19,-7.694587833926418e-21,1.4100254932825423e-19
axial_m,-0.05020000000000001,0.029273146314582735,1.5815475695573889e-18,2.7315759652931373e-18,1.736730876848325e-18,8.524256466197616e-21,2.3248347104280637e-20,1.0631168016936513e-18,4.035522872537836e-20,-4.352980024948465e-19
axial_m,-0.050100000000000006,0.029287274736268507,2.06329551998228e-18,3.758852568664697e-19,1.5178063875495582e-18,-2.783015893784174e-20,8.006359352240601e-20,1.1551012481205045e-18,7.009306899360462e-20,-6.305439472533604e-19
axial_m,-0.05,0.029301148541303175,1.260393847940635e-18,6.267433029539787e-19,1.529738967695708e-18,-1.889363286904434e-20,7.818978130101736e-20,9.685553205887414e-19,6.07695606785782e-20,-3.7536363749932926e-20
axial_m,-0.04990000000000001,0.029314766893805595,1.3474574475792082e-18,1.6885262747642724e-18,1.6208701390639017e-18,-7.922734738382235e-21,6.783826083589011e-20,1.4057991618137833e-18,3.829547571126369e-20,-3.74791211824649e-19
axial_m,-0.049800000000000004,0.029328128960880356,1.440825910793998e-18,5.142979021922787e-19,1.3476799832669189e-18,-4.8116566455281483e-20,9.630696705110018e-20,1.1728694873218722e-18,5.983605984172941e-20,-2.2685924238904344e-19
axial_m,-0.04970000000000001,0.02934123391264573,1.8114943536541533e-18,7.604824531296586e-19,1.850059723590275e-18,1.9947974831240293e-20,-6.007374370739687e-20,8.159383697597929e-20,-5.2264467080481896e-20,-5.3441725204161495e-20
axial_m,-0.049600000000000005,0.029354080922261678,1.7871668657594188e-18,-6.104116007409924e-19,1.546145477445948e-18,-2.0037774831700222e-20,1.0749729707413413e-19,1.1426595383116866e-18,1.2337463752270616e-19,-2.2012835586480984e-19
axial_m,-0.0495,0.02936666916595771,1.7256826434465657e-18,1.5348394486686428e-18,1.5291002712143507e-18,-2.1988264742774463e-20,6.551230324103674e-20,1.5919259602816244e-18,8.026900371239125e-20,-2.2044775384107275e-19
axial_m,-0.049400000000000006,0.02937899782306083,2.045859275343152e-18,-1.1458557776816307e-18,1.7348528174441425e-18,-7.048449643578036e-21,4.6226240881865803e-20,1.3817599582060228e-18,7.06729392798817e-20,-3.6426291331208766e-19
axial_m,-0.04930000000000001,0.029391066076023358,1.7814319597284715e-18,2.6667473376471738e-20,1.7261149020846558e-18,-1.4854545862710003e-20,3.6457020629927435e-20,5.337101787003654e-19,3.624332032038786e-20,-3.22250846557194e-19
axial_m,-0.04920000000000001,0.02940287311045086,1.919254038052028e-18,4.3214044467658914e-19,1.5472209462166e-18,-3.8568020747165106e-20,1.2166524170288254e-19,9.161765100894122e-19,1.081694576940852e-19,-4.478748717358017e-19
axial_m,-0.049100000000000005,0.029414418115129896,1.7895986053154315e-18,7.273071240904193e-19,1.770669910154011e-18,6.199193603983009e-21,4.8152739138684336e-20,1.0819291749894949e-18,-2.1339371602167206e-21,-1.3375780039525265e-19
axial_m,-0.049,0.029425700282055878,1.1039170689243253e-18,1.6432005189545378e-18,1.7487247468967926e-18,-1.481669255475106e-21,5.416083022571315e-20,8.598045958535612e-19,6.958135844800011e-20,-1.7384806534083947e-19
axial_m,-0.048900000000000006,0.0294367188064608,1.4859057934314209e-18,1.3279466339492391e-18,1.4434921474079858e-18,-1.5969857513717106e-20,5.754428773581044e-20,7.333808683066727e-19,-1.1796172038386768e-20,-9.324814622968662e-20
axial_m,-0.04880000000000001,0.029447472886841044,1.8616827260130774e-18,-3.7681209051378086e-19,1.7279136110428378e-18,1.933873653491864e-21,3.3921453729648684e-20,7.868028624329257e-19,9.292866308307367e-21,-2.1681930202065758e-19
axial_m,-0.04870000000000001,0.029457961724985007,1.5240104207034969e-18,1.292526176812713e-18,1.582630590422787e-18,-1.691438425707628e-20,1.979804658912162e-20,1.1275104606921537e-18,9.311117227519674e-20,-3.667429571697356e-19
axial_m,-0.048600000000000004,0.029468184526000852,1.658368341127075e-18,3.2523696702908965e-19,1.7468796569672593e-18,4.5811916863307524e-21,-5.8672808111825e-22,6.272100243831926e-19,4.840261045509958e-20,-4.003671969629194e-19
axial_m,-0.0485,0.029478140498344137,1.7926519565644485e-18,1.656657216312197e-18,1.6546380008881054e-18,-2.1323198341286915e-20,7.868646731842046e-20,1.901624652654131e-18,1.0061707724190568e-19,-5.063339301101067e-19
axial_m,-0.048400000000000006,0.029487828853845436,2.153323269740811e-18,1.7779577781940572e-19,1.785952925228984e-18,-8.118094904008519e-22,-3.978204747630286e-20,8.564114197982223e-20,-6.108376110755566e-20,-5.621429122126175e-20
axial_m,-0.04830000000000001,0.029497248807737908,1.3940879449935638e-18,9.27633933252135e-19,1.6672822439894045e-18,-1.8484909972483338e-20,5.0231576695370457e-20,1.4727934922036542e-18,6.34412331103856e-20,-2.312104821948671e-19
axial_m,-0.04820000000000001,0.029506399578684922,1.361537887078113e-18,1.892413915418098e-18,1.788486596685423e-18,-7.113764262938038e-21,4.5951759227735446e-20,1.101036382691787e-18,3.188617251187518e-20,-2.7667562136545516e-19
axial_m,-0.048100000000000004,0.02951528038880744,9.141191399353992e-19,1.608416487818509e-18,1.7124536656348487e-18,2.210801851794386e-21,7.402036576191461e-20,1.128108536265123e-18,2.6644272650495252e-20,-5.836795425025871e-19
axial_m,-0.048,0.02952389046371164,1.4089870011573822e-18,1.2408992213639166e-18,1.504907273873574e-18,-1.358675798714329e-20,2.3072589823705792e-20,9.908418990426632e-19,4.0626267002211784e-20,-1.0325963488088167e-19
axial_m,-0.047900000000000005,0.029532229032516226,1.669562918845603e-18,1.0781155212359728e-18,1.6300813253508614e-18,-1.3033666598179222e-20,7.803387306018188e-20,1.1360124043415334e-18,8.398846794055034e-20,-2.8813120777232027e-19
axial_m,-0.04780000000000001,0.029540295327879912,1.7444523648800984e-18,2.7079929870459687e-19,1.6680751015052677e-18,-1.8260569789467136e-20,1.130587277580949e-19,1.284960273831253e-18,9.332134695902381e-20,-3.093028950047654e-19
axial_m,-0.047700000000000006,0.02954808858602878,1.8044507210234608e-18,2.3189386453889505e-20,1.7381735815159736e-18,-8.192156701158216e-21,3.8585987663449515e-20,1.3104789633376106e-18,8.598533128113632e-20,-4.1887316608561026e-19
axial_m,-0.0476,0.02955560804678357,2.014880646024807e-18,1.1350290487274482e-18,1.5234711482820304e-18,8.042916146362792e-22,7.646107435918642e-20,1.2994870430400616e-18,9.858810519034833e-20,-3.627214456035773e-19
axial_m,-0.0475,0.02956285295358695,1.820376100365752e-18,1.0871201883018789e-18,1.4655179174768737e-18,-2.747887798422647e-20,1.3154382650017807e-19,1.686886061948481e-18,1.398736031977567e-19,-4.87991279490744e-19
axial_m,-0.047400000000000005,0.029569822553530793,1.3850394766836306e-18,2.259297513390219e-18,1.9486529183959213e-18,3.926620032077563e-20,-6.262215861393066e-20,4.175227851031646e-19,-1.6720959478394828e-21,-6.705718284933703e-20
axial_m,-0.04730000000000001,0.029576516097383352,1.5455809930752358e-18,6.489217192646642e-19,1.5272966821037663e-18,-8.977462415243469e-21,5.0849258353666824e-20,9.520337126311269e-19,5.310478274473662e-20,-3.6105504987425356e-19
axial_m,-0.047200000000000006,0.029582932839616372,1.411093361776108e-18,1.8269609606208076e-18,1.5195370963679216e-18,-3.604858958395211e-20,9.114585049344906e-20,1.0344936727821241e-18,5.2465209881448024e-20,-3.4758192263020285e-19
axial_m,-0.0471,0.029589072038432238,1.3478405576185058e-18,1.0054861213959453e-18,1.6883053134423353e-18,1.2326927572514355e-20,5.042491022602631e-20,1.4101594036287691e-18,9.363035351597279e-20,-4.1211692750777545e-19
axial_m,-0.04700000000000001,0.029594932955791006,1.973535330889492e-18,1.349988732949579e-18,1.7927370120231648e-18,-2.0756740148469176e-21,4.133147923126233e-20,8.060005167577292e-19,4.3363378095114673e-20,-4.51286629168749e-19
axial_m,-0.046900000000000004,0.029600514857437386,1.6613288237784132e-18,1.595692291706778e-18,1.6194845188925063e-18,-2.7529144611005136e-22,5.948652834815219e-21,1.0292579535046803e-18,5.44101937676668e-20,-2.1534280520354273e-19
axial_m,-0.04680000000000001,0.02960581701292776,1.528060065887271e-18,1.781543963760102e-19,1.4891772608375125e-18,-1.147613395497403e-20,8.517350726237745e-21,4.552885178243358e-19,3.52391189432551e-20,-3.3286833992430325e-21
axial_m,-0.046700000000000005,0.029610838695657005,1.878723120088733e-18,-3.9951704278833237e-19,1.9671728535505648e-18,1.7921019808439342e-20,-1.3969127070768098e-20,1.0474441549896325e-18,5.425436503207442e-20,-3.480904471645857e-19
axial_m,-0.0466,0.029615579182885383,1.48780274183297e-18,-1.6623770422202738e-19,1.4907024558260706e-18,-4.4407614002006564e-20,4.4144572358724064e-20,9.849578369161086e-19,1.499149357492101e-19,-3.4431314368455593e-19
axial_m,-0.04650000000000001,0.029620037755765365,1.354684484928101e-18,1.3186308447260778e-19,1.5364241481764287e-18,-2.8245768119287683e-20,1.3487250175146938e-19,2.238333592212265e-18,2.1396205796016306e-19,-6.214379665662294e-19
axial_m,-0.04640000000000001,0.02962421369936836,9.17012821194475e-19,1.3904646517531506e-18,1.3790807001521814e-18,-5.109009116691843e-20,9.103821108068946e-20,1.9761582978032937e-18,9.81084936602009e-20,-5.976250625140634e-19
axial_m,-0.04630000000000001,0.029628106302711364,1.837375666683413e-18,1.3526265957275596e-18,1.6039350187928585e-18,-2.796398699835385e-20,7.166788453985827e-20,3.008183759177201e-19,-5.436333224666784e-20,-3.3331008997432786e-21
axial_m,-0.046200000000000005,0.029631714858783676,1.841833834142104e-18,8.99457543265631e-19,1.7278210626990306e-18,-5.6844554420701594e-21,1.9462646407643643e-20,8.699163576138926e-19,3.1060568069912523e-20,-6.766722473491928e-20
axial_m,-0.0461,0.029635038664573413,1.1553523336566785e-18,2.707226507098233e-18,1.39204577437127e-18,-8.331202798084564e-21,4.960545488497336e-20,5.43127372029267e-19,2.3186771836076925e-21,-1.3815780448476175e-19
axial_m,-0.046000000000000006,0.029638077021094056,1.9282704838043094e-18,1.81834440624103e-19,1.5749378480231208e-18,-2.4552143714411405e-20,7.043455800973236e-20,6.262471217608221e-19,2.5235292624005893e-20,-7.630471600638041e-20
axial_m,-0.04590000000000001,0.029640829233410913,1.761196128995052e-18,4.461865079446477e-19,1.6882621276795104e-18,-1.3826697041103016e-20,5.85984178835511e-20,1.7462573082602126e-18,9.544972475413564e-20,-2.490851244192679e-19
axial_m,-0.04580000000000001,0.029643294610667496,1.1305732409988622e-18,2.4261805651944694e-18,1.6466911782029218e-18,-7.732961292089194e-22,5.479030315060429e-20,9.532021785921686e-19,3.504930842010511e-20,-1.740406274939746e-20
axial_m,-0.045700000000000005,0.02964547246611196,1.6169760241958619e-18,-1.632266277157291e-20,1.9783816930015396e-18,2.4439058246206808e-20,-1.779577755201783e-20,4.519217340789559e-19,-4.950940685907285e-20,-1.9450693871764268e-20
axial_m,-0.0456,0.02964736211712322,1.8608403224019283e-18,1.509560033187344e-18,1.7086511352823399e-18,-1.0766399388435401e-21,6.083246847327516e-20,6.472866883922157e-19,1.0775336324003689e-20,-1.4897258913159537e-19
axial_m,-0.045500000000000006,0.029648962885237308,1.0354535079150409e-18,2.6446348091015724e-18,1.7230429849821152e-18,9.815792504664654e-21,2.88599718159835e-20,1.0070581658847682e-18,-1.3717357212680376e-20,-9.115608882686001e-20
axial_m,-0.04540000000000001,0.029650274096173476,1.3610824901159787e-18,1.2953073687641204e-18,1.6910678564236599e-18,-9.73203570998945e-21,5.408024222908651e-20,1.6009056739938236e-18,8.019465371195361e-20,-1.9293227726133486e-19
axial_m,-0.04530000000000001,0.029651295079860262,1.5636925203464168e-18,5.398433430037312e-19,1.6330729414907666e-18,-9.420431449135111e-21,3.496229365658285e-20,4.750238293369262e-19,4.8509186478208113e-20,-3.419017415165949e-19
axial_m,-0.045200000000000004,0.029652025170461546,1.5823224472567518e-18,8.349926049953877e-19,1.6081404911801066e-18,-1.1579741158535712e-20,1.2476892432772463e-19,6.926369891980795e-19,5.1817672170140815e-20,-1.8013562447572954e-19
axial_m,-0.0451,0.029652463706402475,1.4226875013855632e-18,7.247644878615422e-19,1.7480565963608726e-18,4.6916137718247785e-21,-8.888571301149497e-21,2.319883979738972e-19,-1.7197909059633265e-20,-1.470612911914938e-19
axial_m,-0.045000000000000005,0.029652610030395415,1.5868663443601302e-18,1.1969125697047297e-18,1.8782586058809493e-18,-5.9536960285221156e-21,6.019577248645236e-20,4.987312196906932e-19,2.4589865118958645e-20,-2.3246441203134997e-19
axial_m,-0.04490000000000001,0.029652463489465666,2.0077058796756577e-18,4.991923476966251e-19,1.662629581166906e-18,2.2519930974345205e-21,6.231257076677676e-20,1.5559911659411142e-18,5.3153866760827515e-20,-1.8960542499005645e-19
axial_m,-0.044800000000000006,0.029652023434977276,1.7952293093553165e-18,2.0420313954372844e-18,1.6359543987166256e-18,-9.167763096335962e-21,7.948879361990839e-20,9.201959090231566e-19,8.506189793506124e-20,-3.215048684045872e-19
axial_m,-0.044700000000000004,0.029651289222658708,1.8561814665080948e-18,-7.986682179887502e-19,1.8674828316856344e-18,3.452404833217529e-20,-4.6188150670760704e-20,4.548083963863948e-19,-1.8369848766201008e-21,-4.3655682043658837e-20
axial_m,-0.0446,0.02965026021262843,1.5955286535221204e-18,5.162574866687558e-19,1.796123635396668e-18,-1.9056322450478844e-22,7.633334628978462e-21,-1.8883623087486788e-20,-6.250925774109949e-20,1.201718792678098e-19
axial_m,-0.044500000000000005,0.029648935769420445,1.5310096326118266e-18,2.4299434106907285e-18,1.5651011439468209e-18,-2.062226828522569e-20,1.0324415475634618e-19,1.582376565864764e-18,5.802156596514987e-20,-3.646779450473631e-19
axial_m,-0.04440000000000001,0.029647315262009775,1.2075568877478109e-18,8.971021912190659e-19,1.5180407588603357e-18,-2.7127864800407683e-20,4.0836982109553445e-20,1.1204660642394715e-18,5.29123774186152e-20,-1.9031262064012128e-19
axial_m,-0.044300000000000006,0.02964539806383779,1.7210569049828684e-18,1.5818508574494481e-18,1.7865320869354453e-18,-2.4296240128311573e-21,8.538246940383536e-21,8.204917478122541e-19,5.277778038097649e-20,-3.9679362157963596e-19
axial_m,-0.0442,0.029643183552837547,1.1885565974869394e-18,1.28986200242282e-18,1.6545525513895443e-18,-2.6333686789174758e-20,8.843698552320172e-20,1.13774587474599e-18,8.275763282030484e-20,-4.684489016823634e-19
axial_m,-0.0441,0.02964067111145899,2.0364857401359564e-18,7.827023642836311e-19,1.6399215425453164e-18,5.20140884594345e-21,2.347234666428924e-20,6.416148885437343e-19,-3.842402727281093e-21,-1.988015385761036e-19
axial_m,-0.044000000000000004,0.02963786012669411,1.9455965616414903e-18,-2.3725394085597904e-19,1.5186572884051396e-18,-3.117575910836282e-20,1.2264197957689663e-19,1.6375216515202036e-18,1.1071964153628414e-19,-4.305583672387626e-19
axial_m,-0.04390000000000001,0.029634749990102023,2.043526111813097e-18,5.327471329568963e-19,1.7076663483047656e-18,3.04113723970415e-21,7.627275722569438e-20,1.792215688757853e-18,9.3231905507251e-20,-3.884194284466544e-19
axial_m,-0.043800000000000006,0.02963134009783394,1.6223375243472641e-18,8.779132615261453e-19,1.6903327532565383e-18,-2.2260531485491513e-21,1.4091713441141813e-20,1.1895164039590952e-18,8.978895783686991e-20,-2.3496184359410574e-19
axial_m,-0.0437,0.029627629850658064,1.7958862692124296e-18,9.335254075568891e-19,1.4459862048094687e-18,-1.3453021924066757e-20,1.137750346511354e-19,1.3856875078148993e-18,1.2232041444561839e-19,-4.858451904587746e-19
axial_m,-0.04360000000000001,0.029623618653984416,1.8643778263360575e-18,1.1649454938566126e-18,1.6443854330383225e-18,-2.6210623486726138e-20,8.572306652119547e-20,1.0678857621782977e-18,1.2631323531300258e-19,-3.5836059131827264e-19
axial_m,-0.043500000000000004,0.02961930591788961,2.1019385850455762e-18,5.063753606807091e-19,1.6283902940579255e-18,-2.832769783714346e-20,5.801726262510531e-20,1.3624505480047647e-18,5.3951657922787164e-20,-2.80699513011099e-19
axial_m,-0.04340000000000001,0.02961469105714139,1.759866025302444e-18,2.4575542596659446e-18,1.5086810532221996e-18,-2.8393789883824215e-20,1.0157456215599701e-19,2.381659147352391e-18,1.8712250761251088e-19,-6.437460082030334e-19
axial_m,-0.043300000000000005,0.02960977349122335,1.0917239770237359e-18,1.8298223719969245e-18,1.367806496990661e-18,-4.2590985833517227e-20,1.141807594061229e-19,1.0491090485471745e-18,4.21754113450643e-20,-4.543998977431588e-19
axial_m,-0.0432,0.029604552644359305,8.698906168633172e-19,2.4179264328675185e-18,1.303318271594831e-18,-3.5744296944091393e-20,1.7456119010974832e-19,1.4225286840343733e-18,1.668537591687252e-19,-5.120840843211751e-19
axial_m,-0.043100000000000006,0.02959902794553772,1.4762759791332221e-18,1.6247933754247345e-19,1.5720668228227374e-18,-1.2375300912154367e-20,4.686531237849464e-21,1.116511579918619e-18,7.178039999584259e-20,-4.1062625811686646e-19
axial_m,-0.04300000000000001,0.029593198828536005,1.8643152133846918e-18,-4.933687630007509e-19,1.7781495201744735e-18,-5.420405262746079e-21,3.336979367943077e-20,6.051642706190036e-19,2.174110083193128e-20,-1.3755919926616971e-19
axial_m,-0.04290000000000001,0.029587064731944702,2.0410499459291775e-18,-4.936992300823619e-19,1.4904987780608581e-18,-1.455152308116784e-20,-1.3468900498010554e-20,9.64936329083764e-19,6.165211798212901e-20,-1.8243042650793714e-19
axial_m,-0.042800000000000005,0.029580625099191665,1.967999869015656e-18,-6.616369151546722e-19,1.8588017495144977e-18,9.187701319836737e-21,-3.669748948128109e-20,-1.8299963209594431e-19,-2.0339584702506562e-20,3.7626759027788216e-20
axial_m,-0.0427,0.029573879378566027,2.2938429185901176e-18,7.763248822482905e-19,1.8643099163356695e-18,3.883831002330101e-21,3.3873593586825826e-20,1.251912395447607e-18,9.581765334749143e-20,-2.805354615202907e-19
axial_m,-0.042600000000000006,0.029566827023242166,1.7319409618550695e-18,2.3225998384148608e-18,1.672369730511803e-18,-8.433812496895098e-23,1.8843468928744064e-20,1.337133923283529e-18,2.5813666462391584e-20,-3.4630019914925935e-19
axial_m,-0.04250000000000001,0.02955946749130355,1.8725977581304695e-18,-6.316085501880718e-19,1.711193823011873e-18,-8.470434871133783e-21,-3.0381888201346582e-21,7.567973225075344e-19,5.084443908634777e-20,-7.520686178136341e-20
axial_m,-0.04240000000000001,0.02955180024576642,9.297878662587394e-19,3.744654101330189e-18,1.7043065198881101e-18,1.0412457325201121e-21,1.8219402389106794e-20,8.0747992767888165e-19,1.0473479718053751e-22,-1.2614978921120947e-19
axial_m,-0.042300000000000004,0.029543824754603574,1.088241946433723e-18,1.1238759029120972e-18,1.715047677701432e-18,4.393592124961599e-21,1.897587208404692e-20,1.6554168947274652e-18,8.145461569770088e-20,-2.8476337879927144e-19
axial_m,-0.0422,0.029535540490767745,1.7698826360230946e-18,-4.098878448392626e-19,1.6627601043717281e-18,-1.3812570845972992e-20,6.406038729973767e-20,1.2486926352741393e-18,6.235069963267214e-20,-3.516747692173491e-19
axial_m,-0.042100000000000005,0.02952694693221518,1.782293307923573e-18,8.064829118807071e-19,1.493803199224006e-18,-2.7692783518142817e-20,1.1781219943220433e-19,1.2309313749672974e-18,1.2559976983534144e-19,-4.042945112945947e-19
axial_m,-0.04200000000000001,0.029518043561928973,1.9606198997125438e-18,1.7061687264379678e-18,1.5887052506067777e-18,-1.1109147776398055e-20,7.847932330923148e-20,1.733794850655947e-18,1.3763057265668454e-19,-4.252208547160834e-19
axial_m,-0.04190000000000001,0.02950882986794228,2.157021452318969e-18,-8.924833831567656e-19,1.7744966079409607e-18,-1.741276494170892e-20,-2.3345837629422547e-20,-1.2544448499718725e-20,2.833926373760282e-20,-1.1448343442509835e-20
axial_m,-0.041800000000000004,0.029499305343361475,1.766797157287189e-18,9.315057904816298e-19,1.6518491709460608e-18,1.4366449797944643e-21,2.6778736951598724e-21,2.686569314815033e-19,2.317424517760466e-20,-2.1219955309190944e-19
axial_m,-0.0417,0.029489469486389246,1.838743365864917e-18,-3.592597017173325e-19,1.6698277070839668e-18,5.099562060113636e-22,-1.6047365812782647e-20,1.9892371348176222e-19,-1.0315447137819588e-20,1.2834212965093825e-21
axial_m,-0.041600000000000005,0.02947932180034751,1.765833114484454e-18,2.2460249198666005e-19,1.860841549520246e-18,3.8291334137875816e-21,1.8893518628457197e-20,4.478074800846597e-19,4.1340232063443176e-21,-2.9297902189691914e-19
axial_m,-0.04150000000000001,0.029468861793700223,2.024270776569669e-18,-1.2943603219857273e-18,1.720059500753897e-18,1.4216034781161046e-20,1.854470369605304e-21,1.7079513569983965e-19,-6.0382525698581105e-21,-1.1502889373555873e-19
axial_m,-0.041400000000000006,0.029458088980076173,1.4763996301819434e-18,1.0172743597567088e-18,1.5089058840458853e-18,-1.8472300382814662e-20,6.414240462424328e-20,1.5070336142956778e-18,1.0253135424391222e-19,-5.766539903480775e-19
axial_m,-0.0413,0.029447002878291596,1.6527233671916641e-18,-4.8436275705903975e-20,1.4992970874870912e-18,-2.1533328364521447e-20,3.215867242459596e-20,4.900652156316809e-19,8.522735282609351e-21,1.2927700704408645e-19
axial_m,-0.0412,0.029435603012372646,1.2970229909555388e-18,2.1535997054180062e-18,1.4464739083211241e-18,-3.016530160438822e-20,6.216067837425799e-20,1.1903546986698387e-18,5.646893144627681e-20,-2.0988561141728515e-19
axial_m,-0.041100000000000005,0.0294238889115779,1.6897070128037277e-18,6.338538988840782e-19,1.648702917359501e-18,-6.895485230788088e-21,3.4872850808393257e-20,9.206028001773658e-19,7.837109281499594e-20,-2.4095864324410343e-19
axial_m,-0.04100000000000001,0.02941186011042057,1.2010740469202839e-18,2.347234239259405e-18,1.5842171473500346e-18,-2.5318106283737914e-20,7.407309138528026e-20,1.853947744296313e-18,1.1561725539863505e-19,-5.00607955305711e-19
axial_m,-0.040900000000000006,0.029399516148690772,1.4199477279808505e-18,8.641811993195692e-19,1.5514508915596018e-18,-1.369208276862299e-20,3.960132386802432e-20,6.38407138754585e-19,-2.7193214288543406e-20,-1.4265769010780202e-19
axial_m,-0.0408,0.02938685657147756,1.8224047160609575e-18,-8.344618209374611e-20,1.6783313481316705e-18,8.279078759053033e-21,-2.0941506349981218e-20,4.181106465203467e-19,-4.6001648685408357e-20,-5.591602586553272e-20
axial_m,-0.0407,0.02937388092919091,2.0302987086630393e-18,9.770667373386358e-19,1.7169093570316783e-18,-1.4689181446890086e-20,6.836686627095575e-20,1.3927006926144983e-18,4.4500267581809697e-20,-3.2121478825595182e-19
axial_m,-0.040600000000000004,0.029360588777583588,1.531568148385631e-18,7.033354863440356e-19,1.5771212439181936e-18,-2.816882587893667e-20,9.876116778661675e-20,8.020397481315251e-19,8.456830015498135e-20,-5.6716667357305365e-19
axial_m,-0.04050000000000001,0.02934697967777288,1.5706624541045188e-18,2.076652267288092e-18,1.609505929945595e-18,-1.3850066629592133e-20,2.3946868441909675e-20,8.884661081260103e-19,-1.4066356111695088e-20,-6.097692656857304e-20
axial_m,-0.040400000000000005,0.029333053196262227,1.983999586003195e-18,1.163178016060429e-18,1.8703879076514432e-18,1.2277178053350563e-20,1.7421827691708942e-20,5.082092054075564e-19,-1.9506407302778328e-20,-1.0520610960328424e-20
axial_m,-0.0403,0.029318808904962718,1.4663857849923744e-18,4.127848111984555e-19,1.6831222245857465e-18,-6.46355792737833e-21,2.1862556120959165e-20,2.72938320537452e-19,-8.953449600668452e-20,9.481750867209158e-20
axial_m,-0.04020000000000001,0.02930424638121451,1.3641825387503899e-18,1.6066066383695615e-18,1.5991698542899638e-18,-1.1902321263996207e-21,8.075180749203887e-20,1.2865965623951352e-18,2.961729266977791e-20,-4.410990998738503e-20
axial_m,-0.040100000000000004,0.02928936520780808,7.563092189321071e-19,1.705038966372379e-18,1.5909501428112002e-18,-3.460597440369409e-20,9.793004992620015e-20,1.7124855677471836e-18,1.6001540025912278e-19,-2.8994566630207284e-19
axial_m,-0.04000000000000001,0.029274164973005414,1.3167429956721391e-18,1.656965204099004e-18,1.4567810204015763e-18,-1.9761032481856977e-20,1.0320900479055701e-19,4.98570814168153e-19,2.472397930534107e-20,-2.0670000673589954e-19
axial_m,-0.039900000000000005,0.029258645270560987,1.925098323133846e-18,4.761764445448636e-19,1.7631939116709592e-18,1.9374427515266204e-20,-2.586591994424029e-20,4.936058140706331e-19,2.0080079806261907e-20,-6.414069666477276e-20
axial_m,-0.0398,0.029242805699742712,1.4364213933105672e-18,1.396667456927286e-18,1.356664089737575e-18,-2.839208134264072e-20,7.231855580583481e-20,1.5771764817059565e-18,1.0286409691046574e-19,-3.227971257584333e-19
axial_m,-0.039700000000000006,0.029226645865352757,1.3766634801599815e-18,2.247145482568168e-18,1.5899861418247137e-18,-6.518301268763066e-21,5.684501079183691e-20,1.44810969503231e-18,9.446988647144714e-20,-4.62553024866705e-19
axial_m,-0.03960000000000001,0.029210165377748176,1.6522624154333399e-18,1.0483567287359842e-18,1.7446836891529223e-18,-9.713928072058369e-22,1.829489870987506e-20,7.178716547416453e-19,3.5167266936250104e-20,-7.949430014046916e-20
axial_m,-0.03950000000000001,0.02919336385286144,1.8064610207815716e-18,1.0356605232936495e-18,1.5925543404798842e-18,-2.312222302945756e-20,1.0391899088306205e-19,2.9542422684763534e-19,3.3243223998307933e-20,-2.854537585149197e-20
axial_m,-0.039400000000000004,0.02917624091222092,1.6913423567945133e-18,4.278471633729284e-20,1.6244271831409664e-18,-1.839904745637871e-21,4.060246325414441e-20,4.944722752706438e-19,2.8476189404556333e-20,-3.1284303049107586e-19
axial_m,-0.0393,0.029158796182971115,1.7024998255874197e-18,-1.722497622862205e-19,1.6225888805190993e-18,-1.0865522724154377e-20,4.7004285618897347e-20,4.986813142634016e-20,3.2694406449439026e-20,1.5193742825376658e-20
axial_m,-0.039200000000000006,0.029141029297892838,1.4128295048610202e-18,1.5720009816426057e-18,1.5480856085351313e-18,-1.6071625835654232e-20,4.7378688162448655e-20,1.221329239404164e-18,9.001325000508675e-20,-2.670341659531046e-19
axial_m,-0.03910000000000001,0.029122939895423326,1.556482630150871e-18,2.54582121064369e-18,1.4786634597701586e-18,-2.596301710466562e-20,7.299952251769338e-20,9.475123311382668e-19,4.1073808064198103e-20,-3.624434284365103e-19
axial_m,-0.03900000000000001,0.029104527619676003,1.6376800380273567e-18,2.4470621938993836e-19,1.698060102060743e-18,-2.1134667109055343e-21,5.012614029006206e-20,6.012894116126797e-19,-6.543731126244416e-20,-1.6123075923088498e-19
axial_m,-0.038900000000000004,0.029085792120460387,1.4871693818150215e-18,6.772106835719318e-19,1.6106901170410208e-18,-1.9536738077652432e-20,2.380912310429599e-20,2.0733970527013372e-19,3.4449099341437896e-20,-2.276984594738739e-19
axial_m,-0.0388,0.029066733053301715,1.6303168192834127e-18,1.891565894817343e-19,1.802506162409589e-18,1.4201953282752656e-20,-4.2923507636984586e-20,-4.869073600193858e-19,-7.603122995276873e-20,1.0448560209535613e-20
axial_m,-0.038700000000000005,0.029047350079460407,1.767203383313379e-18,-2.346681292440561e-19,1.6683343902695227e-18,-1.4562334835634087e-20,9.747945773418314e-20,1.2520176068608653e-18,5.764432624346498e-20,-4.2037058227319766e-19
axial_m,-0.0386,0.029027642865951518,1.733145549857922e-18,1.4618491978303514e-19,1.7001341779311475e-18,7.950599664703988e-21,2.290633390684942e-20,6.198674476074128e-19,5.1447736313494215e-20,-3.9018245765581613e-19
axial_m,-0.038500000000000006,0.029007611085563958,1.879867562797511e-18,1.0822396515490741e-18,1.8023907275387323e-18,-1.0542176993297207e-21,1.843704294271077e-20,-1.2489410441728367e-19,-7.048924326590877e-20,-1.8328883034228892e-19
axial_m,-0.038400000000000004,0.028987254416879576,1.3574279795111788e-18,1.9204279372206184e-18,1.631657003116892e-18,-1.546811911038924e-20,7.501300006221912e-20,5.480975192609726e-19,-2.259027151055578e-20,-3.661097211190799e-20
axial_m,-0.03830000000000001,0.02896657254429226,1.8735564050683156e-18,-1.126027828841191e-18,1.7388474646903404e-18,-4.32936678868763e-21,2.0220436309290478e-20,1.7514514040019128e-19,-2.5956190207784044e-20,-2.5945517337072963e-19
axial_m,-0.038200000000000005,0.028945565158026598,1.5525791736591775e-18,1.9199601338672236e-18,1.8015464729557447e-18,1.6460303700338633e-20,-5.653997044794282e-20,-3.389688359901404e-20,-2.0258209048315247e-20,-1.440111361479308e-19
axial_m,-0.0381,0.02892423195415677,1.5398296954879689e-18,2.947005016939403e-19,1.6936971103696907e-18,5.288867524194524e-21,3.2652088984188746e-20,1.174451933613067e-18,2.9477369729442384e-20,-2.1741872791879896e-19
axial_m,-0.038000000000000006,0.02890257263462502,1.8953686877433907e-18,8.546754930310745e-19,1.583997912182764e-18,-1.5704315077731126e-20,4.8969596415565914e-20,4.342920431049829e-19,-9.629493555868316e-21,-6.958815744083003e-20
axial_m,-0.0379,0.028880586907260086,1.7784732488809667e-18,3.9711307713405563e-19,1.7250593757850235e-18,3.636284027138058e-21,-6.167755398858268e-20,9.515830911492363e-19,6.922478699056142e-20,-8.74051858876395e-20
axial_m,-0.03780000000000001,0.028858274485795532,1.417795879115868e-18,8.027648459956783e-19,1.4918667663703173e-18,-2.2969804876775837e-20,6.607221557721245e-20,1.5718859921742346e-18,1.3894528532470456e-19,-4.980555409452929e-19
axial_m,-0.037700000000000004,0.028835635089887898,1.6092450008243066e-18,-1.6487149775471115e-20,1.5143261686768316e-18,-1.838493899858016e-20,4.113936116413458e-20,1.0737912276128357e-18,6.032395010710485e-20,-3.6346108590359443e-19
axial_m,-0.03760000000000001,0.028812668445134665,1.74337674442904e-18,2.031763401176716e-18,1.6570322788682699e-18,-1.7313158478899635e-20,9.858865252322736e-20,9.884213003154255e-19,6.060127659214316e-20,-3.609999933332092e-19
axial_m,-0.037500000000000006,0.028789374283092146,1.4552002090388898e-18,9.604018345025335e-19,1.6398841578319956e-18,-1.8155850155329575e-20,3.403563834927032e-20,1.6718612672663614e-18,9.744107947701391e-20,-3.0740599045329128e-19
axial_m,-0.0374,0.028765752341293256,1.2095253125374453e-18,1.4739595883404792e-18,1.5386665725938194e-18,-3.5915438324428015e-20,1.0232124424714602e-19,1.6006020742718372e-18,1.2456508777178573e-19,-4.550202794821151e-19
axial_m,-0.03730000000000001,0.028741802363265002,1.5147583145801344e-18,2.5291819838588777e-18,1.4585681477842902e-18,-2.013212508934982e-20,1.126584107429243e-19,1.743200660540641e-18,1.0642198952395967e-19,-3.584445171058949e-19
axial_m,-0.037200000000000004,0.02871752409854599,1.7719885221352176e-18,2.1765610977003043e-18,1.869415640446809e-18,1.888491398110269e-20,3.16691125685341e-20,1.387457964941655e-18,1.3656505074801094e-19,-6.5461781177402315e-19
axial_m,-0.03710000000000001,0.02869291730270368,1.4955146988243807e-18,7.48595838456965e-19,1.6235455230299964e-18,-6.0779332908455044e-21,1.7674018993661615e-20,1.0506915073576878e-18,8.357941307958753e-20,-3.6477918288267365e-19
axial_m,-0.037000000000000005,0.028667981737351564,1.673630388196579e-18,1.4010001245892999e-18,1.7980797047108463e-18,4.2749150288474494e-21,7.6857433236846e-20,1.3619898395453537e-18,1.0863803772661386e-19,-6.903710255218698e-19
axial_m,-0.0369,0.02864271717016605,1.5710843988893874e-18,5.389316122068797e-19,1.4240339474291349e-18,-2.793401254162599e-20,5.471195759956293e-20,1.2298165724407441e-18,9.508111947490553e-20,-2.4962274553548833e-19
axial_m,-0.036800000000000006,0.028617123374903485,1.764886799948156e-18,7.527644674178627e-20,1.6961062908904902e-18,-8.47819369610343e-21,-1.453174719157253e-21,1.4110942826200339e-18,1.6484984615757241e-19,-6.046747399422343e-19
axial_m,-0.0367,0.028591200131416687,1.7421248451658997e-18,3.718657206901819e-19,1.612745360566651e-18,-9.715215771974317e-21,2.289946262258495e-20,1.4746976038005734e-18,9.494448043480304e-20,-4.271897727474339e-19
axial_m,-0.03660000000000001,0.028564947225671582,1.7325392184405921e-18,8.546935814881632e-19,1.780875388480388e-18,1.6204623447898765e-20,6.5878619304857995e-21,4.578321677391903e-19,-3.6593828880721955e-20,-2.410558924697685e-19
axial_m,-0.036500000000000005,0.02853836444976356,1.5275258831533904e-18,6.695795875096771e-19,1.5715434992679627e-18,-1.2548139918202731e-20,1.0151330070329425e-19,1.1463716407046878e-20,-8.476491278851652e-21,-1.3296477972781552e-19
axial_m,-0.0364,0.028511451601933746,2.2911295808623103e-18,2.1330313062981935e-19,1.5015725672797654e-18,-1.8417427543428157e-20,1.0583703878587396e-19,8.632923870771527e-19,1.085556062247054e-19,-3.4299485953674254e-19
axial_m,-0.036300000000000006,0.028484208486585047,1.6574581903048245e-18,1.1603120723327836e-18,1.780526018264199e-18,1.684108901186611e-20,1.0186782441685823e-20,1.994855547091364e-18,1.3871131289606612e-19,-5.147545538701373e-19
axial_m,-0.0362,0.02845663491429812,1.165885647227727e-18,9.754963515791534e-19,1.8178275256163725e-18,1.1945090522713885e-20,-4.0458885599510313e-20,7.954132099685127e-19,2.481562283647799e-20,-1.8394783508945014e-19
axial_m,-0.03610000000000001,0.028428730701847166,2.1406223013051262e-18,2.9354284481627397e-19,1.6918459925130745e-18,1.39514219132854e-20,-3.5924566908620914e-20,2.1420691740372837e-19,-7.66380235552956e-20,6.550398208561773e-20
axial_m,-0.036000000000000004,0.02840049567221548,1.5817605316000123e-18,6.870788934316592e-19,1.7730180192609324e-18,7.223065922727963e-21,2.099435574134491e-20,9.075393466330018e-19,4.260657730195319e-20,-9.84419476501109e-20
axial_m,-0.03590000000000001,0.02837192965461102,1.8711973780005592e-18,2.1366926233007716e-19,1.7577745755984666e-18,1.3015457660266434e-20,-4.012006620326225e-20,5.141326534444825e-19,-7.03141457709447e-20,-9.507877650568843e-21
axial_m,-0.035800000000000005,0.028343032484481643,1.7191825585481736e-18,5.37921229038595e-19,1.5911784163522666e-18,-6.41390036465092e-21,5.684281301838305e-20,3.8813444970183126e-19,9.430065687232571e-21,-5.89979325945557e-20
axial_m,-0.0357,0.028313804003530316,1.6799546415578229e-18,-1.0104767410033061e-18,1.490692789216452e-18,-1.8077746373338754e-20,3.092471208444786e-20,7.874442130431747e-19,1.0034374654987302e-19,-2.9614034869464367e-19
axial_m,-0.03560000000000001,0.02828424405973006,8.858861212507058e-19,2.273952721733827e-18,1.4928318213573572e-18,-1.455063931205944e-20,1.8026724107932874e-20,7.107713297550314e-19,-2.1912625332971785e-20,-3.884359634418471e-20
axial_m,-0.035500000000000004,0.028254352507338824,1.8219890882215013e-18,-4.617153814683794e-20,1.5582489816241199e-18,-2.1409191732980105e-21,4.605205391750754e-20,8.755417634315137e-19,-2.6062238144094863e-20,-7.959986395733054e-20
axial_m,-0.03540000000000001,0.028224129206914122,1.211222774264018e-18,1.553327414596633e-18,1.4449660612722477e-18,-3.3258236310415646e-20,1.1263733752798188e-19,1.4530037505733565e-18,1.944567370508891e-19,-4.2029332429366686e-19
axial_m,-0.035300000000000005,0.02819357402532761,1.5304638195780274e-18,1.3511207252460364e-18,1.446231921579515e-18,-2.582401195689547e-20,6.32614887238915e-20,3.937239602245614e-19,3.134426226484601e-20,-1.9501688037650386e-19
axial_m,-0.0352,0.028162686835779358,1.6382465068155582e-18,1.5564714966877025e-18,1.722001775043305e-18,1.9390468860027307e-20,2.7255828890956016e-20,5.86659417296853e-19,1.9127499591112917e-20,1.3232325535205141e-19
axial_m,-0.035100000000000006,0.028131467517812134,1.7338824030841693e-18,-1.7351815981094654e-19,1.682157930273892e-18,-6.96280435743876e-21,-2.2648711593255508e-20,1.0393997545568723e-18,6.668615751043534e-20,-3.8183526415889316e-19
axial_m,-0.035,0.028099915957325326,1.5072752120766693e-18,1.7524588336314138e-18,1.5693389480114847e-18,-1.0020063994974869e-20,9.917378790875793e-20,9.702593404006427e-19,3.106828684803553e-20,-2.0854862366035969e-19
axial_m,-0.03490000000000001,0.028068032046588923,1.2807272755162946e-18,1.003879649523516e-18,1.2777026178345807e-18,-4.711778795036168e-20,1.0230435807088572e-19,1.033111967845826e-18,8.665237837029163e-20,-4.0229818199193395e-19
axial_m,-0.034800000000000005,0.02803581568425709,1.351817285078903e-18,5.229825140783895e-19,1.4933340345091253e-18,1.911671687940848e-21,1.5674247666359758e-20,1.6833613822317722e-18,3.514020196467886e-20,-3.7110311211131634e-19
axial_m,-0.0347,0.028003266775381817,1.4006104199606713e-18,1.9280477680606248e-18,1.5357058672586285e-18,5.209521765336648e-21,7.416186787809527e-20,1.3158826328236026e-18,1.0121791190148996e-19,-4.165441263163537e-19
axial_m,-0.034600000000000006,0.027970385231426188,1.4200361799155869e-18,1.260413705600296e-19,1.6155006002780055e-18,3.7696571531911945e-21,3.2396620809321936e-20,9.021331983658434e-19,1.3508837145666892e-20,-1.6045331675178097e-20
axial_m,-0.0345,0.02793717097027765,1.9927156696192112e-18,6.801093076320911e-19,1.6338673104013705e-18,7.603525929940764e-21,1.0720596312716208e-21,-1.374752208883337e-19,-6.364208439892202e-20,3.7575268403937825e-21
axial_m,-0.03440000000000001,0.02790362391626099,1.3660333459795283e-18,1.7075125617860866e-18,1.5457786959511923e-18,-1.1599097693183156e-20,7.116701282407947e-20,1.3620172138694741e-18,6.659343522853635e-20,-3.2888623459336857e-19
axial_m,-0.034300000000000004,0.027869744000151256,1.8565360764053385e-18,1.551458088176998e-19,1.4831316686474684e-18,-1.7660026825242585e-20,8.58526526976641e-20,7.263612149332249e-19,3.5001853206953326e-20,-4.029615134338882e-19
axial_m,-0.03420000000000001,0.027835531159186404,1.4804744965555988e-18,3.77091179762083e-19,1.5040034933482881e-18,-9.361705146563255e-21,1.0120129738814941e-19,1.068743940648384e-18,3.045432138537381e-20,-4.066026775995475e-19
axial_m,-0.034100000000000005,0.027800985337079833,1.4390102756142154e-18,2.8170225255581267e-19,1.5045803583042774e-18,-9.443185851312376e-21,5.057918322350734e-20,1.0285937598257242e-18,2.8497254575319176e-20,-3.5770352376666405e-20
axial_m,-0.034,0.02776610648403274,1.049330614417879e-18,1.23419661744026e-18,1.400271744031642e-18,-1.9228750950450944e-20,2.8639705236173905e-20,1.0847268138880678e-18,9.147372783246999e-20,-3.196244078661352e-19
axial_m,-0.033900000000000007,0.02773089455674632,1.755787245063888e-18,-1.1366954436066914e-19,1.756523747546639e-18,1.3135990768539865e-20,7.258409418595507e-21,3.5769054859940516e-19,-7.82635593946317e-21,-1.949506929412407e-19
axial_m,-0.033800000000000004,0.02769534951843373,1.1647572915182704e-18,8.77915721177149e-19,1.536925332179647e-18,-1.2236590224375073e-20,5.4207680125863316e-20,1.271341965716594e-18,8.718080666258975e-20,-2.5053725203741847e-19
axial_m,-0.03370000000000001,0.02765947133883197,1.595735117914264e-18,1.4825040544285003e-18,1.4189905944804698e-18,-1.5696813575192314e-20,4.230873271737031e-21,9.28526765852634e-19,3.1221337755301656e-21,-1.1537385237154005e-19
axial_m,-0.033600000000000005,0.02762325999421352,1.6653192295846185e-18,1.3641580463523493e-18,1.5534205224354913e-18,-1.5987512827238695e-20,6.282719094862685e-21,9.474508667681421e-19,1.009303773509584e-19,-1.4432933372417587e-19
axial_m,-0.0335,0.02758671546739784,1.766937618317727e-18,4.1409753876106484e-19,1.5722546905749422e-18,-1.5614377452564805e-20,1.0625106647918727e-19,1.1087645498689971e-18,4.0379583597141876e-20,-4.421922655689882e-19
axial_m,-0.033400000000000006,0.027549837747762693,1.8484036436102854e-18,5.830980338012012e-19,1.776046174754437e-18,2.206266842695838e-20,-1.3614115901461212e-20,1.6469981199281147e-18,1.996734879403575e-20,-3.407762655987163e-19
axial_m,-0.0333,0.0275126268312552,1.4404518656810076e-18,1.9396785959444537e-18,1.6511982064341238e-18,3.1701103563809338e-21,6.509522796914587e-20,9.91007687963025e-19,8.716206295941232e-20,-2.949796980545296e-19
axial_m,-0.03320000000000001,0.027475082720402957,1.7052636081403437e-18,9.188963493635877e-19,1.5867719147568158e-18,2.2802654177612017e-21,6.34339019395604e-20,8.86668790093199e-19,8.575054201968792e-20,-2.729533365736293e-19
axial_m,-0.033100000000000004,0.027437205424324672,1.5568989402249654e-18,8.324299147659523e-19,1.3831301939005924e-18,-3.093371074410491e-20,8.948459738872918e-20,3.3361747975185212e-19,1.7848514253035327e-20,-1.0007216258955942e-19
axial_m,-0.033,0.02739899495874085,1.4705798776739046e-18,2.500599345674781e-18,1.7215059686636927e-18,6.512551731870684e-21,8.550022524487741e-20,9.659302918321845e-19,1.0604001805030271e-19,-5.055091820625301e-19
axial_m,-0.032900000000000006,0.027360451345984176,1.6791206169134066e-18,8.81453511671262e-19,1.2754453615550819e-18,-3.828067830348596e-20,9.63097407346611e-20,6.152112561944955e-19,9.956012813850356e-21,-1.066446392631943e-19
axial_m,-0.0328,0.027321574615009843,1.5278760493048425e-18,4.757391182094589e-19,1.3265082257543203e-18,-2.7083338083971695e-20,6.647904542390038e-20,1.209634738761804e-18,8.596310173745e-20,-5.231634674525677e-19
axial_m,-0.03270000000000001,0.02728236480140549,1.7176323711744672e-18,5.258741109010788e-19,1.4740929249767126e-18,-1.005618789928027e-20,7.675858076243442e-21,1.220087532191558e-18,7.783988646172041e-20,-2.7624805608461917e-19
axial_m,-0.032600000000000004,0.02724282194740121,1.1954821972223654e-18,1.5668703933164586e-18,1.5721473836856965e-18,-7.460512479719589e-21,5.547057490080835e-20,2.696531200982198e-19,3.980213457217486e-20,-2.985149598819286e-19
axial_m,-0.03250000000000001,0.027202946101879205,1.5447049708289872e-18,1.743970058625493e-18,1.6668566079440888e-18,1.759474410985058e-21,8.326708127824811e-20,3.901450145289306e-19,4.3027343472636454e-20,-1.1273156177811204e-19
axial_m,-0.032400000000000005,0.027162737320383337,1.4841656035724283e-18,1.6087711163248168e-18,1.4339819410326255e-18,-7.044103386079182e-21,7.903238037935499e-20,7.100099825230218e-19,2.6950229709902278e-20,-3.1032177057105107e-19
axial_m,-0.0323,0.02712219566512841,1.4065994966713472e-18,1.3054572241572395e-18,1.5525414005780848e-18,1.1307384356274821e-20,-1.65779812564369e-20,1.0388042755013265e-18,1.9751169786298774e-20,-8.251850157219301e-20
axial_m,-0.032200000000000006,0.02708132120500942,1.393104942431528e-18,1.8424808746084858e-19,1.2911428380202338e-18,-2.7088289760210282e-20,7.763966778547622e-21,1.4915943605719898e-19,-4.0300040397740256e-20,-9.546270717507046e-20
axial_m,-0.032100000000000004,0.027040114015610482,1.0346506103692088e-18,1.7661807446713232e-18,1.3908180595172931e-18,-9.217229903928859e-21,2.918532705976579e-20,1.2902924596239328e-18,3.3653255059710306e-21,-2.6947550876343693e-19
axial_m,-0.03200000000000001,0.026998574179213627,9.121341048254596e-19,1.5951862868511607e-18,1.513797679117128e-18,-1.6857667104909347e-20,1.166274204833083e-20,8.204679088708521e-19,9.954954184332625e-20,-2.500048152145727e-19
axial_m,-0.031900000000000005,0.0269567017848074,1.6635595081732855e-18,9.347575512405379e-19,1.7072139938227875e-18,1.3246286338870457e-20,-5.807995850339821e-20,1.0162728715594638e-18,3.605572706375444e-20,-2.986268002865699e-19
axial_m,-0.0318,0.02691449692809531,1.3876695105229989e-18,1.1332517016656525e-19,1.5710143370533766e-18,-1.1364590817370375e-20,2.453626228634714e-20,5.7769203306491665e-19,5.983939711795421e-20,-2.769023029608707e-19
axial_m,-0.031700000000000006,0.02687195971150408,1.2496015887110376e-18,1.507532068057818e-18,1.2882050643278005e-18,-3.816297718432717e-20,9.369354621327592e-20,5.337590934705673e-19,5.3331625554432414e-20,-1.96526706086198e-19
axial_m,-0.0316,0.026829090244191632,1.1432646494469457e-18,1.2747809625066085e-18,1.3768419955562546e-18,-1.7606542362538614e-20,8.431725280143957e-20,6.931438622155934e-19,3.9680903008983675e-20,-2.833989053605268e-19
axial_m,-0.03150000000000001,0.026785888642055045,1.265161446193305e-18,2.2178999477203678e-18,1.3019852687335974e-18,-7.899512469636207e-21,1.0446140505733736e-20,1.0896807942899e-18,5.652578996788365e-20,-2.3886300955090335e-19
axial_m,-0.031400000000000004,0.026742355027738147,1.455187219361093e-18,1.1395025131578114e-18,1.4343985376890435e-18,-1.5350541248378273e-20,1.9791172954107147e-20,1.4877821990687613e-18,8.067969259227811e-20,-4.926605375070154e-19
axial_m,-0.0313,0.02669848953063906,1.9484601832874313e-18,6.449155111230209e-19,1.5957794961594203e-18,5.274824580501264e-21,-4.0135652414118426e-20,1.0149244557691712e-18,3.3837845187388984e-20,3.3265846216650047e-20
axial_m,-0.031200000000000006,0.02665429228691747,1.5310841997429138e-18,8.708737998846794e-19,1.4996881587315955e-18,-8.308653736555342e-21,3.030497481741798e-20,7.247100416434958e-19,2.6650416475430975e-20,-6.477704153092123e-20
axial_m,-0.031100000000000003,0.026609763439501735,1.3053160526910848e-18,1.071944566027689e-18,1.5296849401444686e-18,-1.2374628973826906e-20,2.2951408034918792e-20,6.514682468737029e-21,-5.972029539295612e-20,-5.035179949934221e-20
axial_m,-0.031000000000000007,0.026564903138095872,1.8764775573287524e-18,7.268449364285161e-19,1.5696486724130378e-18,1.511167317657046e-20,2.119509928000424e-20,9.153581254445123e-19,-2.148473167334149e-20,-1.1017538471877007e-19
axial_m,-0.030900000000000004,0.026519711539186183,1.3434876096066398e-18,3.94672775450372e-20,1.4421365072631415e-18,-3.6935238037077967e-20,9.553957950196196e-20,8.147234210651418e-19,5.773139167421274e-20,-1.9759254752414518e-19
axial_m,-0.030800000000000008,0.02647418880604789,1.5542047341074312e-18,1.9641185637481275e-19,1.4405361551081287e-18,-1.1120665618028431e-20,4.628352665838042e-21,4.341701197323394e-19,-3.0936517331643293e-20,-2.3886407308412664e-20
axial_m,-0.030700000000000005,0.026428335108751422,1.2504573449064967e-18,1.8529396694219652e-18,1.4144255876468162e-18,-8.52765707179554e-21,1.8742858984009855e-20,7.777433919745731e-19,7.510462720231602e-21,-1.0324797940028566e-19
axial_m,-0.030600000000000002,0.026382150624168606,1.0722937183968416e-18,6.337351059578278e-19,1.45401039354734e-18,-1.1759426947176633e-20,4.925770289408914e-20,6.824461072365712e-19,4.3230156853442224e-20,-1.0519140195114743e-19
axial_m,-0.030500000000000006,0.026335635535978626,1.1555039539598126e-18,8.111365014558201e-19,1.570116306083628e-18,4.141371559068562e-21,7.541704285646646e-20,1.2747683289305006e-18,7.836125183640414e-20,-4.3143355380629667e-19
axial_m,-0.030400000000000003,0.026288790034673767,1.4570259545896698e-18,1.3534387524395422e-18,1.5369604825161081e-18,3.2553537967531963e-21,-1.3984743794843166e-20,7.047123865532435e-19,-5.301519634743862e-20,-2.1935655593190653e-19
axial_m,-0.030300000000000007,0.026241614317565068,1.5159267883953326e-18,7.017547534947759e-19,1.46771958892182e-18,-1.0287361828219778e-20,8.654905464910032e-20,1.113909578298063e-18,1.683523501712589e-19,-5.215669305290437e-19
axial_m,-0.030200000000000005,0.0261941085887876,1.5031725600770792e-18,3.9049358960630906e-19,1.2787327097964959e-18,-3.48012606007293e-20,1.352842295536048e-19,8.587317607584045e-19,1.0326196844601635e-19,-2.2725760399968533e-19
axial_m,-0.030100000000000002,0.02614627305930576,2.0006253495541064e-18,-8.418484089574545e-19,1.4964932577162752e-18,-8.702566653939091e-21,5.592905135949822e-20,2.180994861166326e-19,-3.7329684232154555e-20,-1.0049978783952697e-19
axial_m,-0.030000000000000006,0.026098107946918192,1.1427092326620004e-18,1.2497234438335063e-18,1.3958891044429835e-18,-6.795715270332363e-21,3.074570717768299e-20,1.976932986196594e-18,1.1915453095514808e-19,-4.91866358632834e-19
axial_m,-0.029900000000000003,0.02604961347626266,1.394320323200562e-18,1.886399607481737e-18,1.3971439832536788e-18,-1.934564768909823e-20,3.8171506003792334e-20,1.5379544030576827e-18,7.378097989654312e-20,-3.378505383413827e-19
axial_m,-0.029800000000000007,0.02600078987882057,1.710002250329209e-18,-4.1948762443054646e-19,1.4094695623455686e-18,-1.9725545127817265e-20,4.9194871853721573e-20,1.1727682133468675e-19,-3.779069418260719e-20,1.0470123985658421e-19
axial_m,-0.029700000000000004,0.02595163739292144,1.6381971181863903e-18,1.2436689401497627e-20,1.4215960761744453e-18,-4.788710728539772e-21,1.5510829641623694e-20,7.72495552715727e-19,5.0574725177680646e-20,-3.6334829460984953e-19
axial_m,-0.0296,0.025902156263747096,1.2203457842596573e-18,9.522223320704009e-19,1.6047938431343697e-18,1.1030882986748851e-20,-2.946254642426774e-20,5.362568262284715e-20,-2.028815305243538e-20,4.403428916509752e-20
axial_m,-0.029500000000000005,0.02585234674333571,1.2513673938713516e-18,2.909981354553051e-19,1.3605480070276144e-18,-1.143138846566484e-20,3.339963839812852e-20,4.1367742734556932e-19,2.7550708391691184e-20,-6.913762373604592e-20
axial_m,-0.029400000000000003,0.025802209090585553,1.5695579866710795e-18,4.414494607070909e-19,1.3838948226687616e-18,-6.449396528041728e-21,4.095788003056967e-20,1.3490031949942065e-18,8.493894363372302e-20,-3.085990140895727e-19
axial_m,-0.029300000000000007,0.025751743571258697,1.2212255768402477e-18,6.288794571334604e-19,1.1953540190472237e-18,-3.6861131332025634e-20,9.691663927441788e-20,5.098623313492945e-19,4.5678120759570314e-20,-2.1226245134800906e-19
axial_m,-0.029200000000000004,0.025700950457984376,1.4555346240645149e-18,5.612086276893425e-19,1.4553609103254987e-18,-3.972203013801499e-21,5.0189374100990905e-20,7.099409076841027e-19,1.2147070618656565e-20,-1.969570416694059e-19
axial_m,-0.029100000000000008,0.025649830030262253,1.5519366178081884e-18,1.5229067175239325e-18,1.5251813010747516e-18,8.121310431450286e-21,1.1345037033356518e-20,6.280996133192677e-19,1.4511325444779545e-20,-1.0739023961473252e-19
axial_m,-0.029000000000000005,0.025598382574465398,1.3527964958792214e-18,1.6662690137808793e-19,1.6829107625075188e-18,1.9246709605130392e-20,3.260375188499898e-20,7.942559783044767e-19,3.0522758881248373e-20,-1.5983021163873567e-19
axial_m,-0.028900000000000002,0.025546608383843178,1.6340462366853837e-18,4.586464539514783e-19,1.2310622737030903e-18,-2.6349111109217552e-20,1.1992448894853814e-19,1.2355241883934315e-18,1.4806969421623008e-19,-3.6556794370001016e-19
axial_m,-0.028800000000000006,0.02549450775852381,1.4176713897112285e-18,7.5973841626208295e-19,1.4672126673321152e-18,1.7914268964980893e-20,-3.734510138972381e-20,5.451754016936607e-19,-1.0679071832669133e-20,-1.5563866192382078e-19
axial_m,-0.028700000000000003,0.025442081005516856,1.8821925315596078e-18,-8.146102937676922e-20,1.4761657377275584e-18,-3.445928490047567e-21,4.0458117221604155e-20,2.0482115683796581e-19,6.019735975447049e-20,-4.050293146354177e-20
axial_m,-0.028600000000000007,0.02538932843871539,1.3794009727194499e-18,8.890919717389788e-20,1.3635745452857633e-18,-5.722868446455172e-21,4.709457990524352e-20,9.391456935105957e-19,8.47922172230201e-20,-1.9452866576561946e-19
axial_m,-0.028500000000000004,0.025336250378898053,1.3779105804277476e-18,2.032395433880829e-19,1.272365036635257e-18,-1.481866781132908e-20,6.000329791117863e-20,3.95961701329775e-19,3.390714450244881e-21,-7.778587060148207e-20
axial_m,-0.0284,0.025282847153730872,1.235525615921125e-18,5.407557137358683e-19,1.4379429213269908e-18,-4.910914049449292e-21,5.79847728940637e-20,7.424588915120667e-19,6.501365652665765e-20,-2.173434292300149e-19
axial_m,-0.028300000000000006,0.02522911909776888,1.1456283598236685e-18,1.5216140518546574e-18,1.5483918903796683e-18,1.787973772619613e-21,3.9508074945462054e-20,8.980870567529776e-19,1.1640465862630144e-20,-2.348187886267258e-19
axial_m,-0.028200000000000003,0.02517506655245752,1.4940330618399326e-18,4.928030186843205e-19,1.4253067193116682e-18,2.606695416440626e-21,5.2595988777213755e-20,2.1459996422286763e-19,-2.7897592296302626e-20,-1.8371334475862125e-19
axial_m,-0.028100000000000007,0.025120689866133878,1.2123853442021789e-18,4.182998672135813e-20,1.5331346962025156e-18,-2.0125623372882497e-23,2.6386795398773127e-20,2.6856232332980844e-19,7.396186508056036e-20,-3.9002739045739e-20
axial_m,-0.028000000000000004,0.02506598939402773,1.6699746580433554e-18,1.9148257088771227e-19,1.3000917103445485e-18,-1.762137008726379e-20,6.199743527852408e-20,8.693326926648547e-19,1.1310155781723135e-19,-2.9289546106000627e-19
axial_m,-0.0279,0.02501096549826224,1.100836052791277e-18,2.2170209043364747e-18,1.3989767124937144e-18,-4.0496187098917195e-21,1.16476975951251e-20,3.6100823476004034e-19,-2.0956838298149043e-20,-1.1747531370625325e-19
axial_m,-0.027800000000000005,0.024955618547854733,1.340636245242896e-18,3.3029228545307893e-19,1.3725570449507757e-18,-1.1120180528834342e-20,4.0473457230207816e-20,1.597112250596124e-18,6.306168319627078e-20,-4.1461849173134504e-19
axial_m,-0.027700000000000002,0.024899948918716934,1.2650662605474122e-18,5.640155758197786e-19,1.3838329032394592e-18,-2.0239497610545915e-20,5.7018374709917e-20,2.654244308821718e-19,3.0781615388697265e-21,-2.789515330471536e-20
axial_m,-0.027600000000000006,0.024843956993655297,1.0873882022976377e-18,1.9554553155207388e-18,1.33244634575678e-18,-1.2404848814531106e-20,9.659489808836219e-20,1.3650142671795836e-18,6.996601248015511e-20,-4.401672753321348e-19
axial_m,-0.027500000000000004,0.024787643162370934,1.6520869388036862e-18,5.4905239864046485e-19,1.256943453188356e-18,-3.195065169543737e-20,1.0056606869733541e-19,1.622032875864256e-18,1.0362058209061214e-19,-4.465081903324654e-19
axial_m,-0.027400000000000008,0.024731007821459403,1.6853439344261438e-18,2.548114213707928e-19,1.3936784526139438e-18,-4.147884552704375e-21,-2.257600807326925e-20,-2.0912790771232075e-19,-2.720796852492991e-20,5.612608678124314e-20
axial_m,-0.027300000000000005,0.024674051374410352,1.6071778419754672e-18,1.0159427805776015e-18,1.4683825517762136e-18,7.870730652692805e-21,1.0218689951344594e-20,3.6530098619659358e-19,1.5162362751380984e-20,-1.6679647766728364e-19
axial_m,-0.027200000000000002,0.024616774231606818,1.3940275721112057e-18,3.5675841672206673e-19,1.3490415785746533e-18,-1.1078245548416659e-20,1.6296805168652602e-20,-1.2449872250945345e-19,-7.710865921590239e-20,-3.636999393927101e-20
axial_m,-0.027100000000000006,0.024559176810324507,1.6693709782217506e-18,9.818363844384981e-19,1.4717380212873612e-18,8.955003661297031e-21,-1.7220322786688987e-20,7.248280103657109e-19,-4.593997764743401e-21,-1.6137872451854212e-19
axial_m,-0.027000000000000003,0.024501259534730653,1.170087079731832e-18,7.281727660670049e-19,1.3906382128642384e-18,1.372426415876498e-21,3.3940048861337644e-20,3.572458970651924e-19,2.857895705760319e-20,-1.0579744589027163e-19
axial_m,-0.026900000000000007,0.02444302283588287,1.6871488825008765e-18,4.108645889067475e-19,1.1790311962346685e-18,-2.716310409292682e-20,8.761725840752921e-20,8.113819474275914e-19,6.065430804541107e-20,-3.217247417147232e-19
axial_m,-0.026800000000000004,0.02438446715172767,1.2641078738565475e-18,1.4118448491046639e-18,1.227862526995486e-18,-2.1181909552717516e-20,1.8203018285232292e-20,4.03520959342965e-19,2.489831081924463e-20,-1.1684484589907405e-21
axial_m,-0.0267,0.024325592927098832,1.5751643510590886e-18,2.83427369837965e-19,1.4586332453134883e-18,7.204713896883915e-21,5.05123828416836e-20,3.468437720734056e-19,2.5125832214293344e-20,-2.0127420375810103e-19
axial_m,-0.026600000000000006,0.024266400613715537,1.0608060652115732e-18,1.978886286555783e-18,1.2433833700438734e-18,-2.3575808764675437e-20,5.709690695894589e-20,9.46813071903798e-19,7.824221074661853e-20,-1.860539918439284e-19
axial_m,-0.026500000000000003,0.024206890670180337,1.0283870921448631e-18,8.116189236149215e-19,1.0325632846468567e-18,-4.698619355509202e-20,1.3518021196111622e-19,1.1825115439505185e-18,1.1147648461883425e-19,-2.8049356019770394e-19
axial_m,-0.026400000000000007,0.024147063561976847,1.3967961228640745e-18,7.0023323627447765e-19,1.2194352245622458e-18,-2.6140605286605273e-20,8.653731569367197e-20,5.744038289036185e-19,2.087561104102215e-20,-9.507726461529576e-20
axial_m,-0.026300000000000004,0.024086919761467283,1.5488317831489867e-18,1.2592103423576943e-18,1.4254312332615107e-18,-4.1291307967023375e-21,1.0649770933804095e-19,1.1490021726769552e-18,3.29890188922644e-20,-3.806755953215399e-19
axial_m,-0.026200000000000008,0.02402645974788982,1.0877929009226331e-18,4.916249360192851e-19,1.4154249914222456e-18,-5.7568435217986604e-21,4.5795606150514046e-20,5.700419627169181e-19,4.32587715414147e-21,-1.7241589834600807e-19
axial_m,-0.026100000000000005,0.023965684007355662,1.3812191135459707e-18,2.87668884213945e-19,1.4202339525919777e-18,5.620688039454739e-21,5.074641842968793e-20,1.6790653434914022e-18,9.79495132512835e-20,-5.325035187726473e-19
axial_m,-0.026000000000000002,0.023904593032845974,1.5825098165930554e-18,8.785219257659548e-19,1.2554272948294796e-18,-1.4695434575804083e-20,1.0286408190677934e-19,2.1003109645098727e-18,1.2985039128343975e-19,-5.932217759587478e-19
axial_m,-0.025900000000000006,0.02384318732420854,1.2307388762960457e-18,5.53786194060991e-19,1.282226479283682e-18,-1.7630833378986183e-20,4.616432866798101e-20,1.1241724010705796e-18,1.0434156648173495e-19,-2.0433572617088373e-19
axial_m,-0.025800000000000003,0.023781467388154297,1.4145845892530714e-18,7.065902186866747e-19,1.2510626049392383e-18,-1.1139980909523838e-20,4.8540442931774716e-20,3.2519733240813145e-19,-1.933278493545671e-20,-2.0538208460818902e-19
axial_m,-0.025700000000000008,0.02371943373825359,1.1667437438132676e-18,1.960540969732654e-18,1.1537312740617539e-18,-1.7890744729262106e-20,1.0236913037469399e-19,6.616773693635245e-19,4.3501195715016217e-20,-2.0803824149191161e-19
axial_m,-0.025600000000000005,0.023657086894932264,1.4877400123699685e-18,-3.559392250037502e-19,1.3533089211485566e-18,-3.7065075418541527e-22,1.7768506229755434e-20,1.3160881589334768e-20,-4.2543591273659496e-20,-3.779214870172107e-20
axial_m,-0.025500000000000002,0.023594427385467482,1.5619673495452597e-18,-5.091697204795192e-19,1.2345395752461438e-18,-2.1093600624402057e-20,3.4275183526670096e-20,6.634783800224263e-19,5.220676148681589e-20,-1.1415222292811014e-19
axial_m,-0.025400000000000006,0.023531455743983472,1.253158140854676e-18,1.400074497388772e-18,1.2474025595541492e-18,-7.138659095416448e-22,6.276795687190785e-20,1.4697113755028653e-18,7.310423962759007e-20,-3.376010875268078e-19
axial_m,-0.025300000000000003,0.02346817251144689,1.3784216373295772e-18,1.0361784865444354e-18,1.2483441371430961e-18,-3.042746112428387e-20,7.700303446188984e-20,7.852327208456805e-19,8.388413982712357e-20,-2.7871587615443993e-19
axial_m,-0.025200000000000007,0.023404578235662072,1.44733624507282e-18,7.654817443441942e-19,1.4770296828322422e-18,1.1793661814738029e-20,-2.0784381078285937e-21,8.944322810426235e-19,-7.667892091851138e-21,-3.5554357690800635e-19
axial_m,-0.025100000000000004,0.023340673471266112,1.6637469949296911e-18,5.89823500250274e-19,1.18046317212995e-18,-2.034029140478047e-20,5.633345264077686e-20,4.868654118688076e-19,5.700795032241533e-20,9.057818399780297e-21
axial_m,-0.025,0.02327645877972363,1.4337549866464847e-18,6.551961390504511e-19,1.2680176078207193e-18,-1.7388872593444123e-20,6.072249879319347e-20,1.0651314725503166e-18,9.069710508150597e-20,-2.705177625196651e-19
axial_m,-0.024900000000000005,0.02321193472932144,1.732104871898834e-18,1.116486154196176e-20,1.579510581768548e-18,2.454354743410063e-20,-5.58879758307743e-20,-1.3924206170593186e-19,-6.319556893507636e-20,9.047944794260734e-20
axial_m,-0.024800000000000003,0.023147101895162885,1.3061589734392995e-18,1.3673547921761809e-18,1.467435950597166e-18,1.4265056367413946e-20,-1.5021344224519118e-20,9.164979201247142e-19,1.0274168021405938e-19,-1.7139816777005427e-19
axial_m,-0.024700000000000007,0.023081960859162094,1.293205317837414e-18,1.0461471521375372e-18,1.1536470844922757e-18,-3.0217448168958847e-20,7.513771223268869e-20,1.9160061088161864e-19,5.680343322652608e-20,-7.600702808756888e-20
axial_m,-0.024600000000000004,0.023016512210037945,1.44904705238466e-18,6.826901021277537e-19,1.4439136176958714e-18,1.9551485077908586e-20,2.5327251230663274e-20,9.62412021668234e-19,6.796895876198024e-20,-3.16402059097549e-19
axial_m,-0.024500000000000008,0.022950756543307825,1.1921870006446142e-18,4.497476759484687e-19,1.2363637545858603e-18,2.1034413439767313e-22,-3.143547059673123e-20,7.870752534606822e-19,-2.6555871119163306e-20,-7.502927965435307e-20
axial_m,-0.024400000000000005,0.02288469446128122,1.1760492705782571e-18,1.1159593172371637e-18,1.4062753031481333e-18,8.778510145673081e-21,1.2313982786061699e-20,1.035111083633514e-18,5.096626908392752e-20,-2.4884946209317664e-19
axial_m,-0.024300000000000002,0.02281832657305308,1.2997308501709807e-18,1.046609691134235e-18,1.2677083669510205e-18,4.807251227287697e-21,-3.5675789231862667e-20,2.967845097402819e-20,-3.4255370023135747e-20,5.543906247652033e-21
axial_m,-0.024200000000000006,0.022751653494496933,1.4268380611187398e-18,6.753517558748391e-19,1.3093267224254908e-18,5.0535032751675314e-21,2.652473531358707e-20,6.77919226762929e-19,7.053971625081136e-20,-1.6343312031788e-19
axial_m,-0.024100000000000003,0.022684675848257875,1.6256947616018291e-18,6.101841467791672e-19,1.2634118116012246e-18,-1.5798685680281442e-20,8.81740308136e-20,6.700567857913016e-19,7.42209151859214e-20,-3.037420531186015e-19
axial_m,-0.024000000000000007,0.022617394263745243,1.2723774074618664e-18,1.5845532363630127e-19,1.4304272570700776e-18,4.032198517921646e-21,-3.639220842794644e-20,5.211492832434558e-19,3.004721872032565e-20,-1.5938065959284145e-19
axial_m,-0.023900000000000005,0.022549809377125175,1.1787403658520998e-18,7.536318673563517e-19,1.1388445999918178e-18,-1.5911967758977956e-20,6.676854161186146e-20,1.0462846693500181e-18,1.1194867431226924e-19,-4.057957915884023e-19
axial_m,-0.0238,0.022481921831312944,1.011987596919266e-18,-5.130814423880088e-19,1.320896742320775e-18,-4.96470159127721e-21,1.5482911992319578e-20,5.257585228825313e-19,3.582996712490839e-20,-3.3811293736458606e-20
axial_m,-0.023700000000000006,0.022413732275965,1.4060501607516194e-18,2.4795234112539754e-18,1.3429777006241696e-18,1.3825459281826587e-20,-4.4720541522948256e-21,3.9360100399734084e-19,-3.263307306610943e-20,-1.799913125492891e-19
axial_m,-0.023600000000000003,0.022345241367470896,1.6054295964355911e-18,4.527882429625201e-19,1.2851274211196998e-18,1.7832945025079784e-20,-2.5577641266651763e-21,1.1303985187319672e-18,2.1806395104689213e-20,-1.1459187201706194e-19
axial_m,-0.023500000000000007,0.022276449768944988,1.1110872173052464e-18,1.0824094387890203e-18,1.3156144108082838e-18,2.3727259760346104e-21,8.510612009372055e-21,3.830506298184865e-20,-9.25013839424699e-21,4.194553858747174e-20
axial_m,-0.023400000000000004,0.022207358150217883,1.3146205394508105e-18,2.1404244158578964e-19,1.5306857670654849e-18,2.654994335296275e-20,-5.1791751600119803e-20,2.0852870827825346e-20,-2.6494846473407126e-20,5.322254279657787e-21
axial_m,-0.0233,0.022137967187827734,1.3727875110204156e-18,8.80738836659144e-19,1.3964536138291063e-18,4.1636415671306236e-21,1.7279560619049648e-20,3.4932386883073745e-19,3.802255077477075e-20,-5.083961598596748e-20
axial_m,-0.023200000000000005,0.02206827756501127,1.5661718164860639e-18,-2.1818721671945364e-19,1.2603704956436183e-18,3.620281659503933e-21,-2.0357956403532362e-20,1.130537781962152e-19,-4.786045964912067e-20,4.1668823284647145e-20
axial_m,-0.023100000000000002,0.021998289971694642,1.2232470733201113e-18,1.0160785778568547e-18,1.2368161550401303e-18,-8.702811657392952e-21,4.85419518401642e-20,1.4225973784153216e-18,7.517511584934308e-20,-2.6304347877162416e-19
axial_m,-0.023000000000000007,0.021928005104484113,1.4055736215941066e-18,-3.6036742493822944e-19,1.351727825591375e-18,2.6164662222984644e-20,-5.577832104278165e-20,-3.624648874887995e-20,-5.376358027347143e-20,2.1795202838408927e-20
axial_m,-0.022900000000000004,0.02185742366665641,1.2622593725671147e-18,3.6496055560090123e-19,1.3350190926436564e-18,2.697740337559813e-21,1.2961505241709744e-20,7.22079063789335e-19,5.044046679936779e-20,-1.8380398655299623e-19
axial_m,-0.022800000000000008,0.021786546368149043,1.187006922417348e-18,3.1725751073507634e-19,1.2500448570572221e-18,-1.0266925417387466e-21,-2.4606633457654195e-20,-6.986859919599026e-20,6.726990663784516e-21,-5.1301787891330125e-20
axial_m,-0.022700000000000005,0.02171537392555022,1.170981383822871e-18,5.815971725813818e-19,1.1460794351959797e-18,-3.165940381177998e-21,4.7439117712657555e-20,1.0519878048404342e-18,1.1540844172448893e-20,-1.7960361445517218e-19
axial_m,-0.022600000000000002,0.021643907062088706,1.0386197905068298e-18,4.648885617229449e-19,1.0571139411164165e-18,-1.9207245567677133e-20,5.426855589489076e-20,5.578765958365072e-19,-1.748838871976013e-20,-1.445116696927914e-19
axial_m,-0.022500000000000006,0.021572146507623454,1.162009350645725e-18,9.530428123259457e-19,1.2175828375211653e-18,-2.0727628998880546e-21,7.564758482171424e-20,1.0057017613105439e-18,6.420282425987527e-20,-1.8445056505588824e-19
axial_m,-0.022400000000000003,0.021500092998632887,1.2722873572210833e-18,5.513654361620004e-19,1.195320189575789e-18,6.649276003074791e-21,4.270602564504619e-20,1.016034822830246e-18,2.7100657710228124e-20,-2.0579067297613612e-19
axial_m,-0.022300000000000007,0.021427747278204207,1.281160948104447e-18,6.582971312872263e-19,1.2694600894191706e-18,6.765664799167984e-21,1.891195152971308e-20,5.093061507881871e-19,-3.179428928538195e-21,-7.298855162880364e-21
axial_m,-0.022200000000000004,0.02135511009602224,6.945463745524059e-19,1.3920489134908722e-18,9.324594267558219e-19,-3.886873925593672e-20,1.1352173991045013e-19,8.844910597838774e-19,5.721197141883274e-20,-2.515445524409896e-19
axial_m,-0.0221,0.021282182208358334,1.0710570861190106e-18,1.02601542122519e-18,1.0508889197396338e-18,-2.6462398157843066e-20,8.042411834705223e-20,5.632650164844342e-19,3.2843695792438225e-20,-1.0342380231533218e-19
axial_m,-0.022000000000000006,0.021208964378058807,1.242026978494378e-18,4.763122334892028e-19,1.1969371292923135e-18,1.6272600013415548e-20,1.5517073611398585e-20,4.823947995555337e-19,1.3919796259910466e-20,-1.2055821748501227e-19
axial_m,-0.021900000000000003,0.021135457374533338,8.508066854235025e-19,1.1716834413205356e-18,1.1714008447186545e-18,-1.9531865230652986e-20,1.1054727319078215e-20,1.7091532783001903e-19,5.674369757388665e-21,-1.0994775339800974e-19
axial_m,-0.021800000000000007,0.021061661973743134,9.321156300336842e-19,1.0926758692846748e-18,1.0601929381964311e-18,-1.0962050957587575e-20,3.348917691590962e-20,7.30552812111819e-19,1.4053799276369067e-20,-1.7769085010767005e-19
axial_m,-0.021700000000000004,0.020987578958188823,1.2112742818652787e-18,3.8116680659953393e-19,1.059711905600083e-18,-1.7375573028706758e-20,5.12635028045443e-20,9.283706094268491e-19,5.519918643039503e-20,-2.9482436387211025e-19
axial_m,-0.0216,0.020913209116898198,1.2387651315863607e-18,7.261144938852703e-19,1.1605987213863366e-18,2.82101639403939e-21,-8.318035359339724e-21,5.180033237266114e-19,5.967128859590208e-21,-1.3273363568823697e-19
axial_m,-0.021500000000000005,0.02083855324541376,1.3646167857807307e-18,2.8335406495698973e-19,9.811495141679066e-19,-2.8853918407868656e-20,8.44665430296514e-20,7.873798186800323e-19,6.438967077444684e-20,-2.7669469966114807e-19
axial_m,-0.021400000000000002,0.020763612145779996,1.2892047770708478e-18,1.860779380093081e-18,1.3699888772543536e-18,2.287884956886617e-20,2.767556107444243e-20,7.178401672923946e-19,1.2932439306249808e-20,-3.089402982232858e-19
axial_m,-0.021300000000000006,0.020688386626530525,1.601109083594874e-18,-2.4003303375386534e-19,1.1507964479479579e-18,3.9520530346196514e-21,4.6865389903898986e-20,7.403940571458935e-19,2.4226748201637987e-20,-1.8805928112180996e-19
axial_m,-0.021200000000000004,0.02061287750267495,9.81096713894031e-19,3.9666806065894268e-19,1.0605863792586678e-18,-7.779872782113465e-21,5.3510050758447446e-20,7.572270796110805e-19,8.988370390642092e-20,-2.18701396312245e-19
axial_m,-0.021100000000000008,0.02053708559568564,1.1089873420398742e-18,2.4671486668878874e-20,1.1202840070758553e-18,2.6193567656191235e-23,5.077944501989017e-20,3.3164610779028603e-19,1.6453326532310032e-20,-9.661771032012732e-20
axial_m,-0.021000000000000005,0.020461011733484125,1.2459421848107086e-18,6.113564032285114e-19,1.1999235005150258e-18,8.814936041017993e-21,1.6937618125473346e-20,6.117931540106192e-19,1.3364004081854071e-20,-1.3912334944429103e-19
axial_m,-0.020900000000000002,0.02038465675042745,8.662103653395034e-19,8.200625058987328e-19,9.707096986389122e-19,-2.6022794476207065e-20,8.190750609802115e-20,6.094023509366546e-19,5.75596969103447e-20,-1.201434217523928e-19
axial_m,-0.020800000000000006,0.020308021487294242,1.089807478475515e-18,7.074128562024451e-19,9.093437923703487e-19,-2.710118258085491e-20,9.783460125346631e-20,6.717345212697052e-19,6.058776687742244e-20,-1.911659744354255e-19
axial_m,-0.020700000000000003,0.020231106791270544,1.3267114862634747e-18,1.2330092462848057e-18,1.1940450165416333e-18,9.294574565502983e-21,2.742961060108167e-20,8.892299428698908e-19,3.0420453695697277e-20,-1.3108789816602594e-19
axial_m,-0.020600000000000007,0.020153913515935564,1.4817679992485773e-18,5.912068570880485e-19,1.3334599778016153e-18,1.4478026999988316e-21,2.819192436890953e-20,4.2661984612701047e-19,-2.4447015763421138e-20,-1.4676039972897953e-19
axial_m,-0.020500000000000004,0.02007644252124704,9.34770699542717e-19,9.601009482071623e-19,9.701929157398608e-19,-3.643256332135943e-20,8.342860979070066e-20,7.519171258274567e-19,5.430596344418422e-20,-2.794237696622076e-19
axial_m,-0.0204,0.019998694673526628,1.560521223202733e-18,9.180150511276209e-20,1.0300484446113658e-18,-2.1616551154381642e-20,6.775225902664132e-20,8.454314362047651e-19,3.686363753085679e-20,-2.436340146204338e-19
axial_m,-0.020300000000000006,0.01992067084544486,8.632828097314052e-19,1.2862498751015347e-18,1.1365229120390175e-18,-1.733675221164806e-20,6.091131890307293e-20,3.807220900307142e-19,2.797145062040528e-20,-6.514704466033745e-20
axial_m,-0.020200000000000003,0.019842371916006043,1.2060463748952096e-18,1.5684714901609066e-18,1.2243724216426302e-18,6.844596150365243e-22,2.5852288382045162e-20,7.427299984956586e-19,4.168744654986307e-20,-1.4940558533880605e-19
axial_m,-0.020100000000000007,0.019763798770532925,7.359214971110226e-19,1.0925923010406955e-18,8.572123359649441e-19,-3.428296890300639e-20,8.634695869171482e-20,1.0534836904484863e-18,8.597298996720538e-20,-3.631071671638714e-19
axial_m,-0.020000000000000004,0.019684952300651086,1.6040618096229725e-18,7.120003222735845e-20,1.2836923250607812e-18,1.3760209750376322e-20,7.149598829274695e-21,5.817016304606025e-19,1.667839165303301e-20,-1.4713086793926842e-19
axial_m,-0.0199,0.019605833404273264,9.371352272114791e-19,8.144701137113865e-19,1.0828923548509328e-18,-3.8756905095204514e-21,4.471669233406902e-20,5.12784913068354e-19,1.3920738268785348e-20,-1.165888124300764e-19
axial_m,-0.019800000000000005,0.01952644298558337,1.2867059455168729e-18,3.9125506909899743e-19,1.163506655811774e-18,-1.3702423209250602e-21,4.098197660461997e-20,4.640945731996218e-19,1.4471999511441528e-20,-1.3833301619667206e-19
axial_m,-0.019700000000000002,0.0194467819550203,1.230050313847889e-18,-6.519805798735133e-19,1.2235272378986945e-18,1.9745986020737373e-20,-3.957558475910186e-20,-2.351528688758846e-19,-3.323101888762094e-20,-3.2787409931197794e-21
axial_m,-0.019600000000000006,0.019366851229261628,1.174585237847224e-18,-3.14232149881578e-19,1.0471004282971326e-18,-6.239041078036045e-21,1.3056696638079095e-20,7.677395734276732e-19,3.324025899461803e-20,-1.729241065917924e-19
axial_m,-0.019500000000000003,0.019286651731207024,1.3272409131377116e-18,1.3973769027458552e-20,8.215806768446871e-19,-2.822567056175249e-20,5.362928989174642e-20,1.1283536053901324e-18,7.029172780789981e-20,-2.1779630306260982e-19
axial_m,-0.019400000000000008,0.019206184389961505,7.876884552034663e-19,7.820687888336391e-19,1.103628131885759e-18,9.165237355274918e-21,1.0497462197113283e-20,8.825453227823137e-19,6.161974813158254e-20,-2.015878153025773e-19
axial_m,-0.019300000000000005,0.019125450140818453,8.828087668213393e-19,1.3736066793507316e-18,1.137255727741345e-18,4.936531780408441e-21,4.7984423005819044e-20,1.0027416855277792e-18,4.3418802849179785e-20,-2.1537136650053988e-19
axial_m,-0.019200000000000002,0.01904444992524251,1.2215225670329088e-18,3.333119708166285e-20,1.1153775252694792e-18,1.3179780066569444e-21,2.6643377968231102e-20,-2.3679944287493527e-19,-2.469491952665865e-20,-1.187975728913655e-20
axial_m,-0.019100000000000006,0.018963184690852137,5.948846005790468e-19,1.2651971739987241e-18,9.682226060291183e-19,-2.659606188253399e-20,9.839299960516793e-20,9.14333646237067e-19,7.774698797968199e-20,-3.6952506862357494e-19
axial_m,-0.019000000000000003,0.01888165539140217,1.2304405451500141e-18,8.033611191761093e-19,9.9089042246942e-19,-8.837693081059537e-21,9.324782197869096e-20,1.3415486928861073e-18,5.787131437381864e-20,-2.1005186233900175e-19
axial_m,-0.018900000000000007,0.018799862986765944,1.0477594769251684e-18,2.2927150870452124e-19,9.826317732171045e-19,-6.962223023671424e-21,3.99470439383428e-20,1.4474234322400458e-18,1.0626090342727227e-19,-3.6613185802290665e-19
axial_m,-0.018800000000000004,0.018717808442917438,9.434889585435034e-19,7.810221277923718e-19,1.0122585227706636e-18,-1.5189799355902312e-20,4.1590521773999335e-20,1.4343044922199932e-18,1.0224047909538894e-19,-3.6380494306101134e-19
axial_m,-0.0187,0.018635492731913065,9.662884078181491e-19,9.302348704926333e-19,9.36906199045201e-19,-1.2782748621487035e-20,5.1167695697760593e-20,6.19307618552709e-19,2.6589926648699628e-20,-9.776110110880616e-20
axial_m,-0.018600000000000005,0.018552916831873364,9.261494860610338e-19,-3.634190108698829e-19,8.950245990862324e-19,-2.097312391984504e-20,2.3927427626485082e-20,5.280037240988178e-19,6.122393332947438e-20,-1.4194154350482244e-19
axial_m,-0.018500000000000003,0.01847008172696439,8.807001613143245e-19,1.5612470043843866e-18,8.369328750687036e-19,-3.649676043029784e-20,8.611428365888868e-20,8.741608174408468e-19,3.247640222411717e-20,-1.5271188198042814e-19
axial_m,-0.018400000000000007,0.01838698840737909,7.649128599009325e-19,8.979113283651106e-19,9.126670396333546e-19,-1.8805020953472615e-20,7.615441782254286e-20,7.840767062883652e-19,3.993919469182137e-20,-2.185979249673554e-19
axial_m,-0.018300000000000004,0.018303637869318226,8.211623991642396e-19,7.862216507471597e-19,1.0930539399456882e-18,-2.3108701925942843e-22,-6.3796762933135694e-21,6.857849057915377e-19,5.2402139312559875e-20,-6.367348228676968e-20
axial_m,-0.0182,0.018220031114971343,1.0406638948707619e-18,1.0488301795549937e-18,8.81271152369089e-19,-1.7452592104393744e-20,4.3747465668098566e-20,1.0069455954959118e-18,6.686567215256165e-20,-3.3605038910953625e-19
axial_m,-0.018100000000000005,0.01813616915249743,9.514257027950574e-19,8.993625211160184e-19,1.0578137427385118e-18,3.072751298076471e-21,2.131771789870494e-20,1.1944091870892941e-18,5.52922370882002e-20,-3.2392417541532554e-19
axial_m,-0.018000000000000002,0.01805205299600533,9.830002111621273e-19,5.92088227300081e-19,9.959439931991577e-19,-1.1818704563693494e-20,4.367314625482653e-20,4.905569162474793e-19,3.270177718279341e-20,-6.844940013237434e-20
axial_m,-0.017900000000000006,0.01796768366553411,8.325541600687791e-19,1.0431753146618417e-18,1.1311068375034014e-18,1.6097325602247453e-20,-6.032993665834306e-21,2.861610952457233e-19,-2.2517542653437445e-20,8.957806482213622e-20
axial_m,-0.017800000000000003,0.0178830621870331,1.1001485777711766e-18,4.869767419379481e-19,9.81761149982739e-19,-9.908567450018135e-21,3.0309627767916637e-20,7.400024927721139e-19,4.0440604240824555e-20,-3.3820612747315155e-19
axial_m,-0.017700000000000007,0.017798189592341807,9.153136780986805e-19,6.587868659140127e-19,9.764224369429086e-19,-1.0287241945818575e-20,5.0120303884561596e-20,6.229432789567039e-19,3.039076913091194e-20,-1.8650468563690733e-19
axial_m,-0.017600000000000005,0.017713066919169625,1.1862278003829876e-18,4.117363725197411e-19,9.581434271252627e-19,-9.98365107836903e-21,7.130523511166605e-20,4.835234971302014e-19,1.427257812232247e-20,-1.9879004762233343e-19
axial_m,-0.0175,0.017627695211075333,9.092025255031482e-19,8.141497096341395e-19,9.434002322832738e-19,-1.3386563119229259e-20,7.243344226862592e-21,5.10939594908555e-19,2.735057056157541e-20,-1.536038412953964e-19
axial_m,-0.017400000000000006,0.017542075517446454,9.252077141107005e-19,6.94844705344931e-19,8.023479038820702e-19,-1.605300191342207e-20,7.894816174036124e-20,6.320174207587477e-19,1.8032362621568123e-20,-1.632481886751897e-19
axial_m,-0.017300000000000003,0.017456208893478313,8.497303620425377e-19,1.033673492963509e-18,1.0509530602275576e-18,4.306592240099659e-21,2.0817573148546725e-20,6.53427324650796e-19,3.239716334384607e-20,-1.4710298886607436e-19
axial_m,-0.017200000000000007,0.017370096400153065,8.562215395474872e-19,6.148113158763879e-19,9.398509720175103e-19,-7.654015730532005e-21,3.749014462199261e-20,1.0463257397076837e-18,3.46096082193411e-20,-2.2224067135714913e-19
axial_m,-0.017100000000000004,0.017283739104218404,1.0342952651775844e-18,7.619007111968889e-19,8.901458658932044e-19,-1.600745545489589e-20,4.178910815976987e-20,9.675011511088794e-19,5.3800769693536003e-20,-1.7405585064819668e-19
axial_m,-0.017,0.01719713807816611,8.138651839457372e-19,-5.017517717967895e-20,9.819693637242859e-19,-4.9872380979981336e-21,5.559582822699279e-21,8.09531870791912e-19,2.5504071278705692e-20,-1.3252739321489505e-19
axial_m,-0.016900000000000005,0.017110294400210484,9.5139926136216e-19,4.598648517811585e-19,8.764966769024257e-19,-1.2084258264669671e-20,2.223109396073857e-20,1.4977217587780335e-19,-5.770066073889341e-21,3.2277441836465844e-20
axial_m,-0.016800000000000002,0.01702320915426644,1.0948086929757786e-18,1.2839991926433608e-18,1.1310408786274136e-18,1.577639535482931e-20,9.996785396063396e-21,5.357701042858383e-19,2.4116804538684794e-20,-1.3985374489225318e-19
axial_m,-0.016700000000000007,0.0169358834299276,6.729304699137555e-19,7.873344829898358e-19,7.800123605268654e-19,-1.2443959536681557e-20,6.991353813400644e-20,8.969075022876171e-19,6.489236764836735e-20,-2.1538908982594526e-19
axial_m,-0.016600000000000004,0.01684831832244405,1.0721633747504088e-18,-5.663743686546326e-20,9.703688831285773e-19,1.0282481097561128e-20,-1.0579772121182107e-20,4.1829051660170533e-19,9.667600727191985e-21,-1.1874492710847585e-19
axial_m,-0.0165,0.016760514932699977,9.212729785832449e-19,3.934206747433557e-19,1.014093139255717e-18,9.045215350487353e-21,1.321119174265284e-20,2.4932559281826477e-19,-7.515708208326537e-22,-1.1831970947051016e-19
axial_m,-0.016400000000000005,0.016672474367191135,9.348493905013602e-19,5.689419770323344e-19,9.239878744809888e-19,-1.5935917389169527e-21,2.1857961217038763e-20,4.710409934348589e-19,9.88825917770569e-21,-1.3756482848531496e-19
axial_m,-0.016300000000000002,0.016584197738002043,1.159388383845093e-18,-2.352339667330795e-19,1.1341873485556454e-18,2.4859498590522618e-20,-5.1289921924948346e-20,4.1595453396460653e-19,2.461249544465018e-20,-1.1779980432541848e-19
axial_m,-0.016200000000000006,0.016495686162783133,8.351206937321371e-19,6.607006963969337e-19,8.871787651020962e-19,-1.752291819982331e-20,3.098044883510437e-20,4.094358683429178e-19,1.054421583878953e-20,-1.206706345825139e-19
axial_m,-0.016100000000000003,0.01640694076472758,7.860392338954446e-19,2.7444085565085283e-19,9.837905884802501e-19,5.191081760344323e-21,1.3085223767471866e-20,6.839219655077683e-19,7.183011793436162e-20,-3.4448077980568357e-19
axial_m,-0.016000000000000007,0.016317962672548036,9.39779526079141e-19,7.265185993842604e-19,8.411227740707154e-19,-1.908707141792431e-20,5.215153532185426e-20,3.501944421786189e-19,2.6401367441865968e-20,-1.561982879073455e-20
axial_m,-0.015900000000000004,0.016228753020453124,9.73953661362031e-19,-2.1657132137616672e-20,9.71373609910611e-19,-3.195829178853189e-21,2.05958178150586e-20,8.574328313788489e-19,3.3637803582017415e-20,-2.026728922361427e-19
axial_m,-0.0158,0.016139312948123836,9.698866714231197e-19,2.259479333709161e-20,9.680014116036397e-19,1.0252372543688918e-20,2.4302696839845573e-20,3.4858537758075757e-19,2.437576069301507e-20,-2.374910572791245e-19
axial_m,-0.015700000000000006,0.016049643600689632,9.762101929664694e-19,8.968593964765837e-19,7.772473343524435e-19,-9.058645274256486e-21,5.306809603306955e-20,1.0299631384111708e-18,6.545792724888401e-20,-2.525316336729995e-19
axial_m,-0.015600000000000003,0.015959746128704454,8.183105761844778e-19,7.332561237059845e-19,8.083345821491773e-19,2.9656785765456206e-21,4.919995113149443e-20,4.723754211110347e-19,3.2833991339084626e-20,-2.261197477392832e-19
axial_m,-0.015500000000000007,0.01586962168812251,6.115984349174595e-19,8.670719637887168e-19,9.179904022777498e-19,-4.294368755944562e-21,2.842648136439469e-20,4.3328655064781927e-19,1.161155281645018e-20,-3.8115017512297223e-20
axial_m,-0.015400000000000004,0.01577927144027392,1.0568389108479747e-18,1.4079502219710276e-19,8.134571235455695e-19,-1.8691599349024835e-20,4.878624536962203e-20,3.832327913607174e-19,2.02523603683488e-20,-5.619534288347887e-20
axial_m,-0.015300000000000001,0.015688696551840145,9.307202350197455e-19,7.866955091543624e-19,9.46373907742491e-19,2.3311791915341916e-21,3.676960699035094e-20,2.949933601057255e-19,2.6754227599689086e-20,-1.7974486183808883e-19
axial_m,-0.015200000000000005,0.015597898194829247,9.87038763157728e-19,5.856491040576625e-19,8.609476695189347e-19,-1.5002889411932404e-20,4.3911778504930513e-20,4.509742002045156e-19,5.2023037708415435e-20,-1.2258778826292549e-19
axial_m,-0.015100000000000002,0.01550687754655098,6.855054833041148e-19,7.254454450933428e-19,7.918038457601003e-19,-6.775513515188032e-21,1.5838425196666912e-20,4.019278554187903e-19,1.3446819078071831e-20,1.935896609098535e-20
axial_m,-0.015000000000000006,0.015415635789591747,1.0036207346328546e-18,7.738060968199487e-19,8.762872349961887e-19,1.9946320162816475e-21,1.607068928890028e-20,2.819726937280821e-19,4.68186220836977e-21,-1.2925467416057811e-20
axial_m,-0.014900000000000004,0.015324174111789235,6.322711143517878e-19,9.685566308469852e-19,8.047728683296539e-19,-4.9796166820749655e-21,4.10048257139137e-20,6.125779883181344e-19,4.303021681161334e-20,-2.144398317290845e-19
axial_m,-0.0148,0.015232493706207108,8.454680672430426e-19,1.2314623260028315e-19,8.755012307053737e-19,-7.209760205854693e-21,1.9431605292381035e-20,7.010591710181288e-19,4.0698991167640826e-20,-1.6064832918604605e-19
axial_m,-0.014700000000000005,0.015140595771109322,8.45918900491137e-19,4.436382155636617e-19,8.786895036033883e-19,1.07054608426394e-21,-1.086924431950615e-20,1.202809831716229e-19,-2.963719203528236e-20,-1.7636260340254484e-19
axial_m,-0.014600000000000002,0.015048481509934321,8.04383957114079e-19,1.0087193312092486e-18,1.0231870248595544e-18,1.1026452401693735e-20,2.2482287232554367e-20,5.739789941477911e-19,4.177202406940835e-20,-1.9360863501068962e-19
axial_m,-0.014500000000000006,0.01495615213126917,8.193966042436832e-19,3.029509132082096e-19,1.0260077358407882e-18,1.2033106547810435e-20,-2.4860075950056935e-20,4.2718019394916624e-19,5.917965024436622e-21,5.824950877647779e-21
axial_m,-0.014400000000000003,0.014863608848823326,8.959561737721245e-19,8.120017315737866e-19,7.949872042973375e-19,-1.0290296596376113e-20,2.929880914127313e-20,3.9210563879627774e-19,2.6307367805583112e-20,-1.5236932296616164e-19
axial_m,-0.014300000000000007,0.014770852881402431,7.550362345089365e-19,3.185156986939242e-19,8.782058142919105e-19,9.036250318531946e-21,-8.009028571635167e-21,3.8901535568249666e-19,-2.5261437302369983e-20,-3.809015628350295e-20
axial_m,-0.014200000000000004,0.014677885452881775,6.216648036043627e-19,9.071714587640828e-19,7.699268489213756e-19,-1.0865395512871664e-20,4.7127998699543373e-20,5.275171257566961e-19,3.997103870676274e-20,-1.9175506575688422e-19
axial_m,-0.014100000000000001,0.014584707792179711,8.709261774392443e-19,6.169840560588315e-19,8.820759387691266e-19,3.88424850087873e-21,2.4141292253153253e-21,2.9619447987562352e-19,-6.875232910025715e-21,6.386820469583497e-20
axial_m,-0.014000000000000005,0.014491321133230836,1.0195501224813952e-18,8.820164957688252e-20,8.85125630920374e-19,7.307224516292502e-22,2.996229712045259e-20,5.264360742682761e-19,3.117190822537805e-20,-1.0769995263043294e-19
axial_m,-0.013900000000000003,0.014397726714958977,7.50630835011788e-19,-3.7834769766637314e-19,7.492210269341251e-19,-2.384809360027384e-21,5.7722942175151176e-21,2.754879746735695e-19,-1.6076637093366498e-21,-2.5265187167335928e-20
axial_m,-0.013800000000000007,0.01430392578125013,6.553012009542137e-19,8.238652058050512e-19,8.153024659461586e-19,-5.394601822529301e-21,3.5405154345992417e-20,1.048425399931115e-18,1.0863800236154143e-19,-2.818436957049453e-19
axial_m,-0.013700000000000004,0.014209919580925087,6.27523247613396e-19,1.1155240536532975e-18,8.078752813648006e-19,6.020067114352393e-21,5.0299533849212164e-21,9.295945743161155e-19,4.4955774104519714e-20,-1.376641938059863e-19
axial_m,-0.013600000000000001,0.01411570936771202,8.094619506989577e-19,5.115272043401214e-19,6.648689153179299e-19,-2.3525077688861587e-20,6.316725883812056e-20,5.237567779693944e-19,7.409757302618677e-20,-2.860566349077346e-19
axial_m,-0.013500000000000005,0.014021296400218805,6.001091068491503e-19,3.8546864331317273e-19,5.999999924136978e-19,-1.7259014474051713e-20,4.0695315431260806e-20,1.0208693436080336e-19,2.8267562525985624e-21,4.335418750335666e-20
axial_m,-0.013400000000000002,0.01392668194190524,6.319674429244223e-19,2.0226363395171744e-19,7.372437165967756e-19,-8.68664124463787e-21,1.399147833061145e-20,4.537934275317518e-19,2.270332992640122e-20,-1.901970136471192e-19
axial_m,-0.013300000000000006,0.01383186726105511,8.067213744379051e-19,4.3218093579352584e-19,6.516156787046449e-19,-1.9557023715659324e-20,5.764600860922307e-20,3.745684525704035e-19,5.4006852047016264e-21,-2.353358443175712e-19
axial_m,-0.013200000000000003,0.013736853630748008,6.668516936222841e-19,5.932372721852283e-19,7.589280358135351e-19,-3.0131212587337087e-21,7.584870330636495e-21,6.185747149435455e-19,2.691844619428819e-21,-1.2095085132755215e-19
axial_m,-0.0131,0.013641642328831135,6.856517227930992e-19,8.313857498005017e-19,7.203947263246681e-19,-1.1997183539908497e-20,4.889717691134236e-20,2.0973517729391366e-19,2.5314115471476016e-20,-1.4405954968493725e-19
axial_m,-0.013000000000000005,0.013546234637890791,9.240448004328543e-19,1.1745994871284235e-20,7.795336324712413e-19,7.658693324939057e-22,3.4177940621443056e-20,1.6450245679996147e-19,2.8545239311487956e-20,-3.738409063168771e-20
axial_m,-0.012900000000000002,0.013450631845223784,7.386300355381243e-19,1.5687070713144792e-19,8.353146632290721e-19,4.678354340366766e-21,-5.351817927087749e-21,-1.5322282255492064e-19,-1.6268281776346334e-20,-1.476800605985812e-20
axial_m,-0.012800000000000006,0.013354835242808717,8.00967590771658e-19,3.830588278924495e-19,7.525152406310369e-19,-4.7356988959604825e-21,4.85928629444243e-20,3.8001056454463165e-19,2.1795057652009808e-20,-9.839930571796042e-20
axial_m,-0.012700000000000003,0.013258846127277008,9.959042739546907e-19,-1.4062943109195705e-19,8.156713210838257e-19,4.258027057945244e-21,-1.2192412465304524e-20,1.5838398349031137e-19,-2.5582174038972522e-20,-1.475609763642595e-20
axial_m,-0.012600000000000007,0.013162665799883871,5.717708737047658e-19,8.494573664546363e-19,7.088200319904253e-19,-1.079425597732691e-21,3.3493190834432685e-20,7.501830007036832e-19,5.304905117195208e-20,-2.0627666311092026e-19
axial_m,-0.012500000000000004,0.013066295566479069,6.801535800976408e-19,6.140933091948631e-19,7.297807125344415e-19,-1.2195077990177578e-21,1.7412012324539186e-20,3.817112186592755e-19,2.7661597939704275e-20,-4.9853558492875497e-20
axial_m,-0.012400000000000001,0.01296973673747751,5.329937906258773e-19,6.240938101087928e-19,6.855884970725879e-19,-8.749635324685072e-21,2.7229831752396866e-21,-1.895503370312535e-19,-1.1116274009070107e-20,1.4777071905812948e-20
axial_m,-0.012300000000000005,0.012872990627829756,7.030812872358628e-19,1.4624622901829573e-19,6.82783006252774e-19,-1.049676781948297e-21,1.5609634613164757e-20,4.885529137767182e-19,1.2651934580552247e-20,-1.8307845698237771e-19
axial_m,-0.012200000000000003,0.012776058556992292,5.864418538402847e-19,9.395119020087663e-19,6.7530345644472675e-19,-6.2511021097072175e-21,5.74776846654142e-20,3.057883184710155e-19,3.1909168947244493e-20,-1.2892886519136644e-19
axial_m,-0.012100000000000007,0.01267894184889772,7.793752439987041e-19,2.829872656769296e-19,7.864806173462033e-19,3.534965495904497e-21,7.124647246528688e-21,4.738984713621651e-19,1.7780628938001582e-20,-1.3669823125237582e-19
axial_m,-0.012000000000000004,0.012581641831924728,7.701385388401831e-19,8.193262184233959e-20,6.133813581576159e-19,-1.431780637688281e-20,4.598078803449266e-20,5.221140084145147e-19,3.5779675278231284e-20,-1.7227453443366232e-19
axial_m,-0.0119,0.012484159838868003,7.539378625276972e-19,2.738385559168962e-20,6.606781385257724e-19,-9.515573372659744e-21,3.334721196092591e-20,4.553196863827793e-19,2.258055045584055e-20,-7.254569312035014e-20
axial_m,-0.011800000000000005,0.012386497206907895,6.769596875154414e-19,3.413876497041004e-19,7.228104234974675e-19,6.593793725746534e-21,1.9067629966544328e-20,3.250441731456197e-19,5.57365922672401e-21,-8.950611762133571e-20
axial_m,-0.011700000000000002,0.012288655277579998,8.1433150758307375e-19,4.2991253207545715e-19,7.299285190709313e-19,5.114415456924667e-21,2.0168244093548617e-20,7.69724526237831e-19,1.8974205634388822e-20,-2.054166645539108e-19
axial_m,-0.011600000000000006,0.012190635396744566,7.19170780171653e-19,9.7546896304926e-19,7.2646214417587225e-19,2.1361178506817923e-23,3.171603428073758e-20,4.350595761618447e-19,4.240677887693721e-20,-1.6659067132415786e-19
axial_m,-0.011500000000000003,0.01209243891455578,6.049682292086667e-19,3.6199524767776547e-19,5.727531204997434e-19,-1.070060940675479e-20,3.8508783620127866e-20,-9.778976607971631e-20,-2.4406500115396684e-20,1.8723375110238756e-20
axial_m,-0.0114,0.011994067185430874,6.543215618646884e-19,1.1016839036715013e-20,7.097832224928584e-19,-3.702107059554318e-21,2.366208492799704e-20,8.683413796501022e-19,4.759080325707801e-20,-2.430539482024072e-19
axial_m,-0.011300000000000004,0.011895521568019122,6.023602808307552e-19,7.725529938516922e-19,6.7442731059777325e-19,-1.853290420389462e-21,-1.0411134280148002e-20,6.116251997347609e-19,-5.58244179334872e-22,-7.784720544526133e-20
axial_m,-0.011200000000000002,0.011796803425170645,5.818168367832986e-19,1.2547459647190806e-18,7.151748377224502e-19,4.691614741836349e-21,9.509927524108653e-21,7.511661426810865e-19,5.514182098724557e-20,-2.043999799018433e-19
axial_m,-0.011100000000000006,0.01169791412390516,7.055596482770686e-19,8.169736306860523e-20,5.047660870195259e-19,-1.9896992067573532e-20,8.091358536990225e-20,8.989309517893788e-19,5.949659101652393e-20,-2.5060067832026907e-19
axial_m,-0.011000000000000003,0.011598855035380466,6.672011008132112e-19,2.8770973681503047e-19,6.073324570137478e-19,-8.395394715744147e-21,3.790795397999465e-20,5.105564337949973e-19,5.2838299986517365e-20,-1.4643967883110373e-19
axial_m,-0.010900000000000007,0.011499627534860935,7.411730310721548e-19,2.3470244586592325e-19,7.576452502194011e-19,1.7434114697316405e-21,-6.6652919588882745e-21,1.8027122130161854e-19,1.6515563903851194e-20,-3.802603213543757e-20
axial_m,-0.010800000000000004,0.011400233001685713,6.8019716949715325e-19,4.031339337116763e-19,6.005062030238898e-19,-2.2453333646472772e-21,7.237798342716954e-21,3.3500423620307217e-19,5.970142009122156e-21,-1.2841733702911834e-19
axial_m,-0.010700000000000001,0.011300672819236914,5.007211988777093e-19,1.1025814743872156e-18,5.422510623229624e-19,-5.053302686685883e-21,4.844110806675971e-20,1.02374978295997e-18,5.635517607376975e-20,-3.249029341664121e-19
axial_m,-0.010600000000000005,0.011200948374907605,8.7055828924505e-19,-3.012250740860024e-19,7.010721409909317e-19,1.1462200613746636e-20,-1.510367857865522e-20,2.7234771237488598e-19,-1.671370258529286e-20,-1.5666615691683522e-19
axial_m,-0.010500000000000002,0.011101061060069622,7.1896650192892435e-19,3.3358135792892776e-19,5.440885026483303e-19,-9.613569686393757e-21,4.199525511318736e-20,2.30598093281755e-19,1.9451311802228084e-20,-8.811647587055816e-20
axial_m,-0.010400000000000006,0.011001012270041393,6.459787166106168e-19,4.100320640702001e-19,5.758680631746892e-19,-3.511441582616855e-21,2.3757322519926457e-20,5.044097355361399e-19,1.9586811114960994e-20,-1.6332425540368366e-19
axial_m,-0.010300000000000004,0.010900803404055451,8.698704769004053e-19,-1.0369386544352337e-19,7.352568630296271e-19,1.3955185385307385e-20,-1.2242859979067882e-20,-3.5003037652990184e-20,-3.871286006572191e-21,-2.022107818177069e-21
axial_m,-0.0102,0.010800435865225912,6.425896984009e-19,4.895603172519684e-19,5.22763401478575e-19,-1.2778967379606426e-20,4.162747593579024e-20,6.120827176646768e-19,2.8109096500449324e-20,-1.377977590891107e-19
axial_m,-0.010100000000000005,0.010699911060515875,7.628032572156738e-19,2.225979880999663e-19,6.85194276759541e-19,1.2792559357326055e-20,-1.671439771238546e-20,2.8108298877067013e-19,-2.110620117828995e-21,-1.260123191642311e-19
axial_m,-0.010000000000000002,0.010599230400704502,4.2617651186225614e-19,5.381079469671053e-19,5.59823018458015e-19,-7.628127854692634e-21,6.85968608063754e-21,4.605325411484971e-19,3.5867870590414957e-20,-1.151605669831128e-19
axial_m,-0.009900000000000006,0.010498395300354211,7.24423942013809e-19,2.0303043994635465e-19,6.93829672366003e-19,9.784097915102535e-21,-3.397071788232953e-23,5.464282828905497e-19,2.409176427183539e-20,-1.4288413364774886e-19
axial_m,-0.009800000000000003,0.010397407177777521,3.724473604135881e-19,5.444276118258768e-19,4.825869891501237e-19,-7.344836099252515e-21,2.870007948412916e-20,3.3022628824581814e-19,3.849950637173077e-20,-5.2636534787532967e-20
axial_m,-0.009700000000000007,0.010296267455003937,4.553578533241334e-19,7.184650908479133e-19,4.620001116605582e-19,-1.1361378311664281e-20,4.782246778610283e-20,5.523371803099384e-19,6.249592301348609e-20,-1.8663670816111862e-19
axial_m,-0.009600000000000004,0.01019497755774658,7.026178165765021e-19,2.331984583228167e-19,6.921588536376073e-19,4.890177387986836e-21,-1.1514642116697616e-20,3.8172057715952347e-19,2.1856323094053722e-20,-1.4303887460871507e-19
axial_m,-0.009500000000000001,0.010093538915368797,5.671055610315343e-19,2.1891739569508852e-20,4.96406401736303e-19,-8.743993881590043e-21,-2.165198310375307e-21,1.806605807290091e-19,-5.921127548033283e-21,1.3116105867901052e-20
axial_m,-0.009400000000000006,0.009991952960850588,4.142941929400727e-19,5.21034667119194e-19,5.030275509146682e-19,-9.176229486736675e-21,7.401058178147688e-21,5.079879008086429e-19,2.6498655339321785e-20,-6.859215447455877e-20
axial_m,-0.009300000000000003,0.009890221130754887,4.949654212468733e-19,2.891330264784384e-19,5.522022897555451e-19,2.0056712354578646e-21,1.6729377057383338e-21,5.16338719569027e-19,1.1091348722218345e-20,-1.173884714849403e-19
axial_m,-0.009200000000000007,0.009788344865193822,5.838409644962772e-19,6.015878977060279e-19,5.303299986146026e-19,-7.050316443199951e-21,3.8832592802065396e-20,5.91009098734701e-19,3.873958687600026e-20,-1.549591497783123e-19
axial_m,-0.009100000000000004,0.009686325607794703,6.854659303629181e-19,5.27289551679019e-19,6.013013836074686e-19,6.654892294142932e-21,-1.7736599532843825e-20,4.972037680656461e-19,2.1370344891204138e-20,-1.4026697031237596e-19
axial_m,-0.009000000000000001,0.009584164805666056,5.580586977413047e-19,3.113992121266805e-19,6.175977505927503e-19,8.125587271221076e-21,-3.0823474401612054e-21,1.6785701091023327e-19,-1.640462257113292e-20,-5.017979439068491e-20
axial_m,-0.008900000000000005,0.009481863909363415,4.053030626289315e-19,8.060554523185839e-19,4.59307157572652e-19,-8.689127656345602e-21,3.266428144961468e-20,1.8221563910905227e-19,-5.524599418092598e-23,-4.6412853686960373e-20
axial_m,-0.008800000000000002,0.009379424372855036,6.938411367838504e-19,1.3975338007780737e-20,5.980104571749621e-19,-3.2140645696302354e-21,4.990619685682308e-22,1.2118974883701545e-19,3.0671623593040843e-21,-2.5406175194455547e-20
axial_m,-0.008700000000000006,0.009276847653487517,4.76791995512961e-19,3.0631058556036895e-19,5.280284790158519e-19,3.5318064421429366e-21,5.794214364973854e-21,1.9665666235016511e-19,1.2284874404241452e-20,-4.394947642698556e-20
axial_m,-0.008600000000000003,0.009174135211951265,4.6395489161684e-19,4.766327527370906e-19,5.31447931245397e-19,4.531137057097702e-21,4.584854334109922e-21,1.6727588026533858e-19,-2.110171941768342e-21,-1.2225337134448688e-20
axial_m,-0.0085,0.009071288512245885,4.1363789354445117e-19,4.42631664976666e-19,5.408959541177097e-19,7.70847286999589e-21,-1.655832736008424e-20,4.039353235224587e-19,1.401520542767698e-20,-6.914813503916669e-20
axial_m,-0.008400000000000005,0.008968309021645434,5.553542407106146e-19,9.670376077477478e-20,4.9618452096053515e-19,1.6364795388067267e-21,-7.119571321206223e-22,8.78389797968817e-20,1.0099743152184517e-20,1.3969138870311317e-20
axial_m,-0.008300000000000002,0.00886519821066354,5.84431519866945e-19,1.6624719527105128e-19,4.767100047411922e-19,-2.8728168758660255e-21,8.437864231932329e-21,1.2856781250198648e-19,-1.5670229069555897e-20,-5.57098831157401e-20
axial_m,-0.008200000000000006,0.008761957553018484,5.223049750849417e-19,1.2941781365170996e-19,4.659632772537386e-19,-6.397487699963244e-21,3.9339651799178204e-20,2.481408510137349e-19,2.003415062796207e-20,-1.5583336097856416e-20
axial_m,-0.008100000000000003,0.008658588525598079,4.866978119230805e-19,3.235634847723211e-19,5.327291288331765e-19,1.1355451647803175e-21,-1.3106562533697648e-20,1.7458409953568553e-19,4.0924280299716214e-22,-2.1273539187503514e-20
axial_m,-0.008000000000000007,0.008555092608424538,5.58344691599161e-19,-8.082962191414723e-20,5.337712803313117e-19,5.261940810828249e-21,-5.383120989755748e-21,3.529711192429242e-19,6.62674629141498e-21,-1.504991042350918e-19
axial_m,-0.007900000000000004,0.008451471284619132,3.782267596474911e-19,3.491403904863554e-19,4.495661250311792e-19,-5.990091907166029e-21,2.3950065112891537e-20,2.7738940255045395e-19,1.3151825038539997e-20,-4.77173353359057e-20
axial_m,-0.007800000000000001,0.00834772604036684,4.396859105654391e-19,3.5498113397023e-19,3.862369424722562e-19,-1.2087890763843534e-20,2.1165001470896555e-20,2.7680391474779144e-19,2.0221718537872266e-20,-4.933243237062816e-20
axial_m,-0.0077000000000000055,0.008243858364880828,4.532217713959126e-19,4.4115886564495e-19,4.476213515620069e-19,-3.615994779512283e-21,2.906686778727254e-20,3.058762229645303e-19,1.458594501821921e-20,-1.0246055951321785e-19
axial_m,-0.007600000000000003,0.008139869750366825,5.972537588402382e-19,3.822799310441526e-20,4.456545472724076e-19,-6.929569806783861e-21,2.7337682829950865e-20,3.189116427902643e-19,1.7618350726417056e-20,-1.186867931535193e-19
axial_m,-0.007500000000000007,0.008035761691987475,4.35317573641318e-19,-7.882795418876283e-21,4.862491567559395e-19,-1.0995647783905406e-21,7.557573233634336e-21,4.722610411533757e-19,3.931410700794369e-20,-1.0119683510644654e-19
axial_m,-0.007400000000000004,0.007931535687826455,4.30385037279533e-19,-3.1174816318418764e-20,4.331739890797103e-19,-3.670077727368119e-21,2.2602213649870584e-20,3.364898405948649e-19,1.765309128335367e-20,-6.717257936690849e-20
axial_m,-0.007300000000000001,0.00782719323885264,4.0650165662935685e-19,2.277423842034634e-19,4.643298823423619e-19,5.00092389124428e-22,8.227420137456621e-21,3.2398607834610417e-19,1.0533415800509932e-20,-8.578574292262053e-20
axial_m,-0.007199999999999998,0.00772273584888405,3.9879423967438796e-19,3.0750201705583196e-19,4.0365365708884265e-19,1.7206761252611946e-21,3.492838106427014e-20,2.7641291134513875e-19,1.8413007573019726e-20,-8.03875647684426e-20
axial_m,-0.007100000000000009,0.0076181650245517735,2.467374099715024e-19,3.554436525926891e-19,4.682541178619179e-19,-1.9021154908455572e-21,8.176087059101408e-21,8.515007310602618e-20,4.491387861847185e-21,-1.715705518055371e-20
axial_m,-0.007000000000000006,0.007513482275263713,4.346035840244113e-19,8.63268174705567e-20,4.858374359019006e-19,1.0007325490567631e-21,-1.614789019914e-20,-2.4092434206068714e-20,-2.3522983178822036e-20,4.7836552941940163e-20
axial_m,-0.006900000000000003,0.007408689113168378,3.990774804529679e-19,2.3820747051228494e-20,4.1330877163510766e-19,-1.500864908990286e-21,1.4061855727765777e-20,3.444801257582882e-19,6.92838780856305e-21,-3.735348638011257e-20
axial_m,-0.0068000000000000005,0.007303787053118426,4.151224837962592e-19,2.494978131627607e-19,3.729564642014574e-19,-6.915431171122094e-21,1.0619575872998814e-20,1.5266236888590754e-19,6.447777896229367e-21,-4.890278432236155e-20
axial_m,-0.006699999999999998,0.007198777612634219,3.8912051629474593e-19,2.057227869451265e-19,3.6945646609662104e-19,-7.413372037055102e-21,3.100176981740041e-20,3.305845565336019e-19,3.628363888436948e-20,-1.0838986511143859e-19
axial_m,-0.006600000000000009,0.007093662311867232,3.7450891266606285e-19,2.580844426852311e-19,3.434031283996141e-19,-4.4142918171049484e-21,1.994243011265352e-20,3.47616129596076e-19,2.4271148225681385e-20,-6.619927536257734e-20
axial_m,-0.006500000000000006,0.006988442673563362,3.9505626121576257e-19,2.8618734111965076e-19,4.0691220168719644e-19,4.26682091642181e-21,-5.740281933331193e-21,3.5803598803486044e-19,2.06759289737761e-20,-8.338711010329035e-20
axial_m,-0.006400000000000003,0.006883120223026245,4.748551119016079e-19,2.833939438594237e-19,3.906933549232798e-19,-2.1484001356267965e-22,6.539545458309792e-21,2.975500881004146e-19,8.59887648086669e-21,-5.1759949201200116e-20
axial_m,-0.0063,0.0067776964880803614,2.8411894662828533e-19,1.9747526830029e-19,3.7014345185608233e-19,-5.015493436898483e-21,2.1752513824624618e-20,2.466212949694634e-19,3.308157752533118e-20,-1.0630044164322843e-19
axial_m,-0.006199999999999997,0.00667217299903413,3.408332065885661e-19,2.0060615535682528e-19,3.158818885790942e-19,-4.432243583866364e-21,1.6365427215359454e-20,4.370631092284193e-19,2.5251407067560573e-20,-5.485425714850602e-20
axial_m,-0.006100000000000008,0.006566551288642896,4.447606202254801e-19,7.948597300199562e-20,3.628845485883338e-19,3.4169479467423234e-21,-6.708220002060335e-21,1.721429459324915e-19,-1.596935680146921e-20,-1.2790758750331739e-20
axial_m,-0.006000000000000005,0.00646083289207179,2.943780018267026e-19,2.590596314008862e-19,3.405226481734094e-19,-6.5201053887877954e-21,2.590919012036052e-20,3.8336360229469714e-19,3.471302828863699e-20,-1.188807022855144e-19
axial_m,-0.0059000000000000025,0.006355019346858636,4.549359321689791e-19,-7.936913818979411e-20,3.827270145946195e-19,7.802391604344759e-21,-1.458328142139651e-20,9.801176367910575e-20,-4.630596224009597e-21,-1.3775785438239529e-21
axial_m,-0.0058,0.006249112192876622,2.514655816615299e-19,3.4288828357813524e-19,3.3938861918158943e-19,-2.5019067530240327e-21,7.458376285209616e-21,2.273648841554726e-19,-4.1613497275557366e-22,-5.184706853059721e-20
axial_m,-0.005699999999999997,0.006143112972296989,3.74713358714687e-19,3.310887576588212e-20,3.3124684189349528e-19,-2.5683555144879355e-22,-5.065344233375379e-21,1.3771057302228945e-19,1.772289865950364e-21,-2.1063910353965967e-20
axial_m,-0.005600000000000008,0.0060370232295516085,4.382755669095189e-19,-2.858553006457239e-20,3.6090864005987147e-19,3.983583866023059e-21,-9.330114351944185e-21,-5.909606105121491e-20,-2.187417088854089e-20,4.699832189158494e-20
axial_m,-0.005500000000000005,0.00593084451129544,2.8316958529079985e-19,3.6622089842070027e-19,3.030987234361718e-19,-9.497141544669813e-22,1.0236473872223772e-20,1.7788503539919855e-19,1.0151008637140343e-20,-4.901117974061099e-20
axial_m,-0.005400000000000002,0.005824578366369043,3.3513723085658893e-19,2.5366529216412154e-19,3.4550153555564123e-19,2.234872719582265e-21,1.3095878163581842e-20,1.8013806757215622e-19,7.16886508962003e-21,-2.779536882266113e-20
axial_m,-0.005299999999999999,0.005718226345760859,3.4578993542041963e-19,9.804317069121468e-20,3.3069417199208034e-19,6.910526004845208e-22,5.143867083061946e-21,2.1185109273573841e-19,1.7047675528275557e-20,-5.982517539634147e-20
axial_m,-0.00520000000000001,0.005611790002569537,2.457680973409618e-19,2.0451930918042322e-19,2.951635615633193e-19,-1.7221788540616687e-21,1.320082673906894e-21,1.3314881002859279e-19,2.624447846314281e-21,-2.8208892856841355e-20
axial_m,-0.005100000000000007,0.005505270891966061,2.704598205909779e-19,4.6031669212667615e-19,2.4959465025372243e-19,-8.021326509870095e-21,1.378841362474377e-20,2.7700703397019716e-19,8.490276724361242e-21,-7.491775992167479e-20
axial_m,-0.0050000000000000044,0.005398670571155981,3.0183947319132074e-19,4.0640874078156957e-19,2.831228292354381e-19,1.93376133343891e-22,1.518982931152479e-20,2.926101607947667e-19,1.5837909927033944e-20,-7.975497851435501e-20
axial_m,-0.004900000000000002,0.005291990599341418,2.8274580735209395e-19,9.127601266989135e-20,2.7227830549866214e-19,-3.51786273740979e-21,1.6120795603134937e-20,2.735709237990789e-19,2.1503936198232535e-20,-6.727101636491125e-20
axial_m,-0.004799999999999999,0.005185232537683062,2.0804971285547073e-19,2.8951900957198e-19,2.8382502355482566e-19,-2.5224656774324823e-21,7.144069817792752e-22,1.512362904253473e-19,8.269872460065704e-21,-5.564907899486215e-20
axial_m,-0.00470000000000001,0.0050783979492621326,3.0229377930511575e-19,2.64429986156785e-19,2.9723081851451135e-19,8.59889367577005e-22,-2.5840037762610775e-22,1.2065809747598643e-19,9.975299746469024e-21,-3.2604073764818967e-20
axial_m,-0.004600000000000007,0.0049714883990421635,3.127019845228201e-19,8.542100673197948e-20,2.9254400165949244e-19,-1.2807100385515666e-22,-1.2719216885774989e-21,2.1224628167082573e-19,1.4229917958883536e-20,-4.081191763131878e-20
axial_m,-0.004500000000000004,0.004864505453830897,3.475492673175564e-19,5.043693503324351e-20,2.8012383180476524e-19,-1.7141712415238924e-21,1.9463259314463068e-20,9.631958139345263e-20,4.256420106502477e-21,-7.193891521646005e-20
axial_m,-0.004400000000000001,0.004757450682241956,2.974421477740609e-19,8.584165743801745e-20,2.7049209348135086e-19,2.0460538995813667e-22,-1.3215231061447792e-22,1.4554575762645089e-19,6.703524462173117e-21,-2.237550182240479e-20
axial_m,-0.004299999999999998,0.004650325654656527,2.441194829102473e-19,7.893542934101269e-20,2.0513675424786514e-19,-1.0205306380539115e-20,1.4210836417641737e-20,1.6834447585617785e-19,1.9085720248988812e-20,-5.447776757447411e-20
axial_m,-0.004200000000000009,0.004543131943184984,1.7258896671572272e-19,2.324139871624727e-19,2.267241128883302e-19,-4.275503771103969e-21,1.379983362006971e-20,3.172986398110949e-19,2.4895316020020035e-20,-9.184226266212301e-20
axial_m,-0.004100000000000006,0.004435871121628388,2.7651005028309016e-19,4.6637468640367616e-20,2.1320329654579988e-19,-4.761033291605024e-21,2.2103914418702783e-20,1.7971137367929376e-19,1.0227643473951056e-20,-2.4128675025216663e-20
axial_m,-0.0040000000000000036,0.004328544765440045,2.203901468819401e-19,4.8274177969521576e-20,2.4424992883517373e-19,1.7825506173434076e-22,7.01507854991297e-21,1.5927488185669673e-19,2.133369508204668e-20,-4.4512697450034165e-20
axial_m,-0.0039000000000000007,0.004221154451686913,2.4761383195710486e-19,4.821373030000059e-20,2.181718311251247e-19,-5.37155944062196e-21,8.257220827035477e-21,1.2496093612367337e-19,6.899815694701375e-21,-1.6629484718770863e-20
axial_m,-0.003799999999999998,0.004113701759010971,2.059559387739085e-19,2.674979665483209e-19,2.6643940406912066e-19,-4.177775049178272e-22,2.08495935904919e-21,-1.9186418513479713e-20,-3.464017281439288e-21,-1.3115023524347896e-20
axial_m,-0.003700000000000009,0.004006188267590573,1.8669626663612476e-19,1.6864500906124896e-19,2.0177795604483253e-19,-2.2191122833638198e-21,8.605378289292873e-21,5.95517422308087e-20,4.910817869491818e-21,-8.24432751469283e-21
axial_m,-0.003600000000000006,0.003898615559101646,1.4563846902090763e-19,3.0830862717859645e-19,1.7467925063919404e-19,-6.271045196350511e-21,1.9474749615160626e-20,1.591835468092095e-19,1.3065576230833454e-20,-4.243033651856777e-20
axial_m,-0.003500000000000003,0.0037909852166790182,1.8285222895724271e-19,2.5877275615387314e-19,2.2146261354120903e-19,1.3544626850879775e-21,6.020920030646466e-21,1.9212197615254963e-19,1.333236448742166e-20,-5.025968141018394e-20
axial_m,-0.0034000000000000002,0.003683298824877511,1.9604418179890482e-19,1.3220544405516454e-19,2.294120996247894e-19,2.4204412324055707e-21,4.794168472154329e-24,-1.5842506209831507e-21,-1.2980482336826672e-20,1.4108457103381092e-20
axial_m,-0.0032999999999999974,0.003575557969633089,1.9283794705621328e-19,6.304981909483033e-20,1.9976049652771518e-19,-5.41832487403493e-22,8.089329968984281e-21,1.3848543429851826e-19,7.993762606841013e-21,-5.501635401773425e-20
axial_m,-0.0032000000000000084,0.003467764238223939,1.9746130719876906e-19,4.2378489125692195e-20,2.185317439574009e-19,8.824532635004587e-22,4.911754460357399e-21,1.2931651714121012e-19,4.840934443507257e-21,-6.245522347294143e-20
axial_m,-0.0031000000000000055,0.0033599192192314414,1.7472795209140157e-19,1.2997063562287791e-19,1.7711309509252813e-19,-1.4751300207867773e-21,1.2813958779312013e-20,2.416227399872474e-19,1.5329935253868642e-20,-6.961387366107115e-20
axial_m,-0.0030000000000000027,0.0032520245025012386,1.465184369701265e-19,1.1244389347532482e-19,1.8576137466875915e-19,1.534006808838005e-21,5.408408382197468e-21,2.3483987108357888e-19,1.758791076277438e-20,-5.973163626872574e-20
axial_m,-0.0029,0.003144081679104121,7.323538640342221e-20,1.6489818185255013e-19,1.5051026218711087e-19,-3.9281471752748744e-21,8.261592543081739e-21,1.0183706733930613e-19,1.4397678118129122e-20,-4.047583638030351e-20
axial_m,-0.002799999999999997,0.003036092341296928,1.8621720536842053e-19,-3.2792106748871135e-20,1.91329568228811e-19,1.9741437258323308e-21,-2.7922163438217847e-21,4.227516686286482e-20,1.4123309655549472e-21,-1.359385993837578e-20
axial_m,-0.002700000000000008,0.002928058082483425,1.521204234595653e-19,1.5460876272468327e-19,1.4709486287626512e-19,-2.9297121409738575e-21,9.492004984434435e-21,1.5274457423507648e-19,1.6593925345158464e-20,-3.9407542010281204e-20
axial_m,-0.002600000000000005,0.002819980497175055,1.19255100936075e-19,1.386994386288209e-19,1.3926837554565865e-19,-3.430349443751753e-21,9.914161579995695e-21,6.953989553015621e-20,2.533757232381094e-21,-2.0387586504864908e-20
axial_m,-0.0025000000000000022,0.002711861180951812,1.7799579125032787e-19,-8.151340182369178e-20,1.4535490671382768e-19,-2.160988583103388e-21,5.878980564086607e-21,1.1742454111277096e-19,9.998329329790558e-21,-2.866576264868971e-20
axial_m,-0.0023999999999999994,0.0026037017304229113,1.1250922523628968e-19,1.743781283896966e-19,1.2850629310558853e-19,-2.270368500653689e-21,6.401987491661326e-21,1.074204644033953e-19,8.690364689857352e-21,-2.9063221450803115e-20
axial_m,-0.0022999999999999965,0.002495503743187519,1.3393007925081426e-19,1.0311325556319469e-19,1.3466834384405613e-19,-1.7385315409797034e-21,3.500072688797689e-21,8.908938422959177e-20,4.408024973173982e-21,-2.190836864192681e-20
axial_m,-0.0022000000000000075,0.002387268817795432,1.925904650728544e-19,-7.922850066517638e-21,1.5270504238036586e-19,2.136631980883097e-21,-4.673415420024498e-22,3.254471917178226e-20,-2.978838235035047e-21,-1.5632873173016159e-21
axial_m,-0.0021000000000000046,0.002278998553707658,1.2919787577135905e-19,9.15671723017852e-20,1.3173783339343718e-19,1.3389582493848846e-21,-2.108442284723191e-21,3.406243171584446e-20,2.029015392799431e-21,-2.737100229669977e-21
axial_m,-0.0020000000000000018,0.0021706945512571132,1.1620378445730214e-19,-2.9016672281360774e-20,1.1853411307903665e-19,-3.919343554672312e-22,3.080425481737192e-21,6.228875775335373e-20,5.0520042244925504e-21,-1.0601552252120889e-20
axial_m,-0.001899999999999999,0.002062358411609134,1.2304188055898737e-19,1.6101251330090998e-20,1.216582633327225e-19,-1.1981518200301481e-21,4.765358649857391e-22,-1.1010275121164747e-20,-1.408170181626453e-21,-9.395989084266928e-21
axial_m,-0.00180000000000001,0.0019539917367220596,9.206239331451118e-20,3.6385658278326345e-20,9.501368701436493e-20,-3.0332391952225524e-21,8.895457195640559e-21,8.265677386242399e-20,7.071096633950712e-21,-2.980866418772123e-20
axial_m,-0.001700000000000007,0.0018455961293076875,1.0245987008249588e-19,1.2578201827824547e-20,1.1575703786755456e-19,1.9927373560505587e-21,-2.16153492157353e-21,4.1285648166576064e-20,3.417727454692595e-21,-1.490804032762861e-20
axial_m,-0.0016000000000000042,0.0017371731927918626,1.2300422216857322e-19,5.520488320675316e-20,1.1297414934860696e-19,1.1736874304838216e-21,-1.3268191855689673e-22,4.7711362450764635e-20,1.872776871604325e-21,-1.761995904220893e-20
axial_m,-0.0015000000000000013,0.0016287245312748815,1.0849233796543778e-19,2.575331823481909e-20,8.839047383474249e-20,-3.309701595419281e-22,4.335233840237112e-21,7.015864181024962e-20,2.4298653859037464e-21,-2.8330508009442e-20
axial_m,-0.0013999999999999985,0.0015202517494919577,9.745941947982214e-20,-6.689471278115555e-20,7.787087726985662e-20,-1.0739431584491028e-21,2.2687656023300573e-21,7.560978118499512e-20,7.228268936468061e-21,-1.7789904944774788e-20
axial_m,-0.0013000000000000095,0.001411756452773657,7.388347897523647e-20,1.026064540483008e-19,8.735109273847995e-20,1.1190612932816457e-22,3.642982683026701e-21,1.039327510860703e-19,6.335164167877889e-21,-2.6610597893571144e-20
axial_m,-0.0012000000000000066,0.001303240247006245,8.873151211161426e-20,4.4385874006090676e-20,9.248480229650515e-20,1.4186663005384701e-21,-8.36408171927946e-22,1.4177335292954254e-20,-1.3467280192584355e-21,-6.017454424101682e-21
axial_m,-0.0011000000000000038,0.001194704738592159,5.97395892711117e-20,2.5404849489600458e-20,6.948324002244258e-20,-7.9375062773218e-23,7.625856671435726e-22,2.128166581482504e-20,4.4755564226787715e-22,-7.04180090569285e-21
axial_m,-0.0010000000000000009,0.0010861515344103149,4.838688568388537e-20,6.452659115257721e-20,6.26958538301021e-20,-2.3225600086494645e-23,2.3510135070746412e-21,2.2966030847057745e-20,3.449797299767087e-21,-8.601712622893084e-21
axial_m,-0.000899999999999998,0.0009775822417764724,5.1487475533352834e-20,-1.5723868314286262e-20,4.8920171543841525e-20,-4.905411620263132e-22,1.0836714150530274e-22,3.046609438627369e-20,-6.275727218971765e-22,-7.335488363085238e-21
axial_m,-0.000800000000000009,0.0008689984684035847,4.5072744684675197e-20,3.7825345720110204e-20,4.625430212002347e-20,-1.695746867846162e-22,3.2829963108775866e-21,5.311653282447559e-20,3.4215126599138445e-21,-1.6328117441442323e-20
axial_m,-0.0007000000000000062,0.0007604018223620615,3.762715200456734e-20,3.65131609048988e-20,4.0231544408291983e-20,-7.078354002707078e-22,9.289298437920635e-22,4.5821833551769625e-20,1.445298792763772e-21,-9.737778596194442e-21
axial_m,-0.0006000000000000033,0.0006517939120401651,2.8531019394778274e-20,3.7394228811389026e-20,3.2951222376631644e-20,-5.500746169641416e-22,2.4653797520926662e-21,3.105029059969423e-20,1.7851314442791908e-21,-8.815545414312774e-21
axial_m,-0.0005000000000000004,0.0005431763461042504,3.140247068572449e-20,6.5198803493409574e-21,3.3033074376231096e-20,3.512989724525674e-22,1.1577092278515197e-21,1.6067674087376942e-20,1.5516277819645054e-21,-4.4295018051098455e-21
axial_m,-0.0003999999999999976,0.0004345507334590674,2.4564662818314598e-20,2.0834443981290612e-20,2.5082034160909235e-20,-1.987380007683471e-22,1.569759272529259e-21,1.415468100188455e-20,5.291312681831926e-22,-4.750628044103305e-21
axial_m,-0.0003000000000000086,0.0003259186832080564,1.1695071188641296e-20,1.5848937847569096e-20,1.5983173587658964e-20,-5.599400045856293e-22,1.1410515855951492e-21,1.3787449818000178e-20,8.523006014061504e-22,-4.4127367933501234e-21
axial_m,-0.00020000000000000573,0.0002172818046135607,1.1405190072344318e-20,1.4235890180375405e-20,1.1611618838199796e-20,-6.430049101308199e-23,1.2201917100933174e-22,2.348382917285485e-21,2.508909736414072e-22,-1.165201590276181e-21
axial_m,-0.00010000000000000286,0.00010864170705718539,6.920406937875443e-21,2.097564234721108e-21,6.393136892578953e-21,7.099882125874566e-23,-5.3504699511315e-23,4.946661063951219e-21,1.5204923882951252e-22,-1.7477941822547712e-21
axial_m,0.0,0.0,0.0,0.0,0.0,0.0,0.0,0.0,0.0,0.0
axial_m,0.00010000000000000286,-0.00010864170705718539,-6.920406937875443e-21,-2.097564234721108e-21,-6.393136892578953e-21,-7.099882125874566e-23,5.3504699511315e-23,-4.946661063951219e-21,-1.5204923882951252e-22,1.7477941822547712e-21
axial_m,0.00019999999999999185,-0.00021728180461354563,-1.1606326478465961e-20,-6.250573638700143e-21,-1.1847328226682662e-20,2.1087247100004475e-22,-6.549930091588409e-22,2.4997931217451837e-22,2.316207071449182e-22,2.0969310303727887e-21
axial_m,0.0002999999999999947,-0.0003259186832080414,-1.756923474805224e-20,-2.2944333150704817e-20,-2.0247205555158235e-20,-2.623913511469082e-22,-2.618678649308835e-22,-4.094209589464027e-21,-1.2215478563882982e-22,1.9451549034421966e-21
axial_m,0.0003999999999999976,-0.0004345507334590674,-2.4564662818314598e-20,-2.0834443981290612e-20,-2.5082034160909235e-20,1.987380007683471e-22,-1.569759272529259e-21,-1.415468100188455e-20,-5.291312681831926e-22,4.750628044103305e-21
axial_m,0.0005000000000000004,-0.0005431763461042504,-3.140247068572449e-20,-6.5198803493409574e-21,-3.3033074376231096e-20,-3.512989724525674e-22,-1.1577092278515197e-21,-1.6067674087376942e-20,-1.5516277819645054e-21,4.4295018051098455e-21
axial_m,0.0006000000000000033,-0.0006517939120401651,-2.8531019394778274e-20,-3.7394228811389026e-20,-3.2951222376631644e-20,5.500746169641416e-22,-2.4653797520926662e-21,-3.105029059969423e-20,-1.7851314442791908e-21,8.815545414312774e-21
axial_m,0.0006999999999999923,-0.0007604018223620466,-3.385721581123752e-20,-2.0340496837570826e-20,-4.5209948175136e-20,4.8162263139039604e-23,2.6234834346221436e-22,-2.7083496462106648e-20,-1.3071552606748023e-21,9.310618762057389e-21
axial_m,0.0007999999999999952,-0.0008689984684035699,-5.295822470252895e-20,-2.239210062792191e-20,-5.691260179633394e-20,-6.063975261242856e-22,7.925216780190241e-22,-6.944070730764191e-21,1.1428061697031703e-21,6.375534106263209e-21
axial_m,0.000899999999999998,-0.0009775822417764724,-5.1487475533352834e-20,1.5723868314286262e-20,-4.8920171543841525e-20,4.905411620263132e-22,-1.0836714150530274e-22,-3.046609438627369e-20,6.275727218971765e-22,7.335488363085238e-21
axial_m,0.0010000000000000009,-0.0010861515344103149,-4.838688568388537e-20,-6.452659115257721e-20,-6.26958538301021e-20,2.3225600086494645e-23,-2.3510135070746412e-21,-2.2966030847057745e-20,-3.449797299767087e-21,8.601712622893084e-21
axial_m,0.0010999999999999899,-0.001194704738592144,-5.1534537621422946e-20,-6.807619485123706e-20,-5.813194998776236e-20,9.832555963363016e-22,-6.084124634362902e-21,-6.23260079276946e-20,-2.841337442297918e-21,1.5331042774306246e-20
axial_m,0.0011999999999999927,-0.0013032402470062301,-1.0254782086992814e-19,-2.969204788904206e-20,-7.331484283088028e-20,-1.6510219426702335e-22,-1.2868628874252979e-21,-5.731054352715663e-20,-3.0584986424037408e-21,1.441868039907673e-20
axial_m,0.0012999999999999956,-0.001411756452773642,-9.57450535673216e-20,6.326420000442749e-20,-8.051739931002154e-20,-4.469351251696681e-22,1.144246223906217e-21,-4.549250003321832e-22,3.491385457067218e-21,-2.9764351986057315e-21
axial_m,0.0013999999999999985,-0.0015202517494919577,-9.745941947982214e-20,6.689471278115555e-20,-7.787087726985662e-20,1.0739431584491028e-21,-2.2687656023300573e-21,-7.560978118499512e-20,-7.228268936468061e-21,1.7789904944774788e-20
axial_m,0.0015000000000000013,-0.0016287245312748815,-1.0849233796543778e-19,-2.575331823481909e-20,-8.839047383474249e-20,3.309701595419281e-22,-4.335233840237112e-21,-7.015864181024962e-20,-2.4298653859037464e-21,2.8330508009442e-20
axial_m,0.0015999999999999903,-0.0017371731927918472,-9.061134862162608e-20,-6.9563352316617e-20,-9.25614908831502e-20,2.376855898704511e-21,-5.566881128640983e-21,-6.222591563857883e-22,-9.878933409392405e-22,7.021869435719639e-21
axial_m,0.0016999999999999932,-0.0018455961293076726,-8.832398969234702e-20,-1.4610352774589688e-19,-1.0234092636146632e-19,4.894807027376945e-22,-2.0203899157953477e-21,-5.2756174531927334e-20,3.107474500312496e-22,1.7343076023284126e-20
axial_m,0.001799999999999996,-0.0019539917367220445,-9.442952713137813e-20,-5.2222965338469536e-20,-1.1830641909313296e-19,-3.3047653784496332e-22,-1.7752223288551467e-21,-9.827235573622698e-20,-9.899717596488281e-21,1.7015290215588212e-20
axial_m,0.001899999999999999,-0.002062358411609134,-1.2304188055898737e-19,-1.6101251330090998e-20,-1.216582633327225e-19,1.1981518200301481e-21,-4.765358649857391e-22,1.1010275121164747e-20,1.408170181626453e-21,9.395989084266928e-21
axial_m,0.0020000000000000018,-0.0021706945512571132,-1.1620378445730214e-19,2.9016672281360774e-20,-1.1853411307903665e-19,3.919343554672312e-22,-3.080425481737192e-21,-6.228875775335373e-20,-5.0520042244925504e-21,1.0601552252120889e-20
axial_m,0.0020999999999999908,-0.002278998553707643,-1.4940952020555096e-19,-1.6403023186547392e-19,-1.1928182724655092e-19,1.6050649942849519e-21,-8.57531243990352e-21,-4.377079510362541e-20,-2.09881023154734e-21,4.906727733452716e-21
axial_m,0.0021999999999999936,-0.002387268817795415,-7.70619403675764e-20,-1.9258009400705575e-19,-1.2608132237165907e-19,2.3707464874446336e-21,-8.546299500694613e-21,-1.0742303717433445e-19,-9.442560439418039e-21,1.5577687467586665e-20
axial_m,0.0022999999999999965,-0.002495503743187519,-1.3393007925081426e-19,-1.0311325556319469e-19,-1.3466834384405613e-19,1.7385315409797034e-21,-3.500072688797689e-21,-8.908938422959177e-20,-4.408024973173982e-21,2.190836864192681e-20
axial_m,0.0023999999999999994,-0.0026037017304229113,-1.1250922523628968e-19,-1.743781283896966e-19,-1.2850629310558853e-19,2.270368500653689e-21,-6.401987491661326e-21,-1.074204644033953e-19,-8.690364689857352e-21,2.9063221450803115e-20
axial_m,0.0025000000000000022,-0.002711861180951812,-1.7799579125032787e-19,8.151340182369178e-20,-1.4535490671382768e-19,2.160988583103388e-21,-5.878980564086607e-21,-1.1742454111277096e-19,-9.998329329790558e-21,2.866576264868971e-20
axial_m,0.002599999999999991,-0.002819980497175041,-2.0939924263736839e-19,1.5077458608295395e-19,-1.5684410328533874e-19,-1.4439118317226394e-22,5.858865634275006e-21,-2.544775259235406e-20,-9.186395433240194e-22,-4.4080675601721786e-21
axial_m,0.002699999999999994,-0.0029280580824834093,-1.2777281574638942e-19,-2.315083361392101e-19,-1.4585346438079707e-19,3.4766313240557824e-21,-1.0455974412925238e-20,-1.0909736899633957e-19,-8.230031881144984e-21,2.9693284891546984e-20
axial_m,0.002799999999999997,-0.003036092341296928,-1.8621720536842053e-19,3.2792106748871135e-20,-1.91329568228811e-19,-1.9741437258323308e-21,2.7922163438217847e-21,-4.227516686286482e-20,-1.4123309655549472e-21,1.359385993837578e-20
axial_m,0.0029,-0.003144081679104121,-7.323538640342221e-20,-1.6489818185255013e-19,-1.5051026218711087e-19,3.9281471752748744e-21,-8.261592543081739e-21,-1.0183706733930613e-19,-1.4397678118129122e-20,4.047583638030351e-20
axial_m,0.0030000000000000027,-0.0032520245025012386,-1.465184369701265e-19,-1.1244389347532482e-19,-1.8576137466875915e-19,-1.534006808838005e-21,-5.408408382197468e-21,-2.3483987108357888e-19,-1.758791076277438e-20,5.973163626872574e-20
axial_m,0.0030999999999999917,-0.003359919219231426,-2.3434096061550315e-19,-8.474567632863749e-20,-2.0366942622427205e-19,-1.4857292666620533e-21,1.6619444954134147e-21,-2.0114306587563057e-19,-5.90882324319959e-21,4.500375944131088e-20
axial_m,0.0031999999999999945,-0.0034677642382239236,-2.257182174667322e-19,-1.1632038663966028e-19,-2.080935624209854e-19,-9.713529826743243e-22,-3.542668182981305e-21,-8.51590912185471e-20,-3.067570464825217e-21,3.803580420853626e-20
axial_m,0.0032999999999999974,-0.003575557969633089,-1.9283794705621328e-19,-6.304981909483033e-20,-1.9976049652771518e-19,5.41832487403493e-22,-8.089329968984281e-21,-1.3848543429851826e-19,-7.993762606841013e-21,5.501635401773425e-20
axial_m,0.0034000000000000002,-0.003683298824877511,-1.9604418179890482e-19,-1.3220544405516454e-19,-2.294120996247894e-19,-2.4204412324055707e-21,-4.794168472154329e-24,1.5842506209831507e-21,1.2980482336826672e-20,-1.4108457103381092e-20
axial_m,0.003500000000000003,-0.0037909852166790182,-1.8285222895724271e-19,-2.5877275615387314e-19,-2.2146261354120903e-19,-1.3544626850879775e-21,-6.020920030646466e-21,-1.9212197615254963e-19,-1.333236448742166e-20,5.025968141018394e-20
axial_m,0.003599999999999992,-0.003898615559101633,-2.2649989727000984e-19,-2.571683160832386e-19,-2.4485493724793173e-19,-2.885285445931264e-21,3.484859622123792e-22,-1.0625262948102722e-19,-5.953191003019964e-21,4.781311317320102e-20
axial_m,0.003699999999999995,-0.004006188267590558,-2.234109252773325e-19,-2.455445824757758e-19,-2.0053655754936446e-19,2.766031466445748e-21,-9.56934771778368e-21,-1.37827851611697e-19,-1.2571263316740365e-20,7.674703141139542e-21
axial_m,0.003799999999999998,-0.004113701759010971,-2.059559387739085e-19,-2.674979665483209e-19,-2.6643940406912066e-19,4.177775049178272e-22,-2.08495935904919e-21,1.9186418513479713e-20,3.464017281439288e-21,1.3115023524347896e-20
axial_m,0.0039000000000000007,-0.004221154451686913,-2.4761383195710486e-19,-4.821373030000059e-20,-2.181718311251247e-19,5.37155944062196e-21,-8.257220827035477e-21,-1.2496093612367337e-19,-6.899815694701375e-21,1.6629484718770863e-20
axial_m,0.0040000000000000036,-0.004328544765440045,-2.203901468819401e-19,-4.8274177969521576e-20,-2.4424992883517373e-19,-1.7825506173434076e-22,-7.01507854991297e-21,-1.5927488185669673e-19,-2.133369508204668e-20,4.4512697450034165e-20
axial_m,0.0040999999999999925,-0.004435871121628371,-2.3854680613921157e-19,-1.2945239385601186e-19,-2.8543989696386734e-19,-1.071143000483554e-21,5.370278588571018e-21,-1.3852943788714627e-19,-1.0501849352440101e-20,2.845447491862849e-20
axial_m,0.004199999999999995,-0.004543131943184971,-2.4499264659158037e-19,-1.7831600016655612e-19,-2.59951268972256e-19,-1.9433038127031044e-21,-7.280343958497597e-21,-1.542972170413151e-19,-1.1476507995708114e-20,1.244663952832402e-20
axial_m,0.004299999999999998,-0.004650325654656527,-2.441194829102473e-19,-7.893542934101269e-20,-2.0513675424786514e-19,1.0205306380539115e-20,-1.4210836417641737e-20,-1.6834447585617785e-19,-1.9085720248988812e-20,5.447776757447411e-20
axial_m,0.004400000000000001,-0.004757450682241956,-2.974421477740609e-19,-8.584165743801745e-20,-2.7049209348135086e-19,-2.0460538995813667e-22,1.3215231061447792e-22,-1.4554575762645089e-19,-6.703524462173117e-21,2.237550182240479e-20
axial_m,0.00449999999999999,-0.004864505453830882,-2.2150058154166734e-19,-3.627125461636286e-19,-2.877987597453453e-19,-4.2568928463903645e-21,-2.715290469392963e-21,-1.7177362649973093e-19,-9.818087151536439e-21,4.190256034598911e-20
axial_m,0.004599999999999993,-0.004971488399042147,-2.357498588285051e-19,-1.6527825604706503e-19,-2.6882941543926293e-19,5.565797438770929e-22,-4.479265210964573e-21,-5.2066923175655895e-20,-2.909888336786204e-21,-9.116975005562559e-21
axial_m,0.004699999999999996,-0.005078397949262117,-3.559239346928126e-19,1.9128686753872455e-20,-3.343506084176351e-19,-4.2543047170360866e-21,1.3053481410601308e-21,-1.9941758724549055e-19,-9.860574708326197e-21,3.2689072807804313e-20
axial_m,0.004799999999999999,-0.005185232537683062,-2.0804971285547073e-19,-2.8951900957198e-19,-2.8382502355482566e-19,2.5224656774324823e-21,-7.144069817792752e-22,-1.512362904253473e-19,-8.269872460065704e-21,5.564907899486215e-20
axial_m,0.004900000000000002,-0.005291990599341418,-2.8274580735209395e-19,-9.127601266989135e-20,-2.7227830549866214e-19,3.51786273740979e-21,-1.6120795603134937e-20,-2.735709237990789e-19,-2.1503936198232535e-20,6.727101636491125e-20
axial_m,0.0049999999999999906,-0.0053986705711559675,-2.6222629888954895e-19,-1.1693471606979472e-19,-2.5111895779637575e-19,7.285788980884954e-21,-2.0036362260198368e-20,-1.2936699684688829e-19,-4.706950430782173e-21,2.9918934648103575e-20
axial_m,0.005099999999999993,-0.0055052708919660475,-3.240899759786747e-19,1.8961557891028295e-19,-3.442303270606939e-19,-1.3332734465306428e-21,9.266490703913449e-21,-3.156201633903393e-21,6.740690512388511e-21,-2.867860265617846e-20
axial_m,0.005199999999999996,-0.005611790002569523,-2.6721718939357365e-19,-2.8141888259495003e-19,-3.1727737749259945e-19,-3.6915325235946985e-22,-1.0982462785972234e-20,-2.0502450368681296e-19,-1.746774267486825e-20,2.652622692431654e-20
axial_m,0.005299999999999999,-0.005718226345760859,-3.4578993542041963e-19,-9.804317069121468e-20,-3.3069417199208034e-19,-6.910526004845208e-22,-5.143867083061946e-21,-2.1185109273573841e-19,-1.7047675528275557e-20,5.982517539634147e-20
axial_m,0.005400000000000002,-0.005824578366369043,-3.3513723085658893e-19,-2.5366529216412154e-19,-3.4550153555564123e-19,-2.234872719582265e-21,-1.3095878163581842e-20,-1.8013806757215622e-19,-7.16886508962003e-21,2.779536882266113e-20
axial_m,0.005499999999999991,-0.005930844511295425,-3.809465102863912e-19,-4.431204718352271e-19,-3.3899800418495674e-19,-3.3668958728475494e-21,-3.6478437059338444e-21,-2.5663309522561076e-19,-1.0220134161144234e-20,4.9080699652514733e-20
axial_m,0.005599999999999994,-0.006037023229551594,-3.02119202602492e-19,-7.633151841992054e-19,-2.9116682403166493e-19,7.300081701825744e-21,-1.283760972908459e-20,-2.326136508112553e-19,-1.613770377833544e-20,5.975685330764491e-20
axial_m,0.005699999999999997,-0.006143112972296989,-3.74713358714687e-19,-3.310887576588212e-20,-3.3124684189349528e-19,2.5683555144879355e-22,5.065344233375379e-21,-1.3771057302228945e-19,-1.772289865950364e-21,2.1063910353965967e-20
axial_m,0.0058,-0.006249112192876622,-2.514655816615299e-19,-3.4288828357813524e-19,-3.3938861918158943e-19,2.5019067530240327e-21,-7.458376285209616e-21,-2.273648841554726e-19,4.1613497275557366e-22,5.184706853059721e-20
axial_m,0.0059000000000000025,-0.006355019346858636,-4.549359321689791e-19,7.936913818979411e-20,-3.827270145946195e-19,-7.802391604344759e-21,1.458328142139651e-20,-9.801176367910575e-20,4.630596224009597e-21,1.3775785438239529e-21
axial_m,0.0059999999999999915,-0.006460832892071775,-3.752394300758048e-19,-3.3004385301429556e-19,-4.1772781793836216e-19,-3.784694685288962e-21,-2.7171242977835097e-21,-2.175514432258178e-19,-1.5812117870692696e-20,6.980760973751305e-20
axial_m,0.006099999999999994,-0.00656655128864288,-3.271696828228357e-19,-1.5047019461540497e-19,-3.286772079525242e-19,7.870068583597849e-21,-2.7881319280041554e-20,-4.690363678093309e-19,-3.6847017460205297e-20,1.180819478373877e-19
axial_m,0.006199999999999997,-0.00667217299903413,-3.408332065885661e-19,-2.0060615535682528e-19,-3.158818885790942e-19,4.432243583866364e-21,-1.6365427215359454e-20,-4.370631092284193e-19,-2.5251407067560573e-20,5.485425714850602e-20
axial_m,0.0063,-0.0067776964880803614,-2.8411894662828533e-19,-1.9747526830029e-19,-3.7014345185608233e-19,5.015493436898483e-21,-2.1752513824624618e-20,-2.466212949694634e-19,-3.308157752533118e-20,1.0630044164322843e-19
axial_m,0.006400000000000003,-0.006883120223026245,-4.748551119016079e-19,-2.833939438594237e-19,-3.906933549232798e-19,2.1484001356267965e-22,-6.539545458309792e-21,-2.975500881004146e-19,-8.59887648086669e-21,5.1759949201200116e-20
axial_m,0.006499999999999992,-0.006988442673563347,-2.7746532381311804e-19,-3.5717156273306013e-19,-3.677382411656952e-19,8.793228403926802e-22,9.476771853161458e-22,-2.109987044936948e-19,2.4642947581881707e-21,-2.548606665223821e-20
axial_m,0.006599999999999995,-0.007093662311867219,-3.9430807456078143e-19,-8.481959888110604e-20,-4.083484206107083e-19,1.4900848334882548e-21,-1.8389102213545286e-20,-1.6335880659747786e-19,-9.139432907376634e-21,7.551420260606512e-20
axial_m,0.006699999999999998,-0.007198777612634219,-3.8912051629474593e-19,-2.057227869451265e-19,-3.6945646609662104e-19,7.413372037055102e-21,-3.100176981740041e-20,-3.305845565336019e-19,-3.628363888436948e-20,1.0838986511143859e-19
axial_m,0.0068000000000000005,-0.007303787053118426,-4.151224837962592e-19,-2.494978131627607e-19,-3.729564642014574e-19,6.915431171122094e-21,-1.0619575872998814e-20,-1.5266236888590754e-19,-6.447777896229367e-21,4.890278432236155e-20
axial_m,0.006900000000000003,-0.007408689113168378,-3.990774804529679e-19,-2.3820747051228494e-20,-4.1330877163510766e-19,1.500864908990286e-21,-1.4061855727765777e-20,-3.444801257582882e-19,-6.92838780856305e-21,3.735348638011257e-20
axial_m,0.006999999999999992,-0.007513482275263698,-4.119059064691287e-19,-1.6914174268620095e-19,-4.0559149670939995e-19,2.5144955141399546e-21,-1.747250781120966e-20,-2.6715665518638803e-19,-1.869688741988117e-20,1.1806873905454795e-19
axial_m,0.007099999999999995,-0.0076181650245517605,-5.277011340302446e-19,-1.8809416058968147e-19,-4.445395316416883e-19,2.3306242308675026e-21,-1.3927273958643486e-20,8.722745945209996e-20,1.0191087496872528e-20,2.745073523323366e-20
axial_m,0.007199999999999998,-0.00772273584888405,-3.9879423967438796e-19,-3.0750201705583196e-19,-4.0365365708884265e-19,-1.7206761252611946e-21,-3.492838106427014e-20,-2.7641291134513875e-19,-1.8413007573019726e-20,8.03875647684426e-20
axial_m,0.007300000000000001,-0.00782719323885264,-4.0650165662935685e-19,-2.277423842034634e-19,-4.643298823423619e-19,-5.00092389124428e-22,-8.227420137456621e-21,-3.2398607834610417e-19,-1.0533415800509932e-20,8.578574292262053e-20
axial_m,0.007400000000000004,-0.007931535687826455,-4.30385037279533e-19,3.1174816318418764e-20,-4.331739890797103e-19,3.670077727368119e-21,-2.2602213649870584e-20,-3.364898405948649e-19,-1.765309128335367e-20,6.717257936690849e-20
axial_m,0.007499999999999993,-0.008035761691987461,-5.009134353018243e-19,-6.310142619453308e-20,-4.89964850814166e-19,7.8612776177059985e-22,-3.1946708758753408e-21,-3.0739278297554426e-19,-5.2305567435100936e-21,5.3402031129359296e-20
axial_m,0.007599999999999996,-0.00813986975036682,-5.597067098639166e-19,-6.78047521100025e-20,-4.069053074614963e-19,6.863308586682377e-21,-2.5962483799423152e-20,-3.494353978864314e-19,-1.7566155089428548e-20,1.1760351413640435e-19
axial_m,0.0076999999999999985,-0.008243858364880821,-5.547147518748474e-19,-4.766509764516546e-19,-4.853015843974204e-19,2.337255244303182e-21,-1.1525369802529666e-20,-3.412539764770718e-19,-2.980836719040932e-20,1.0132535879996715e-19
axial_m,0.007800000000000001,-0.00834772604036684,-4.396859105654391e-19,-3.5498113397023e-19,-3.862369424722562e-19,1.2087890763843534e-20,-2.1165001470896555e-20,-2.7680391474779144e-19,-2.0221718537872266e-20,4.933243237062816e-20
axial_m,0.00789999999999999,-0.008451471284619119,-5.37065950997466e-19,-1.817908984833478e-19,-5.127187046413489e-19,-1.915208848007132e-21,-7.48702479634691e-21,-3.500327113576327e-19,-1.3231389689941592e-20,4.800351105123244e-20
axial_m,0.007999999999999993,-0.008555092608424525,-3.6112606093775057e-19,-4.668220269320961e-19,-4.0726156510940057e-19,7.99983558430443e-21,-4.3937356579580874e-20,-1.7918926725889947e-19,-1.7733853569553582e-20,9.911704861084848e-20
axial_m,0.008099999999999996,-0.008658588525598072,-4.829817564397372e-19,-3.6497094738014326e-19,-5.029339558629654e-19,3.1802374983389517e-21,-1.892592623510769e-20,-4.360769080137998e-19,-3.837089601677499e-20,1.27668970725647e-19
axial_m,0.008199999999999999,-0.008761957553018476,-3.7954889014634196e-19,-8.97657120711018e-19,-4.4355769267461375e-19,2.2725470088459676e-21,-3.477711516572441e-20,-5.102478487849022e-19,-4.3283282209631037e-20,1.2466912062295211e-19
axial_m,0.008300000000000002,-0.00886519821066354,-5.84431519866945e-19,-1.6624719527105128e-19,-4.767100047411922e-19,2.8728168758660255e-21,-8.437864231932329e-21,-1.2856781250198648e-19,1.5670229069555897e-20,5.57098831157401e-20
axial_m,0.00839999999999999,-0.00896830902164542,-5.140911362509496e-19,7.656108302935032e-20,-5.432294205616802e-19,-1.6874408613417662e-21,1.430723198846769e-20,-1.4390206657025371e-19,1.6049075665459542e-20,4.7230675516169535e-20
axial_m,0.008499999999999994,-0.00907128851224588,-5.151308740233859e-19,-4.781237757833706e-19,-4.700298624933817e-19,8.814687338525955e-21,-3.8985737023664107e-20,-4.2697266412451484e-19,-3.2996383572108927e-20,1.2618429831398214e-19
axial_m,0.008599999999999997,-0.009174135211951259,-5.501823055071789e-19,-2.6787579812626087e-19,-5.125968111085395e-19,-2.7231572691320183e-21,-1.491256746017466e-20,-4.2971258963450074e-19,-2.0668841425520177e-20,1.1989905724350626e-19
axial_m,0.0087,-0.009276847653487512,-5.444539824989175e-19,-5.742210581823732e-19,-5.947547233135747e-19,-3.41814293365419e-21,6.711981352587304e-21,-4.604978950803885e-19,-1.567325199321378e-20,9.375136830969892e-20
axial_m,0.008800000000000002,-0.009379424372855036,-6.938411367838504e-19,-1.3975338007780737e-20,-5.980104571749621e-19,3.2140645696302354e-21,-4.990619685682308e-22,-1.2118974883701545e-19,-3.0671623593040843e-21,2.5406175194455547e-20
axial_m,0.008899999999999991,-0.009481863909363402,-5.761079602517158e-19,-1.3837712587827234e-19,-6.429242761627574e-19,-1.9396153698560568e-22,-2.3877830008573884e-21,-2.3546988309546437e-19,-1.8976153603349517e-20,1.0380876062286214e-19
axial_m,0.008999999999999994,-0.00958416480566605,-5.205116487649831e-19,-3.409759711322677e-19,-5.816105214436551e-19,1.6381881682792075e-22,-5.672709248344812e-21,-1.9713001340354133e-19,1.1717612715451082e-21,4.926124948085718e-20
axial_m,0.009099999999999997,-0.009686325607794697,-5.257943486778292e-19,-5.568663106846062e-19,-4.460864205203441e-19,1.1124751328579012e-20,-1.569809128732625e-20,-5.382029941763867e-19,-4.755697185065898e-20,7.84867084275299e-20
axial_m,0.0092,-0.009788344865193815,-7.191649384681903e-19,-1.6041258127989856e-19,-6.383268047326865e-19,-7.803092688453203e-21,1.965300286553043e-20,-1.5650170851922377e-19,-1.175681059905023e-21,5.613608704373341e-20
axial_m,0.009300000000000003,-0.009890221130754887,-4.949654212468733e-19,-2.891330264784384e-19,-5.522022897555451e-19,-2.0056712354578646e-21,-1.6729377057383338e-21,-5.16338719569027e-19,-1.1091348722218345e-20,1.173884714849403e-19
axial_m,0.009399999999999992,-0.009991952960850575,-6.00364657151453e-19,-3.4185447151395143e-19,-5.732800473754605e-19,4.306494998144907e-21,-3.2235052348563594e-20,-8.433120904293877e-20,-7.569104798160463e-21,2.726952488380444e-20
axial_m,0.009499999999999995,-0.010093538915368792,-5.126430153087235e-19,-2.898022121915131e-19,-5.697552411421889e-19,1.7758157410838526e-21,-2.0045707627472253e-20,-4.185245152630352e-19,-2.1005221170585912e-20,1.5313133157390546e-19
axial_m,0.009599999999999997,-0.010194977557746572,-4.241215624984324e-19,-7.631040517657077e-19,-5.681532417452542e-19,3.2491556238282046e-21,-8.990958609722482e-21,-1.9739487843753677e-19,-1.4226658007171402e-20,3.27133631624459e-20
axial_m,0.0097,-0.010296267455003932,-6.620598697653462e-19,-2.5954371901843157e-19,-6.63204517160217e-19,-7.185315229541144e-21,-4.133436221481318e-21,-3.4409861581823637e-19,-4.3565669397238705e-20,1.376371835588769e-19
axial_m,0.009800000000000003,-0.010397407177777521,-3.724473604135881e-19,-5.444276118258768e-19,-4.825869891501237e-19,7.344836099252515e-21,-2.870007948412916e-20,-3.3022628824581814e-19,-3.849950637173077e-20,5.2636534787532967e-20
axial_m,0.009899999999999992,-0.010498395300354195,-4.558272688830986e-19,-2.799300133608815e-19,-5.338368313245548e-19,6.644641184761507e-21,-2.922668669704384e-20,-3.6697923853595855e-19,-2.497006901129613e-20,1.5208522267077454e-19
axial_m,0.009999999999999995,-0.010599230400704495,-5.107539955947018e-19,-5.676847059726926e-19,-5.242413097742237e-19,8.619085181246715e-21,-2.0380344151135887e-20,-4.920001971357119e-19,-2.063303510693714e-20,1.1535557653691194e-19
axial_m,0.010099999999999998,-0.010699911060515866,-4.979226395683069e-19,-5.023391643242054e-19,-5.304512641179404e-19,1.2578404188640549e-20,-1.6081148822327606e-20,-3.2208221488141054e-19,-2.4076006841625845e-20,6.423205727938508e-20
axial_m,0.0102,-0.010800435865225912,-6.425896984009e-19,-4.895603172519684e-19,-5.22763401478575e-19,1.2778967379606426e-20,-4.162747593579024e-20,-6.120827176646768e-19,-2.8109096500449324e-20,1.377977590891107e-19
axial_m,0.010300000000000004,-0.010900803404055451,-8.698704769004053e-19,1.0369386544352337e-19,-7.352568630296271e-19,-1.3955185385307385e-20,1.2242859979067882e-20,3.5003037652990184e-20,3.871286006572191e-21,2.022107818177069e-21
axial_m,0.010399999999999993,-0.011001012270041379,-6.047156121509518e-19,7.481845151459439e-21,-6.517004792910402e-19,8.545282435443325e-21,1.1964817735016344e-20,-9.825430680910665e-20,-1.2070705320649439e-20,6.233531745052611e-20
axial_m,0.010499999999999995,-0.011101061060069617,-5.423794234973464e-19,-3.5724276513339753e-19,-6.071098954100716e-19,2.721927926306329e-23,-1.5320874600114947e-20,-4.953603670168425e-19,-8.024750669004534e-21,1.3916569806202245e-19
axial_m,0.010599999999999998,-0.011200948374907597,-4.497221453959375e-19,-6.994325947886052e-19,-5.729476125772184e-19,1.1621901192736744e-20,-6.346107485535818e-20,-3.176096074951316e-19,-3.909236269115603e-20,9.217457861106436e-20
axial_m,0.010700000000000001,-0.011300672819236914,-5.007211988777093e-19,-1.1025814743872156e-18,-5.422510623229624e-19,5.053302686685883e-21,-4.844110806675971e-20,-1.02374978295997e-18,-5.635517607376975e-20,3.249029341664121e-19
axial_m,0.010800000000000004,-0.011400233001685713,-6.8019716949715325e-19,-4.031339337116763e-19,-6.005062030238898e-19,2.2453333646472772e-21,-7.237798342716954e-21,-3.3500423620307217e-19,-5.970142009122156e-21,1.2841733702911834e-19
axial_m,0.010899999999999993,-0.01149962753486092,-4.556608611949552e-19,-3.0568666747933263e-19,-6.916838018054296e-19,-3.399733391782438e-21,-4.690586235424555e-20,-2.1602420224935968e-19,-2.4133518754531863e-20,1.5508824743374255e-19
axial_m,0.010999999999999996,-0.01159885503538046,-6.127385550904005e-19,-7.9986927485456915e-19,-6.766889120297292e-19,9.234814019245848e-22,-4.1025287668974363e-20,-5.2419311514554645e-19,-2.6660137970570208e-20,2.077130611633442e-19
axial_m,0.011099999999999999,-0.011697914123905152,-6.882279563630226e-19,-1.2902017747754482e-19,-7.46161638703843e-19,-4.68480000813161e-21,1.740419787336701e-20,-5.650938039693034e-21,1.9695042947815618e-20,-3.8859180542537966e-21
axial_m,0.011200000000000002,-0.011796803425170645,-5.818168367832986e-19,-1.2547459647190806e-18,-7.151748377224502e-19,-4.691614741836349e-21,-9.509927524108653e-21,-7.511661426810865e-19,-5.514182098724557e-20,2.043999799018433e-19
axial_m,0.01129999999999999,-0.01189552156801911,-6.493907155868793e-19,-8.317065118628667e-19,-7.289574293491346e-19,-1.4376444764257207e-21,-2.1565205891121295e-20,-1.6857944314828993e-19,5.359597743673434e-22,9.363430707508204e-20
axial_m,0.011399999999999993,-0.01199406718543087,-6.336900096348559e-19,-4.6508949843419693e-20,-6.866054022989928e-19,9.770042768711726e-22,-1.483057509539495e-20,-4.40069651325877e-19,-6.278580596138641e-21,8.62761772831851e-20
axial_m,0.011499999999999996,-0.012092438914555774,-5.505056834858559e-19,-8.741547857173042e-19,-6.356565256501038e-19,-7.835709811870711e-22,-1.1994189178419703e-20,-4.0354017374933363e-19,-1.351269351370428e-20,7.912853820272542e-20
axial_m,0.0116,-0.012190635396744559,-6.102456887260316e-19,-5.342936466231307e-19,-6.12230210055186e-19,1.1987488546379303e-20,-1.4245937697516394e-20,-5.082715584248718e-19,-3.490817100335893e-20,4.995771959884297e-20
axial_m,0.011700000000000002,-0.012288655277579998,-8.1433150758307375e-19,-4.2991253207545715e-19,-7.299285190709313e-19,-5.114415456924667e-21,-2.0168244093548617e-20,-7.69724526237831e-19,-1.8974205634388822e-20,2.054166645539108e-19
axial_m,0.011799999999999991,-0.012386497206907885,-8.155835218031407e-19,8.795696311979401e-20,-7.397848152072747e-19,-4.723979623897898e-21,-1.870716203026542e-20,-3.854779799143316e-19,-5.674102132921007e-21,9.022560494350842e-20
axial_m,0.011899999999999994,-0.01248415983886799,-7.671373037908429e-19,-1.051702931670767e-18,-6.7295078145463815e-19,1.654676024632683e-21,-3.034334217196193e-20,-4.911807183163555e-19,-2.6828328713368225e-20,1.318388977752718e-19
axial_m,0.011999999999999997,-0.012581641831924721,-7.833379801033288e-19,-1.2925543625127917e-19,-5.954415471366704e-19,1.6127917174018904e-20,-4.43812253964524e-20,-5.830084376532401e-19,-3.1672122252601405e-20,1.1384390495857674e-19
axial_m,0.0121,-0.012678941848897715,-7.587436917688716e-19,-3.184793764836343e-19,-7.634335370790122e-19,-4.15711738714918e-21,1.8839186261889006e-21,-4.3784661028211736e-20,-6.098283721453969e-21,-2.2574200284348056e-20
axial_m,0.012200000000000003,-0.012776058556992292,-5.864418538402847e-19,-9.395119020087663e-19,-6.7530345644472675e-19,6.2511021097072175e-21,-5.74776846654142e-20,-3.057883184710155e-19,-3.1909168947244493e-20,1.2892886519136644e-19
axial_m,0.012299999999999991,-0.012872990627829746,-6.618181827761978e-19,2.7126768020336383e-19,-7.30167021819287e-19,1.0241202314811806e-20,-8.263057818397289e-21,-8.47916290741618e-20,3.0172849087151677e-20,2.5557895898116366e-20
axial_m,0.012399999999999994,-0.012969736737477502,-7.566113038135793e-19,-1.710877900804286e-19,-6.688764790596371e-19,1.0241920526751515e-20,-2.350613150457417e-20,-8.129564616732375e-19,-6.071895149747895e-20,1.2466268327925969e-19
axial_m,0.012499999999999997,-0.013066295566479062,-7.478155670835972e-19,-6.377547163993329e-19,-6.784564079755085e-19,4.812173637981805e-21,-3.758399555455438e-20,-8.704167537522128e-19,-6.907426350684066e-20,2.0735081673427029e-19
axial_m,0.0126,-0.01316266579988387,-7.615573933994896e-19,1.0387748801103167e-19,-7.712015600796547e-19,6.1471057637635085e-21,1.907406800066826e-21,-2.9769106902850066e-19,-1.5046344523669504e-20,1.0669150337057221e-19
axial_m,0.012700000000000003,-0.013258846127277008,-9.959042739546907e-19,1.4062943109195705e-19,-8.156713210838257e-19,-4.258027057945244e-21,1.2192412465304524e-20,-1.5838398349031137e-19,2.5582174038972522e-20,1.475609763642595e-20
axial_m,0.012799999999999992,-0.013354835242808703,-7.052419405891822e-19,1.0793674124740262e-20,-6.178686389756439e-19,1.700101021485113e-20,-3.4493571778091345e-20,-4.648176556179097e-19,-2.2589146297202864e-20,9.819025330211485e-20
axial_m,0.012899999999999995,-0.013450631845223776,-7.179984833082918e-19,-6.808609487732216e-19,-8.187333851427959e-19,-1.0831182468618612e-21,-1.5254274362131265e-20,-3.8508888467830195e-19,-1.2641717156301811e-20,-4.0322871615032775e-21
axial_m,0.012999999999999998,-0.013546234637890786,-7.474577220012763e-19,-5.239055329108229e-19,-7.242711921860014e-19,1.432065764153764e-20,-3.0904905669120555e-20,-6.423799493941467e-19,-4.4556901620854855e-20,2.5695943789468855e-19
axial_m,0.0131,-0.013641642328831135,-6.856517227930992e-19,-8.313857498005017e-19,-7.203947263246681e-19,1.1997183539908497e-20,-4.889717691134236e-20,-2.0973517729391366e-19,-2.5314115471476016e-20,1.4405954968493725e-19
axial_m,0.013200000000000003,-0.013736853630748008,-6.668516936222841e-19,-5.932372721852283e-19,-7.589280358135351e-19,3.0131212587337087e-21,-7.584870330636495e-21,-6.185747149435455e-19,-2.691844619428819e-21,1.2095085132755215e-19
axial_m,0.013299999999999992,-0.013831867261055095,-6.095027437764946e-19,-9.798325846397692e-19,-6.983970038989594e-19,1.9054278433839725e-20,-5.111563214002815e-20,-9.353656423260965e-19,-6.536960956932444e-20,2.130504342163634e-19
axial_m,0.013399999999999995,-0.013926681941905238,-8.217539626191461e-19,-2.259250411561872e-19,-8.062589610939078e-19,-4.2736411009878996e-21,-1.7570900264932715e-20,-4.782581513810531e-19,-2.192617116822354e-20,1.893923069577536e-19
axial_m,0.013499999999999998,-0.0140212964002188,-7.01602087328085e-19,-4.209607541198774e-19,-8.23498384098461e-19,3.565669302717478e-22,-2.0372109690337823e-20,-6.1562637622832e-19,-4.0725071626904124e-20,5.406441420276155e-20
axial_m,0.013600000000000001,-0.01411570936771202,-8.094619506989577e-19,-5.115272043401214e-19,-6.648689153179299e-19,2.3525077688861587e-20,-6.316725883812056e-20,-5.237567779693944e-19,-7.409757302618677e-20,2.860566349077346e-19
axial_m,0.013700000000000004,-0.014209919580925087,-6.27523247613396e-19,-1.1155240536532975e-18,-8.078752813648006e-19,-6.020067114352393e-21,-5.0299533849212164e-21,-9.295945743161155e-19,-4.4955774104519714e-20,1.376641938059863e-19
axial_m,0.013799999999999993,-0.014303925781250119,-6.685006422173594e-19,-8.711880202139907e-19,-7.096967962933473e-19,1.4908133094169574e-20,-6.056823149977074e-20,-1.0991512098670782e-18,-7.818920964938119e-20,2.826670264193896e-19
axial_m,0.013899999999999996,-0.014397726714958968,-6.078747500731882e-19,-6.341406748104694e-19,-7.343946906695049e-19,6.565787777031758e-21,-3.463130069980464e-20,-2.849341497622812e-19,-3.641732734391345e-20,1.406374485375047e-19
axial_m,0.013999999999999999,-0.014491321133230827,-8.767940375427955e-19,-6.121918912186561e-19,-7.43204779549297e-19,1.3830853134232485e-20,-4.5154007165306204e-20,-5.624508769600545e-19,-3.1314107641165854e-20,1.092860631662976e-19
axial_m,0.014100000000000001,-0.014584707792179711,-8.709261774392443e-19,-6.169840560588315e-19,-8.820759387691266e-19,-3.88424850087873e-21,-2.4141292253153253e-21,-2.9619447987562352e-19,6.875232910025715e-21,-6.386820469583497e-20
axial_m,0.014200000000000004,-0.014677885452881775,-6.216648036043627e-19,-9.071714587640828e-19,-7.699268489213756e-19,1.0865395512871664e-20,-4.7127998699543373e-20,-5.275171257566961e-19,-3.997103870676274e-20,1.9175506575688422e-19
axial_m,0.014299999999999993,-0.014770852881402419,-8.358976627580387e-19,-3.8949992030733356e-19,-8.405556206675675e-19,-1.886884741777226e-21,-1.1539109863959523e-20,4.2480322061497064e-20,2.4319794723436973e-20,5.62680751385539e-20
axial_m,0.014399999999999996,-0.014863608848823321,-1.0312801477440375e-18,1.176717156874116e-19,-8.989166515252225e-19,-2.610282444537116e-21,-3.411732577735573e-20,-4.2877986468404575e-19,-2.5509330792610032e-20,1.5113130466995006e-19
axial_m,0.014499999999999999,-0.014956152131269163,-7.6493405852087235e-19,-3.266123204126794e-19,-9.761364569187408e-19,-1.0014782326957062e-20,-2.936891870586808e-21,-4.2625894900913935e-19,-1.4333956888090373e-20,1.1247528271686878e-19
axial_m,0.014600000000000002,-0.015048481509934321,-8.04383957114079e-19,-1.0087193312092486e-18,-1.0231870248595544e-18,-1.1026452401693735e-20,-2.2482287232554367e-20,-5.739789941477911e-19,-4.177202406940835e-20,1.9360863501068962e-19
axial_m,0.01469999999999999,-0.015140595771109308,-9.267803287402392e-19,-2.6124306342002158e-20,-9.021296974941102e-19,5.0166560023342715e-21,-1.838494590615149e-20,-6.811238926996833e-19,-2.959633008075361e-20,1.5413910982566333e-19
axial_m,0.014799999999999994,-0.015232493706207103,-6.688809888114645e-19,-1.4680763980475295e-19,-9.371088921643082e-19,2.5260365070307294e-21,1.5957777659103467e-20,-7.501590009160332e-19,-3.313972271356634e-20,4.343897799622183e-20
axial_m,0.014899999999999997,-0.015324174111789232,-8.558886275394898e-19,-2.7052479983552028e-20,-9.90374322454014e-19,-1.2250450894847384e-20,1.1193099889215964e-20,-1.97022104274757e-19,3.24628228453518e-21,-1.8594510699154488e-21
axial_m,0.015,-0.015415635789591733,-6.166155842767204e-19,-1.786294469296791e-18,-7.362393130581486e-19,1.505051587389073e-20,-3.935552745546022e-20,-7.720596883607341e-19,-2.0672646262941264e-20,2.320675030722127e-19
axial_m,0.015100000000000002,-0.01550687754655098,-6.855054833041148e-19,-7.254454450933428e-19,-7.918038457601003e-19,6.775513515188032e-21,-1.5838425196666912e-20,-4.019278554187903e-19,-1.3446819078071831e-20,-1.935896609098535e-20
axial_m,0.015199999999999991,-0.015597898194829235,-1.1256625974454274e-18,-1.563044912337681e-19,-9.966778447212467e-19,-2.0885394413655415e-22,-1.951082072244459e-20,-3.6384873003207267e-20,1.6202749217057955e-20,2.7145316200270226e-20
axial_m,0.015299999999999994,-0.015688696551840138,-9.100886827899129e-19,-3.336894891259981e-19,-9.168610252943853e-19,-7.170719067528468e-21,1.853617044303246e-21,-3.581904938241926e-19,1.1191198802159425e-20,6.465877618324678e-20
axial_m,0.015399999999999997,-0.015779271440273916,-1.1245008978339312e-18,3.2404170143349637e-19,-8.753667011892747e-19,1.6167959591811004e-20,-1.4024792020579538e-20,-4.0576399365555525e-19,-5.0575883551736614e-20,5.2772142527958764e-20
axial_m,0.0155,-0.015869621688122504,-6.825602822192023e-19,-9.025640745954215e-19,-8.94943322010559e-19,3.672216864699859e-21,-1.9417915491677078e-20,-4.674135515575018e-19,-4.211903192521661e-20,3.714455090633372e-20
axial_m,0.015600000000000003,-0.015959746128704454,-8.183105761844778e-19,-7.332561237059845e-19,-8.083345821491773e-19,-2.9656785765456206e-21,-4.919995113149443e-20,-4.723754211110347e-19,-3.2833991339084626e-20,2.261197477392832e-19
axial_m,0.015699999999999992,-0.016049643600689622,-1.1453651604313605e-18,-9.560129144877583e-19,-9.42784443039263e-19,-8.525657465480707e-21,-2.2497229717667614e-20,-6.134860094277666e-19,-2.759742001638924e-20,1.5453258446851607e-19
axial_m,0.015799999999999995,-0.016139312948123832,-8.271305864845199e-19,4.304112266912726e-19,-8.202046961085527e-19,9.580964961479072e-21,-9.080818365941317e-21,-4.098947095171289e-19,-1.679561398414518e-20,1.198483944824543e-19
axial_m,0.015899999999999997,-0.01622875302045312,-9.533221091321984e-19,4.746631521659809e-19,-9.483265296434202e-19,2.573677287608506e-21,-1.158725194234101e-20,-4.146488965364152e-19,-2.6184332552092075e-20,1.0298388910352308e-19
axial_m,0.016,-0.016317962672548033,-8.514859868633521e-19,-7.383493029864953e-19,-8.71456856368884e-19,1.7618079952825193e-20,-3.1851830014634003e-20,-8.164761361579593e-19,-4.2229073825854245e-20,2.3274244230417876e-19
axial_m,0.016100000000000003,-0.01640694076472758,-7.860392338954446e-19,-2.7444085565085283e-19,-9.837905884802501e-19,-5.191081760344323e-21,-1.3085223767471866e-20,-6.839219655077683e-19,-7.183011793436162e-20,3.4448077980568357e-19
axial_m,0.016199999999999992,-0.016495686162783126,-8.483201349952829e-19,-7.080235108058734e-19,-9.00800829387314e-19,1.7546211936790633e-20,-3.146389185721865e-20,-9.098445632319409e-19,-5.687940133154425e-20,3.368227814899946e-19
axial_m,0.016299999999999995,-0.01658419773800204,-1.1049258381222823e-18,-2.769255713064592e-19,-1.0907818718145128e-18,-1.8623786384919675e-20,-6.121704057631976e-21,-4.657595068308682e-19,-1.5377588313227943e-20,-2.1717591721556314e-21
axial_m,0.016399999999999998,-0.01667247436719113,-1.0025113774873169e-18,-1.041052534017353e-19,-9.874812176882543e-19,-4.0143874496909613e-22,5.4555635814907235e-21,-4.954599975117926e-19,-9.846502668114887e-21,1.3669820527162303e-19
axial_m,0.0165,-0.016760514932699977,-9.212729785832449e-19,-3.934206747433557e-19,-1.014093139255717e-18,-9.045215350487353e-21,-1.321119174265284e-20,-2.4932559281826477e-19,7.515708208326537e-22,1.1831970947051016e-19
axial_m,0.016600000000000004,-0.01684831832244405,-1.0721633747504088e-18,5.663743686546326e-20,-9.703688831285773e-19,-1.0282481097561128e-20,1.0579772121182107e-20,-4.1829051660170533e-19,-9.667600727191985e-21,1.1874492710847585e-19
axial_m,0.016699999999999993,-0.01693588342992759,-8.420854373786468e-19,-8.464880010010102e-19,-8.272656361667039e-19,1.9532534178106602e-20,-6.274401737935446e-20,-9.573413090563293e-19,-6.499281055456435e-20,2.16108577148118e-19
axial_m,0.016799999999999995,-0.017023209154266437,-1.162470679961735e-18,-8.191624690127617e-19,-9.560787539586208e-19,1.2090492306305321e-21,-3.2042528860861994e-20,-5.348488593458115e-19,-3.2532796402338544e-20,2.5815397848676974e-19
axial_m,0.0169,-0.01711029440021048,-1.0190612483481165e-18,4.97187184944059e-21,-9.453811814728832e-19,-2.978974972394549e-21,-2.5987571935175333e-20,-6.257618666898927e-19,-4.060687592845618e-20,1.8474132828470684e-19
axial_m,0.017,-0.01719713807816611,-8.138651839457372e-19,5.017517717967895e-20,-9.819693637242859e-19,4.9872380979981336e-21,-5.559582822699279e-21,-8.09531870791912e-19,-2.5504071278705692e-20,1.3252739321489505e-19
axial_m,0.017100000000000004,-0.017283739104218404,-1.0342952651775844e-18,-7.619007111968889e-19,-8.901458658932044e-19,1.600745545489589e-20,-4.178910815976987e-20,-9.675011511088794e-19,-5.3800769693536003e-20,1.7405585064819668e-19
axial_m,0.017199999999999993,-0.017370096400153055,-7.472964481018658e-19,-6.621341302853275e-19,-9.534730363027281e-19,7.677309467499333e-21,-3.79735876441069e-20,-1.0698234988445905e-18,-4.2983843573404037e-20,3.3967428173797374e-19
axial_m,0.017299999999999996,-0.017456208893478303,-9.512233425214725e-19,-1.0691656037702137e-18,-9.091501964678616e-19,1.2152813326573241e-20,-3.584949712203609e-20,-6.894421273425744e-19,-3.253936275963388e-20,1.4868909940193898e-19
axial_m,0.0174,-0.017542075517446448,-1.1149942338054244e-18,-7.185061125494007e-19,-1.1456767198770613e-18,-6.454123503477354e-22,-3.3129121542201677e-20,-6.668038448644199e-19,-4.759960530157366e-20,1.5945359323714997e-19
axial_m,0.0175,-0.017627695211075333,-9.092025255031482e-19,-8.141497096341395e-19,-9.434002322832738e-19,1.3386563119229259e-20,-7.243344226862592e-21,-5.10939594908555e-19,-2.735057056157541e-20,1.536038412953964e-19
axial_m,0.01759999999999999,-0.01771306691916962,-1.3215517743549008e-18,5.179370747414571e-19,-1.0759654686461746e-18,-1.3992180044141438e-20,1.9911098269485905e-20,-5.479114633596277e-20,2.2831648606790028e-20,1.0116239350036965e-19
axial_m,0.017699999999999994,-0.017798189592341796,-1.1521306325495282e-18,2.353944705404808e-19,-1.1907790949688015e-18,-1.810748866017603e-20,7.526358771506482e-20,-2.302257308542437e-19,6.571258182412755e-21,9.046314205080821e-20
axial_m,0.017799999999999996,-0.017883062187033092,-9.235614993395988e-19,-5.1063814914241795e-19,-9.293790866765647e-19,1.9250294865686335e-20,-2.6831826142658045e-20,-3.4789905596360135e-19,-1.60716364644101e-20,1.834107241149296e-22
axial_m,0.0179,-0.017967683665534105,-1.1106342189792919e-18,-5.665078874290077e-19,-8.047016188785308e-19,2.6087035383161565e-20,-4.642791485102349e-20,-7.252147384260075e-19,-3.2133191796774015e-20,2.441548283576884e-19
axial_m,0.018000000000000002,-0.01805205299600533,-9.830002111621273e-19,-5.92088227300081e-19,-9.959439931991577e-19,1.1818704563693494e-20,-4.367314625482653e-20,-4.905569162474793e-19,-3.270177718279341e-20,6.844940013237434e-20
axial_m,0.01809999999999999,-0.01813616915249742,-1.1205806702599487e-18,1.8480222542944895e-20,-1.1041231174873025e-18,-1.1166816503140728e-20,-1.5426485714967066e-20,-7.760442563237943e-19,-4.779700954868406e-20,2.23368549069014e-19
axial_m,0.018199999999999994,-0.01822003111497134,-8.64076816439184e-19,-1.0724915867594635e-18,-9.493446160089384e-19,1.6986256390319364e-20,-3.7972740878550697e-20,-5.791802094140675e-19,-2.0610051311208527e-20,1.2018441791738223e-19
axial_m,0.018299999999999997,-0.018303637869318216,-9.226553796431744e-19,-8.217137615538643e-19,-9.530060180076484e-19,1.7276234909431796e-20,-1.6905161873246338e-20,-6.970731628899778e-19,-6.079725292141822e-20,1.8154040427444026e-19
axial_m,0.0184,-0.01838698840737908,-8.697057006956536e-19,-4.567360119389813e-19,-1.0431592056627467e-18,-9.419359824155842e-22,-4.452151284549512e-20,-8.32255291246243e-19,-4.079591810140064e-20,2.1968880737204777e-19
axial_m,0.018500000000000003,-0.01847008172696439,-8.807001613143245e-19,-1.5612470043843866e-18,-8.369328750687036e-19,3.649676043029784e-20,-8.611428365888868e-20,-8.741608174408468e-19,-3.247640222411717e-20,1.5271188198042814e-19
axial_m,0.01859999999999999,-0.018552916831873344,-1.1291354470189033e-18,-1.960633415785954e-19,-8.335485713974795e-19,2.6915996031145657e-20,-7.99165470111407e-20,-6.025348346880924e-19,-3.093821828789735e-20,1.4478429636197733e-19
axial_m,0.018699999999999994,-0.01863549273191306,-1.3120304537146183e-18,-4.77228850464269e-19,-1.033558803161563e-18,1.0261679118814073e-20,-1.68403514079219e-20,-6.553224212444875e-19,-2.673212606448743e-20,9.934721164467082e-20
axial_m,0.018799999999999997,-0.01871780844291743,-1.0788129325154163e-18,-8.283449422013114e-19,-8.693937705085388e-19,1.4568735095274746e-20,-5.806052038976711e-20,-1.4703192949117717e-18,-1.0238267851117675e-19,3.6539105359687603e-19
axial_m,0.0189,-0.01879986298676594,-1.115421463911125e-18,-2.52932915908991e-19,-1.289160704733012e-18,-1.2484587759748843e-20,1.518694911453313e-20,-5.427471104060854e-19,-2.2044332447227386e-20,5.154735030409656e-20
axial_m,0.019000000000000003,-0.01888165539140217,-1.2304405451500141e-18,-8.033611191761093e-19,-9.9089042246942e-19,8.837693081059537e-21,-9.324782197869096e-20,-1.3415486928861073e-18,-5.787131437381864e-20,2.1005186233900175e-19
axial_m,0.019099999999999992,-0.01896318469085213,-1.0082886334614725e-18,-8.358525611748298e-19,-8.835780232224473e-19,3.8945999872009715e-20,-5.631968457807577e-20,-9.728796512236828e-19,-1.0821271057885761e-19,3.676879788039195e-19
axial_m,0.019199999999999995,-0.019044449925242502,-1.3568465410048217e-18,4.078441193444665e-19,-1.2120301293858414e-18,-3.8390475093299225e-21,7.683966321607592e-21,-7.530372313210756e-19,-5.1369180166512695e-20,2.1090294087831344e-19
axial_m,0.019299999999999998,-0.019125450140818446,-9.504707538072957e-19,-1.3972680865552014e-18,-1.192659066872714e-18,-9.631741681105104e-21,1.7373730187833084e-20,-5.496360504289743e-19,-5.620930381071226e-21,1.1867225211659437e-19
axial_m,0.0194,-0.019206184389961502,-8.553504421894229e-19,-3.1723206520303996e-19,-1.1652357933446936e-18,-1.3848961054098887e-20,2.489192075437122e-20,-4.312817696932371e-19,5.8080017809177915e-21,1.0738336153613361e-19
axial_m,0.019500000000000003,-0.019286651731207024,-1.3272409131377116e-18,-1.3973769027458552e-20,-8.215806768446871e-19,2.822567056175249e-20,-5.362928989174642e-20,-1.1283536053901324e-18,-7.029172780789981e-20,2.1779630306260982e-19
axial_m,0.019599999999999992,-0.019366851229261607,-6.448240025524901e-19,-7.337483334019692e-19,-9.811750201024703e-19,1.2756169310963424e-20,-4.7329959973637536e-20,-1.2926129921659972e-18,-7.879828572919506e-20,3.882715468099075e-19
axial_m,0.019699999999999995,-0.019446781955020292,-1.0872942289092892e-18,6.164884690668087e-19,-1.1026152426500496e-18,5.745424040806873e-21,-7.290733997349892e-20,-2.765444909819039e-19,-3.4297173931076373e-20,9.820268208173617e-20
axial_m,0.019799999999999998,-0.019526442985583363,-1.1439498605782732e-18,-4.267471799057021e-19,-1.2601592599281356e-18,-1.1508271817479043e-21,-6.654632314781303e-21,-9.789081134256122e-19,-2.2209869372942466e-20,2.41194240401021e-19
axial_m,0.0199,-0.019605833404273264,-9.371352272114791e-19,-8.144701137113865e-19,-1.0828923548509328e-18,3.8756905095204514e-21,-4.471669233406902e-20,-5.12784913068354e-19,-1.3920738268785348e-20,1.165888124300764e-19
axial_m,0.020000000000000004,-0.019684952300651086,-1.6040618096229725e-18,-7.120003222735845e-20,-1.2836923250607812e-18,-1.3760209750376322e-20,-7.149598829274695e-21,-5.817016304606025e-19,-1.667839165303301e-20,1.4713086793926842e-19
axial_m,0.020099999999999993,-0.01976379877053291,-9.05076464575914e-19,-1.15174581905187e-18,-1.0211656790882037e-18,1.617005688994142e-20,-4.832816382579994e-20,-1.5820782393086987e-19,-4.051681228899747e-20,1.6383300429090368e-19
axial_m,0.020199999999999996,-0.01984237191600604,-1.0632902899566098e-18,-1.1154654701325425e-18,-1.0483356561561148e-18,-9.846057675044431e-22,-4.935337645787341e-20,-7.689910845823205e-19,-1.2015812595880506e-20,1.510336227426159e-19
axial_m,0.0203,-0.019920670845444854,-9.647757902103398e-19,-1.3217419859082394e-18,-9.964749901009773e-19,3.4381900101820456e-20,-8.419615706963289e-20,-3.9201034712915417e-19,-3.636656422926363e-20,1.8301396664800802e-19
axial_m,0.0204,-0.019998694673526628,-1.560521223202733e-18,-9.180150511276209e-20,-1.0300484446113658e-18,2.1616551154381642e-20,-6.775225902664132e-20,-8.454314362047651e-19,-3.686363753085679e-20,2.436340146204338e-19
axial_m,0.020500000000000004,-0.02007644252124704,-9.34770699542717e-19,-9.601009482071623e-19,-9.701929157398608e-19,3.643256332135943e-20,-8.342860979070066e-20,-7.519171258274567e-19,-5.430596344418422e-20,2.794237696622076e-19
axial_m,0.020599999999999993,-0.02015391351593555,-1.4066739012959341e-18,-6.50360375099223e-19,-1.1873137262438339e-18,-1.4718025636165248e-20,-1.0150035494775589e-21,-9.639645886478387e-19,-1.3614377281467617e-20,2.4619842357780837e-19
axial_m,0.020699999999999996,-0.020231106791270537,-9.73537329400319e-19,-7.918339298586765e-19,-8.220074289084499e-19,3.0948436378764864e-20,-1.2968837519290629e-19,-8.967883161765068e-19,-9.8810724441926e-20,2.4390358239436656e-19
axial_m,0.0208,-0.020308021487294242,-1.089807478475515e-18,-7.074128562024451e-19,-9.093437923703487e-19,2.710118258085491e-20,-9.783460125346631e-20,-6.717345212697052e-19,-6.058776687742244e-20,1.911659744354255e-19
axial_m,0.020900000000000002,-0.02038465675042745,-8.662103653395034e-19,-8.200625058987328e-19,-9.707096986389122e-19,2.6022794476207065e-20,-8.190750609802115e-20,-6.094023509366546e-19,-5.75596969103447e-20,1.201434217523928e-19
axial_m,0.02099999999999999,-0.020461011733484115,-1.1370170933650874e-18,-6.586792176374509e-19,-1.0993699017403224e-18,9.818609923678604e-21,-6.300035100277623e-20,-1.812187212066524e-19,-5.889654797133329e-21,3.900103470482546e-20
axial_m,0.021099999999999994,-0.02053708559568563,-1.2781423095047653e-18,-5.723231355151222e-19,-1.288519958475379e-18,-1.8421141374045977e-21,-2.718320432664473e-20,-3.6924117074775545e-19,5.55859606140105e-21,2.1617458623593414e-19
axial_m,0.021199999999999997,-0.02061287750267494,-1.0825896943729657e-18,-9.206583023007163e-19,-9.187835154989713e-19,2.423927834878637e-20,-6.854197473193684e-20,-8.20469933101915e-19,-5.1202875255985534e-20,1.0367722718172931e-19
axial_m,0.0213,-0.020688386626530515,-1.7364330575667867e-18,6.8120835017999465e-19,-1.2822325148683977e-18,-8.516370124018525e-21,-1.3954196355937124e-20,-7.885726421037713e-19,-2.5083471611217253e-20,1.8915016352650233e-19
axial_m,0.021400000000000002,-0.020763612145779996,-1.2892047770708478e-18,-1.860779380093081e-18,-1.3699888772543536e-18,-2.287884956886617e-20,-2.767556107444243e-20,-7.178401672923946e-19,-1.2932439306249808e-20,3.089402982232858e-19
axial_m,0.02149999999999999,-0.020838553245413755,-1.533771753245622e-18,-3.425075829681642e-19,-1.1125855810883466e-18,2.4289601318469786e-20,-5.155534948168959e-20,-3.8398771690275423e-19,-1.8827695672089785e-20,5.990018873097579e-20
axial_m,0.021599999999999994,-0.020913209116898195,-1.2453648522179335e-18,-7.497759010897402e-19,-1.2286721850261858e-18,-3.2873521081137733e-21,1.409276014888757e-20,-5.418086243799228e-19,-6.130206530173422e-21,1.347530578309476e-19
axial_m,0.021699999999999997,-0.02098757895818882,-1.245105275358257e-18,-8.814956410368378e-19,-1.1268414683488848e-18,1.7265974681430594e-21,-4.676706658591047e-20,-5.00605223345005e-19,-8.9435655890419e-21,7.895839267995623e-20
axial_m,0.0218,-0.021061661973743134,-1.2101956889441967e-18,-6.160084420518406e-19,-1.3327494478388689e-18,-2.103840976209662e-20,1.352976411485856e-20,-2.6589709817053706e-19,2.4663431365704973e-20,7.860091849849429e-20
axial_m,0.021900000000000003,-0.021135457374533338,-8.508066854235025e-19,-1.1716834413205356e-18,-1.1714008447186545e-18,1.9531865230652986e-20,-1.1054727319078215e-20,-1.7091532783001903e-19,-5.674369757388665e-21,1.0994775339800974e-19
axial_m,0.021999999999999992,-0.0212089643780588,-8.888528216312221e-19,-1.0121331787332113e-18,-1.1259065718851707e-18,1.5488852009171768e-20,-3.1748898417496554e-20,-5.390530027600542e-19,-7.47507985520647e-20,1.1616455052352866e-19
axial_m,0.022099999999999995,-0.02128218220835833,-1.1387190731049674e-18,-1.0496768284296596e-18,-1.1080472006926594e-18,2.2352930580645863e-20,-2.3318879346470594e-20,-5.623437715444073e-19,-4.1259687656091986e-20,2.2172403590984875e-19
axial_m,0.022199999999999998,-0.021355110096022235,-7.622083615383624e-19,-9.272121898602733e-19,-9.831519055279324e-19,3.054188369398995e-20,-2.6801842747931935e-20,-4.319534083363272e-19,-1.994466701913703e-20,1.5189747617631518e-19
axial_m,0.0223,-0.021427747278204203,-1.3488229350904035e-18,-1.934604076566272e-19,-1.3045050320765981e-18,-4.603010603016996e-21,-1.9973990191358862e-20,-9.73132059334177e-19,-4.2482989080015857e-20,2.2481285341522534e-19
axial_m,0.022400000000000003,-0.021500092998632887,-1.2722873572210833e-18,-5.513654361620004e-19,-1.195320189575789e-18,-6.649276003074791e-21,-4.270602564504619e-20,-1.016034822830246e-18,-2.7100657710228124e-20,2.0579067297613612e-19
axial_m,0.022499999999999992,-0.021572146507623444,-1.3649953116035945e-18,-4.7030772269217126e-20,-1.1394040568954092e-18,1.8640088874113355e-20,-6.318892795655863e-20,-1.0642934860695275e-18,-9.393314461046401e-20,1.8267539176055916e-19
axial_m,0.022599999999999995,-0.0216439070620887,-1.1062817774927864e-18,-1.4655462305975525e-18,-1.0996745795536309e-18,1.0466042970600899e-20,-6.317397540373477e-20,-1.094300501287634e-18,-4.178688990586663e-20,1.2315479932960187e-19
axial_m,0.022699999999999998,-0.021715373925550216,-1.4828924362263619e-18,-6.052585797858516e-19,-1.2159078406574852e-18,3.2853469906030925e-21,-4.9917307116180214e-20,-5.741556241482911e-19,1.8004114102589124e-20,1.9918531152303264e-19
axial_m,0.0228,-0.021786546368149036,-1.187006922417348e-18,-1.2942537724052141e-18,-1.0262759353646498e-18,2.902768590408328e-20,-9.223486532261763e-20,-8.574303644775431e-19,-1.197962803300435e-19,3.625869283032728e-19
axial_m,0.022900000000000004,-0.02185742366665641,-1.2622593725671147e-18,-3.6496055560090123e-19,-1.3350190926436564e-18,-2.697740337559813e-21,-1.2961505241709744e-20,-7.22079063789335e-19,-5.044046679936779e-20,1.8380398655299623e-19
axial_m,0.022999999999999993,-0.021928005104484102,-1.2966485301484851e-18,3.130446105292899e-19,-1.2633331065455496e-18,-1.4221847085106487e-20,-5.159700237186606e-20,-4.623658439027824e-19,-2.1466080415088165e-20,1.9192419997589632e-19
axial_m,0.023099999999999996,-0.021998289971694632,-1.1143219818744899e-18,-1.0634013922657944e-18,-1.1233309519035971e-18,1.890158165259037e-20,-3.537536839359379e-20,-9.938193078487156e-19,-3.8806291368817454e-20,1.65353908125334e-19
axial_m,0.0232,-0.022068277565011268,-1.260860484714146e-18,-7.588090449506841e-19,-1.275057041827104e-18,5.4002366334947215e-21,-4.712427411341146e-20,-1.0384649400876527e-18,-9.557410971011691e-20,2.670597399854674e-19
axial_m,0.0233,-0.022137967187827734,-1.3727875110204156e-18,-8.80738836659144e-19,-1.3964536138291063e-18,-4.1636415671306236e-21,-1.7279560619049648e-20,-3.4932386883073745e-19,-3.802255077477075e-20,5.083961598596748e-20
axial_m,0.023400000000000004,-0.022207358150217883,-1.3146205394508105e-18,-2.1404244158578964e-19,-1.5306857670654849e-18,-2.654994335296275e-20,5.1791751600119803e-20,-2.0852870827825346e-20,2.6494846473407126e-20,-5.322254279657787e-21
axial_m,0.023499999999999993,-0.02227644976894498,-1.1787492042912028e-18,-1.1060708459934901e-18,-1.1589750518645127e-18,9.979291825746234e-21,-1.2085567457101013e-19,-9.912971290907893e-19,-7.361694924961656e-20,2.739156011090097e-19
axial_m,0.023599999999999996,-0.022345241367470892,-1.6054295964355911e-18,-1.429784504632658e-18,-1.0631134412487836e-18,1.0753790660764226e-20,-1.225366488466772e-19,-1.0810368670900254e-18,-3.6841418993656565e-20,3.4727732796932645e-19
axial_m,0.0237,-0.022413732275964996,-1.297125069305998e-18,-1.5498499639927772e-18,-1.4128061060856749e-18,-1.370605267240149e-20,1.9938647487720516e-21,-4.180200080742745e-19,3.2674829575700244e-20,1.7912468933559717e-19
axial_m,0.0238,-0.022481921831312944,-1.011987596919266e-18,5.130814423880088e-19,-1.320896742320775e-18,4.96470159127721e-21,-1.5482911992319578e-20,-5.257585228825313e-19,-3.582996712490839e-20,3.3811293736458606e-20
axial_m,0.023900000000000005,-0.022549809377125175,-1.1787403658520998e-18,-7.536318673563517e-19,-1.1388445999918178e-18,1.5911967758977956e-20,-6.676854161186146e-20,-1.0462846693500181e-18,-1.1194867431226924e-19,4.057957915884023e-19
axial_m,0.023999999999999994,-0.022617394263745233,-1.163452316016245e-18,-1.1827743997153786e-18,-1.3426724026967642e-18,-6.743413953205017e-21,-7.970933210812835e-20,-5.4473848192509755e-19,-3.695064957721485e-20,2.769381030223187e-19
axial_m,0.024099999999999996,-0.02268467584825787,-1.449107683170251e-18,3.4315070768650084e-19,-1.317635274618784e-18,-7.874824028526862e-21,-2.441373833359044e-20,-7.229779390257651e-19,-5.195685097302804e-21,1.9170777273675993e-19
axial_m,0.0242,-0.02275165349449693,-1.4945000481046962e-18,-6.990131630793089e-19,-1.1406996600109377e-18,1.4046378403603444e-20,-7.83621929804378e-20,-7.023382308398626e-19,-7.049795974122052e-20,1.625664971041881e-19
axial_m,0.024300000000000002,-0.02281832657305308,-1.2997308501709807e-18,-1.046609691134235e-18,-1.2677083669510205e-18,-4.807251227287697e-21,3.5675789231862667e-20,-2.967845097402819e-20,3.4255370023135747e-20,-5.543906247652033e-21
axial_m,0.02439999999999999,-0.02288469446128121,-1.2437112575642136e-18,-1.1396207244416335e-18,-1.2376482407335803e-18,1.0321371533097894e-20,-6.415144045291243e-20,-1.0304142351292955e-18,-1.2011282033353852e-19,3.6203654140403693e-19
axial_m,0.024499999999999994,-0.022950756543307818,-1.504098053048105e-18,-1.4504053448230762e-18,-1.0797243956420894e-18,1.214167366738317e-20,-8.090959196490684e-20,-7.824698445011988e-19,-4.1119875633273954e-20,1.88340192013866e-19
axial_m,0.024599999999999997,-0.02301651221003794,-1.5167090393706165e-18,-7.063515093322235e-19,-1.262354950919489e-18,-8.886379368636782e-21,-1.7935392573640793e-20,-9.867395862004326e-19,-6.939800674956317e-20,3.154116028352044e-19
axial_m,0.0247,-0.02308196085916209,-1.3608673048233704e-18,-1.069808559342007e-18,-1.2078450428792477e-18,6.13369663889598e-21,-1.1411959690181668e-20,-2.4443032457134713e-19,1.075099236491878e-20,-3.6151085342925357e-20
axial_m,0.024800000000000003,-0.023147101895162885,-1.3061589734392995e-18,-1.3673547921761809e-18,-1.467435950597166e-18,-1.4265056367413946e-20,1.5021344224519118e-20,-9.164979201247142e-19,-1.0274168021405938e-19,1.7139816777005427e-19
axial_m,0.02489999999999999,-0.02321193472932143,-1.6231797804532128e-18,-5.848767595090134e-20,-1.4800295037778026e-18,-1.6300997209516967e-20,6.481522697178596e-22,1.1565286302428999e-19,5.629213807818716e-20,2.7077995486869958e-20
axial_m,0.024999999999999994,-0.023276458779723626,-1.5014169736324415e-18,-6.788575462549209e-19,-1.3231594670987392e-18,8.487760909870566e-21,4.281542320227634e-21,-1.6413931473581275e-19,5.27792207873224e-20,-3.907742396414132e-20
axial_m,0.025099999999999997,-0.023340673471266112,-1.6637469949296911e-18,-5.89823500250274e-19,-1.18046317212995e-18,2.034029140478047e-20,-5.633345264077686e-20,-4.868654118688076e-19,-5.700795032241533e-20,-9.057818399780297e-21
axial_m,0.0252,-0.023404578235662065,-1.5149982320587767e-18,-7.89143151548664e-19,-1.3066476785960333e-18,6.720477540533476e-21,-4.150610536595162e-20,-9.39802227148704e-19,-4.476799659144474e-20,2.3328298795885214e-19
axial_m,0.025300000000000003,-0.02346817251144689,-1.3784216373295772e-18,-1.0361784865444354e-18,-1.2483441371430961e-18,3.042746112428387e-20,-7.700303446188984e-20,-7.852327208456805e-19,-8.388413982712357e-20,2.7871587615443993e-19
axial_m,0.025399999999999992,-0.02353145574398347,-1.6327311802441233e-18,5.065952115425639e-19,-1.6110897720230823e-18,-2.284241245107582e-20,4.9471275181549696e-20,-5.64113808728878e-19,2.6963394888010543e-21,1.4131681340251417e-19
axial_m,0.025499999999999995,-0.02359442738546748,-1.3177182841277252e-18,-4.678265411906186e-19,-1.0125255953752275e-18,4.9680336310246053e-20,-1.5936959650001248e-19,-1.5679385998847174e-18,-1.431636856531668e-19,5.442747519336869e-19
axial_m,0.025599999999999998,-0.02365708689493226,-1.555401999355925e-18,3.322778177992804e-19,-1.408712260279926e-18,-4.324559146511237e-21,4.7589646963896774e-20,-3.6966182242646294e-20,4.23805136030763e-20,3.9811570844431685e-20
axial_m,0.0257,-0.023719433738253585,-1.234405730799224e-18,-1.984202376937124e-18,-1.2235596795232594e-18,1.801015133868721e-20,-1.0484731977821665e-19,-6.823207698762665e-19,-1.0418999859138266e-19,2.0205846399456335e-19
axial_m,0.025800000000000003,-0.023781467388154297,-1.4145845892530714e-18,-7.065902186866747e-19,-1.2510626049392383e-18,1.1139980909523838e-20,-4.8540442931774716e-20,-3.2519733240813145e-19,1.933278493545671e-20,2.0538208460818902e-19
axial_m,0.025899999999999992,-0.02384318732420853,-9.452267064188464e-19,-1.601766677344538e-18,-1.1685053009243868e-18,2.4033943412561274e-20,-3.3317317364139214e-20,-2.222589983160489e-19,3.0718767523439685e-20,1.3040773281593831e-20
axial_m,0.025999999999999995,-0.023904593032845974,-1.5825098165930554e-18,-8.785219257659548e-19,-1.2554272948294796e-18,1.4695434575804083e-20,-1.0286408190677934e-19,-2.1003109645098727e-18,-1.2985039128343975e-19,5.932217759587478e-19
axial_m,0.026099999999999998,-0.02396568400735566,-1.2046320351143928e-18,-3.113302914184148e-19,-1.490062358053483e-18,-5.501281430029644e-21,-5.322460783321065e-20,-1.7034843475683361e-18,-9.790775674169269e-20,5.316368955589553e-19
axial_m,0.0262,-0.02402645974788982,-1.0877929009226331e-18,-4.916249360192851e-19,-1.4154249914222456e-18,5.7568435217986604e-21,-4.5795606150514046e-20,-5.700419627169181e-19,-4.32587715414147e-21,1.7241589834600807e-19
axial_m,0.026300000000000004,-0.024086919761467283,-1.5488317831489867e-18,-1.2592103423576943e-18,-1.4254312332615107e-18,4.1291307967023375e-21,-1.0649770933804095e-19,-1.1490021726769552e-18,-3.29890188922644e-20,3.806755953215399e-19
axial_m,0.026399999999999993,-0.024147063561976833,-1.2878710314184532e-18,-7.475560506834172e-19,-1.1087774840313266e-18,2.6534121865189226e-20,-9.080073712392573e-20,-5.985152914641474e-19,-2.904501221491108e-20,2.0962482963971782e-19
axial_m,0.026499999999999996,-0.024206890670180333,-1.0960490791308195e-18,1.417159308507466e-19,-1.087022722887178e-18,2.710834380790605e-20,-7.110034733837819e-20,-1.2316570936207906e-18,-1.031818139161729e-19,1.6334612553220608e-19
axial_m,0.0266,-0.024266400613715534,-8.842189867799953e-19,-2.0025476937602523e-18,-1.0747563076293208e-18,4.267569044344643e-20,-1.089343646257967e-19,-9.45891826963771e-19,-8.665820261027227e-20,3.043542254384449e-19
axial_m,0.0267,-0.024325592927098832,-1.5751643510590886e-18,-2.83427369837965e-19,-1.4586332453134883e-18,-7.204713896883915e-21,-5.05123828416836e-20,-3.468437720734056e-19,-2.5125832214293344e-20,2.0127420375810103e-19
axial_m,0.026800000000000004,-0.02438446715172767,-1.2641078738565475e-18,-1.4118448491046639e-18,-1.227862526995486e-18,2.1181909552717516e-20,-1.8203018285232292e-20,-4.03520959342965e-19,-2.489831081924463e-20,1.1684484589907405e-21
axial_m,0.026899999999999993,-0.024443022835882868,-1.754810869486833e-18,-4.345259961112172e-19,-1.248859601696174e-18,2.7282510702351884e-20,-9.009544781105183e-20,-8.320253479403335e-19,-1.213431109217775e-19,3.1574496421737485e-19
axial_m,0.026999999999999996,-0.024501259534730646,-1.0611619882862104e-18,-7.754955804759445e-19,-1.2900846140895352e-18,1.7261119548820084e-20,-8.000278173864047e-20,-4.0547020179543755e-19,-2.8700278218595593e-20,1.069502448192903e-19
axial_m,0.0271,-0.024559176810324504,-1.4927838997901728e-18,-1.005497791642968e-18,-1.3022999179422008e-18,2.474177554046378e-20,-2.508593211617713e-20,-7.448577074548308e-19,-5.629963929179707e-20,1.5828499237759644e-19
axial_m,0.027200000000000002,-0.024616774231606818,-1.3940275721112057e-18,-3.5675841672206673e-19,-1.3490415785746533e-18,1.1078245548416659e-20,-1.6296805168652602e-20,1.2449872250945345e-19,7.710865921590239e-20,3.636999393927101e-20
axial_m,0.027300000000000005,-0.024674051374410352,-1.6071778419754672e-18,-1.0159427805776015e-18,-1.4683825517762136e-18,-7.870730652692805e-21,-1.0218689951344594e-20,-3.6530098619659358e-19,-1.5162362751380984e-20,1.6679647766728364e-19
axial_m,0.027399999999999994,-0.024731007821459396,-1.5087568559945657e-18,-2.784728285752626e-19,-1.4781934042589349e-18,1.3287809455128134e-20,-4.7384411847197244e-20,-7.1913761280328145e-19,-6.391203331200419e-20,3.7601586436704426e-19
axial_m,0.027499999999999997,-0.024787643162370927,-1.787410912775599e-18,3.8062104862073337e-19,-1.3812312968901828e-18,1.2192208557676474e-20,-3.896439347812002e-20,-7.379999545430376e-19,-8.00928139869337e-20,1.2594390511630703e-19
axial_m,0.0276,-0.024843956993655297,-1.3992992547011285e-18,-1.0021204610550706e-18,-1.6263051527642076e-18,-1.127083615551144e-20,1.8122523368618077e-20,-4.603379453456232e-19,1.4250558499889776e-20,1.255827676133246e-19
axial_m,0.027700000000000002,-0.024899948918716934,-1.2650662605474122e-18,-5.640155758197786e-19,-1.3838329032394592e-18,2.0239497610545915e-20,-5.7018374709917e-20,-2.654244308821718e-19,-3.0781615388697265e-21,2.789515330471536e-20
axial_m,0.02779999999999999,-0.024955618547854722,-1.2317111537972744e-18,-3.7761509986201848e-19,-1.3264628844163937e-18,9.875876746344979e-21,-2.2456325484772696e-20,-7.368846299282174e-19,-3.969699276317556e-20,9.607362865789728e-20
axial_m,0.027899999999999994,-0.02501096549826224,-1.100836052791277e-18,-2.2170209043364747e-18,-1.3989767124937144e-18,4.0496187098917195e-21,-1.16476975951251e-20,-3.6100823476004034e-19,2.0956838298149043e-20,1.1747531370625325e-19
axial_m,0.027999999999999997,-0.025065989394027727,-1.737636645029312e-18,-2.1514397809218205e-19,-1.368165173984398e-18,1.7155034373189407e-20,-5.622271048897618e-20,-9.222538458993184e-19,-4.407632772861274e-20,1.8086118067816471e-19
axial_m,0.0281,-0.025120689866133878,-1.2123853442021789e-18,-4.182998672135813e-20,-1.5331346962025156e-18,2.0125623372882497e-23,-2.6386795398773127e-20,-2.6856232332980844e-19,-7.396186508056036e-20,3.9002739045739e-20
axial_m,0.028200000000000003,-0.02517506655245752,-1.4940330618399326e-18,-4.928030186843205e-19,-1.4253067193116682e-18,-2.606695416440626e-21,-5.2595988777213755e-20,-2.1459996422286763e-19,2.7897592296302626e-20,1.8371334475862125e-19
axial_m,0.028299999999999992,-0.025229119097768867,-1.5928633861990723e-18,-6.156020117979291e-19,-1.5022977298452863e-18,-3.0322775551089926e-21,-2.149094320002688e-20,-3.785943608507075e-20,1.1724224570465092e-20,-8.372607444672195e-20
axial_m,0.028399999999999995,-0.02528284715373087,-1.3031876029070816e-18,-5.64417120940338e-19,-1.4948397224266663e-18,-3.4044553106247894e-21,-1.2336459737131599e-21,1.8325981189577563e-19,7.020975514910019e-20,2.402905419801438e-20
axial_m,0.028499999999999998,-0.025336250378898046,-1.2013235019961698e-18,-2.269009505925527e-19,-1.1054929160423604e-18,3.450429181359953e-20,-1.2009366977109983e-19,-1.3241357823006424e-18,-9.59815207843527e-20,5.098039887011168e-19
axial_m,0.0286,-0.02538932843871539,-1.3794009727194499e-18,-8.890919717389788e-20,-1.3635745452857633e-18,5.722868446455172e-21,-4.709457990524352e-20,-9.391456935105957e-19,-8.47922172230201e-20,1.9452866576561946e-19
axial_m,0.028700000000000003,-0.025442081005516856,-1.8821925315596078e-18,8.146102937676922e-20,-1.4761657377275584e-18,3.445928490047567e-21,-4.0458117221604155e-20,-2.0482115683796581e-19,-6.019735975447049e-20,4.050293146354177e-20
axial_m,0.028799999999999992,-0.0254945077585238,-1.485333376697185e-18,-7.833998234665528e-19,-1.5499726771554505e-18,-9.36008638605661e-21,-2.436240433767206e-20,-1.523507716819562e-18,-6.373026743794984e-20,3.5233294481209377e-19
axial_m,0.028899999999999995,-0.02554660838384317,-1.7693702106572967e-18,-5.05969268360418e-19,-1.3433624139341354e-18,1.3338531848446795e-20,2.184791165464543e-21,-1.3127729061600938e-18,-8.047351211519442e-20,2.52543207055824e-19
axial_m,0.028999999999999998,-0.02559838257446539,-1.4881204698511344e-18,-2.139497157870275e-19,-1.5550004930408497e-18,-1.3862556120054745e-20,4.839917415874622e-20,-8.708909926475166e-19,3.6868589039613277e-20,4.969152035095206e-20
axial_m,0.0291,-0.025649830030262243,-1.3753495393766103e-18,-1.5465681247284024e-18,-1.3568157185135485e-18,1.5184473030197585e-20,-6.28283826199762e-20,-1.5810916794282084e-18,-9.737841308864309e-20,4.23251379311214e-19
axial_m,0.029200000000000004,-0.025700950457984376,-1.4555346240645149e-18,-5.612086276893425e-19,-1.4553609103254987e-18,3.972203013801499e-21,-5.0189374100990905e-20,-7.099409076841027e-19,-1.2147070618656565e-20,1.969570416694059e-19
axial_m,0.029299999999999993,-0.025751743571258694,-1.2888875638262042e-18,-6.525408643379302e-19,-1.2651824245087291e-18,3.6980537941450736e-20,-9.93948286779405e-20,-5.342813354262281e-19,-4.56363642499795e-20,2.1139582813431715e-19
axial_m,0.029399999999999996,-0.025802209090585553,-1.5695579866710795e-18,-4.414494607070909e-19,-1.3838948226687616e-18,6.449396528041728e-21,-4.095788003056967e-20,-1.3490031949942065e-18,-8.493894363372302e-20,3.085990140895727e-19
axial_m,0.0295,-0.025852346743335707,-1.319029380857308e-18,-3.146595426597749e-19,-1.4177062879806397e-18,7.321920888467651e-21,2.3705600602453118e-20,-4.127561824055425e-19,-3.5966700255344934e-20,1.8743785733056247e-19
axial_m,0.0296,-0.025902156263747096,-1.2203457842596573e-18,-9.522223320704009e-19,-1.6047938431343697e-18,-1.1030882986748851e-20,2.946254642426774e-20,-5.362568262284715e-20,2.028815305243538e-20,-4.403428916509752e-20
axial_m,0.029700000000000004,-0.02595163739292144,-1.6381971181863903e-18,-1.2436689401497627e-20,-1.4215960761744453e-18,4.788710728539772e-21,-1.5510829641623694e-20,-7.72495552715727e-19,-5.0574725177680646e-20,3.6334829460984953e-19
axial_m,0.029799999999999993,-0.026000789878820565,-1.5334151718976312e-18,3.958262172260767e-19,-1.483069331303735e-18,2.5222338167118178e-20,-6.782477756315432e-20,-1.0170401926927591e-18,-1.223127812333547e-19,4.386083684598528e-19
axial_m,0.029899999999999996,-0.026049613476262654,-1.2177332447689844e-18,-1.9100610146862066e-18,-1.227337044725316e-18,1.946722955975757e-20,-9.16068243842857e-20,-5.832112866134233e-19,-6.2750714828133414e-21,2.58713698882587e-19
axial_m,0.03,-0.02609810794691819,-1.210371219647957e-18,-1.2733848510379761e-18,-1.2272620420284308e-18,2.5895596949103344e-20,-8.258316484453372e-20,-1.0475301187692951e-18,-4.319087416817375e-20,2.935626623658299e-19
axial_m,0.030100000000000002,-0.02614627305930576,-2.0006253495541064e-18,8.418484089574545e-19,-1.4964932577162752e-18,8.702566653939091e-21,-5.592905135949822e-20,-2.180994861166326e-19,3.7329684232154555e-20,1.0049978783952697e-19
axial_m,0.030200000000000005,-0.0261941085887876,-1.5031725600770792e-18,-3.9049358960630906e-19,-1.2787327097964959e-18,3.48012606007293e-20,-1.352842295536048e-19,-8.587317607584045e-19,-1.0326196844601635e-19,2.2725760399968533e-19
axial_m,0.030299999999999994,-0.026241614317565054,-1.1627526315321767e-18,-7.490775679037156e-19,-1.3398093194551508e-18,1.5671515313295437e-20,-5.546128605355172e-21,-2.6206297015383105e-19,-1.6581353599769166e-20,9.482430937973943e-20
axial_m,0.030399999999999996,-0.026288790034673767,-1.4570259545896698e-18,-1.3534387524395422e-18,-1.5369604825161081e-18,-3.2553537967531963e-21,1.3984743794843166e-20,-7.047123865532435e-19,5.301519634743862e-20,2.1935655593190653e-19
axial_m,0.0305,-0.026335635535978626,-1.1555039539598126e-18,-8.111365014558201e-19,-1.570116306083628e-18,-4.141371559068562e-21,-7.541704285646646e-20,-1.2747683289305006e-18,-7.836125183640414e-20,4.3143355380629667e-19
axial_m,0.030600000000000002,-0.026382150624168606,-1.0722937183968416e-18,-6.337351059578278e-19,-1.45401039354734e-18,1.1759426947176633e-20,-4.925770289408914e-20,-6.824461072365712e-19,-4.3230156853442224e-20,1.0519140195114743e-19
axial_m,0.030700000000000005,-0.026428335108751422,-1.2504573449064967e-18,-1.8529396694219652e-18,-1.4144255876468162e-18,8.52765707179554e-21,-1.8742858984009855e-20,-7.777433919745731e-19,-7.510462720231602e-21,1.0324797940028566e-19
axial_m,0.030799999999999994,-0.026474188806047887,-1.6218667210933878e-18,-2.2007326357928252e-19,-1.5103645605696342e-18,1.1240072227453523e-20,-7.106542069360763e-21,-4.585891238092731e-19,3.097827384123409e-20,2.301978409472072e-20
axial_m,0.030899999999999997,-0.02651971153918618,-1.4111495965925963e-18,-6.312868474950699e-20,-1.4980894074717695e-18,1.3437228830514566e-20,-4.006674115252552e-20,-8.428265891615319e-19,1.5701197241615876e-21,2.017152455454569e-19
axial_m,0.031,-0.02656490313809587,-1.9441395443147092e-18,-7.505063436329859e-19,-1.639477077874543e-18,-1.499226656714535e-20,-2.367328868352696e-20,-9.360015259572544e-19,-3.920407120302494e-20,1.041956072214218e-19
axial_m,0.031100000000000003,-0.026609763439501735,-1.3053160526910848e-18,-1.071944566027689e-18,-1.5296849401444686e-18,1.2374628973826906e-20,-2.2951408034918792e-20,-6.514682468737029e-21,5.972029539295612e-20,5.035179949934221e-20
axial_m,0.03119999999999999,-0.026654292286917458,-1.9106572391323612e-18,5.879964737651888e-20,-1.3475025843221845e-18,3.7014796031824457e-20,-1.5787757719428298e-19,-1.6498136620185284e-18,-1.7829614351814829e-19,4.889197930391498e-19
axial_m,0.031299999999999994,-0.02669848953063906,-1.9484601832874313e-18,-6.449155111230209e-19,-1.5957794961594203e-18,-5.274824580501264e-21,4.0135652414118426e-20,-1.0149244557691712e-18,-3.3837845187388984e-20,-3.3265846216650047e-20
axial_m,0.0314,-0.02674235502773815,-1.631774297792671e-18,-1.1158411059533415e-18,-1.3911157619888959e-18,4.3077424641563946e-20,-1.3484743970764792e-19,-1.459679030972371e-18,-1.3998120399065243e-19,4.885378394857037e-19
axial_m,0.0315,-0.026785888642055042,-1.0885743677617271e-18,-1.2645650932546996e-18,-1.3718136741951025e-18,8.018919079061313e-21,-1.2924329909256349e-20,-1.114099798366834e-18,-5.648403345829284e-20,2.379963863372114e-19
axial_m,0.0316,-0.026829090244191632,-1.1432646494469457e-18,-1.2747809625066085e-18,-1.3768419955562546e-18,1.7606542362538614e-20,-8.431725280143957e-20,-6.931438622155934e-19,-3.9680903008983675e-20,2.833989053605268e-19
axial_m,0.03169999999999999,-0.026871959711504072,-1.3172635756969944e-18,-2.5081897369324254e-18,-1.357089568898258e-18,2.3099743947262956e-20,-9.745002418771263e-20,-1.5119999690517332e-18,-1.2921176932222516e-19,3.9309715592581827e-19
axial_m,0.031799999999999995,-0.0269144969280953,-1.5229934844949118e-18,8.16348277094633e-19,-1.6279111381530526e-18,3.0492214572963054e-21,3.2214864634003404e-20,-6.057952011613067e-19,-5.37885719579904e-22,2.810250009821824e-19
axial_m,0.0319,-0.0269567017848074,-1.6635595081732855e-18,-9.347575512405379e-19,-1.7072139938227875e-18,-1.3246286338870457e-20,5.807995850339821e-20,-1.0162728715594638e-18,-3.605572706375444e-20,2.986268002865699e-19
axial_m,0.032,-0.026998574179213624,-9.797960918114162e-19,-1.6188476940556303e-18,-1.5801162009353216e-18,1.5805589067335488e-20,2.364896934287582e-21,-8.943400041344626e-19,-8.300195694759436e-20,1.6576569097268864e-20
axial_m,0.032100000000000004,-0.027040114015610482,-1.0346506103692088e-18,-1.7661807446713232e-18,-1.3908180595172931e-18,9.217229903928859e-21,-2.918532705976579e-20,-1.2902924596239328e-18,-3.3653255059710306e-21,2.6947550876343693e-19
axial_m,0.03219999999999999,-0.027081321205009414,-1.2165178639999502e-18,-2.1619020180055936e-18,-1.3729589469525212e-18,2.045983249264524e-20,-7.07497610768576e-20,-1.1237161476189086e-18,-9.483985825883599e-20,2.870438357796871e-19
axial_m,0.032299999999999995,-0.02712219566512841,-1.4065994966713472e-18,-1.3054572241572395e-18,-1.5525414005780848e-18,-1.1307384356274821e-20,1.65779812564369e-20,-1.0388042755013265e-18,-1.9751169786298774e-20,8.251850157219301e-20
axial_m,0.0324,-0.027162737320383337,-1.4841656035724283e-18,-1.6087711163248168e-18,-1.4339819410326255e-18,7.044103386079182e-21,-7.903238037935499e-20,-7.100099825230218e-19,-2.6950229709902278e-20,3.1032177057105107e-19
axial_m,0.0325,-0.027202946101879198,-1.6123669578149437e-18,-1.7676314658299627e-18,-1.7110832845352844e-18,-1.4303717957681432e-20,3.3067474046206635e-20,-4.182481826253208e-19,1.6274167925737856e-20,1.1685425979942374e-19
axial_m,0.032600000000000004,-0.02724282194740121,-1.1954821972223654e-18,-1.5668703933164586e-18,-1.5721473836856965e-18,7.460512479719589e-21,-5.547057490080835e-20,-2.696531200982198e-19,-3.980213457217486e-20,2.985149598819286e-19
axial_m,0.03269999999999999,-0.027282364801405484,-1.5410452927428893e-18,-1.5265317797756864e-18,-1.3045219616711117e-18,1.3973429731561934e-20,-6.079160431400826e-20,-1.2445065362684913e-18,-7.779812995212961e-20,2.753814328709272e-19
axial_m,0.032799999999999996,-0.02732157461500984,-1.3512889708732646e-18,-4.994005254139287e-19,-1.3928267475725142e-18,2.6031260046397836e-20,-5.2451406441281973e-20,-1.2835068340254143e-18,-6.941551684171811e-20,2.897352213352638e-19
axial_m,0.0329,-0.027360451345984176,-1.6791206169134066e-18,-8.81453511671262e-19,-1.2754453615550819e-18,3.828067830348596e-20,-9.63097407346611e-20,-6.152112561944955e-19,-9.956012813850356e-21,1.066446392631943e-19
axial_m,0.033,-0.02739899495874085,-1.4705798776739046e-18,-2.500599345674781e-18,-1.7215059686636927e-18,-6.512551731870684e-21,-8.550022524487741e-20,-9.659302918321845e-19,-1.0604001805030271e-19,5.055091820625301e-19
axial_m,0.033100000000000004,-0.027437205424324672,-1.5568989402249654e-18,-8.324299147659523e-19,-1.3831301939005924e-18,3.093371074410491e-20,-8.948459738872918e-20,-3.3361747975185212e-19,-1.7848514253035327e-20,1.0007216258955942e-19
axial_m,0.03319999999999999,-0.027475082720402954,-1.8405875821122566e-18,9.877733595677485e-19,-1.6436687158564919e-18,-1.059563477783529e-20,-6.682775019209848e-21,-9.14771958189589e-19,-2.6449030621313608e-20,2.77076034594941e-19
axial_m,0.033299999999999996,-0.02751262683125519,-1.5081138526669644e-18,-1.963340003148923e-18,-1.7175167282523172e-18,-4.2221883939547995e-21,-5.10675889865274e-20,-1.1105791172240282e-19,5.30742221370311e-21,-1.3588562111608647e-19
axial_m,0.0334,-0.02754983774776269,-1.916065630596242e-18,-6.06759441005671e-19,-1.607419112339884e-18,-2.9627867481874215e-21,-3.822334176538957e-20,-7.138196489366243e-19,-4.734251393018661e-21,1.3735941504805584e-19
axial_m,0.0335,-0.02758671546739784,-1.766937618317727e-18,-4.1409753876106484e-19,-1.5722546905749422e-18,1.5614377452564805e-20,-1.0625106647918727e-19,-1.1087645498689971e-18,-4.0379583597141876e-20,4.421922655689882e-19
axial_m,0.033600000000000005,-0.02762325999421352,-1.6653192295846185e-18,-1.3641580463523493e-18,-1.5534205224354913e-18,1.5987512827238695e-20,-6.282719094862685e-21,-9.474508667681421e-19,-1.009303773509584e-19,1.4432933372417587e-19
axial_m,0.033699999999999994,-0.027659471338831964,-1.419148039482686e-18,-1.50616546163297e-18,-1.2656251439572488e-18,2.5424656062349785e-20,-1.3340133636224474e-19,-1.853630386227667e-18,-1.5476786081824747e-19,5.395166038797685e-19
axial_m,0.0338,-0.027695349518433728,-1.2324192785042269e-18,-9.015771283816187e-19,-1.6058098367501047e-18,-2.8266430126891463e-21,-5.796415810030002e-20,-1.2957609697935276e-18,-8.713905015299895e-20,2.496706288237266e-19
axial_m,0.0339,-0.027730894556746318,-1.8234492320498446e-18,-8.869881245139384e-19,-1.5869527842410384e-18,-9.218748936258227e-21,-6.037415565636027e-20,-3.821095526763388e-19,7.868112449053979e-21,1.9408406972754874e-19
axial_m,0.034,-0.02776610648403274,-1.049330614417879e-18,-1.23419661744026e-18,-1.400271744031642e-18,1.9228750950450944e-20,-2.8639705236173905e-20,-1.0847268138880678e-18,-9.147372783246999e-20,3.196244078661352e-19
axial_m,0.03409999999999999,-0.02780098533707983,-1.4390102756142154e-18,-1.2586985142259505e-18,-1.5200779454183714e-18,3.866806621321189e-21,-1.2759261650443573e-19,-1.933053979688015e-18,-1.1945417874167009e-19,4.658928813822433e-19
axial_m,0.034199999999999994,-0.027835531159186397,-1.0596383527064862e-18,-1.3777488486366905e-18,-1.5738318988097934e-18,9.481111755988364e-21,-1.0367948679167209e-19,-1.0931629447253174e-18,-3.0412564875783e-20,4.0573605438585555e-19
axial_m,0.0343,-0.027869744000151256,-1.8565360764053385e-18,-1.551458088176998e-19,-1.4831316686474684e-18,1.7660026825242585e-20,-8.58526526976641e-20,-7.263612149332249e-19,-3.5001853206953326e-20,4.029615134338882e-19
axial_m,0.0344,-0.02790362391626099,-1.3660333459795283e-18,-1.7075125617860866e-18,-1.5457786959511923e-18,1.1599097693183156e-20,-7.116701282407947e-20,-1.3620172138694741e-18,-6.659343522853635e-20,3.2888623459336857e-19
axial_m,0.0345,-0.02793717097027765,-1.9927156696192112e-18,-6.801093076320911e-19,-1.6338673104013705e-18,-7.603525929940764e-21,-1.0720596312716208e-21,1.374752208883337e-19,6.364208439892202e-20,-3.7575268403937825e-21
axial_m,0.03459999999999999,-0.027970385231426188,-1.4200361799155869e-18,-1.260413705600296e-19,-1.6155006002780055e-18,-3.7696571531911945e-21,-3.2396620809321936e-20,-9.021331983658434e-19,-1.3508837145666892e-20,1.6045331675178097e-20
axial_m,0.034699999999999995,-0.028003266775381813,-1.4006104199606713e-18,-2.9050440297307628e-18,-1.605534272720134e-18,-5.090115155911546e-21,-7.664005728161797e-20,-1.3403016369005361e-18,-1.0117615539189915e-19,4.1567750310266177e-19
axial_m,0.0348,-0.028035815684257087,-1.4194792720648595e-18,-5.466439212828593e-19,-1.5631624399706307e-18,-1.7922650785157397e-21,-1.8152437069882423e-20,-1.7040047827445145e-18,-9.582900484104528e-20,3.6512333461396805e-19
axial_m,0.0349,-0.028068032046588923,-1.5926383279197853e-18,-5.0544795057848017e-20,-1.5815327066377844e-18,1.1902594996952625e-20,-4.01957393958533e-20,-1.5316219160520391e-19,5.817106802823798e-21,-2.85671371786821e-20
axial_m,0.035,-0.028099915957325326,-1.5072752120766693e-18,-1.7524588336314138e-18,-1.5693389480114847e-18,1.0020063994974869e-20,-9.917378790875793e-20,-9.702593404006427e-19,-3.106828684803553e-20,2.0854862366035969e-19
axial_m,0.03509999999999999,-0.028131467517812127,-1.8015443900701257e-18,1.4985675260647676e-19,-1.7478749037172293e-18,-9.157647426281034e-21,3.378809071984481e-20,-1.1144992566677271e-18,-4.972890425435541e-20,1.4263492732878425e-19
axial_m,0.035199999999999995,-0.028162686835779355,-1.7059084938015147e-18,-6.031366422220346e-19,-1.7918301805048104e-18,-1.9271062250602224e-20,-2.9734018294478735e-20,-5.603979233398657e-19,-3.6001239828011236e-20,1.0514383505067365e-19
axial_m,0.0353,-0.02819357402532761,-1.5304638195780274e-18,-1.3511207252460364e-18,-1.446231921579515e-18,2.582401195689547e-20,-6.32614887238915e-20,-3.937239602245614e-19,-3.134426226484601e-20,1.9501688037650386e-19
axial_m,0.0354,-0.028224129206914122,-1.211222774264018e-18,-1.553327414596633e-18,-1.4449660612722477e-18,3.3258236310415646e-20,-1.1263733752798188e-19,-1.4530037505733565e-18,-1.944567370508891e-19,4.2029332429366686e-19
axial_m,0.035500000000000004,-0.028254352507338824,-1.8219890882215013e-18,4.617153814683794e-20,-1.5582489816241199e-18,2.1409191732980105e-21,-4.605205391750754e-20,-8.755417634315137e-19,2.6062238144094863e-20,7.959986395733054e-20
axial_m,0.03559999999999999,-0.02828424405973006,-1.2654591606401533e-18,-3.672830128024908e-19,-1.5626602268188627e-18,1.4670045921484547e-20,-2.0504913511455648e-20,-7.351903338319649e-19,2.1954381842562593e-20,3.797697313049275e-20
axial_m,0.035699999999999996,-0.028313804003530316,-1.6799546415578229e-18,1.0104767410033061e-18,-1.490692789216452e-18,1.8077746373338754e-20,-3.092471208444786e-20,-7.874442130431747e-19,-1.0034374654987302e-19,2.9614034869464367e-19
axial_m,0.0358,-0.02834303248448164,-1.7257822791797464e-18,-5.615826362430649e-19,-1.6610068218137723e-18,6.533306974075997e-21,-5.932100242190573e-20,-4.125534537787649e-19,-9.388309177641766e-21,5.813130938086376e-20
axial_m,0.0359,-0.02837192965461102,-1.8711973780005592e-18,-2.1366926233007716e-19,-1.7577745755984666e-18,-1.3015457660266434e-20,4.012006620326225e-20,-5.141326534444825e-19,7.03141457709447e-20,9.507877650568843e-21
axial_m,0.036000000000000004,-0.02840049567221548,-1.5817605316000123e-18,-6.870788934316592e-19,-1.7730180192609324e-18,-7.223065922727963e-21,-2.099435574134491e-20,-9.075393466330018e-19,-4.260657730195319e-20,9.84419476501109e-20
axial_m,0.03609999999999999,-0.028428730701847163,-1.896373235887592e-18,-2.9354284481627397e-19,-1.708287480518216e-18,-4.3451612967872776e-21,-3.981057780139343e-20,-1.1148915337018275e-18,-7.504945999701254e-20,3.595053926363028e-19
axial_m,0.036199999999999996,-0.02845663491429812,-1.165885647227727e-18,-9.754963515791534e-19,-1.8178275256163725e-18,-1.1945090522713885e-20,4.0458885599510313e-20,-7.954132099685127e-19,-2.481562283647799e-20,1.8394783508945014e-19
axial_m,0.0363,-0.028484208486585047,-1.6574581903048245e-18,-1.1603120723327836e-18,-1.780526018264199e-18,-1.684108901186611e-20,-1.0186782441685823e-20,-1.994855547091364e-18,-1.3871131289606612e-19,5.147545538701373e-19
axial_m,0.0364,-0.028511451601933746,-2.2911295808623103e-18,-2.1330313062981935e-19,-1.5015725672797654e-18,1.8417427543428157e-20,-1.0583703878587396e-19,-8.632923870771527e-19,-1.085556062247054e-19,3.4299485953674254e-19
axial_m,0.036500000000000005,-0.02853836444976356,-1.5275258831533904e-18,-6.695795875096771e-19,-1.5715434992679627e-18,1.2548139918202731e-20,-1.0151330070329425e-19,-1.1463716407046878e-20,8.476491278851652e-21,1.3296477972781552e-19
axial_m,0.036599999999999994,-0.028564947225671575,-2.044450270844083e-18,-8.78354988692633e-19,-1.611565905028137e-18,-8.081479832740207e-21,-5.934949608801963e-20,-4.785670077966674e-19,-2.262416949847074e-20,2.3519994802107294e-19
axial_m,0.036699999999999997,-0.028591200131416684,-1.6810625788115159e-18,-1.3488619823603197e-18,-1.6825737660281565e-18,9.834622381399407e-21,-2.5377652026107616e-20,-5.452947363732746e-19,-1.8980823647828692e-20,2.2888607648042976e-19
axial_m,0.0368,-0.02861712337490348,-1.8325487869341126e-18,-9.893785394625606e-20,-1.5239693448326257e-18,2.6406590727875442e-20,-3.387845456155229e-20,-5.311445063794116e-19,-7.238036098445699e-20,1.738094207716183e-19
axial_m,0.0369,-0.02864271717016605,-1.5710843988893874e-18,-5.389316122068797e-19,-1.4240339474291349e-18,2.793401254162599e-20,-5.471195759956293e-20,-1.2298165724407441e-18,-9.508111947490553e-20,2.4962274553548833e-19
axial_m,0.037000000000000005,-0.028667981737351564,-1.673630388196579e-18,-1.4010001245892999e-18,-1.7980797047108463e-18,-4.2749150288474494e-21,-7.6857433236846e-20,-1.3619898395453537e-18,-1.0863803772661386e-19,6.903710255218698e-19
axial_m,0.037099999999999994,-0.02869291730270368,-1.8074257512278715e-18,2.047390160087031e-19,-1.9144440074713707e-18,-3.757203563206275e-20,1.0366391600524408e-19,-1.7442589513652242e-19,6.814982698231141e-20,-6.109681505293875e-20
axial_m,0.0372,-0.028717524098545985,-1.5954014437036399e-18,-2.2002225049047745e-18,-1.6963347934978966e-18,-1.6139156795819976e-20,-6.827903042015778e-20,-5.075081887010328e-19,-4.409556557489549e-20,2.2375249260340706e-19
axial_m,0.0373,-0.028741802363265002,-1.5147583145801344e-18,-2.5291819838588777e-18,-1.4585681477842902e-18,2.013212508934982e-20,-1.126584107429243e-19,-1.743200660540641e-18,-1.0642198952395967e-19,3.584445171058949e-19
axial_m,0.0374,-0.028765752341293256,-1.2095253125374453e-18,-1.4739595883404792e-18,-1.5386665725938194e-18,3.5915438324428015e-20,-1.0232124424714602e-19,-1.6006020742718372e-18,-1.2456508777178573e-19,4.550202794821151e-19
axial_m,0.03749999999999999,-0.028789374283092146,-1.4552002090388898e-18,-9.604018345025335e-19,-1.6398841578319956e-18,1.8155850155329575e-20,-3.403563834927032e-20,-1.6718612672663614e-18,-9.744107947701391e-20,3.0740599045329128e-19
axial_m,0.037599999999999995,-0.028812668445134654,-1.9463627053869094e-18,-1.4875509944984992e-19,-1.7666335763866107e-18,-1.1465802951859878e-20,3.0495253212931754e-20,-1.0359404620773136e-18,-6.239823643048331e-20,3.6491500456997775e-19
axial_m,0.0377,-0.028835635089887898,-1.6092450008243066e-18,1.6487149775471115e-20,-1.5143261686768316e-18,1.838493899858016e-20,-4.113936116413458e-20,-1.0737912276128357e-18,-6.032395010710485e-20,3.6346108590359443e-19
axial_m,0.0378,-0.028858274485795532,-1.417795879115868e-18,-8.027648459956783e-19,-1.4918667663703173e-18,2.2969804876775837e-20,-6.607221557721245e-20,-1.5718859921742346e-18,-1.3894528532470456e-19,4.980555409452929e-19
axial_m,0.0379,-0.028880586907260086,-1.7784732488809667e-18,-3.9711307713405563e-19,-1.7250593757850235e-18,-3.636284027138058e-21,6.167755398858268e-20,-9.515830911492363e-19,-6.922478699056142e-20,8.74051858876395e-20
axial_m,0.03799999999999999,-0.028902572634625014,-1.4745325438942781e-18,-8.783369002355443e-19,-1.6411561931357892e-18,1.1594847500533923e-20,8.135642585015617e-21,-4.54935443617725e-19,-5.105930932049812e-20,6.360837994348178e-20
axial_m,0.038099999999999995,-0.02892423195415677,-1.5398296954879689e-18,-2.947005016939403e-19,-1.6936971103696907e-18,-5.288867524194524e-21,-3.2652088984188746e-20,-1.174451933613067e-18,-2.9477369729442384e-20,2.1741872791879896e-19
axial_m,0.0382,-0.028945565158026598,-1.5525791736591775e-18,-1.9199601338672236e-18,-1.8015464729557447e-18,-1.6460303700338633e-20,5.653997044794282e-20,3.389688359901404e-20,2.0258209048315247e-20,1.440111361479308e-19
axial_m,0.0383,-0.028966572544292257,-1.941218392054272e-18,1.1023664216367213e-18,-1.805165986508534e-18,3.2772887511137576e-21,-6.192797326671961e-21,-2.4524163209961006e-19,-1.822678428244131e-20,2.091377296976946e-20
axial_m,0.038400000000000004,-0.028987254416879576,-1.3574279795111788e-18,-1.9204279372206184e-18,-1.631657003116892e-18,1.546811911038924e-20,-7.501300006221912e-20,-5.480975192609726e-19,2.259027151055578e-20,3.661097211190799e-20
axial_m,0.03849999999999999,-0.029007611085563954,-1.4590314189483986e-18,-1.105901058753544e-18,-1.8560391248484454e-18,-4.226734524866432e-21,5.51740244440119e-20,5.102200915367328e-20,8.703682816164066e-20,-5.0139415775014887e-20
axial_m,0.038599999999999995,-0.029027642865951518,-1.733145549857922e-18,-1.4618491978303514e-19,-1.7001341779311475e-18,-7.950599664703988e-21,-2.290633390684942e-20,-6.198674476074128e-19,-5.1447736313494215e-20,3.9018245765581613e-19
axial_m,0.0387,-0.029047350079460407,-1.767203383313379e-18,2.346681292440561e-19,-1.6683343902695227e-18,1.4562334835634087e-20,-9.747945773418314e-20,-1.2520176068608653e-18,-5.764432624346498e-20,4.2037058227319766e-19
axial_m,0.0388,-0.029066733053301715,-1.6303168192834127e-18,-1.891565894817343e-19,-1.802506162409589e-18,-1.4201953282752656e-20,4.2923507636984586e-20,4.869073600193858e-19,7.603122995276873e-20,-1.0448560209535613e-20
axial_m,0.038900000000000004,-0.029085792120460387,-1.4871693818150215e-18,-6.772106835719318e-19,-1.6106901170410208e-18,1.9536738077652432e-20,-2.380912310429599e-20,-2.0733970527013372e-19,-3.4449099341437896e-20,2.276984594738739e-19
axial_m,0.03899999999999999,-0.029104527619676003,-1.6376800380273567e-18,-2.4470621938993836e-19,-1.698060102060743e-18,2.1134667109055343e-21,-5.012614029006206e-20,-6.012894116126797e-19,6.543731126244416e-20,1.6123075923088498e-19
axial_m,0.039099999999999996,-0.029122939895423326,-1.556482630150871e-18,-2.54582121064369e-18,-1.4786634597701586e-18,2.596301710466562e-20,-7.299952251769338e-20,-9.475123311382668e-19,-4.1073808064198103e-20,3.624434284365103e-19
axial_m,0.0392,-0.029141029297892838,-1.4128295048610202e-18,-1.5720009816426057e-18,-1.5480856085351313e-18,1.6071625835654232e-20,-4.7378688162448655e-20,-1.221329239404164e-18,-9.001325000508675e-20,2.670341659531046e-19
axial_m,0.0393,-0.029158796182971115,-1.7024998255874197e-18,1.722497622862205e-19,-1.6225888805190993e-18,1.0865522724154377e-20,-4.7004285618897347e-20,-4.986813142634016e-20,-3.2694406449439026e-20,-1.5193742825376658e-20
axial_m,0.039400000000000004,-0.02917624091222092,-1.6913423567945133e-18,-4.278471633729284e-20,-1.6244271831409664e-18,1.839904745637871e-21,-4.060246325414441e-20,-4.944722752706438e-19,-2.8476189404556333e-20,3.1284303049107586e-19
axial_m,0.03949999999999999,-0.02919336385286144,-1.8064610207815716e-18,-1.0356605232936495e-18,-1.5925543404798842e-18,2.312222302945756e-20,-1.0391899088306205e-19,-2.9542422684763534e-19,-3.3243223998307933e-20,2.854537585149197e-20
axial_m,0.039599999999999996,-0.029210165377748173,-1.4756753370017618e-18,-1.072018135940454e-18,-1.801841970105948e-18,-3.138074769991362e-21,3.8810340290706577e-20,2.1153121268565352e-19,4.079638985072424e-20,-1.18809396126535e-19
axial_m,0.0397,-0.029226645865352754,-1.2000764017284034e-18,-2.2708068897726374e-18,-1.659814547286219e-18,6.637707878188143e-21,-5.932320019535959e-20,-4.680263295710902e-19,-3.542172643096194e-20,5.025830422161179e-19
axial_m,0.0398,-0.029242805699742712,-1.4364213933105672e-18,-1.396667456927286e-18,-1.356664089737575e-18,2.839208134264072e-20,-7.231855580583481e-20,-1.5771764817059565e-18,-1.0286409691046574e-19,3.227971257584333e-19
axial_m,0.039900000000000005,-0.029258645270560987,-1.925098323133846e-18,-4.761764445448636e-19,-1.7631939116709592e-18,-1.9374427515266204e-20,2.586591994424029e-20,-4.936058140706331e-19,-2.0080079806261907e-20,6.414069666477276e-20
axial_m,0.039999999999999994,-0.02927416497300541,-1.140155917240561e-18,-1.6806266113034736e-18,-1.5139393013546015e-18,1.565156490465979e-20,-4.610376578997537e-20,-5.229898182450867e-19,-2.4682222795750262e-20,2.058333835222076e-19
axial_m,0.0401,-0.02928936520780808,-7.563092189321071e-19,-1.705038966372379e-18,-1.5909501428112002e-18,3.460597440369409e-20,-9.793004992620015e-20,-1.7124855677471836e-18,-1.6001540025912278e-19,2.8994566630207284e-19
axial_m,0.0402,-0.02930424638121451,-1.3641825387503899e-18,-1.6066066383695615e-18,-1.5991698542899638e-18,1.1902321263996207e-21,-8.075180749203887e-20,-1.2865965623951352e-18,-2.961729266977791e-20,4.410990998738503e-20
axial_m,0.0403,-0.029318808904962718,-1.4663857849923744e-18,-4.127848111984555e-19,-1.6831222245857465e-18,6.46355792737833e-21,-2.1862556120959165e-20,-2.72938320537452e-19,8.953449600668452e-20,-9.481750867209158e-20
axial_m,0.040400000000000005,-0.029333053196262227,-1.983999586003195e-18,-1.163178016060429e-18,-1.8703879076514432e-18,-1.2277178053350563e-20,-1.7421827691708942e-20,-5.082092054075564e-19,1.9506407302778328e-20,1.0520610960328424e-20
axial_m,0.040499999999999994,-0.02934697967777288,-1.5706624541045188e-18,-2.076652267288092e-18,-1.609505929945595e-18,1.3850066629592133e-20,-2.3946868441909675e-20,-8.884661081260103e-19,1.4066356111695088e-20,6.097692656857304e-20
axial_m,0.0406,-0.02936058877758358,-1.6668921223575441e-18,-7.506583007529751e-19,-1.6987102449073163e-18,-7.35799942881301e-21,-3.0184866945244886e-20,-8.965552439078776e-19,-1.287095181356159e-19,3.277586499584016e-19
axial_m,0.0407,-0.02937388092919091,-2.0302987086630393e-18,-9.770667373386358e-19,-1.7169093570316783e-18,1.4689181446890086e-20,-6.836686627095575e-20,-1.3927006926144983e-18,-4.4500267581809697e-20,3.2121478825595182e-19
axial_m,0.0408,-0.02938685657147756,-1.8224047160609575e-18,8.344618209374611e-20,-1.6783313481316705e-18,-8.279078759053033e-21,2.0941506349981218e-20,-4.181106465203467e-19,4.6001648685408357e-20,5.591602586553272e-20
axial_m,0.04089999999999999,-0.02939951614869076,-1.487609714966807e-18,-8.87842606524039e-19,-1.619652975092361e-18,-1.2347888532053641e-20,-4.428197833314419e-20,-1.5660589558465649e-18,-6.413162172856471e-20,5.77685686612492e-19
axial_m,0.040999999999999995,-0.029411860110420567,-1.5129850993237748e-18,-2.370895646463875e-18,-1.653101651920492e-18,1.0254873046673698e-20,-7.7829569359717e-20,-1.8783667483732467e-18,-1.1557549888904427e-19,4.99741332092019e-19
axial_m,0.0411,-0.0294238889115779,-1.6897070128037277e-18,-6.338538988840782e-19,-1.648702917359501e-18,6.895485230788088e-21,-3.4872850808393257e-20,-9.206028001773658e-19,-7.837109281499594e-20,2.4095864324410343e-19
axial_m,0.0412,-0.029435603012372646,-1.2970229909555388e-18,-2.1535997054180062e-18,-1.4464739083211241e-18,3.016530160438822e-20,-6.216067837425799e-20,-1.1903546986698387e-18,-5.646893144627681e-20,2.0988561141728515e-19
axial_m,0.0413,-0.029447002878291596,-1.6527233671916641e-18,4.8436275705903975e-20,-1.4992970874870912e-18,2.1533328364521447e-20,-3.215867242459596e-20,-4.900652156316809e-19,-8.522735282609351e-21,-1.2927700704408645e-19
axial_m,0.04139999999999999,-0.029458088980076173,-1.4763996301819434e-18,-1.0172743597567088e-18,-1.5089058840458853e-18,1.8472300382814662e-20,-6.414240462424328e-20,-1.5070336142956778e-18,-1.0253135424391222e-19,5.766539903480775e-19
axial_m,0.041499999999999995,-0.029468861793700223,-2.024270776569669e-18,1.2943603219857273e-18,-1.720059500753897e-18,-1.4216034781161046e-20,-1.854470369605304e-21,-1.7079513569983965e-19,6.0382525698581105e-21,1.1502889373555873e-19
axial_m,0.0416,-0.029479321800347506,-2.0777441668879447e-18,-2.482638991911298e-19,-1.866602303478377e-18,-1.5318732530514303e-20,-1.848398528258485e-20,-5.2167957534827e-19,1.2413561689387582e-20,5.955077577961531e-20
axial_m,0.0417,-0.029489469486389246,-1.838743365864917e-18,3.592597017173325e-19,-1.6698277070839668e-18,-5.099562060113636e-22,1.6047365812782647e-20,-1.9892371348176222e-19,1.0315447137819588e-20,-1.2834212965093825e-21
axial_m,0.041800000000000004,-0.029499305343361475,-1.766797157287189e-18,-9.315057904816298e-19,-1.6518491709460608e-18,-1.4366449797944643e-21,-2.6778736951598724e-21,-2.686569314815033e-19,-2.317424517760466e-20,2.1219955309190944e-19
axial_m,0.04189999999999999,-0.02950882986794228,-2.157021452318969e-18,8.924833831567656e-19,-1.7744966079409607e-18,1.741276494170892e-20,2.3345837629422547e-20,1.2544448499718725e-20,-2.833926373760282e-20,1.1448343442509835e-20
axial_m,0.041999999999999996,-0.029518043561928973,-1.9606198997125438e-18,-1.7061687264379678e-18,-1.5887052506067777e-18,1.1109147776398055e-20,-7.847932330923148e-20,-1.733794850655947e-18,-1.3763057265668454e-19,4.252208547160834e-19
axial_m,0.0421,-0.029526946932215185,-1.7146313209376161e-18,-7.828215046762372e-19,-1.6633741625296066e-18,2.377554168586115e-20,-6.469645319443955e-20,-1.2571928689242846e-18,-1.0872602959844314e-19,1.6682742089186962e-19
axial_m,0.0422,-0.029535540490767745,-1.7698826360230946e-18,4.098878448392626e-19,-1.6627601043717281e-18,1.3812570845972992e-20,-6.406038729973767e-20,-1.2486926352741393e-18,-6.235069963267214e-20,3.516747692173491e-19
axial_m,0.042300000000000004,-0.029543824754603574,-1.088241946433723e-18,-1.1238759029120972e-18,-1.715047677701432e-18,-4.393592124961599e-21,-1.897587208404692e-20,-1.6554168947274652e-18,-8.145461569770088e-20,2.8476337879927144e-19
axial_m,0.04239999999999999,-0.029551800245766417,-1.2416989186622303e-18,-2.7913192468645207e-18,-1.5347355565825096e-18,2.8759960997615387e-21,-7.133514862687163e-20,-8.318989317558153e-19,-6.29782875897212e-23,1.252831659975175e-19
axial_m,0.042499999999999996,-0.029559467491303542,-1.9402597451164264e-18,-3.6904911868653583e-19,-1.7826443103345946e-18,-2.0603953565420814e-20,-1.8502406111357274e-20,-7.355388389619828e-19,-6.577951576940803e-21,3.1201501575493967e-19
axial_m,0.0426,-0.02956682702324217,-1.9085280402866474e-18,-2.298938431210391e-18,-1.8400528920353076e-18,-3.419818340029132e-20,3.171570016719252e-20,-1.3127149192065953e-18,-2.58554229719824e-20,3.471668223629513e-19
axial_m,0.0427,-0.029573879378566027,-2.2938429185901176e-18,-7.763248822482905e-19,-1.8643099163356695e-18,-3.883831002330101e-21,-3.3873593586825826e-20,-1.251912395447607e-18,-9.581765334749143e-20,2.805354615202907e-19
axial_m,0.042800000000000005,-0.029580625099191665,-1.967999869015656e-18,6.616369151546722e-19,-1.8588017495144977e-18,-9.187701319836737e-21,3.669748948128109e-20,1.8299963209594431e-19,2.0339584702506562e-20,-3.7626759027788216e-20
axial_m,0.042899999999999994,-0.0295870647319447,-1.796800880511643e-18,-4.832970315877759e-19,-1.5078841669570478e-18,3.934042354415528e-20,-6.09879556410897e-20,-9.155746774418223e-19,-7.668714187109636e-20,4.151158824602017e-19
axial_m,0.043,-0.029593198828535998,-2.1762262657881827e-18,4.697073557962812e-19,-1.604124772334513e-18,-7.016477398460534e-21,-7.12580001019686e-20,-6.28355867848693e-19,-2.2109012682688505e-20,1.4246466676528293e-19
axial_m,0.0431,-0.02959902794553772,-1.4762759791332221e-18,-1.6247933754247345e-19,-1.5720668228227374e-18,1.2375300912154367e-20,-4.686531237849464e-21,-1.116511579918619e-18,-7.178039999584259e-20,4.1062625811686646e-19
axial_m,0.0432,-0.029604552644359305,-8.698906168633172e-19,-2.4179264328675185e-18,-1.303318271594831e-18,3.5744296944091393e-20,-1.7456119010974832e-19,-1.4225286840343733e-18,-1.668537591687252e-19,5.120840843211751e-19
axial_m,0.043300000000000005,-0.02960977349122335,-1.0917239770237359e-18,-1.8298223719969245e-18,-1.367806496990661e-18,4.2590985833517227e-20,-1.141807594061229e-19,-1.0491090485471745e-18,-4.21754113450643e-20,4.543998977431588e-19
axial_m,0.043399999999999994,-0.029614691057141384,-2.207101051677848e-18,-1.551542219609216e-18,-1.701042360563876e-18,8.169011031988963e-21,-3.419816214723372e-20,-5.967255077614035e-19,-1.864760914283029e-20,1.3710369551721216e-20
axial_m,0.0435,-0.0296193059178896,-1.9930134935999546e-18,-5.536981750896486e-19,-1.6936138318679965e-18,-5.4884258391476945e-21,-1.8640719315937594e-20,-4.0669474707574355e-19,3.6674541301151215e-21,3.197390740981672e-19
axial_m,0.0436,-0.029623618653984416,-1.8643778263360575e-18,-1.1649454938566126e-18,-1.6443854330383225e-18,2.6210623486726138e-20,-8.572306652119547e-20,-1.0678857621782977e-18,-1.2631323531300258e-19,3.5836059131827264e-19
axial_m,0.0437,-0.029627629850658064,-1.7958862692124296e-18,-9.335254075568891e-19,-1.4459862048094687e-18,1.3453021924066757e-20,-1.137750346511354e-19,-1.3856875078148993e-18,-1.2232041444561839e-19,4.858451904587746e-19
axial_m,0.043800000000000006,-0.02963134009783394,-1.6223375243472641e-18,-8.779132615261453e-19,-1.6903327532565383e-18,2.2260531485491513e-21,-1.4091713441141813e-20,-1.1895164039590952e-18,-8.978895783686991e-20,2.3496184359410574e-19
axial_m,0.043899999999999995,-0.02963474999010202,-1.8669390333815192e-18,-5.564085401613662e-19,-1.5273130622727804e-18,2.701251009893387e-20,-6.724849791752677e-20,-8.628128213305543e-19,-1.7268248720276643e-20,1.9011573217965022e-19
axial_m,0.044,-0.02963786012669411,-1.9455965616414903e-18,2.3725394085597904e-19,-1.5186572884051396e-18,3.117575910836282e-20,-1.2264197957689663e-19,-1.6375216515202036e-18,-1.1071964153628414e-19,4.305583672387626e-19
axial_m,0.0441,-0.02964067111145899,-2.0364857401359564e-18,-7.827023642836311e-19,-1.6399215425453164e-18,-5.20140884594345e-21,-2.347234666428924e-20,-6.416148885437343e-19,3.842402727281093e-21,1.988015385761036e-19
axial_m,0.0442,-0.029643183552837547,-1.1885565974869394e-18,-1.28986200242282e-18,-1.6545525513895443e-18,2.6333686789174758e-20,-8.843698552320172e-20,-1.13774587474599e-18,-8.275763282030484e-20,4.684489016823634e-19
axial_m,0.04429999999999999,-0.029645398063837793,-1.4091458525793775e-18,-1.5581894502449783e-18,-1.7286913849447213e-18,-4.437646473584087e-21,-6.656766243164816e-20,-1.7499860547842877e-18,-1.272706326707771e-19,5.952211508952928e-19
axial_m,0.044399999999999995,-0.029647315262009775,-1.2075568877478109e-18,-8.971021912190659e-19,-1.5180407588603357e-18,2.7127864800407683e-20,-4.0836982109553445e-20,-1.1204660642394715e-18,-5.29123774186152e-20,1.9031262064012128e-19
axial_m,0.0445,-0.02964893576942045,-1.7075967110434045e-18,-2.4062820034862587e-18,-1.4962166393763633e-18,3.5685501522289906e-20,-9.948767678190947e-20,-1.5579575617878301e-18,-5.80633224747407e-20,3.655445682610551e-19
axial_m,0.0446,-0.02965026021262843,-1.5955286535221204e-18,-5.162574866687558e-19,-1.796123635396668e-18,1.9056322450478844e-22,-7.633334628978462e-21,1.8883623087486788e-20,6.250925774109949e-20,-1.201718792678098e-19
axial_m,0.044700000000000004,-0.029651289222658708,-1.8561814665080948e-18,7.986682179887502e-19,-1.8674828316856344e-18,-3.452404833217529e-20,4.6188150670760704e-20,-4.548083963863948e-19,1.8369848766201008e-21,4.3655682043658837e-20
axial_m,0.04479999999999999,-0.029652023434977273,-1.6186422309237386e-18,-2.0656928026417546e-18,-1.7048389032870832e-18,-5.89547014072827e-21,-8.32452715943451e-20,-9.446149131000903e-19,-8.502014142547044e-20,3.2063824519089526e-19
axial_m,0.044899999999999995,-0.029652463489465666,-2.0077058796756577e-18,-4.991923476966251e-19,-1.662629581166906e-18,-2.2519930974345205e-21,-6.231257076677676e-20,-1.5559911659411142e-18,-5.3153866760827515e-20,1.8960542499005645e-19
axial_m,0.045,-0.029652610030395418,-1.8311154097776647e-18,-1.1969125697047297e-18,-1.8643831006280717e-18,-1.766371978746637e-20,-2.244744733493191e-21,-5.024153837101497e-19,3.466988976982487e-20,2.3745373326635366e-19
axial_m,0.0451,-0.029652463706402475,-1.4226875013855632e-18,-7.247644878615422e-19,-1.7480565963608726e-18,-4.6916137718247785e-21,8.888571301149497e-21,-2.319883979738972e-19,1.7197909059633265e-20,1.470612911914938e-19
axial_m,0.045200000000000004,-0.029652025170461546,-1.5823224472567518e-18,-8.349926049953877e-19,-1.6081404911801066e-18,1.1579741158535712e-20,-1.2476892432772463e-19,-6.926369891980795e-19,-5.1817672170140815e-20,1.8013562447572954e-19
axial_m,0.04529999999999999,-0.029651295079860265,-1.7402795987779947e-18,-5.161819357992614e-19,-1.5641884369203092e-18,2.4483664686199333e-20,-3.120581568214609e-20,-5.012853232939135e-19,-3.1635446241309803e-20,1.0443465111386986e-19
axial_m,0.045399999999999996,-0.029650274096173476,-1.6729935425194697e-18,-3.4197251429845234e-19,-1.7472822364856372e-18,-9.560071713697032e-21,1.7467082005810376e-21,-1.6253246780707573e-18,-8.015289720236281e-20,1.920656540476429e-19
axial_m,0.0455,-0.02964896288523732,-1.4562896517641532e-18,-6.669808785568271e-19,-1.713064421712386e-18,-1.0884657919803867e-20,-1.3722393203900304e-20,2.5638811294510232e-20,1.1951444848026731e-20,1.2780619832000038e-19
axial_m,0.0456,-0.02964736211712322,-1.8608403224019283e-18,-1.509560033187344e-18,-1.7086511352823399e-18,1.0766399388435401e-21,-6.083246847327516e-20,-6.472866883922157e-19,-1.0775336324003689e-20,1.4897258913159537e-19
axial_m,0.045700000000000005,-0.02964547246611196,-1.6169760241958619e-18,1.632266277157291e-20,-1.9783816930015396e-18,-2.4439058246206808e-20,1.779577755201783e-20,-4.519217340789559e-19,4.950940685907285e-20,1.9450693871764268e-20
axial_m,0.045799999999999993,-0.029643294610667503,-9.952492670269492e-19,-2.37885775078553e-18,-1.5244197561761002e-18,2.532338337334617e-20,-1.2429078048265925e-19,-1.808824390300592e-18,-1.260897456056376e-19,4.492598381823581e-19
axial_m,0.045899999999999996,-0.02964082923341091,-1.5846090505634742e-18,-4.698479151491175e-19,-1.7571466322499682e-18,-1.2365361959612027e-21,-6.235489585798786e-20,-1.7669007087729545e-18,-1.5613852763050206e-19,2.431053469219197e-19
axial_m,0.046,-0.029638077021094056,-1.9282704838043094e-18,-1.81834440624103e-19,-1.5749378480231208e-18,2.4552143714411405e-20,-7.043455800973236e-20,-6.262471217608221e-19,-2.5235292624005893e-20,7.630471600638041e-20
axial_m,0.0461,-0.029635038664573413,-1.1553523336566785e-18,-2.707226507098233e-18,-1.39204577437127e-18,8.331202798084564e-21,-4.960545488497336e-20,-5.43127372029267e-19,-2.3186771836076925e-21,1.3815780448476175e-19
axial_m,0.046200000000000005,-0.029631714858783676,-1.841833834142104e-18,-8.99457543265631e-19,-1.7278210626990306e-18,5.6844554420701594e-21,-1.9462646407643643e-20,-8.699163576138926e-19,-3.1060568069912523e-20,6.766722473491928e-20
axial_m,0.046299999999999994,-0.029628106302711368,-2.013962745114991e-18,-1.32896518852309e-18,-1.535050514222401e-18,4.302722023541809e-20,-6.791140656542156e-20,-1.179540745311098e-18,-3.851582128679563e-20,4.399705107831645e-19
axial_m,0.0464,-0.029624213699368355,-1.228923873597966e-18,-1.4141260589576202e-18,-1.4479652047226392e-18,3.60268579298542e-20,-9.479468905512621e-20,-1.9968016983160356e-18,-1.5879729653656735e-19,5.916452850167152e-19
axial_m,0.0465,-0.029620037755765362,-1.6665955373315922e-18,-1.5552449167707756e-19,-1.588867164741745e-18,3.57627426572531e-21,-6.28938350158917e-20,-1.3113874819571791e-18,-7.914831464475326e-20,4.33895682247034e-19
axial_m,0.0466,-0.029615579182885383,-1.48780274183297e-18,1.6623770422202738e-19,-1.4907024558260706e-18,4.4407614002006564e-20,-4.4144572358724064e-20,-9.849578369161086e-19,-1.499149357492101e-19,3.4431314368455593e-19
axial_m,0.046700000000000005,-0.029610838695657005,-1.878723120088733e-18,3.9951704278833237e-19,-1.9671728535505648e-18,-1.7921019808439342e-20,1.3969127070768098e-20,-1.0474441549896325e-18,-5.425436503207442e-20,3.480904471645857e-19
axial_m,0.046799999999999994,-0.02960581701292776,-1.528060065887271e-18,-1.781543963760102e-19,-1.4891772608375125e-18,1.147613395497403e-20,-8.517350726237745e-21,-4.552885178243358e-19,-3.52391189432551e-20,3.3286833992430325e-21
axial_m,0.0469,-0.029600514857437386,-1.6613288237784132e-18,-1.595692291706778e-18,-1.6194845188925063e-18,2.7529144611005136e-22,-5.948652834815219e-21,-1.0292579535046803e-18,-5.44101937676668e-20,2.1534280520354273e-19
axial_m,0.047,-0.029594932955791003,-1.796948252457914e-18,-3.966538784839109e-19,-1.8020076496246083e-18,-8.242440454880854e-21,-5.742777427153112e-20,-8.304195208346627e-19,-4.3321621585523874e-20,4.50420005955057e-19
axial_m,0.0471,-0.029589072038432238,-1.3478405576185058e-18,-1.0054861213959453e-18,-1.6883053134423353e-18,-1.2326927572514355e-20,-5.042491022602631e-20,-1.4101594036287691e-18,-9.363035351597279e-20,4.1211692750777545e-19
axial_m,0.047200000000000006,-0.029582932839616372,-1.411093361776108e-18,-1.8269609606208076e-18,-1.5195370963679216e-18,3.604858958395211e-20,-9.114585049344906e-20,-1.0344936727821241e-18,-5.2465209881448024e-20,3.4758192263020285e-19
axial_m,0.047299999999999995,-0.02957651609738335,-1.3689939146436581e-18,-6.725831264691341e-19,-1.5926713030309116e-18,-7.257255468819696e-21,-3.809990794196251e-20,-1.0259058078947373e-18,-3.6557197849004734e-20,1.276268037569497e-19
axial_m,0.0474,-0.029569822553530793,-1.3850394766836306e-18,-2.259297513390219e-18,-1.9486529183959213e-18,-3.926620032077563e-20,6.262215861393066e-20,-4.175227851031646e-19,1.6720959478394828e-21,6.705718284933703e-20
axial_m,0.0475,-0.02956285295358695,-1.820376100365752e-18,-1.0871201883018789e-18,-1.4655179174768737e-18,2.747887798422647e-20,-1.3154382650017807e-19,-1.686886061948481e-18,-1.398736031977567e-19,4.87991279490744e-19
axial_m,0.0476,-0.02955560804678357,-2.014880646024807e-18,-1.1350290487274482e-18,-1.5234711482820304e-18,-8.042916146362792e-22,-7.646107435918642e-20,-1.2994870430400616e-18,-9.858810519034833e-20,3.627214456035773e-19
axial_m,0.04769999999999999,-0.029548088586028785,-1.9810377994550384e-18,4.720207505802829e-22,-1.9058567430394784e-18,-2.6090364824102073e-20,1.1973181432487058e-20,-1.3405160608587896e-18,-8.381031658280773e-21,1.8651922996654147e-19
axial_m,0.047799999999999995,-0.02954029532787991,-1.5678652864485208e-18,-2.9446070590906665e-19,-1.7205181180705834e-18,-6.408924064095193e-21,-4.108006102251733e-20,-1.36251653311432e-18,-1.7514007174508426e-20,8.086397012246525e-20
axial_m,0.0479,-0.029532229032516226,-1.669562918845603e-18,-1.0781155212359728e-18,-1.6300813253508614e-18,1.3033666598179222e-20,-7.803387306018188e-20,-1.1360124043415334e-18,-8.398846794055034e-20,2.8813120777232027e-19
axial_m,0.048,-0.02952389046371164,-1.4089870011573822e-18,-1.2408992213639166e-18,-1.504907273873574e-18,1.358675798714329e-20,-2.3072589823705792e-20,-9.908418990426632e-19,-4.0626267002211784e-20,1.0325963488088167e-19
axial_m,0.048100000000000004,-0.02951528038880744,-9.141191399353992e-19,-1.608416487818509e-18,-1.7124536656348487e-18,-2.210801851794386e-21,-7.402036576191461e-20,-1.128108536265123e-18,-2.6644272650495252e-20,5.836795425025871e-19
axial_m,0.04819999999999999,-0.02950639957868492,-1.184950808646535e-18,-9.3907906095243e-19,-1.840929613250739e-18,-1.7555729590624324e-20,2.6026907507842192e-20,-1.1748170384106623e-18,-1.6809392113317006e-20,4.312354219949868e-20
axial_m,0.048299999999999996,-0.02949724880773792,-1.5030130364391854e-18,-8.803111188431954e-19,-1.5317368650845615e-18,3.448595514677805e-20,-5.889276641843709e-20,-4.701336125455546e-19,1.2397154147816319e-20,3.5506655568938756e-20
axial_m,0.0484,-0.029487828853845433,-1.976736191309233e-18,-2.014571850238755e-19,-1.8548374297994415e-18,-1.4251423746663352e-20,3.602556950186605e-20,-1.0628454249256431e-19,3.9495823118922575e-22,5.0234513723913494e-20
axial_m,0.0485,-0.029478140498344137,-1.7926519565644485e-18,-1.656657216312197e-18,-1.6546380008881054e-18,2.1323198341286915e-20,-7.868646731842046e-20,-1.901624652654131e-18,-1.0061707724190568e-19,5.063339301101067e-19
axial_m,0.048600000000000004,-0.029468184526000852,-1.658368341127075e-18,-3.2523696702908965e-19,-1.7468796569672593e-18,-4.5811916863307524e-21,5.8672808111825e-22,-6.272100243831926e-19,-4.840261045509958e-20,4.003671969629194e-19
axial_m,0.04869999999999999,-0.029457961724985007,-1.5240104207034969e-18,-1.292526176812713e-18,-1.582630590422787e-18,1.691438425707628e-20,-1.979804658912162e-20,-1.1275104606921537e-18,-9.311117227519674e-20,3.667429571697356e-19
axial_m,0.048799999999999996,-0.029447472886841047,-1.5497716736095863e-18,4.0047349771825064e-19,-1.6606511883335966e-18,-1.6064435462407342e-20,-4.9227381283181246e-20,2.408911043349172e-19,5.008144907334427e-20,2.528104750846492e-19
axial_m,0.0489,-0.029436718806460805,-1.5948308848770423e-18,-2.2576200812104373e-18,-1.5606200941482705e-18,3.6722109534997816e-20,-7.640720823362324e-20,-1.585227476450905e-18,-1.39974824533103e-19,5.199907673789909e-19
axial_m,0.049,-0.029425700282055878,-1.1039170689243253e-18,-1.6432005189545378e-18,-1.7487247468967926e-18,1.481669255475106e-21,-5.416083022571315e-20,-8.598045958535612e-19,-6.958135844800011e-20,1.7384806534083947e-19
axial_m,0.049100000000000005,-0.029414418115129896,-1.7895986053154315e-18,-7.273071240904193e-19,-1.770669910154011e-18,-6.199193603983009e-21,-4.8152739138684336e-20,-1.0819291749894949e-18,2.1339371602167206e-21,1.3375780039525265e-19
axial_m,0.049199999999999994,-0.02940287311045086,-1.919254038052028e-18,-4.3214044467658914e-19,-1.5472209462166e-18,3.8568020747165106e-20,-1.2166524170288254e-19,-9.161765100894122e-19,-1.081694576940852e-19,4.478748717358017e-19
axial_m,0.0493,-0.029391066076023365,-2.1346061165916276e-18,2.0655341032467836e-20,-1.8249135590377032e-18,-4.364742425486091e-21,1.7858626440445956e-20,-1.4893745400846512e-18,-9.53332368704639e-20,2.830874524214732e-19
axial_m,0.0494,-0.029378997823060832,-1.7339482229396612e-18,1.925209232159626e-19,-1.6640805110915888e-18,-8.253596812336369e-21,-4.502634004925717e-20,-1.357340954129089e-18,-7.071469578947251e-20,3.651295365257796e-19
axial_m,0.0495,-0.02936666916595771,-1.7256826434465657e-18,-1.5348394486686428e-18,-1.5291002712143507e-18,2.1988264742774463e-20,-6.551230324103674e-20,-1.5919259602816244e-18,-8.026900371239125e-20,2.2044775384107275e-19
axial_m,0.049600000000000005,-0.029354080922261678,-1.7871668657594188e-18,6.104116007409924e-19,-1.546145477445948e-18,2.0037774831700222e-20,-1.0749729707413413e-19,-1.1426595383116866e-18,-1.2337463752270616e-19,2.2012835586480984e-19
axial_m,0.049699999999999994,-0.029341233912645728,-1.5672452882366188e-18,-1.7374787147997963e-18,-1.6235919591849985e-18,-7.715363638884567e-21,-4.9793129450718545e-20,-1.035507148024947e-18,-2.218662869972789e-20,2.510026313061264e-19
axial_m,0.0498,-0.029328128960880356,-1.752736963197489e-18,4.390369522733894e-19,-1.588701433895241e-18,1.5124936186445247e-20,-6.47318157448273e-20,-1.1234163961351955e-18,-7.634188822787049e-20,4.594208652926553e-19
axial_m,0.0499,-0.029314766893805598,-1.5917065129967427e-18,-7.115300130941346e-19,-1.605372551949808e-18,1.349911396837342e-20,9.175172445038278e-21,-1.4551608134557251e-18,-2.326045182229633e-20,1.421057558723845e-19
axial_m,0.05,-0.029301148541303175,-1.260393847940635e-18,-6.267433029539787e-19,-1.529738967695708e-18,1.889363286904434e-20,-7.818978130101736e-20,-9.685553205887414e-19,-6.07695606785782e-20,3.7536363749932926e-20
axial_m,0.050100000000000006,-0.029287274736268507,-2.06329551998228e-18,-3.758852568664697e-19,-1.5178063875495582e-18,2.783015893784174e-20,-8.006359352240601e-20,-1.1551012481205045e-18,-7.009306899360462e-20,6.305439472533604e-19
axial_m,0.050199999999999995,-0.029273146314582738,-1.269636517153898e-18,-2.7079145580886674e-18,-1.6669024713868194e-18,-8.643663075622695e-21,-2.0770157700757918e-20,-1.0893782956506385e-18,-2.348148848848004e-20,1.978309120921214e-19
axial_m,0.0503,-0.029258764115084792,-1.9909587430721516e-18,6.225582036554498e-19,-1.554470075772799e-18,1.0347984784419093e-20,-3.731571263327406e-20,-6.354483875353483e-19,7.694587833926418e-21,-1.4100254932825423e-19
axial_m,0.0504,-0.02924412897954335,-1.5681213010409077e-18,-5.563895273067109e-20,-1.6696031218092277e-18,-3.702137487823264e-22,1.8216029786631785e-20,-7.668217346895117e-19,-3.9934282932963376e-20,3.168698160871244e-19
axial_m,0.0505,-0.02922924175262879,-2.0330533525247752e-18,-8.971161668310894e-19,-1.6534211950180597e-18,1.5804613991240652e-20,-8.521157821651191e-20,-8.974835837646034e-19,-1.9500192456027725e-22,3.3404859520394834e-19
axial_m,0.05059999999999999,-0.029214103281885236,-1.75185367992892e-18,-8.20864041524644e-19,-1.5873128477029713e-18,1.9322160768369274e-20,-9.133389009559752e-20,-5.656885637118338e-19,-4.165250374316443e-20,1.9337756398992682e-19
axial_m,0.050699999999999995,-0.029198714417702457,-2.0099517229290264e-18,-7.967984178414911e-19,-1.528364101347933e-18,2.048392440053178e-20,-6.473410772561035e-20,-1.612534895543275e-18,-9.18184229566597e-20,4.795080420760638e-19
axial_m,0.0508,-0.029183076013287776,-2.20829384834894e-18,-7.455287305120327e-19,-1.5386364676304256e-18,1.590214303819898e-20,-8.857891185185382e-20,-1.776107832137842e-18,-9.814038761201427e-20,4.896281214365397e-19
axial_m,0.0509,-0.029167188924638033,-1.5453886969154508e-18,-1.47195468138023e-18,-1.733114062670236e-18,-4.2692456584808405e-21,-3.3274369074969285e-20,-8.752917524526628e-19,-9.1042285651923e-21,3.363708062140583e-19
axial_m,0.051000000000000004,-0.029151054010511518,-1.455169047451519e-18,-1.2574363012944252e-18,-1.4518778444111363e-18,2.1588790279925887e-20,-1.5494591634949017e-19,-1.9258458901312326e-18,-1.238258370431727e-19,7.256942998239014e-19
axial_m,0.05109999999999999,-0.02913467213239978,-1.4335999121924714e-18,-1.6235128823009198e-18,-1.4770419392765685e-18,2.717556773804022e-20,-7.081179467992733e-20,-1.2185336125178023e-18,-4.7123269130184973e-20,1.0289268909938563e-19
axial_m,0.051199999999999996,-0.029118044154499572,-2.027765578838903e-18,-1.757127851354293e-18,-1.5602872851815606e-18,7.824671673266864e-21,-2.58810283711408e-20,-1.0583982446509216e-18,-5.2435050506178176e-20,3.572172245085714e-20
axial_m,0.0513,-0.029101170943684754,-1.885387813630774e-18,-1.1304062526603386e-18,-1.4867123807142685e-18,1.489947459919065e-20,-8.667097847981574e-20,-1.9277989422869396e-18,-1.373405228722248e-19,3.965699922101166e-19
axial_m,0.0514,-0.0290840533694781,-1.1812186478036887e-18,-1.2380815971667435e-18,-1.5493940576122e-18,2.667965034397565e-20,-7.99719181689449e-20,-8.6283630130560195e-19,-1.0523723169502137e-19,4.337788164389796e-19
axial_m,0.051500000000000004,-0.029066692304023194,-1.2311737675471028e-18,-2.3552957748851972e-18,-1.4816573413210489e-18,1.8689815778616976e-20,-1.0503570657836963e-19,-1.1356635909602408e-18,-3.4276661816335055e-20,4.562519091859916e-20
axial_m,0.05159999999999999,-0.029049088622056306,-1.5550501583415619e-18,-1.3197180432925806e-18,-1.386164730745124e-18,3.1637756797990526e-20,-1.342248193764862e-19,-1.5787895961167821e-18,-1.238104097449236e-19,2.253143694294822e-19
axial_m,0.051699999999999996,-0.029031243200878173,-1.9578842509483154e-18,-1.2978946350229745e-18,-1.5484582007200534e-18,1.0816099615351488e-20,-6.159415132496483e-20,-8.655853214308367e-19,-1.761516729403823e-20,1.9113035658669513e-19
axial_m,0.0518,-0.029013156920325942,-1.4064031751535747e-18,-4.904645047839687e-19,-1.5215961152638772e-18,3.499014639363434e-20,-1.1434736071873563e-19,-6.937720831867128e-19,-1.0853623020203291e-19,2.5927021427549027e-19
axial_m,0.0519,-0.028994830662744903,-1.4933510893440008e-18,-1.063481118605353e-18,-1.5581972015542477e-18,1.6857293667266452e-20,-5.21108700643885e-20,-1.0391868805368869e-18,-9.645226024491272e-20,3.0224011220595207e-19
axial_m,0.052000000000000005,-0.028976265312960447,-1.6072765678580558e-18,-1.0685538722194776e-18,-1.487592608805771e-18,4.246145703489001e-21,-6.725945407725576e-20,-1.0459260994100181e-18,-1.0860312314052275e-20,3.5942617199518977e-19
axial_m,0.052099999999999994,-0.028957461758249807,-1.9446889642247413e-18,-1.3558280164142152e-19,-1.7047145541250227e-18,2.1067900187467354e-21,-4.2318903912265884e-20,-8.069715383644984e-19,-8.236237462423783e-20,4.3260478669273555e-19
axial_m,0.052199999999999996,-0.028938420888313904,-1.812155763813003e-18,-4.698032430342325e-19,-1.71581674069416e-18,-8.678380909206777e-21,2.9579166451817815e-20,-7.412697784257534e-19,1.4672647631965714e-21,1.189142102260529e-19
axial_m,0.0523,-0.028919143595249275,-1.4535417844811177e-18,-5.12967109589334e-19,-1.5030956418122839e-18,1.4406829511420318e-20,-6.882910141998138e-20,-1.41502701261954e-18,-4.648320918691322e-20,2.0686977071541158e-19
axial_m,0.0524,-0.028899630773519834,-1.172314874359377e-18,-1.8970107502304704e-18,-1.4551390209092258e-18,2.3420631993908032e-20,-8.241347325359334e-20,-8.088619406792291e-19,-5.282896568095382e-20,3.448502989753602e-19
axial_m,0.052500000000000005,-0.028879883319928707,-1.5348380227871806e-18,-1.4588419968119467e-18,-1.4038586475244406e-18,3.224930777510653e-20,-1.1489858973756341e-19,-2.25264357449544e-18,-1.69931260553286e-19,6.052187076510722e-19
axial_m,0.052599999999999994,-0.028859902133590114,-1.5388075196607552e-18,-7.700756997659396e-19,-1.4826336603653168e-18,2.6007066421265848e-20,-4.571000030432094e-20,-1.1367136132440547e-18,-9.14378727035873e-20,-5.91850306365657e-20
axial_m,0.0527,-0.028839688115901218,-1.5181490078965004e-18,5.981655179027566e-20,-1.6851030208672898e-18,-7.386430727592748e-21,-5.126382777266976e-21,-1.2402989086084723e-18,-3.747643196172215e-20,2.8286699726640946e-19
axial_m,0.0528,-0.028819242170513952,-1.438515115448821e-18,-1.5208656076168571e-18,-1.3879536911804635e-18,3.520589837065062e-20,-1.54540454746001e-19,-1.5754746155378306e-18,-9.513021150619957e-20,7.615521599293718e-19
axial_m,0.0529,-0.028798565203306946,-1.6798664073034193e-18,-1.2125824044827e-18,-1.6847944111778126e-18,-2.8564189401915007e-21,-4.096781444834157e-20,-7.757876131870712e-19,-5.466266691920331e-20,3.90197468639836e-19
axial_m,0.053000000000000005,-0.02877765812235727,-1.5349549784529962e-18,-1.6098728023103905e-18,-1.527732446817963e-18,2.5902583810198857e-20,-1.0482415283727041e-19,-3.798012009638743e-19,1.1987840098793687e-20,1.1450236648787873e-19
axial_m,0.053099999999999994,-0.028756521837912486,-1.3320051063958676e-18,-1.4813225877213028e-18,-1.6180662070842821e-18,-2.6672711924492013e-21,-2.505656027248884e-20,-9.41166535320119e-19,-2.4465759427505363e-20,3.6359113537474376e-19
axial_m,0.0532,-0.028735157262362365,-1.6906781422203308e-18,-1.0295151850678844e-18,-1.2843100305968453e-18,4.8228170711957904e-20,-1.0552160700505308e-19,-9.682685562963461e-19,-6.413717688156955e-20,4.786797606004472e-19
axial_m,0.0533,-0.028713565310210885,-1.5073832729385683e-18,-7.753325088142069e-19,-1.4406533979213478e-18,2.0848347945078738e-20,-4.946271395608028e-20,-1.2836031865980758e-18,-3.9168600581759694e-20,4.384579695591923e-19
axial_m,0.0534,-0.028691746898048116,-1.475731177455179e-18,4.942961976315577e-19,-1.6040327927422804e-18,1.442749872928392e-20,-4.64919760378306e-20,-1.2925426638904906e-18,-6.0281735402471e-20,3.1093531598482547e-19
axial_m,0.053500000000000006,-0.028669702944522136,-1.8110667208799458e-18,-3.754628374258948e-19,-1.671578656716751e-18,-2.88593597807947e-21,-3.282460120296445e-20,-1.040875845763275e-18,-5.617689700725177e-20,2.3948934306549687e-19
axial_m,0.053599999999999995,-0.02864743437031094,-1.288643064770297e-18,-7.315283657822675e-19,-1.3891486862286266e-18,3.633150944489852e-20,-7.850218972337608e-20,-1.1149003084060094e-18,-9.23472879221574e-20,4.528554403213076e-19
axial_m,0.0537,-0.02862494209809445,-1.5579441877561619e-18,6.78602300277276e-20,-1.5518296029164894e-18,1.0942351336353165e-20,-6.7461122094511186e-21,-7.912001868463681e-19,-4.817424642750028e-20,1.9147043273763055e-19
axial_m,0.0538,-0.02860222705252639,-1.1886173766563477e-18,-1.7063590663633994e-18,-1.4312052448969082e-18,1.7206369439008666e-20,-8.481742905946457e-20,-1.1736985415735615e-18,-7.167615227572078e-20,4.2893909072809243e-19
axial_m,0.0539,-0.02857929016020633,-1.2522391186120784e-18,-1.6220149111529208e-18,-1.5206283806958498e-18,1.4429768835804832e-20,-7.140947497994772e-20,-8.001025567608601e-19,-2.3031948870195595e-20,3.2013547361979976e-19
axial_m,0.05399999999999999,-0.02855613234965168,-1.3206347369227578e-18,-2.4606328651184365e-18,-1.6899658077252346e-18,-1.2203703937875262e-20,-1.1925884709963484e-20,-4.3766075456129495e-19,6.729130072450019e-20,5.514472199265837e-20
axial_m,0.054099999999999995,-0.02853275455126963,-1.7948151637935743e-18,-1.0996939154611907e-19,-1.5111782497812349e-18,1.796902879586775e-20,-5.868287207238862e-20,-1.267288031357635e-19,-6.532459722651014e-21,5.1969471496427646e-20
axial_m,0.0542,-0.028509157697329257,-1.6856963630906469e-18,-2.2317305803455945e-18,-1.6200576300610575e-18,1.0969076656707849e-20,-9.447791332529686e-20,-1.5030817960484468e-18,-1.0552817194485886e-19,2.271981681599167e-19
axial_m,0.0543,-0.02848534272193356,-1.575122709197411e-18,-1.3111863010395796e-18,-1.6727041004364513e-18,-1.1582770136797403e-20,-2.738341964156825e-20,-2.6448081081715327e-19,1.766713221766662e-20,-3.083167646444771e-22
axial_m,0.054400000000000004,-0.028461310560991465,-1.5302456030714495e-18,-1.4011344994890305e-18,-1.5535163334051469e-18,1.3488700930454129e-20,-8.254307908000595e-20,-1.1534471145664888e-19,-3.957454339417943e-20,1.0738736246289848e-19
axial_m,0.05449999999999999,-0.02843706215219002,-1.7244409697889227e-18,-9.720179410755043e-19,-1.5301078849651331e-18,1.6738450677845596e-20,1.068310188631287e-20,-2.9846142460325e-19,6.238115045032039e-20,9.476786902167493e-20
axial_m,0.054599999999999996,-0.02841259843496641,-1.4474791076398473e-18,-1.518864865374148e-18,-1.3198462483156828e-18,5.067677862184071e-20,-1.1187889075493894e-19,-1.2817291798548406e-18,-1.5844509356703223e-19,5.6928845840018645e-19
axial_m,0.0547,-0.028387920350480145,-1.3784529385813393e-18,-7.324592780271186e-19,-1.4739340018232756e-18,1.8632770871372515e-20,-6.22154494047593e-20,-1.3234997986373081e-18,-5.771864831326878e-20,4.2068946154449865e-19
axial_m,0.0548,-0.028363028841585234,-1.569483391950629e-18,-1.4680812797704941e-18,-1.6920391195950243e-18,-2.592820573625057e-21,-7.542815199078029e-20,-1.169399284814303e-18,-7.393358019523194e-20,4.50297568415738e-19
axial_m,0.054900000000000004,-0.02833792485280231,-1.4164159146762164e-18,-2.269625459750918e-18,-1.7205209841629467e-18,-1.6266870893946683e-20,-6.178580078941824e-20,-8.22001730809083e-19,-2.6064266188719633e-21,3.3740129846296564e-19
axial_m,0.05499999999999999,-0.028312609330290894,-1.5059776379206561e-18,-9.778113926016862e-20,-1.4902288988309561e-18,1.9771665203814328e-20,-4.936701152292445e-20,-1.384297741110149e-18,-9.983323448405236e-20,3.3539603103784387e-19
axial_m,0.05510000000000001,-0.028287083221821597,-1.2628376065340168e-18,-9.215055232397703e-19,-1.5666999056568028e-18,-1.149781702002814e-21,-5.401092193591233e-20,-9.129078710673416e-19,-9.527548124102003e-20,2.739555576938678e-19
axial_m,0.0552,-0.028261347476748428,-1.4569142150019686e-18,2.849855536467746e-19,-1.6581959148506306e-18,3.672420137134521e-21,-1.454865990457205e-20,-4.0082572259015055e-19,-4.216773184423037e-20,-8.499545585659966e-21
axial_m,0.05529999999999999,-0.028235403045981013,-1.40320041052384e-18,-1.7252301812487321e-18,-1.62127048486814e-18,9.202691583491033e-21,-2.5099360889552855e-20,-8.899731519229444e-19,-7.93377428520782e-20,3.4661436575789684e-19
axial_m,0.055400000000000005,-0.028209250881957,-1.592860442339698e-18,-3.018269964509133e-19,-1.412221836387807e-18,1.3361788998812558e-20,-3.052695210345734e-20,-1.0582077722499358e-18,-4.8026121324481866e-20,2.3691894075588387e-19
axial_m,0.055499999999999994,-0.028182891938614365,-1.9179735536191195e-18,-1.1498691303297632e-18,-1.7114225102915947e-18,-2.3899580709470658e-20,2.02876819445069e-20,-1.0438913288113742e-19,7.842816774857007e-20,-8.691224594566865e-20
axial_m,0.05560000000000001,-0.028156327171363772,-1.6736237162093223e-18,-5.857616786728328e-19,-1.8938447201499398e-18,-2.8301724031481916e-20,1.2355270421899804e-20,-1.01461823351435e-18,-1.3771659562121085e-21,1.6552281805027028e-19
axial_m,0.0557,-0.028129557537061072,-1.2483876848397651e-18,-2.2410725208291183e-18,-1.5909472827644429e-18,1.2222457828633781e-20,-7.259991267997523e-20,-1.0481964502469837e-18,-1.177706631724043e-19,4.689176028998694e-19
axial_m,0.05579999999999999,-0.028102583993979656,-1.2055557965931796e-18,-1.9208429669275127e-18,-1.4516749136153276e-18,2.6169467582934256e-20,-1.215237617192305e-19,-1.1669993083588474e-18,-1.2086409097009285e-19,4.8405783767821755e-19
axial_m,0.055900000000000005,-0.028075407501782966,-1.1994191566366178e-18,-3.0477900852226524e-19,-1.379238602403182e-18,3.2465395614669674e-20,-8.023108204749603e-20,-9.731544425530602e-19,-8.544265875412656e-20,3.656901502528332e-19
axial_m,0.055999999999999994,-0.028048029021497077,-1.914941697804933e-18,-3.4776208337881097e-19,-1.588168031284171e-18,2.575901344438596e-21,-1.3375490674382968e-20,-6.853956874189199e-19,-2.1481637749266472e-20,-7.239696529561991e-20
axial_m,0.05610000000000001,-0.02802044951548313,-1.800610597458052e-18,-1.7396104718043034e-19,-1.6195254122917552e-18,-1.6020545381664195e-21,-5.134118692836071e-20,-1.5525559532624567e-19,1.4041014040721047e-20,2.6191629961785866e-20
axial_m,0.0562,-0.027992669947410023,-1.2542721529628429e-18,-1.2785031973814116e-18,-1.585965223023922e-18,8.386370026008919e-21,-4.484576792575317e-21,-1.5261761001182267e-18,-6.342138817364816e-20,4.648708434664438e-19
axial_m,0.05629999999999999,-0.027964691282226988,-1.5113553042276445e-18,-8.300510648019644e-19,-1.354666357187712e-18,2.5691389452471552e-20,-5.322381458154488e-20,4.6668732695577844e-20,-1.6688477592100249e-21,3.6991514589889116e-20
axial_m,0.056400000000000006,-0.027936514486136224,-1.8398807009176518e-18,-2.0373313834396052e-19,-1.4614095683306572e-18,2.1888584387608492e-20,-9.055414643970613e-20,-1.470962649685427e-19,1.7514130079460848e-20,3.7601610000121374e-20
axial_m,0.056499999999999995,-0.027908140526565674,-1.572647654979096e-18,-9.619701975085764e-19,-1.3344487112547832e-18,2.2511211881713503e-20,-4.250509463377238e-20,-2.4160739321111503e-20,3.5135723036723003e-20,2.766832652089871e-19
axial_m,0.05660000000000001,-0.02787957037214171,-1.690461884068453e-18,-8.757458930360008e-19,-1.549926162344614e-18,1.4112312463450785e-20,-7.934845820889538e-21,-7.420438183464097e-19,-2.5615296819776417e-20,2.4216127190024513e-19
axial_m,0.0567,-0.027850804992661907,-1.4033111579822138e-18,-2.109494929841004e-18,-1.568330065177862e-18,4.082778272338433e-21,-1.247834742826012e-19,-1.6797309550808756e-18,-1.7292050662468126e-19,5.896562865538253e-19
axial_m,0.05679999999999999,-0.027821845359067926,-1.4285316801248015e-18,-1.6475501231678618e-18,-1.3590238243013282e-18,1.9327684287825817e-20,-9.293842302337934e-20,-8.773783345059963e-19,-9.04368752943706e-20,2.0023122210787942e-19
axial_m,0.056900000000000006,-0.02779269244341829,-1.5011171705172418e-18,-1.4803459192751406e-18,-1.4322726630307924e-18,2.5474956171626493e-20,-7.433844514100659e-20,-3.35802560099151e-19,-2.2408316564942122e-20,2.2833045113546977e-21
axial_m,0.056999999999999995,-0.027763347218861364,-1.514765326910991e-18,8.676103533046226e-19,-1.5480801688547094e-18,5.852587397266791e-21,-6.358471391451138e-20,-4.982492051734329e-19,9.078724993083033e-21,2.756135769040008e-19
axial_m,0.05710000000000001,-0.02773381065960827,-1.6529294210737572e-18,-5.428397498855797e-19,-1.5974652197918647e-18,1.729817582936609e-20,-3.698063004436819e-21,-1.4751120910138935e-18,-1.3489061584324252e-19,1.9580193020952248e-19
axial_m,0.0572,-0.027704083740905907,-1.646863784889464e-18,-1.3982667629796787e-18,-1.6742608695297017e-18,-9.215762244293156e-21,-4.984719622726395e-20,-1.7606586424676617e-18,-1.2334719015367127e-19,5.668814999243303e-19
axial_m,0.05729999999999999,-0.027674167439009915,-1.3704394356230786e-18,-1.6596257731211984e-18,-1.5866939202413024e-18,8.038839860136953e-21,-5.0786586733167793e-20,-7.680975227449051e-19,-9.254995557970651e-20,4.690987823197629e-19
axial_m,0.05740000000000001,-0.027644062731157906,-1.5835425184698376e-18,-7.454734743158029e-19,-1.3950249330950097e-18,2.0815061226021903e-20,-5.249483211175563e-20,-8.025766139468249e-19,-6.408435484968182e-20,8.42975417221517e-20
axial_m,0.057499999999999996,-0.027613770595542434,-1.6470935332413553e-18,-8.387536083030536e-19,-1.6851427419312931e-18,-4.0490543850816014e-21,-3.240259189627272e-20,-5.417263425446061e-19,-2.813785226389158e-20,4.5102730585406305e-20
axial_m,0.05760000000000001,-0.027583292011284313,-1.2715057017815068e-18,-1.951706982386608e-18,-1.3953278127316986e-18,1.60341100393344e-20,-1.20305260237281e-19,-7.970698580253719e-19,-7.49376930329531e-21,3.308203389605757e-19
axial_m,0.0577,-0.027552627958405733,-1.743646601389378e-18,-7.804594979226194e-19,-1.7449868480144416e-18,-1.6425739980274453e-21,8.069978829408814e-21,-6.055839803491921e-20,2.1854466138817772e-20,-1.3081378952376538e-20
axial_m,0.05779999999999999,-0.027521779417803607,-1.3248802334285892e-18,-5.264002883067606e-19,-1.6944674794587143e-18,-1.5769733334303307e-20,-1.9941632737493312e-20,-9.075983017596785e-19,-5.3931795277017136e-20,2.0227932357813404e-19
axial_m,0.05790000000000001,-0.0274907473712229,-1.3168119206799261e-18,-7.921735420000935e-19,-1.6003457276608779e-18,-9.767655594281097e-21,-5.498036870408998e-20,-1.0208582782549826e-18,-1.0199159037897165e-20,2.1868688083387657e-19
axial_m,0.057999999999999996,-0.027459532801229977,-1.815834094154274e-18,-1.0678509264058694e-18,-1.486462547647461e-18,2.0970275401375944e-20,-3.783542507471052e-20,3.217054114899984e-20,6.78107323782842e-20,9.361533888016234e-20
axial_m,0.05810000000000001,-0.027428136691186017,-1.2436033119053122e-18,-7.113628875417624e-19,-1.4506688343482942e-18,8.134261761834771e-21,-9.631505293666746e-20,-1.145810584845206e-18,-1.2765299349668694e-19,1.923763388338581e-19
axial_m,0.0582,-0.027396560025220604,-1.5712316727825926e-18,-8.188168177258462e-19,-1.311721916303699e-18,1.2964911764495456e-20,-4.63436961751754e-20,-7.098149439593504e-19,-1.580967511055348e-20,-2.6494799200702504e-20
axial_m,0.05829999999999999,-0.027364803788205105,-1.603278285872614e-18,9.639898395554982e-19,-1.6812239489374055e-18,-6.0186851248895834e-21,2.9993713757829635e-22,-4.388855093293328e-19,-4.863622957282468e-20,-2.835448872965935e-20
axial_m,0.05840000000000001,-0.027332868965726346,-1.1061494512134517e-18,-1.749802126729453e-18,-1.4765728769501056e-18,-4.98110787454858e-21,-9.624297335062833e-20,-1.5386533158234994e-18,-5.3957322899042596e-20,4.794383475394429e-19
axial_m,0.058499999999999996,-0.02730075654406031,-1.2512989166814261e-18,-1.2495884346366628e-18,-1.522442652922748e-18,5.301664607401478e-21,-5.813904999510486e-20,-1.0774306595228472e-18,-1.1085766922153136e-20,3.7252291365152864e-19
axial_m,0.05860000000000001,-0.027268467510145725,-1.6818691041621802e-18,-1.4546522457784774e-18,-1.2946485940712364e-18,2.435783571334565e-20,-1.1294960477337194e-19,-1.4512804322186927e-18,-6.652152632983468e-20,4.990755809281362e-19
axial_m,0.0587,-0.02723600285155789,-1.4840472231111913e-18,-2.1581053748250616e-18,-1.5402288930442586e-18,1.3228138950521927e-20,-5.074066114338282e-20,-1.9049586831232964e-18,-1.1731443804382351e-19,1.9393531571144177e-19
axial_m,0.05879999999999999,-0.02720336355648247,-1.4539284188194852e-18,-9.040850234772511e-19,-1.4668798001652892e-18,-2.2732716851846424e-21,-4.717136694144046e-20,-4.986063546028735e-19,3.035902005012605e-20,1.8599711442171037e-19
axial_m,0.05890000000000001,-0.027170550613689337,-1.043756648595512e-18,-1.9947397988708854e-18,-1.3654149656782845e-18,8.213598578120528e-21,-1.3935033454037067e-20,-6.944747989911584e-19,2.4006682892187026e-20,1.1571262534267678e-19
axial_m,0.059,-0.02713756501250658,-1.7279680264591048e-18,-8.830179325919351e-19,-1.5643047959813991e-18,-6.153417380896845e-21,-6.289195506376281e-20,-8.413322355613965e-19,-8.566277868631647e-20,5.263162940218471e-19
axial_m,0.059099999999999986,-0.027104407742794413,-1.8205168782217285e-18,1.7066412686395934e-19,-1.468962323324047e-18,1.51348995103969e-20,-6.395637764339258e-20,-5.486807867852177e-19,1.4446771557398672e-20,1.9380165207840646e-19
axial_m,0.0592,-0.027071079794919222,-1.359270645787567e-18,-1.3781483126953954e-18,-1.527768524627218e-18,1.0122052431804756e-20,-5.567663652991814e-20,-1.0462972739282226e-18,-6.519631646274272e-20,1.6574172897041314e-19
axial_m,0.05929999999999999,-0.027037582159727767,-1.5162647621250271e-18,-7.155535090486713e-19,-1.5689050466623184e-18,-2.1717541317486697e-20,3.5038850248588057e-20,1.410721171773059e-19,5.815675046147954e-20,-9.879662911830864e-20
axial_m,0.05940000000000001,-0.027003915828521227,-1.322882587315595e-18,-1.261856222694025e-18,-1.2052405163144295e-18,4.6294116628560226e-20,-1.4317454880389897e-19,-1.1212724676837303e-18,-1.1050479166058e-19,4.772471145844204e-19
axial_m,0.0595,-0.026970081793029524,-1.034352776676241e-18,-2.411345775924378e-18,-1.3598288093425586e-18,1.4150878431043947e-20,-5.943563773741234e-20,-7.796161320395959e-19,6.646197515192461e-21,1.2100210154284395e-19
axial_m,0.059599999999999986,-0.026936081045385585,-1.4047395838083514e-18,-1.7140653721145393e-18,-1.6279004417752297e-18,7.941397554014892e-21,-8.819193000553762e-20,-1.2746647008850791e-18,-8.74683371259399e-20,2.1337700389225154e-19
axial_m,0.0597,-0.026901914578099668,-1.2538544863941466e-18,-7.526137968486462e-19,-1.4278945011551145e-18,1.1436452820672812e-20,-4.048227478454645e-20,-1.7207894604552406e-18,-6.545861360732709e-20,4.589673748389695e-19
axial_m,0.05979999999999999,-0.026867583384033868,-1.6553508628421583e-18,-1.4451543262688663e-18,-1.565154808325545e-18,-1.131117552257006e-20,-2.4651368835874054e-20,-4.971965032291598e-19,-2.0685820676426887e-20,1.3408743560991028e-19
axial_m,0.05990000000000001,-0.026833088456376473,-1.442382783967979e-18,-1.0096276994000365e-18,-1.4412693012921684e-18,5.235415599031104e-21,-1.0304358967261264e-20,-6.321055722858805e-19,-4.2694169571268337e-20,1.3386579223169095e-19
axial_m,0.06,-0.026798430788616674,-1.899121444457521e-18,7.338948878651577e-20,-1.5226675730317158e-18,4.893359324984906e-21,-2.391609300140777e-20,-4.505699636191714e-19,-2.217531203970406e-20,2.4280027805334117e-19
axial_m,0.06009999999999999,-0.026763611374519044,-1.7631110038286597e-18,-1.078667277168261e-18,-1.3036765810758624e-18,1.905299709654224e-20,-1.0228492055094688e-19,-1.3215031531098247e-18,-6.9906704773676e-20,3.1655666435811017e-19
axial_m,0.060200000000000004,-0.026728631208098298,-1.7071993363050508e-18,-1.9866230107348814e-18,-1.6068468263971613e-18,3.2742390295104978e-21,-8.501686410792595e-20,-6.613283786717842e-19,-4.316049758715567e-20,3.139261259027995e-19
axial_m,0.06029999999999999,-0.026693491283594037,-1.7003123404622386e-18,-1.3458586179040784e-18,-1.4145928063109216e-18,5.406363994620078e-21,-3.814568520682019e-20,-5.207662969374275e-19,8.405998046548185e-20,-3.266768200702259e-20
axial_m,0.06040000000000001,-0.02665819259544555,-1.4345410078560895e-18,-7.24947797753813e-19,-1.4195338426040563e-18,1.8806423831124038e-20,-9.294339121368752e-20,-9.856337567577691e-19,-6.253799836247068e-20,1.516184455867153e-19
axial_m,0.0605,-0.026622736138266715,-1.775482199791712e-18,3.0752584313863858e-19,-1.3966443584348016e-18,2.9352011185776204e-20,-4.8215521291627343e-20,-8.309989510158502e-19,-4.762976554554762e-22,1.3352388877283023e-19
axial_m,0.06059999999999999,-0.026587122906820953,-1.5256491367382143e-18,-1.5251773516556293e-18,-1.300179076231829e-18,1.508207964575625e-20,-8.871831993426573e-20,-1.5662334545510483e-18,-1.172802420019497e-19,2.9423328625198415e-19
axial_m,0.060700000000000004,-0.026551353895996242,-1.401493818862525e-18,-1.1408752630712282e-18,-1.3302958313119997e-18,2.2060708147885396e-20,-4.9224139083701203e-20,-5.525791436338162e-19,-2.5344150347802178e-20,1.0507618240162156e-19
axial_m,0.06079999999999999,-0.026515430100780283,-1.5461531163496927e-18,-1.2765106971055461e-18,-1.4465978867806733e-18,2.0004383138150164e-20,-1.1709603455540315e-19,-1.018592679056632e-18,-9.019725106406489e-20,4.222340064512394e-19
axial_m,0.06090000000000001,-0.026479352516235538,-1.3559018585088511e-18,-1.185117156302732e-18,-1.364061671621024e-18,2.0061124187918884e-20,-6.528615944135335e-20,-2.0891206509841172e-18,-1.3982814911025763e-19,5.726323691761746e-19
axial_m,0.061,-0.02644312213747466,-1.506631096405898e-18,-1.931816784999309e-18,-1.402798248175405e-18,1.1392931290382533e-20,-5.784158705414585e-20,-1.7707381949213075e-18,-1.2257627331183145e-19,4.350086534959738e-19
axial_m,0.06109999999999999,-0.026406739959635626,-1.6877145353661539e-18,-4.558741595351206e-19,-1.4253384275058303e-18,4.164719267159365e-21,-4.821951692871058e-20,-7.965096635794773e-19,-5.845897170273955e-20,2.464457471083995e-19
axial_m,0.061200000000000004,-0.026370206977857233,-1.2339839534282476e-18,-1.303424142713921e-18,-1.5414461310254875e-18,6.138733693120571e-21,-2.4212305421203147e-20,-8.145427807502979e-19,-3.623386277096978e-20,2.9937243162954563e-19
axial_m,0.06129999999999999,-0.026333524187254542,-1.7232318037311932e-18,-2.875836290791369e-19,-1.3039601018532677e-18,2.8216695880019424e-20,-1.0574159610333624e-19,-7.409286575550855e-19,-5.890178498088541e-20,2.4686184669905674e-19
axial_m,0.06140000000000001,-0.02629669258289439,-1.6653476346983468e-18,-5.818022444159887e-20,-1.4921708930877713e-18,-2.8049678399958637e-21,-4.700519402967119e-20,-6.025922672489301e-19,-3.5870242983765846e-20,2.5871142274844674e-19
axial_m,0.0615,-0.026259713159771044,-1.0340734559193792e-18,-1.608374058007752e-18,-1.3712682454585918e-18,2.8592195876164504e-20,-7.633148675893286e-20,-1.7385344683008018e-18,-1.269560177837687e-19,5.648634522876225e-19
axial_m,0.06159999999999999,-0.02622258691278187,-1.6943878170254016e-18,-6.189380884496151e-19,-1.7975647775074194e-18,-2.5921074216011264e-20,1.7066929345888723e-20,-5.659940895758862e-19,3.8729747065939946e-21,-4.793336987575822e-20
axial_m,0.061700000000000005,-0.026185314836703055,-1.4382104832978695e-18,-1.5609795367553867e-18,-1.3005868266353326e-18,2.3573097194531668e-20,-6.283003986950206e-20,-1.121712846922161e-18,-6.472301351888679e-20,2.1660707278880778e-19
axial_m,0.061799999999999994,-0.026147897926165547,-1.603993905147167e-18,-1.3934701712834285e-18,-1.4969359989142037e-18,-1.5439472479279542e-20,-3.647084481496407e-20,-6.616436749010387e-19,-1.1818216212919898e-21,1.104214927264587e-19
axial_m,0.06190000000000001,-0.02611033717563086,-1.2989442541251151e-18,-1.2860698875921388e-18,-1.3085210392845375e-18,2.3582796200412484e-20,-8.302037379525652e-20,-6.2868009902869165e-19,-6.104186155600566e-20,6.886800415292904e-20
axial_m,0.062,-0.02607263357936722,-1.4325275821478653e-18,1.904387099714451e-19,-1.4287506796264702e-18,1.4624277440691228e-20,-2.014428182994337e-20,4.516710174695956e-19,9.388429444512885e-20,-1.5498550850663248e-19
axial_m,0.06209999999999999,-0.026034788131425454,-1.526434767627693e-18,-1.3727633784807652e-18,-1.2997185509039026e-18,6.797863876866288e-21,-5.2240869542618106e-20,-1.020791589748965e-18,-3.3115595233462416e-20,2.649908117220738e-19
axial_m,0.062200000000000005,-0.025996801825615302,-1.9822762924294476e-18,1.885821958541289e-20,-1.4206802006374415e-18,-1.5240977750498559e-21,-1.1412625434654245e-20,-1.0587633250975137e-18,-5.625491591064622e-20,2.3340205918281924e-19
axial_m,0.062299999999999994,-0.025958675655481586,-1.3389010184764297e-18,-1.6257027128308293e-18,-1.4471043544737928e-18,1.908782156005328e-20,-7.932014412117159e-20,-1.2673175045053009e-18,-8.739644266049278e-20,2.617331976848551e-19
axial_m,0.06240000000000001,-0.025920410614280562,-1.037044164604994e-18,-2.1559642370766735e-18,-1.480114246439395e-18,-2.6033309859778842e-21,-9.948206827671522e-20,-1.764907783612391e-18,-1.2490494407624683e-19,3.806741066628848e-19
axial_m,0.0625,-0.025882007694956286,-1.9373585683355886e-18,2.324960799815695e-20,-1.43371920107126e-18,2.621211049362703e-21,-8.412356110913636e-20,-1.2123958289886459e-18,-8.394351960640353e-20,3.0394997982359985e-19
axial_m,0.06259999999999999,-0.025843467890117083,-1.2378181489279596e-18,-1.0473222697760243e-18,-1.285859226178811e-18,3.036019297643864e-20,-1.1085131621736852e-19,-1.2149509453938108e-19,-5.3415275458584014e-20,3.914293500734736e-20
axial_m,0.0627,-0.025804792192012163,-1.776891560453537e-18,1.0176255941365604e-18,-1.3964582107094664e-18,-3.449034652856082e-21,1.093076825014912e-20,-3.3969557660352014e-19,-1.9321053697192026e-20,-1.2902643198478204e-19
axial_m,0.0628,-0.025765981592508216,-1.367749368363493e-18,-1.386332327438887e-18,-1.2419776695593606e-18,1.8999878160955855e-20,-5.917412393140175e-20,-4.2245430346879606e-19,6.074483254468896e-21,2.506333113120374e-19
axial_m,0.06290000000000001,-0.025727037083066166,-1.0683735165472893e-18,-5.225245938103914e-19,-1.3393939312797271e-18,1.8513251090682576e-20,-5.447158314003108e-20,-9.541495993813215e-19,-6.139936597423119e-20,1.2682818894885368e-19
axial_m,0.063,-0.025687959654718016,-1.3647270196130666e-18,-3.2375687913414977e-19,-1.432789812084153e-18,1.7925047165867193e-21,-2.0619785426321313e-20,-8.79618571275228e-19,-1.5375381192934218e-20,2.1931775918347917e-19
axial_m,0.06309999999999999,-0.025648750298043647,-1.4399761739957382e-18,-1.4088296442311425e-18,-1.6513678413276258e-18,-1.411702430298563e-20,2.5029808896415774e-20,-7.31629086427984e-19,1.8055133487066368e-20,1.6743878147737448e-19
axial_m,0.0632,-0.025609410003147887,-1.5580071572373262e-18,-1.9340443853354622e-18,-1.2732862755854314e-18,7.934062535654996e-21,-9.350402651203426e-20,-1.3265044201841107e-18,-1.0158481636891251e-19,5.37141232620091e-19
axial_m,0.0633,-0.02556993975963758,-1.6000198469411283e-18,-3.987024061829179e-19,-1.6292425822694295e-18,-2.744323434532942e-20,8.55857227193268e-20,-5.761657821241006e-19,-7.25762262511069e-21,2.0485177878354297e-19
axial_m,0.06340000000000001,-0.02553034055659868,-1.2564025519258168e-18,-2.3822500439846594e-18,-1.419808119170303e-18,3.2343079416191414e-20,-9.057679732970526e-20,-1.5010311456561918e-18,-9.928401833200227e-20,2.660667521701998e-19
axial_m,0.0635,-0.02549061338257353,-1.175863245204294e-18,-1.9100610654685666e-18,-1.3551230970235902e-18,1.6454671017227307e-20,-9.621741601789723e-20,-2.1969786467098248e-18,-1.881042865705784e-19,6.499772001456521e-19
axial_m,0.06359999999999999,-0.025450759225538227,-1.9757760959382316e-18,7.174423953392811e-19,-1.6371595761862038e-18,-2.028411115130313e-20,4.7479520954237196e-20,4.492756673787885e-19,1.4537918616995356e-19,-1.6849914332323517e-19
axial_m,0.0637,-0.02541077907287991,-1.2473430916206422e-18,-2.7686227963639216e-18,-1.2110479504513721e-18,2.0189023578265018e-20,-7.467350700642821e-20,-8.127313667676291e-19,-2.2600418079486628e-20,9.676173416213015e-20
axial_m,0.0638,-0.025370673911374448,-1.3045037813881855e-18,-6.410830177519229e-19,-1.5165443737973142e-18,4.4701857474134264e-21,-1.9928871937224145e-20,-9.512949623000302e-19,-7.562807534065153e-20,5.215029430719738e-20
axial_m,0.06390000000000001,-0.025330444727163854,-1.5864170024884718e-18,-1.5309442252598726e-18,-1.3723701261810279e-18,3.5244067279476485e-21,-2.910496862136734e-20,-2.3329043607148994e-19,3.179053346481741e-20,-6.573986357847049e-20
axial_m,0.064,-0.02529009250573412,-1.1534103384944883e-18,-9.153734861026977e-19,-1.2481759531452938e-18,2.903129363224398e-20,-1.0419763772712429e-19,-1.2282584604379356e-18,-1.1448520929547636e-19,3.859635331210395e-19
axial_m,0.06409999999999999,-0.025249618231892847,-1.3182535514909403e-18,-1.3877977160599976e-18,-1.3392739960223596e-18,1.2482102989898547e-20,-5.3805392657699104e-20,-4.637296885635051e-19,3.352759199222417e-20,9.111397986243565e-20
axial_m,0.06420000000000001,-0.025209022889747183,-1.3873846002366085e-18,5.90590206894976e-19,-1.5196130380570866e-18,-7.689252996894902e-21,4.284339883250866e-20,-1.8906637293356766e-19,1.864470017049069e-22,6.07944506568466e-20
axial_m,0.0643,-0.02516830746268182,-1.5266216598948736e-18,6.544142238158906e-19,-1.3802841255941618e-18,1.7788707513493762e-20,-3.9583817661707705e-20,-9.485049523228817e-19,-3.2387084432388254e-20,1.6374280747564575e-19
axial_m,0.06440000000000001,-0.02512747293333692,-1.0950679902767045e-18,-1.0760802444934352e-18,-1.5386051615806146e-18,7.98028336105098e-21,-1.504957570954752e-20,-8.350432169007016e-19,-6.182376614919543e-20,1.5269534335552366e-19
axial_m,0.0645,-0.025086520283586322,-1.2402354096766953e-18,-3.6037441916340746e-19,-1.2657249902701667e-18,2.600890456375492e-20,-9.112903315504439e-20,-1.0380548969078664e-18,-4.3122196548355513e-20,3.2003426644607154e-19
axial_m,0.06459999999999999,-0.025045450494515786,-1.413399417846367e-18,-1.4615298723718366e-19,-1.2479091779994257e-18,2.4961467877418305e-20,-1.3466244334455245e-19,-2.9911327912029552e-19,9.32343546139055e-22,8.819481055646937e-20
axial_m,0.06470000000000001,-0.025004264546401252,-1.2270405336162553e-18,4.892072706116544e-20,-1.2937213203480811e-18,-6.341062887597024e-21,-1.6103770222420893e-20,-6.045569606004637e-19,3.0322201075725017e-20,1.576468844251091e-19
axial_m,0.0648,-0.024962963418687287,-1.4624676476166488e-18,-3.391767962477829e-19,-1.3639033967476797e-18,8.140796690198687e-21,-2.736237021037314e-20,-8.931960237776186e-19,-5.176593215280217e-20,1.723650415677535e-19
axial_m,0.06490000000000001,-0.024921548089965596,-1.3509783467106977e-18,-7.711896646225052e-19,-1.5155653567728232e-18,-1.9273974423166186e-20,7.183600163441668e-21,-8.677937501699291e-19,-6.06387041874136e-20,1.967517870472812e-19
axial_m,0.065,-0.02488001953795362,-1.2764209047538593e-18,5.368631312396747e-19,-1.3466350335282572e-18,7.561816998070118e-21,-3.119802026381753e-20,-1.198544855125006e-18,-7.485160778840588e-20,2.1328198817407423e-19
axial_m,0.06509999999999999,-0.024838378739473164,-1.7925563495253756e-18,-2.2580885327499146e-19,-1.3747447980811074e-18,8.56722667444047e-21,-4.093033433164105e-20,-1.1295477295185921e-18,-4.7317753542367094e-20,2.462976028560666e-19
axial_m,0.06520000000000001,-0.024796626670429294,-1.2261779256355826e-18,-1.346627428327133e-18,-1.394039507778071e-18,-4.4710125848889394e-21,-2.328196465741632e-20,-1.270237795194824e-18,-1.0182372194237098e-19,4.682595023221831e-19
axial_m,0.0653,-0.024754764305789136,-1.2083959015310539e-18,-1.4826860521230453e-18,-1.4227448398527209e-18,1.0675990895754263e-20,5.055992252041108e-20,-4.3834929655648315e-19,1.0546066550381413e-21,1.5029659779779977e-19
axial_m,0.06540000000000001,-0.024712792619560896,-1.8072621170793833e-18,4.906001479562326e-19,-1.3933977538974769e-18,1.1543663503429271e-20,-3.324046365978507e-20,-1.2057064735986328e-18,-3.0205699243747327e-20,2.921324612453305e-19
axial_m,0.0655,-0.024670712584772932,-1.2631932309679085e-18,-1.8302046310682142e-18,-1.2466811190360306e-18,1.4790714484989222e-20,-1.0204048762437527e-19,-1.791628459179621e-18,-1.0443450677511886e-19,5.007504003002794e-19
axial_m,0.06559999999999999,-0.024628525173452872,-1.7117662301231487e-18,-8.259347609771008e-19,-1.3630423540569799e-18,1.2879681593394278e-20,-8.90047532895022e-21,1.6815185353562964e-19,1.7068149721654292e-20,8.618953246782205e-20
axial_m,0.06570000000000001,-0.024586231356606935,-1.5983882393137451e-18,-9.541609579226748e-19,-1.3991617093965488e-18,1.0297640698572124e-21,-6.200137638983564e-20,-1.325024282361358e-18,-1.0031729337837306e-19,5.016841610630426e-19
axial_m,0.0658,-0.024543832104199317,-9.506462469527154e-19,-1.66452272058975e-18,-1.319885303576903e-18,1.1074170330643542e-20,-5.3123062479843236e-20,-1.6345053799534939e-18,-1.544100730287714e-19,4.797760814035961e-19
axial_m,0.06589999999999999,-0.024501328385131606,-1.67000927441588e-18,-5.015582568213151e-20,-1.6256071187788898e-18,-1.4628293062326988e-20,2.703020729263056e-20,-7.491617463225291e-19,8.341819173504538e-21,1.45761307951835e-19
axial_m,0.066,-0.024458721167222305,-1.3625243744378838e-18,-6.998933294539277e-19,-1.5333155754983022e-18,-2.2409945363700802e-20,4.0804879820194177e-20,-5.587655207695587e-20,6.375810087866592e-20,-4.177869525059991e-21
axial_m,0.06609999999999999,-0.024416011417186616,-1.4152144733534265e-18,-5.340248473756738e-19,-1.4330777111117683e-18,-1.542188714576531e-20,-3.947845422710021e-21,-1.56168041250472e-18,-1.1948143987739545e-19,3.531038513820184e-19
axial_m,0.06620000000000001,-0.024373200100616055,-1.374729388061847e-18,-9.249669389509039e-19,-1.33964738059199e-18,1.185517672355286e-20,-6.031401359653072e-20,-1.0558446595044455e-18,-7.319299800913708e-20,2.885712079218463e-19
axial_m,0.0663,-0.024330288181958436,-1.2526162105179964e-18,-1.1925697498555495e-19,-1.3668347721737517e-18,1.2956167228031608e-20,-8.741917377511701e-20,-1.1938607046870498e-18,-6.227501388542967e-20,2.532384231056308e-19
axial_m,0.06639999999999999,-0.024287276624497693,-8.434735808196598e-19,-2.5050975252944116e-18,-1.2029623750238312e-18,1.3700314851371057e-20,-8.234789047174732e-20,-1.043609111682897e-18,-8.581753856338042e-20,4.449229597900786e-19
axial_m,0.0665,-0.024244166390334065,-9.641592825267276e-19,-1.484218840396236e-18,-1.3491700089844042e-18,5.3040067367927395e-21,-4.410436812030097e-20,-1.1375691063319026e-18,-6.621516162197894e-20,2.5855772784426927e-19
axial_m,0.06659999999999999,-0.024200958440364188,-1.2323072197245572e-18,-6.191039550624398e-19,-1.3198476436243022e-18,3.796088532887256e-22,1.994418216099119e-20,-3.7542844102921132e-19,-1.4485955702837152e-20,1.1325616641032812e-19
axial_m,0.06670000000000001,-0.024157653734261323,-1.374861779999329e-18,-1.2005412207271433e-18,-1.5004894257184087e-18,-7.900330268040561e-21,-1.189272922017817e-20,-8.407262963260134e-20,8.43262596637484e-21,2.4658437789271526e-19
axial_m,0.0668,-0.024114253230455778,-1.4920727528559836e-18,-7.415226992737957e-19,-1.4558445794201563e-18,8.249357280403102e-21,-2.0854359159704525e-20,-3.1094427644006697e-19,1.2975618030080949e-20,9.209903087318697e-20
axial_m,0.06689999999999999,-0.02407075788611531,-1.2124401717852262e-18,-6.663528343290204e-19,-1.298429905539666e-18,1.2186675737214918e-20,-4.1170295587089146e-20,-1.6823968937699559e-18,-1.5463875077702624e-19,3.449531520228969e-19
axial_m,0.067,-0.024027168657125734,-8.099755830219463e-19,-2.1880349199838043e-18,-1.0927970150481858e-18,3.262866066351645e-20,-1.1629656280554445e-19,-1.6445126907669265e-18,-7.413431441781481e-20,3.7171112064537285e-19
axial_m,0.06709999999999999,-0.023983486498071565,-1.1844089768055196e-18,-1.8307364614476385e-18,-1.3258546863807241e-18,9.197346389086464e-21,-8.161943918885557e-20,-8.389748294285408e-19,-9.229701404479909e-20,2.43012899888692e-19
axial_m,0.06720000000000001,-0.02393971236221676,-1.3857056232016248e-18,-5.82879384675654e-19,-1.3580913720489899e-18,-1.4491161215915825e-20,-2.155688664476821e-21,-1.2361285437780492e-18,-5.291849135350629e-20,1.9752551057484766e-19
axial_m,0.0673,-0.0238958472014856,-1.1854058768716267e-18,-6.942956777202892e-19,-1.3320515066206298e-18,1.1761095938749779e-21,7.759939982227363e-21,-8.913013696936277e-19,-3.065537957277913e-20,2.420726958883172e-19
axial_m,0.06739999999999999,-0.023851891966443703,-1.8243020904629134e-18,-1.2055713176723104e-18,-1.3407750525460104e-18,2.5493968035113318e-21,-2.0571514799357592e-20,-7.510465611732276e-19,-8.463516301920627e-20,1.642351186688271e-19
axial_m,0.0675,-0.02380784760627899,-1.5847465118593408e-18,-2.5225837396626197e-19,-1.1899212719011557e-18,2.0527670456980718e-20,-7.132256340530449e-20,-6.096768228179735e-19,-5.2480361749960196e-20,3.2051831557374694e-19
axial_m,0.0676,-0.02376371506878299,-1.2831693960876768e-18,-1.2602893174488758e-18,-1.200656234545799e-18,2.2418959857419953e-20,-8.467658463685763e-20,-5.394186475269922e-19,-2.964449026367631e-20,1.5885599205053027e-19
axial_m,0.06770000000000001,-0.023719495300332027,-8.70575550669876e-19,-1.0990133162131964e-18,-1.1642862586695498e-18,1.9631943900929e-20,-8.195260519005082e-20,-9.64035880094838e-19,-3.4244634543139037e-20,4.1238512598347397e-19
axial_m,0.0678,-0.023675189245868682,-1.1079275131194438e-18,4.513991441027945e-20,-1.3292759715813243e-18,-6.499446911503388e-21,2.1327803639710502e-20,-1.1152075813249301e-18,-2.564190861131029e-20,2.9081347239801546e-19
axial_m,0.06789999999999999,-0.023630797848883167,-1.320284838444763e-18,-1.2861941119224614e-18,-1.1247152336204447e-18,1.1990505694670544e-20,-6.729683046538977e-20,-2.0098253459524455e-18,-1.1456201580076182e-19,5.599660887023205e-19
axial_m,0.068,-0.02358632205139503,-1.1811717701404186e-18,-1.2342583881830103e-18,-1.3417690101344192e-18,-3.132284294687726e-21,-1.380829468319548e-20,-2.0922637280962256e-19,1.0640661984063649e-20,-1.751922512172824e-20
axial_m,0.0681,-0.02354176279393482,-1.3301621298136586e-18,-4.813707607932974e-19,-1.3999057460786199e-18,1.0102827332393826e-20,-5.816326397286297e-20,-1.5314517935602222e-18,-1.2621966645588932e-19,4.540328414348239e-19
axial_m,0.06820000000000001,-0.02349712101552585,-8.845531240390916e-19,-1.2648850937605266e-18,-1.0480730001910352e-18,3.897307253192329e-20,-6.014939918302634e-20,-4.07752291294727e-19,1.1580627153498752e-20,4.0570030264929305e-20
axial_m,0.0683,-0.023452397653666197,-1.2851046535643568e-18,-8.780202994245006e-20,-1.4414605429226443e-18,-7.656835325849873e-21,1.2460760142268705e-20,-4.791152156849622e-19,6.0760833770576166e-21,1.1448062243750704e-19
axial_m,0.06839999999999999,-0.0234075936443106,-1.3454827061440975e-18,-3.9521031539585436e-19,-1.2711819101718388e-18,2.99795079818162e-20,-7.61588577150702e-20,-7.764261593967569e-19,-9.975272281625612e-20,2.082851138165966e-19
axial_m,0.0685,-0.023362709921852676,-1.8836030291001534e-18,2.8626455663847775e-19,-1.6208906811845225e-18,-3.9748213559780215e-20,6.879157088435284e-20,-5.322182227342971e-19,1.4871256038413656e-21,1.6903822412193464e-19
axial_m,0.0686,-0.023317747419107093,-1.4973408018752419e-18,-5.533754382774851e-19,-1.458722019909566e-18,-1.5422708573214484e-20,-1.9474651781245676e-20,-5.121335299496178e-19,2.9396873747022843e-20,2.382000192006671e-19
axial_m,0.06870000000000001,-0.023272707067291943,-1.6547033976108114e-18,6.627408092840757e-20,-1.5576411575301314e-18,-3.3405976485228455e-20,2.8289145699453025e-20,-1.0141140043913787e-18,-2.912135843196066e-20,3.3836349845519866e-19
axial_m,0.0688,-0.023227589796011208,-1.4563344336309413e-18,1.1575299562978924e-18,-1.3930642143019132e-18,1.05209747126138e-20,-5.2859315072338545e-20,-6.398434847538735e-19,-3.191801014995776e-20,1.259186215638296e-19
axial_m,0.06889999999999999,-0.023182396533237164,-1.3262487488800552e-18,8.428806703916641e-20,-1.3322031037206608e-18,1.0048685985311472e-20,-4.268881099233592e-20,-3.957127727248787e-19,-5.664678422329268e-20,6.135264401268228e-20
axial_m,0.069,-0.023137128205293216,-8.836365005683775e-19,-1.1294365513515612e-18,-1.3547038434051206e-18,-1.4420280979151286e-20,1.481203880710351e-20,-1.3765690759050645e-18,-6.116785630033667e-20,2.1635344188045235e-19
axial_m,0.0691,-0.023091785736836602,-1.4405352818171713e-18,-4.035583167713221e-19,-1.4430192320355747e-18,-1.6397931629314262e-20,1.4347111629757314e-20,4.273411454984844e-19,4.3811327840288914e-20,-1.6127362182578683e-19
axial_m,0.06920000000000001,-0.023046370050841168,-1.084569127897268e-18,-2.065316604714038e-18,-1.1585961775776856e-18,3.0729477651270047e-20,-1.0388547322434705e-19,-6.602242220787953e-19,-6.111386802299346e-20,2.322581104766711e-19
axial_m,0.0693,-0.023000882068580534,-1.2761757850184832e-18,1.0038325278876421e-18,-1.0907377692270923e-18,2.082895690451518e-20,-9.136475074954744e-20,-1.6987359755336774e-18,-1.6758565855319083e-19,4.2711515556658958e-19
axial_m,0.06939999999999999,-0.022955322709610985,-1.2052576429964544e-18,-1.6912787822637001e-18,-1.4137606051973269e-18,-4.853685659119361e-21,-8.306193642099264e-20,-1.0896905150394173e-18,-5.962938512806738e-20,4.0957865595323253e-19
axial_m,0.0695,-0.022909692891754787,-1.190101832428273e-18,-1.322941998441138e-18,-1.1419350102327234e-18,1.421369388154658e-20,-8.829403446771863e-20,-7.145583691062501e-19,-1.8689256075238023e-20,3.3646595817189864e-19
axial_m,0.0696,-0.02286399353108349,-1.1352510891737302e-18,-5.548642998932432e-19,-1.5295416193121165e-18,-1.8779633525560608e-20,-7.357069123469427e-21,-7.192818281669031e-19,6.082265575420227e-21,4.2341003606455953e-19
axial_m,0.06970000000000001,-0.02281822554190127,-1.4846630380644862e-18,-5.809201803234875e-19,-1.0224698870394717e-18,3.929317275653188e-20,-1.0673236310996752e-19,-1.2172502592426615e-18,-1.1833412375000587e-19,3.8299179969281413e-19
axial_m,0.0698,-0.022772389836728548,-1.5311170441995948e-18,2.945545049375826e-19,-1.5607752186644187e-18,-2.661764678602577e-20,6.823891380270152e-20,2.627919770369137e-19,6.02033415716732e-20,-9.334660599541571e-20
axial_m,0.06989999999999999,-0.022726487326285526,-1.0725110531392081e-18,-1.4332186456920386e-18,-1.0942104080162117e-18,2.7739950997855106e-20,-6.454566302276355e-20,-1.115462456810294e-18,-5.2094615822926424e-20,2.5183528227086165e-19
axial_m,0.07,-0.022680518919476016,-1.510392934656365e-18,5.9765306267259385e-19,-1.2606245922334873e-18,7.460563980618245e-21,-7.692975038624965e-21,-1.0183631222110345e-18,-9.404370773827671e-20,2.2136114739097703e-19
