solid robot_exact_abaqus_global_SI
facet normal 0.035499887252082474 -0.8996701141567282 -0.43512463007546376
outer loop
vertex -0.010073853245706999 -0.003881821811984 -0.010239642165188
vertex -0.01016057444262 -0.0038325453096120002 -0.010348602187099001
vertex -0.010052871521137 -0.003839366600604 -0.010325711381738
endloop
endfacet
facet normal -0.1682030061464544 0.38683129065955846 0.9066803743822606
outer loop
vertex -0.011337194444302 -0.003310325922252 -0.009973637690429
vertex -0.011323801985822 -0.003219940134032 -0.010009715894239999
vertex -0.011444897365785 -0.0033035046312500003 -0.009996528495781
endloop
endfacet
facet normal -0.9762799602651225 0.0618320245975224 -0.2074951563745577
outer loop
vertex -0.011812130318661 -0.003099561179678 -0.010334592085465999
vertex -0.011795307945981999 -0.0030637925581380003 -0.010403083800126
vertex -0.011797996569741 -0.003162542049248 -0.010419860246996001
endloop
endfacet
facet normal 0.18711404383689575 0.7231129386828977 -0.6649030098506007
outer loop
vertex -0.010545895194968001 -0.003136233622644 -0.010454838629393
vertex -0.010535194181358 -0.003203816707844 -0.010525326945313
vertex -0.010653598116451 -0.003129412331632 -0.010477729434754
endloop
endfacet
facet normal -0.976279960266053 0.06183202485796809 -0.20749515629256926
outer loop
vertex -0.011791747280852001 -0.003251738131008 -0.010475843384436
vertex -0.011814134197742 -0.003290160927768 -0.010381961004936002
vertex -0.011797996569741 -0.003162542049248 -0.010419860246996001
endloop
endfacet
facet normal -0.9762799602557518 0.06183202488198939 -0.2074951563338787
outer loop
vertex -0.011840428469662 -0.0032995242939480003 -0.010261034737146
vertex -0.011866376809492 -0.003365436846778 -0.010158587345376
vertex -0.011857110501091 -0.003264662397138 -0.010172155965335999
endloop
endfacet
facet normal -0.016645149833050214 -0.9769522671572665 -0.21280791029309162
outer loop
vertex -0.011387494926604002 -0.0038200368379300003 -0.010420533974941
vertex -0.011495197974155 -0.0038132155389340003 -0.010443424807093002
vertex -0.011473991350975 -0.0037931450210239998 -0.010537222661543
endloop
endfacet
facet normal -0.9762799602168901 0.061832024824156485 -0.20749515653395958
outer loop
vertex -0.011812130318661 -0.003099561179678 -0.010334592085465999
vertex -0.011797996569741 -0.003162542049248 -0.010419860246996001
vertex -0.011822499588432001 -0.0031957350404980002 -0.010314463009686
endloop
endfacet
facet normal 0.6811184633036023 -0.48257932169633305 0.5506313078803697
outer loop
vertex -0.009373767388749 -0.0037044181283410003 -0.009788454600658
vertex -0.009443848190422 -0.003756299130378 -0.009747235315002
vertex -0.009410276567513 -0.003802727513991 -0.00982945299756
endloop
endfacet
facet normal 0.7459967654846358 0.23116759218890776 0.6245401269798795
outer loop
vertex -0.009343355259186 -0.0034885188617890003 -0.009770434844578001
vertex -0.009349357712788001 -0.0033868438570350003 -0.009800899108187001
vertex -0.009407376227816 -0.0034098373247990004 -0.009723086703461
endloop
endfacet
facet normal -0.9762799602725655 0.06183202472740668 -0.20749515630083348
outer loop
vertex -0.011830138218881 -0.003610881947048 -0.010402233405216
vertex -0.011813128100450999 -0.003531995198788 -0.010458759593996
vertex -0.011805894658322 -0.003614989605478 -0.010517525191316001
endloop
endfacet
facet normal -0.9762799602345117 0.06183202480395633 -0.2074951564570683
outer loop
vertex -0.011797100115402 -0.003772681148018 -0.010605895077596
vertex -0.011818306738593 -0.003792751665927 -0.010512097223146
vertex -0.011807099358242 -0.0037117384168580004 -0.010540687421196002
endloop
endfacet
facet normal -0.016645149860244353 -0.9769522671573074 -0.212807910290776
outer loop
vertex -0.01171060381711 -0.00379957295694 -0.010489206417795
vertex -0.011818306738593 -0.003792751665927 -0.010512097223146
vertex -0.011797100115402 -0.003772681148018 -0.010605895077596
endloop
endfacet
facet normal -0.16820300621914852 0.38683129069216826 0.9066803743548617
outer loop
vertex -0.010462178614023999 -0.0032745104620180003 -0.009826589451431
vertex -0.010569881535496 -0.003267689171036 -0.009849480256782001
vertex -0.010583273993976001 -0.0033580749592460003 -0.009813402052972
endloop
endfacet
facet normal 0.1959406334230427 -0.1554023355050934 -0.9682238286126505
outer loop
vertex -0.010747855477802 -0.0034633405443899997 -0.010665423425045001
vertex -0.01064920144562 -0.003567015483602 -0.010628818602694
vertex -0.010756904367103 -0.0035601941926200003 -0.010651709408055
endloop
endfacet
facet normal 0.12960376614589075 -0.5957099975420665 -0.792674247487095
outer loop
vertex -0.009817946322018002 -0.003790868036623 -0.010353252173642
vertex -0.009925631162564001 -0.003783815336436 -0.010376159092796
vertex -0.009908673453784999 -0.0037051503088260003 -0.010432504761427
endloop
endfacet
facet normal 0.8411811360691446 0.31645722530627424 0.4384850292460132
outer loop
vertex -0.009349357712788001 -0.0033868438570350003 -0.009800899108187001
vertex -0.009291743572903001 -0.003463210043603 -0.009856311025386
vertex -0.009312298468524001 -0.003366618599651 -0.009886589527513999
endloop
endfacet
facet normal -0.9762799602477661 0.06183202470694483 -0.20749515642361396
outer loop
vertex -0.011829088656941 -0.0031289420802080004 -0.010263557148996
vertex -0.011825821573392 -0.003044796088258 -0.010253854132836
vertex -0.011812130318661 -0.003099561179678 -0.010334592085465999
endloop
endfacet
facet normal 0.016645149650173986 0.9769522671420826 0.2128079103771008
outer loop
vertex -0.009952683434475 -0.0030982323139260005 -0.010044577486076999
vertex -0.009973890057665 -0.003118302831846 -0.009950779631637
vertex -0.009844980513003 -0.0031050536049180002 -0.010021686680725
endloop
endfacet
facet normal 0.19594063408809922 -0.15540233563888034 -0.968223828456589
outer loop
vertex -0.011403122022034 -0.003519266438634 -0.010789054266913
vertex -0.011510824943508 -0.0035124451476320003 -0.010811945072354
vertex -0.011501776054218 -0.003415591499412 -0.010825659089354
endloop
endfacet
facet normal -0.03549988718892912 0.8996701141336303 0.4351246301283736
outer loop
vertex -0.009866187136193 -0.003125124122848 -0.009927888826276
vertex -0.009994871782235 -0.0031607580432360003 -0.009864710415077001
vertex -0.009887168860762999 -0.003167579334238 -0.009841819609714999
endloop
endfacet
facet normal 0.8183443238151832 -0.5433352076653599 0.18734839148151414
outer loop
vertex -0.00931339887395 -0.0037430976736630003 -0.009989592478496
vertex -0.009334153383807999 -0.003739597098899 -0.009888783922292999
vertex -0.00938289078221 -0.003830752897213 -0.009940261179134
endloop
endfacet
facet normal 0.7704052239721799 0.33305593637047043 -0.5436446763509827
outer loop
vertex -0.009362332019378 -0.0034041514706870005 -0.010282685144658
vertex -0.009402060054504 -0.003376736262749 -0.010322188682507002
vertex -0.009363926553675 -0.003346003082886 -0.010249321021023
endloop
endfacet
facet normal 0.8525834103754715 0.2774723332408097 -0.4428438016258457
outer loop
vertex -0.009320860730449 -0.003442730197898 -0.010227014943552
vertex -0.009362332019378 -0.0034041514706870005 -0.010282685144658
vertex -0.009363926553675 -0.003346003082886 -0.010249321021023
endloop
endfacet
facet normal 0.7640084152589992 0.023681797109223534 -0.6447715206948196
outer loop
vertex -0.009403358374502 -0.003544014151577 -0.010355461962758
vertex -0.009381402369498 -0.003458932751803 -0.010326320705068
vertex -0.009363028961687 -0.003541356350718 -0.010307576857286
endloop
endfacet
facet normal 0.08558181357751897 -0.7701023648101281 -0.6321535421862565
outer loop
vertex -0.010356442848463002 -0.003756530172448 -0.010467722314200999
vertex -0.010268277364092 -0.00382572401861 -0.01037149299245
vertex -0.010375980285575001 -0.003818902727608 -0.010394383797791002
endloop
endfacet
facet normal -0.9762799601899814 0.06183202503690205 -0.2074951565971708
outer loop
vertex -0.011759674397021 -0.0034698499597980003 -0.010691744374636
vertex -0.011744253180420999 -0.003508876507778 -0.010775931955236
vertex -0.011759540542433 -0.003575310261757 -0.010723800561836002
endloop
endfacet
facet normal 0.8658850977280321 -0.46097695009809025 0.19427621833559341
outer loop
vertex -0.00931339887395 -0.0037430976736630003 -0.009989592478496
vertex -0.009284597730681 -0.003666383792453 -0.009935932538409001
vertex -0.009334153383807999 -0.003739597098899 -0.009888783922292999
endloop
endfacet
facet normal -0.9762799602416344 0.0618320246793204 -0.20749515646069608
outer loop
vertex -0.011851312318602 -0.0034013041382979997 -0.010240155070186
vertex -0.011866376809492 -0.003365436846778 -0.010158587345376
vertex -0.011840428469662 -0.0032995242939480003 -0.010261034737146
endloop
endfacet
facet normal -0.15560816429863972 -0.8667394100323786 0.47386590328945577
outer loop
vertex -0.011009689009055001 -0.003768392947208 -0.010056054442325999
vertex -0.011102602867577 -0.003810190687026 -0.010163016987977001
vertex -0.010994899946116 -0.003817011978028 -0.010140126182616
endloop
endfacet
facet normal 0.08558181359576773 -0.7701023647663143 -0.6321535422371608
outer loop
vertex -0.011560712547877999 -0.003743868518632 -0.010646182683454
vertex -0.011668415469339 -0.0037370472276200004 -0.010669073488805
vertex -0.011648878032249 -0.00367467467247 -0.010742412005195
endloop
endfacet
facet normal -0.9762799602478254 0.061832024783574385 -0.20749515640049992
outer loop
vertex -0.011730627457282001 -0.0030611994136580003 -0.010706637515036
vertex -0.011751045783572 -0.0031125905294480003 -0.010625881962356
vertex -0.011745416520221 -0.0030125803828479998 -0.010622565774766
endloop
endfacet
facet normal 0.155608164185697 0.8667394100355228 -0.47386590332079287
outer loop
vertex -0.011622924535798999 -0.00306802070466 -0.010683746709695002
vertex -0.011730627457282001 -0.0030611994136580003 -0.010706637515036
vertex -0.011745416520221 -0.0030125803828479998 -0.010622565774766
endloop
endfacet
facet normal -0.1959406333362008 0.15540233556948418 0.9682238286198899
outer loop
vertex -0.011023134569165 -0.003427643443458 -0.009891251257376001
vertex -0.011014085679886 -0.0033307897952380002 -0.009904965274376
vertex -0.011130837490636999 -0.0034208221524660003 -0.009914142062727001
endloop
endfacet
facet normal -0.976279960267873 0.061832024658245624 -0.2074951563435216
outer loop
vertex -0.011804839848822002 -0.0030023408768780004 -0.010339923349406
vertex -0.011795307945981999 -0.0030637925581380003 -0.010403083800126
vertex -0.011812130318661 -0.003099561179678 -0.010334592085465999
endloop
endfacet
facet normal -0.9762799602640863 0.06183202482806438 -0.20749515631073392
outer loop
vertex -0.011839973118332 -0.0037041549284380004 -0.010383754140445999
vertex -0.011856523443992 -0.003762441642038 -0.010323252652226
vertex -0.011851653126881 -0.0036635716663680003 -0.010316705329295999
endloop
endfacet
facet normal 0.8500470912458883 -0.5187834236118455 -0.09101484521756359
outer loop
vertex -0.00931339887395 -0.0037430976736630003 -0.009989592478496
vertex -0.009373360552851 -0.003828201695938 -0.010064521954899
vertex -0.009308741046002 -0.003717470410627 -0.010092165043824
endloop
endfacet
facet normal 0.16820300604223098 -0.38683129111652204 -0.9066803742066338
outer loop
vertex -0.010972310210058 -0.0035465516106160003 -0.010697491018788
vertex -0.010864607288587002 -0.003553372901608 -0.010674600213447
vertex -0.010877999747065999 -0.003643758689818 -0.010638522009586
endloop
endfacet
facet normal 0.2077455403574495 0.5374617167199447 -0.8172984115499315
outer loop
vertex -0.010313797283213001 -0.003300078729288 -0.010532353672601
vertex -0.010319788338414 -0.003217459289848 -0.010479545334611
vertex -0.010206094361741 -0.00330690002028 -0.010509462867250002
endloop
endfacet
facet normal 0.1366159734457448 -0.5032587509311666 0.8532682493862487
outer loop
vertex -0.009627240812647 -0.003719636480822 -0.009634288151001
vertex -0.009621626590542 -0.003807078830926 -0.009686760653455
vertex -0.00956294329681 -0.003783994473325 -0.009682541195299
endloop
endfacet
facet normal 0.9928047923947705 -0.1087983861074747 0.05001555136540764
outer loop
vertex -0.009254004256988002 -0.003519829654238 -0.010043006692959001
vertex -0.009262642085485 -0.003548274276779 -0.009933421806815
vertex -0.009267795956925999 -0.0036355316646940004 -0.010020928084275
endloop
endfacet
facet normal 0.20774554040168552 0.5374617167629433 -0.817298411510411
outer loop
vertex -0.010642897102841 -0.0031969954168519998 -0.010548217750664
vertex -0.010636906047640001 -0.003279614856282 -0.010601026088654
vertex -0.010750600024313 -0.00319017412585 -0.010571108556015
endloop
endfacet
facet normal -0.9762799602342067 0.06183202483382494 -0.20749515644960237
outer loop
vertex -0.011763434150011 -0.0029857509554080002 -0.010529796531146
vertex -0.011745416520221 -0.0030125803828479998 -0.010622565774766
vertex -0.011762501272822001 -0.003071093368358 -0.010559617195915999
endloop
endfacet
facet normal 0.11505889833112193 0.9599941514273007 -0.25528940271818057
outer loop
vertex -0.011637713598759999 -0.0030194016738500002 -0.010599674969425
vertex -0.011745416520221 -0.0030125803828479998 -0.010622565774766
vertex -0.011763434150011 -0.0029857509554080002 -0.010529796531146
endloop
endfacet
facet normal 0.21630361413230398 0.32057529305743876 -0.922195330716026
outer loop
vertex -0.011606232466999 -0.00321822322931 -0.010807043363595
vertex -0.011605299544219 -0.00331107748293 -0.010839102715895001
vertex -0.011713935388471 -0.003211401938298 -0.010829934168936
endloop
endfacet
facet normal 0.21229090914397192 0.08505803416138731 -0.9734976634380927
outer loop
vertex -0.011501776054218 -0.003415591499412 -0.010825659089354
vertex -0.011609478975689999 -0.00340877020841 -0.010848549894695
vertex -0.011605299544219 -0.00331107748293 -0.010839102715895001
endloop
endfacet
facet normal 0.20774554032428139 0.5374617168374987 -0.817298411481058
outer loop
vertex -0.011504520600717 -0.003142425080872 -0.010731344220254
vertex -0.011390826624044 -0.003231865811304 -0.010761261752913
vertex -0.011498529545516 -0.003225044520302 -0.010784152558254
endloop
endfacet
facet normal -0.9762799602241946 0.06183202484462251 -0.20749515649349265
outer loop
vertex -0.011807099358242 -0.0037117384168580004 -0.010540687421196002
vertex -0.011790159847761 -0.003673517372948 -0.010608999473976
vertex -0.011797100115402 -0.003772681148018 -0.010605895077596
endloop
endfacet
facet normal -0.9762799602605745 0.06183202486564183 -0.2074951563160587
outer loop
vertex -0.011842128050782 -0.003197026570017 -0.010222494518066
vertex -0.011862316719272 -0.003185833671058 -0.010124169947796
vertex -0.011845359010481 -0.003107168643428 -0.010180515616426
endloop
endfacet
facet normal -0.13069000927360833 0.5957791575136905 0.7924438888327309
outer loop
vertex -0.01173765608902 -0.00311398993443 -0.010157624811075
vertex -0.011845359010481 -0.003107168643428 -0.010180515616426
vertex -0.011862316719272 -0.003185833671058 -0.010124169947796
endloop
endfacet
facet normal -0.15560816422565008 -0.8667394100882821 0.4738659032111717
outer loop
vertex -0.011117391930538 -0.0037615716562160004 -0.010078945247677
vertex -0.01122509485201 -0.003754750365214 -0.010101836053028
vertex -0.01121030578906 -0.003803369396024 -0.010185907793318
endloop
endfacet
facet normal 0.01664514972314754 0.9769522671421823 0.21280791037093585
outer loop
vertex -0.011481731084406 -0.003022804749874 -0.010271250933343
vertex -0.011352821413654 -0.0030095555309400004 -0.010342157955641
vertex -0.011460524461216 -0.003002734231954 -0.010365048787793001
endloop
endfacet
facet normal -0.9762799601713822 0.06183202495533454 -0.20749515670898727
outer loop
vertex -0.011730627457282001 -0.0030611994136580003 -0.010706637515036
vertex -0.011719926443671 -0.003128782498878 -0.010777125830936
vertex -0.011738360345683001 -0.003145915896087 -0.010695498593236
endloop
endfacet
facet normal 0.18711404362181164 0.7231129385053694 -0.6649030101041989
outer loop
vertex -0.011612223522187999 -0.0031356037898700004 -0.010754235025595
vertex -0.011719926443671 -0.003128782498878 -0.010777125830936
vertex -0.011730627457282001 -0.0030611994136580003 -0.010706637515036
endloop
endfacet
facet normal -0.21630361415629376 -0.32057529314458144 0.9221953306801064
outer loop
vertex -0.010704205236208 -0.0035458000419440003 -0.009832026020062999
vertex -0.01081190815768 -0.003538978750952 -0.009854916825414
vertex -0.010810975234900001 -0.003631833004572 -0.009886976177724
endloop
endfacet
facet normal 0.15560816422382384 0.8667394101078116 -0.47386590317605093
outer loop
vertex -0.01108440980235 -0.003102127167634 -0.010569292656148001
vertex -0.011206901786772002 -0.0030466868458319998 -0.010508111721220001
vertex -0.0110991988653 -0.003053508136834 -0.010485220915868
endloop
endfacet
facet normal -0.0855818136861838 0.770102364712187 0.6321535422908594
outer loop
vertex -0.010337517983751002 -0.0032026667254099997 -0.009860044314710001
vertex -0.010210277625189002 -0.003147115461232 -0.009910492025769001
vertex -0.010317980546661 -0.0031402941702399997 -0.009933382831110001
endloop
endfacet
facet normal -0.16820300623628137 0.3868312906566813 0.9066803743668238
outer loop
vertex -0.011552600413335 -0.003296683332264 -0.010019419327923
vertex -0.011539207954855 -0.003206297544044 -0.010055497531733
vertex -0.011660303334807 -0.003289862041262 -0.010042310133283999
endloop
endfacet
facet normal 0.19594063332401104 -0.15540233558677422 -0.9682238286195816
outer loop
vertex -0.009993935027487 -0.0035110895813940004 -0.010505187787598
vertex -0.009886232106004 -0.003517910872386 -0.010482296982246
vertex -0.009895280995305001 -0.0036147645206160003 -0.010468582965247001
endloop
endfacet
facet normal 0.03549988730367842 -0.899670114138761 -0.4351246301084035
outer loop
vertex -0.01016057444262 -0.0038325453096120002 -0.010348602187099001
vertex -0.010073853245706999 -0.003881821811984 -0.010239642165188
vertex -0.010181556167189 -0.003875000521002 -0.010262532970539001
endloop
endfacet
facet normal 0.1682030061560531 -0.38683129065158683 -0.9066803743838808
outer loop
vertex -0.009908673453784999 -0.0037051503088260003 -0.010432504761427
vertex -0.010016376375257 -0.003698329017824 -0.010455395566778
vertex -0.010002983916777 -0.003607943229604 -0.010491473770587999
endloop
endfacet
facet normal 0.21229090928775066 0.08505803366036441 -0.9734976634505151
outer loop
vertex -0.010424746713386 -0.0034838044173860004 -0.010596751009002
vertex -0.010528270203388 -0.003379290400914 -0.010610194635613001
vertex -0.010420567281916 -0.003386111691906 -0.010587303830252002
endloop
endfacet
facet normal -0.016645149610092353 -0.9769522671229053 -0.21280791046827477
outer loop
vertex -0.010935476617515 -0.003827251483998 -0.010422768607986
vertex -0.010848980319223 -0.00385414329292 -0.010306079948185
vertex -0.010956683240706 -0.003847322001928 -0.010328970753546001
endloop
endfacet
facet normal -0.20774554046111512 -0.5374617165961579 0.8172984116049844
outer loop
vertex -0.010266469572328999 -0.003748558899012 -0.009825330488949
vertex -0.010164757706057 -0.0036727607505740003 -0.009749631345618001
vertex -0.010272460627529 -0.003665939459562 -0.009772522150969
endloop
endfacet
facet normal -0.20774554030842965 -0.53746171674322 0.8172984115470856
outer loop
vertex -0.010158766650857 -0.0037553801899939997 -0.009802439683597999
vertex -0.010164757706057 -0.0036727607505740003 -0.009749631345618001
vertex -0.010266469572328999 -0.003748558899012 -0.009825330488949
endloop
endfacet
facet normal -0.2122909092742947 -0.08505803316933863 0.9734976634963521
outer loop
vertex -0.010273393550309 -0.003573085205942 -0.009740462798649001
vertex -0.01026921411884 -0.0034753924804620004 -0.009731015619949
vertex -0.010381096471780999 -0.00356626391494 -0.00976335360401
endloop
endfacet
facet normal -0.016645149813116284 -0.9769522671373251 -0.21280791038619612
outer loop
vertex -0.009987356947425 -0.003908713620916 -0.010122953505376
vertex -0.010073853245706999 -0.003881821811984 -0.010239642165188
vertex -0.009966150324245 -0.003888643102996 -0.010216751359827001
endloop
endfacet
facet normal 0.40944011346617626 -0.2794794141110592 0.8684757052289626
outer loop
vertex -0.009568549763934 -0.003708263817205 -0.009639042123254001
vertex -0.009513820580448 -0.0036859895206250003 -0.009657676053531001
vertex -0.009541189561467 -0.003622521530714 -0.009624348747822
endloop
endfacet
facet normal 0.08558181364624651 -0.7701023647728276 -0.6321535422223925
outer loop
vertex -0.010894957455845001 -0.003722423717448 -0.010582176340956
vertex -0.010787254534362 -0.00372924500845 -0.010559285535605
vertex -0.010806791971474 -0.00379161756361 -0.010485947019205
endloop
endfacet
facet normal -0.06782283814342645 -0.9974575093470737 0.021876463912228507
outer loop
vertex -0.011064386162177 -0.003840500710916 -0.010351861558887
vertex -0.010976882316315 -0.003843841405468 -0.010232895426245999
vertex -0.011084585237787 -0.003837020114466 -0.010255786231597
endloop
endfacet
facet normal -0.1150588983561673 -0.9599941514257123 0.25528940271286593
outer loop
vertex -0.010222961865989 -0.003891590442452 -0.010072659788789
vertex -0.010115258944506 -0.0038984117334540003 -0.010049768983427
vertex -0.010133276574296 -0.003871582306014 -0.009956999739807
endloop
endfacet
facet normal 0.21630361417053046 0.3205752930094486 -0.9221953307237424
outer loop
vertex -0.009989755596017 -0.0034133968559040004 -0.010495740608858
vertex -0.010097458517478 -0.0034065755649120002 -0.010518631414208
vertex -0.01009839144027 -0.003313721311272 -0.010486572061909
endloop
endfacet
facet normal -0.18711404369154777 -0.7231129385788676 0.6649030100046415
outer loop
vertex -0.010148065637257 -0.0038229632752140004 -0.009872927999518
vertex -0.010158766650857 -0.0037553801899939997 -0.009802439683597999
vertex -0.010255768558729 -0.003816141984212 -0.009895818804859
endloop
endfacet
facet normal 0.21229090918425939 0.08505803356811947 -0.9734976634811432
outer loop
vertex -0.010312864360433 -0.003392932982908 -0.010564413024901001
vertex -0.010317043791903 -0.003490625708388 -0.010573860203641
vertex -0.010420567281916 -0.003386111691906 -0.010587303830252002
endloop
endfacet
facet normal 0.08558181375045185 -0.7701023647162573 -0.6321535422772
outer loop
vertex -0.010356442848463002 -0.003756530172448 -0.010467722314200999
vertex -0.010248739927002 -0.0037633514634399998 -0.01044483150885
vertex -0.010268277364092 -0.00382572401861 -0.01037149299245
endloop
endfacet
facet normal -0.15560816429863306 -0.8667394100323773 0.4738659032894606
outer loop
vertex -0.010363471480212001 -0.00380932069321 -0.00991870961021
vertex -0.010471174401673 -0.003802499402208 -0.009941600415571
vertex -0.010456385338734 -0.0038511184330280003 -0.010025672155861
endloop
endfacet
facet normal 0.9578931586338795 0.07694892028728115 0.27662169168203565
outer loop
vertex -0.009262642085485 -0.003548274276779 -0.009933421806815
vertex -0.009265927883515 -0.003445929046043 -0.009950513422152
vertex -0.009291743572903001 -0.003463210043603 -0.009856311025386
endloop
endfacet
facet normal 0.9345805156954732 -0.29774640779569456 -0.19469549642234513
outer loop
vertex -0.00927784211757 -0.003601340674861 -0.010121439861675
vertex -0.009267795956925999 -0.0036355316646940004 -0.010020928084275
vertex -0.009308741046002 -0.003717470410627 -0.010092165043824
endloop
endfacet
facet normal -0.19047141846358487 -0.9516744044916754 0.24090758930321146
outer loop
vertex -0.009810572460473 -0.003897224707684 -0.009887966731841
vertex -0.009792574518798001 -0.003924306114103 -0.009980718429332
vertex -0.009703545548381 -0.0039126983325490005 -0.009864473428672
endloop
endfacet
facet normal -0.2127894966793412 -0.07928221826468816 0.973876254957468
outer loop
vertex -0.009623091957251001 -0.003517540787559 -0.009593585796006
vertex -0.009730754585126001 -0.0035102037974839998 -0.009616512511217
vertex -0.009735204010654 -0.0036113520508430003 -0.009625719069928
endloop
endfacet
facet normal -0.10324468433944789 -0.9652398560090002 -0.2401094657179767
outer loop
vertex -0.009558484630275 -0.003960819859951 -0.010029661908595
vertex -0.009665368149374 -0.003943511420592 -0.010053282969544
vertex -0.009644083161023 -0.003922437943571 -0.010147150663437
endloop
endfacet
facet normal 0.1871140437214366 0.7231129386441167 -0.6649030099252689
outer loop
vertex -0.010222786430552001 -0.00315669749564 -0.01038616621335
vertex -0.010104382495458999 -0.003231101871842 -0.010433763723908999
vertex -0.010212085416942 -0.00322428058084 -0.01045665452926
endloop
endfacet
facet normal -0.20870484936797098 -0.9466497183387467 0.24555365323990608
outer loop
vertex -0.009578706696382 -0.003957633508126 -0.009933566092045
vertex -0.009596633271509999 -0.003929638714441 -0.009840877996817
vertex -0.00968558050177 -0.003940200747531 -0.009957195809913999
endloop
endfacet
facet normal 0.1959406332258819 -0.15540233560760366 -0.968223828636097
outer loop
vertex -0.011609478975689999 -0.00340877020841 -0.010848549894695
vertex -0.011618527864991 -0.003505623856629 -0.010834835877695
vertex -0.011717181897173001 -0.003401948917417 -0.010871440700036001
endloop
endfacet
facet normal -0.9762799602905913 0.06183202473432953 -0.20749515621395795
outer loop
vertex -0.011750030628802 -0.0033730849644280003 -0.010708283758636
vertex -0.011735219401552999 -0.003409041197497 -0.010788686363436
vertex -0.011759674397021 -0.0034698499597980003 -0.010691744374636
endloop
endfacet
facet normal 0.13069000908684414 -0.5957791579904694 -0.7924438885050776
outer loop
vertex -0.011541175110777001 -0.003681495963472 -0.010719521199854
vertex -0.011648878032249 -0.00367467467247 -0.010742412005195
vertex -0.011631920323471 -0.003596009644849 -0.010798757673895001
endloop
endfacet
facet normal 0.212290909143969 0.0850580341613875 -0.9734976634380935
outer loop
vertex -0.011609478975689999 -0.00340877020841 -0.010848549894695
vertex -0.011713002465691 -0.0033042561919279997 -0.010861993521236001
vertex -0.011605299544219 -0.00331107748293 -0.010839102715895001
endloop
endfacet
facet normal 0.1150588982821067 0.9599941514116457 -0.2552894027991415
outer loop
vertex -0.009609375594437999 -0.0031221767833820003 -0.010071980397323
vertex -0.009483655043165 -0.0031558275018240003 -0.010141858835592
vertex -0.009591357964647999 -0.003149006210832 -0.010164749640953
endloop
endfacet
facet normal -0.9762799602022884 0.061832024894333926 -0.20749515658174938
outer loop
vertex -0.011733788703602 -0.0033025372410179997 -0.010763680509636
vertex -0.011713002465691 -0.0033042561919279997 -0.010861993521236001
vertex -0.011735219401552999 -0.003409041197497 -0.010788686363436
endloop
endfacet
facet normal 0.11505889834914064 0.9599941514329543 -0.25528940268879996
outer loop
vertex -0.009501672672955 -0.0031289980743840003 -0.010049089591962
vertex -0.009483655043165 -0.0031558275018240003 -0.010141858835592
vertex -0.009609375594437999 -0.0031221767833820003 -0.010071980397323
endloop
endfacet
facet normal 0.21630361410424617 0.32057529302839277 -0.9221953307327041
outer loop
vertex -0.011713002465691 -0.0033042561919279997 -0.010861993521236001
vertex -0.011713935388471 -0.003211401938298 -0.010829934168936
vertex -0.011605299544219 -0.00331107748293 -0.010839102715895001
endloop
endfacet
facet normal -0.0554285794297643 -0.9728835897962282 -0.2245555461074221
outer loop
vertex -0.009751134507557999 -0.003907277043742 -0.010170622190505
vertex -0.009772370472114 -0.003927723088094 -0.010076798186869
vertex -0.009858473878256 -0.003895803241476 -0.01019383695938
endloop
endfacet
facet normal -0.9762799602648481 0.06183202468963351 -0.2074951563484011
outer loop
vertex -0.011797996569741 -0.003162542049248 -0.010419860246996001
vertex -0.011779247095592001 -0.003072925623618 -0.010481372867626
vertex -0.011773123109011999 -0.003168012004698 -0.010538521714116
endloop
endfacet
facet normal -0.11505889831278966 -0.9599941514386248 0.25528940268385975
outer loop
vertex -0.011623099971246999 -0.003802913651482 -0.010370240285154
vertex -0.011641117601048 -0.003776084224042 -0.010277471041524001
vertex -0.011730802892719 -0.00379609236048 -0.010393131090495
endloop
endfacet
facet normal -0.9762799602448471 0.061832024730324474 -0.20749515643038158
outer loop
vertex -0.011767452617862 -0.003385555306878 -0.010630028089716
vertex -0.011753198992472002 -0.003297827448418 -0.010670950190556002
vertex -0.011750030628802 -0.0033730849644280003 -0.010708283758636
endloop
endfacet
facet normal -0.9762799602329563 0.06183202475743554 -0.20749515647824956
outer loop
vertex -0.011759674397021 -0.0034698499597980003 -0.010691744374636
vertex -0.011780704696432 -0.003565269314348 -0.010621229533576
vertex -0.011778055086122001 -0.003466711846998 -0.010604326747156
endloop
endfacet
facet normal 0.9678034345901303 0.13997969233275828 -0.2091941627531079
outer loop
vertex -0.009278909198174 -0.003410855249485 -0.010085306553778001
vertex -0.009254004256988002 -0.003519829654238 -0.010043006692959001
vertex -0.009277315433680001 -0.003507528980773 -0.010142621290735001
endloop
endfacet
facet normal -0.9762799602287106 0.06183202483716441 -0.2074951564744664
outer loop
vertex -0.011856523443992 -0.003762441642038 -0.010323252652226
vertex -0.011871312506941999 -0.003713822611238 -0.010239180911926
vertex -0.011851653126881 -0.0036635716663680003 -0.010316705329295999
endloop
endfacet
facet normal -0.15560816407132333 -0.8667394101642913 0.4738659031228226
outer loop
vertex -0.011763609585459 -0.00372064390223 -0.010216290106584999
vertex -0.011871312506941999 -0.003713822611238 -0.010239180911926
vertex -0.011856523443992 -0.003762441642038 -0.010323252652226
endloop
endfacet
facet normal -0.9762799602392462 0.06183202473156222 -0.20749515645636463
outer loop
vertex -0.011798440472152 -0.003346016740798 -0.010472445757156001
vertex -0.011791747280852001 -0.003251738131008 -0.010475843384436
vertex -0.011775277184642 -0.0032946703959780004 -0.010566129895515999
endloop
endfacet
facet normal 0.0678228382296756 0.9974575093418312 -0.021876463883866697
outer loop
vertex -0.011440325385595 -0.0030062148284140003 -0.010461124115093
vertex -0.011548028307067 -0.0029993935374020004 -0.010484014920444
vertex -0.011568227382688001 -0.0029959129409520002 -0.010387939593144001
endloop
endfacet
facet normal -0.9762799602203537 0.06183202491851129 -0.20749515648954636
outer loop
vertex -0.011823468739772 -0.003703139641808 -0.010461105906566001
vertex -0.011839973118332 -0.0037041549284380004 -0.010383754140445999
vertex -0.011830138218881 -0.003610881947048 -0.010402233405216
endloop
endfacet
facet normal -0.9762799602506638 0.06183202474429447 -0.2074951563988504
outer loop
vertex -0.011778055086122001 -0.003466711846998 -0.010604326747156
vertex -0.011780704696432 -0.003565269314348 -0.010621229533576
vertex -0.011795465375922 -0.003505358182238 -0.010533926376706
endloop
endfacet
facet normal -0.0678228382544815 -0.9974575093377992 0.021876463990795597
outer loop
vertex -0.011818306738593 -0.003792751665927 -0.010512097223146
vertex -0.01171060381711 -0.00379957295694 -0.010489206417795
vertex -0.011730802892719 -0.00379609236048 -0.010393131090495
endloop
endfacet
facet normal -0.18711404380858646 -0.7231129385754808 0.6649030099753883
outer loop
vertex -0.011655906663987001 -0.0037274651932320004 -0.010193399301224
vertex -0.011666607677587001 -0.003659882108022 -0.010122910985314001
vertex -0.011763609585459 -0.00372064390223 -0.010216290106584999
endloop
endfacet
facet normal -0.9762799602609233 0.06183202473433648 -0.20749515635354573
outer loop
vertex -0.011813128100450999 -0.003531995198788 -0.010458759593996
vertex -0.011827865657931 -0.003487557577838 -0.010376176219955999
vertex -0.011806351196792 -0.003444878328058 -0.010464685239446
endloop
endfacet
facet normal -0.9762799602679387 0.061832024795576736 -0.20749515630228932
outer loop
vertex -0.011805894658322 -0.003614989605478 -0.010517525191316001
vertex -0.011823468739772 -0.003703139641808 -0.010461105906566001
vertex -0.011830138218881 -0.003610881947048 -0.010402233405216
endloop
endfacet
facet normal -0.9762799602666943 0.061832024700628624 -0.20749515633643756
outer loop
vertex -0.011827865657931 -0.003487557577838 -0.010376176219955999
vertex -0.011813128100450999 -0.003531995198788 -0.010458759593996
vertex -0.011830138218881 -0.003610881947048 -0.010402233405216
endloop
endfacet
facet normal -0.9762799602427669 0.06183202494322671 -0.20749515637672544
outer loop
vertex -0.011830138218881 -0.003610881947048 -0.010402233405216
vertex -0.011839973118332 -0.0037041549284380004 -0.010383754140445999
vertex -0.011851653126881 -0.0036635716663680003 -0.010316705329295999
endloop
endfacet
facet normal -0.97627996024798 0.06183202470755578 -0.2074951564224252
outer loop
vertex -0.011839973118332 -0.0037041549284380004 -0.010383754140445999
vertex -0.011838505814202 -0.0037892710694880003 -0.010416021895846
vertex -0.011856523443992 -0.003762441642038 -0.010323252652226
endloop
endfacet
facet normal -0.11505889845677865 -0.9599941513937872 0.25528940278757223
outer loop
vertex -0.011748820522509 -0.00376926293305 -0.010300361846865001
vertex -0.011856523443992 -0.003762441642038 -0.010323252652226
vertex -0.011838505814202 -0.0037892710694880003 -0.010416021895846
endloop
endfacet
facet normal -0.976279960258501 0.06183202475813314 -0.20749515635785182
outer loop
vertex -0.011805894658322 -0.003614989605478 -0.010517525191316001
vertex -0.011807099358242 -0.0037117384168580004 -0.010540687421196002
vertex -0.011823468739772 -0.003703139641808 -0.010461105906566001
endloop
endfacet
facet normal -0.9762799602717229 0.06183202461717287 -0.2074951563376468
outer loop
vertex -0.011772926004932 -0.0036431571746480002 -0.010681038856136001
vertex -0.011776118390821001 -0.003730225936638 -0.010691964294136
vertex -0.011790159847761 -0.003673517372948 -0.010608999473976
endloop
endfacet
facet normal -0.06782283802526988 -0.9974575093570942 0.021876463821660436
outer loop
vertex -0.011818306738593 -0.003792751665927 -0.010512097223146
vertex -0.011730802892719 -0.00379609236048 -0.010393131090495
vertex -0.011838505814202 -0.0037892710694880003 -0.010416021895846
endloop
endfacet
facet normal -0.19594063323006028 0.15540233548678478 0.9682238286546432
outer loop
vertex -0.011669352224097 -0.003386715689472 -0.010028596116274
vertex -0.011561649302625 -0.003393536980484 -0.010005705310933
vertex -0.011552600413335 -0.003296683332264 -0.010019419327923
endloop
endfacet
facet normal -0.9762799602268512 0.06183202469519754 -0.20749515652552059
outer loop
vertex -0.011830138218881 -0.003610881947048 -0.010402233405216
vertex -0.011851653126881 -0.0036635716663680003 -0.010316705329295999
vertex -0.011848319685322 -0.0035705036099380003 -0.010304655823116
endloop
endfacet
facet normal -0.976279960243181 0.06183202468618268 -0.20749515645137373
outer loop
vertex -0.011864085791161999 -0.003630165674158 -0.010248253991116
vertex -0.011848319685322 -0.0035705036099380003 -0.010304655823116
vertex -0.011851653126881 -0.0036635716663680003 -0.010316705329295999
endloop
endfacet
facet normal -0.21229090917019897 -0.08505803359272973 0.9734976634820591
outer loop
vertex -0.011669352224097 -0.003386715689472 -0.010028596116274
vertex -0.011777055145580001 -0.0033798943984899997 -0.010051486921624999
vertex -0.011781234577039 -0.00347758712397 -0.010060934100365
endloop
endfacet
facet normal 0.9116732851746764 0.40687123538268277 -0.05751190239404978
outer loop
vertex -0.009278909198174 -0.003410855249485 -0.010085306553778001
vertex -0.009326798500068999 -0.003303587896437 -0.010085574267622001
vertex -0.009299507411185 -0.003348811653531 -0.009972896535333
endloop
endfacet
facet normal -0.9762799602461615 0.06183202487474126 -0.2074951563811613
outer loop
vertex -0.011875709177751 -0.003276219459268 -0.010088091743976
vertex -0.011857110501091 -0.003264662397138 -0.010172155965335999
vertex -0.011866376809492 -0.003365436846778 -0.010158587345376
endloop
endfacet
facet normal 0.08558181358832645 -0.770102364762951 -0.6321535422422654
outer loop
vertex -0.011237603657373 -0.003764332399622 -0.01057751024061
vertex -0.011345306578845 -0.00375751110861 -0.010600401045961
vertex -0.011325769141744001 -0.00369513855345 -0.010673739562361
endloop
endfacet
facet normal 0.01664514968872716 0.9769522671274075 0.2128079104414558
outer loop
vertex -0.011697136927350001 -0.00300916216788 -0.010317032544035
vertex -0.01167593030416 -0.00298909164995 -0.010410830398495
vertex -0.011804839848822002 -0.0030023408768780004 -0.010339923349406
endloop
endfacet
facet normal -0.976279960251449 0.06183202486442671 -0.2074951563593568
outer loop
vertex -0.011829088656941 -0.0031289420802080004 -0.010263557148996
vertex -0.011812130318661 -0.003099561179678 -0.010334592085465999
vertex -0.011822499588432001 -0.0031957350404980002 -0.010314463009686
endloop
endfacet
facet normal -0.03549988714158023 0.8996701141482318 0.4351246301020464
outer loop
vertex -0.011481731084406 -0.003022804749874 -0.010271250933343
vertex -0.011589434005867 -0.0030159834588719997 -0.010294141738694
vertex -0.011610415730435999 -0.003058438670262 -0.010208072522124
endloop
endfacet
facet normal -0.9762799602281926 0.06183202493425792 -0.2074951564479713
outer loop
vertex -0.011829088656941 -0.0031289420802080004 -0.010263557148996
vertex -0.011822499588432001 -0.0031957350404980002 -0.010314463009686
vertex -0.011842128050782 -0.003197026570017 -0.010222494518066
endloop
endfacet
facet normal -0.9762799602502436 0.061832024898231926 -0.20749515635495552
outer loop
vertex -0.011773123109011999 -0.003168012004698 -0.010538521714116
vertex -0.011791747280852001 -0.003251738131008 -0.010475843384436
vertex -0.011797996569741 -0.003162542049248 -0.010419860246996001
endloop
endfacet
facet normal 0.21630361407558232 0.32057529306103116 -0.9221953307280815
outer loop
vertex -0.011497596622747 -0.003317898773922 -0.010816211910554
vertex -0.011605299544219 -0.00331107748293 -0.010839102715895001
vertex -0.011606232466999 -0.00321822322931 -0.010807043363595
endloop
endfacet
facet normal -0.9762799602507076 0.06183202482585232 -0.2074951563743403
outer loop
vertex -0.011754601260122 -0.0032061712636580002 -0.010637039551846
vertex -0.011773123109011999 -0.003168012004698 -0.010538521714116
vertex -0.011751045783572 -0.0031125905294480003 -0.010625881962356
endloop
endfacet
facet normal -0.18711404366752 -0.7231129385844333 0.6649030100053503
outer loop
vertex -0.011871312506941999 -0.003713822611238 -0.010239180911926
vertex -0.011774310599059 -0.0036530608170200003 -0.010145801790665002
vertex -0.011882013520542 -0.0036462395260279997 -0.010168692596015999
endloop
endfacet
facet normal -0.9762799602531903 0.06183202470430326 -0.20749515639887955
outer loop
vertex -0.011845359010481 -0.003107168643428 -0.010180515616426
vertex -0.011825821573392 -0.003044796088258 -0.010253854132836
vertex -0.011829088656941 -0.0031289420802080004 -0.010263557148996
endloop
endfacet
facet normal -0.0855818136613547 0.7701023647517188 0.6321535422460622
outer loop
vertex -0.01171811865192 -0.00305161737926 -0.010230963327485
vertex -0.011825821573392 -0.003044796088258 -0.010253854132836
vertex -0.011845359010481 -0.003107168643428 -0.010180515616426
endloop
endfacet
facet normal -0.9762799602357771 0.06183202477611165 -0.20749515645941122
outer loop
vertex -0.011779247095592001 -0.003072925623618 -0.010481372867626
vertex -0.011783633225632001 -0.002982270358958 -0.010433721203846
vertex -0.011763434150011 -0.0029857509554080002 -0.010529796531146
endloop
endfacet
facet normal 0.06782283822967632 0.9974575093418311 -0.02187646388386655
outer loop
vertex -0.011655731228539001 -0.00299257224642 -0.010506905725795001
vertex -0.011763434150011 -0.0029857509554080002 -0.010529796531146
vertex -0.011783633225632001 -0.002982270358958 -0.010433721203846
endloop
endfacet
facet normal -0.9762799602581771 0.061832024654963215 -0.20749515639011992
outer loop
vertex -0.011825821573392 -0.003044796088258 -0.010253854132836
vertex -0.011804839848822002 -0.0030023408768780004 -0.010339923349406
vertex -0.011812130318661 -0.003099561179678 -0.010334592085465999
endloop
endfacet
facet normal -0.03549988719550447 0.8996701141926284 0.43512463000585166
outer loop
vertex -0.011697136927350001 -0.00300916216788 -0.010317032544035
vertex -0.011804839848822002 -0.0030023408768780004 -0.010339923349406
vertex -0.011825821573392 -0.003044796088258 -0.010253854132836
endloop
endfacet
facet normal -0.9762799602167233 0.061832024775505465 -0.20749515654924255
outer loop
vertex -0.011814134197742 -0.003290160927768 -0.010381961004936002
vertex -0.011822499588432001 -0.0031957350404980002 -0.010314463009686
vertex -0.011797996569741 -0.003162542049248 -0.010419860246996001
endloop
endfacet
facet normal -0.9762799602290417 0.06183202479604072 -0.20749515648516342
outer loop
vertex -0.011773123109011999 -0.003168012004698 -0.010538521714116
vertex -0.011775277184642 -0.0032946703959780004 -0.010566129895515999
vertex -0.011791747280852001 -0.003251738131008 -0.010475843384436
endloop
endfacet
facet normal -0.9762799602391369 0.061832024711722555 -0.20749515646279165
outer loop
vertex -0.011814134197742 -0.003290160927768 -0.010381961004936002
vertex -0.011840428469662 -0.0032995242939480003 -0.010261034737146
vertex -0.011822499588432001 -0.0031957350404980002 -0.010314463009686
endloop
endfacet
facet normal -0.9762799602427253 0.06183202470821356 -0.20749515644695332
outer loop
vertex -0.011773123109011999 -0.003168012004698 -0.010538521714116
vertex -0.011762501272822001 -0.003071093368358 -0.010559617195915999
vertex -0.011751045783572 -0.0031125905294480003 -0.010625881962356
endloop
endfacet
facet normal 0.20774554026138356 0.5374617167744412 -0.8172984115385127
outer loop
vertex -0.011498529545516 -0.003225044520302 -0.010784152558254
vertex -0.011606232466999 -0.00321822322931 -0.010807043363595
vertex -0.011612223522187999 -0.0031356037898700004 -0.010754235025595
endloop
endfacet
facet normal -0.9762799602466765 0.06183202461107844 -0.20749515645730754
outer loop
vertex -0.011795307945981999 -0.0030637925581380003 -0.010403083800126
vertex -0.011779247095592001 -0.003072925623618 -0.010481372867626
vertex -0.011797996569741 -0.003162542049248 -0.010419860246996001
endloop
endfacet
facet normal -0.9762799602524614 0.06183202472001703 -0.20749515639762703
outer loop
vertex -0.011779247095592001 -0.003072925623618 -0.010481372867626
vertex -0.011762501272822001 -0.003071093368358 -0.010559617195915999
vertex -0.011773123109011999 -0.003168012004698 -0.010538521714116
endloop
endfacet
facet normal -0.9762799602471955 0.0618320248143558 -0.20749515639429086
outer loop
vertex -0.011762501272822001 -0.003071093368358 -0.010559617195915999
vertex -0.011779247095592001 -0.003072925623618 -0.010481372867626
vertex -0.011763434150011 -0.0029857509554080002 -0.010529796531146
endloop
endfacet
facet normal -0.9762799602224057 0.061832024790773904 -0.20749515651795572
outer loop
vertex -0.011735795834102 -0.003217033828548 -0.010728757427436
vertex -0.011719926443671 -0.003128782498878 -0.010777125830936
vertex -0.011713935388471 -0.003211401938298 -0.010829934168936
endloop
endfacet
facet normal -0.9762799602280772 0.06183202478552455 -0.20749515649283568
outer loop
vertex -0.011745416520221 -0.0030125803828479998 -0.010622565774766
vertex -0.011751045783572 -0.0031125905294480003 -0.010625881962356
vertex -0.011762501272822001 -0.003071093368358 -0.010559617195915999
endloop
endfacet
facet normal -0.976279960258835 0.061832024767824796 -0.2074951563533923
outer loop
vertex -0.011773123109011999 -0.003168012004698 -0.010538521714116
vertex -0.011754601260122 -0.0032061712636580002 -0.010637039551846
vertex -0.011775277184642 -0.0032946703959780004 -0.010566129895515999
endloop
endfacet
facet normal -0.9762799602435472 0.06183202468742247 -0.2074951564492812
outer loop
vertex -0.011754601260122 -0.0032061712636580002 -0.010637039551846
vertex -0.011753198992472002 -0.003297827448418 -0.010670950190556002
vertex -0.011775277184642 -0.0032946703959780004 -0.010566129895515999
endloop
endfacet
facet normal -0.9762799602401202 0.06183202463443372 -0.20749515648119632
outer loop
vertex -0.011726230786452 -0.0034988025656280002 -0.010857726683036
vertex -0.011735219401552999 -0.003409041197497 -0.010788686363436
vertex -0.011717181897173001 -0.003401948917417 -0.010871440700036001
endloop
endfacet
facet normal -0.9762799602843248 0.06183202450068884 -0.2074951563130658
outer loop
vertex -0.011744253180420999 -0.003508876507778 -0.010775931955236
vertex -0.011735219401552999 -0.003409041197497 -0.010788686363436
vertex -0.011726230786452 -0.0034988025656280002 -0.010857726683036
endloop
endfacet
facet normal -0.97627996026956 0.06183202450149389 -0.20749515638229557
outer loop
vertex -0.011756580953732 -0.003667853381458 -0.010765302810536
vertex -0.011759540542433 -0.003575310261757 -0.010723800561836002
vertex -0.011739623244953 -0.0035891883538470004 -0.010821648479236
endloop
endfacet
facet normal 0.1306900090107009 -0.5957791580359446 -0.7924438884834458
outer loop
vertex -0.011648878032249 -0.00367467467247 -0.010742412005195
vertex -0.011756580953732 -0.003667853381458 -0.010765302810536
vertex -0.011739623244953 -0.0035891883538470004 -0.010821648479236
endloop
endfacet
facet normal -0.9762799602588882 0.06183202482227843 -0.20749515633691543
outer loop
vertex -0.011838505814202 -0.0037892710694880003 -0.010416021895846
vertex -0.011823468739772 -0.003703139641808 -0.010461105906566001
vertex -0.011818306738593 -0.003792751665927 -0.010512097223146
endloop
endfacet
facet normal -0.9762799602361775 0.061832024699079405 -0.2074951564804837
outer loop
vertex -0.011754601260122 -0.0032061712636580002 -0.010637039551846
vertex -0.011735795834102 -0.003217033828548 -0.010728757427436
vertex -0.011753198992472002 -0.003297827448418 -0.010670950190556002
endloop
endfacet
facet normal -0.20774554040181759 -0.5374617167611793 0.8172984115115376
outer loop
vertex -0.011672598732787 -0.0035772626685920002 -0.010070102647324
vertex -0.011780301654259001 -0.00357044137759 -0.010092993452675
vertex -0.011774310599059 -0.0036530608170200003 -0.010145801790665002
endloop
endfacet
facet normal -0.21229090913014015 -0.08505803366173013 0.973497663484766
outer loop
vertex -0.011673531655567001 -0.003484408414962 -0.010038043295024
vertex -0.011561649302625 -0.003393536980484 -0.010005705310933
vertex -0.011669352224097 -0.003386715689472 -0.010028596116274
endloop
endfacet
facet normal -0.9762799602533642 0.061832024560339385 -0.2074951564409624
outer loop
vertex -0.011882013520542 -0.0036462395260279997 -0.010168692596015999
vertex -0.011866631590553 -0.003559881952527 -0.010215331787786
vertex -0.011864085791161999 -0.003630165674158 -0.010248253991116
endloop
endfacet
facet normal -0.9762799602163574 0.06183202489612225 -0.20749515651502087
outer loop
vertex -0.011849022561591 -0.003479495109758 -0.010274228877416
vertex -0.011866631590553 -0.003559881952527 -0.010215331787786
vertex -0.011868369314832001 -0.003473156271528 -0.010181312054626
endloop
endfacet
facet normal -0.9762799602197965 0.06183202474367667 -0.2074951565442671
outer loop
vertex -0.011848319685322 -0.0035705036099380003 -0.010304655823116
vertex -0.011827865657931 -0.003487557577838 -0.010376176219955999
vertex -0.011830138218881 -0.003610881947048 -0.010402233405216
endloop
endfacet
facet normal 0.21229091001849046 0.08505803412108234 -0.9734976632509079
outer loop
vertex -0.011174487732240999 -0.0033383626549119997 -0.010747539467669001
vertex -0.011178667163701 -0.003436055380402 -0.010756986646469001
vertex -0.011282190653715 -0.0033315413639 -0.010770430273111
endloop
endfacet
facet normal -0.1556081642191422 -0.8667394100608283 0.47386590326352457
outer loop
vertex -0.011533414679565 -0.003782905515044 -0.010254580236173
vertex -0.011548203742504001 -0.003734286484224 -0.010170508495872999
vertex -0.011641117601048 -0.003776084224042 -0.010277471041524001
endloop
endfacet
facet normal -0.9762799602642307 0.061832025023937864 -0.2074951562516857
outer loop
vertex -0.011738360345683001 -0.003145915896087 -0.010695498593236
vertex -0.011751045783572 -0.0031125905294480003 -0.010625881962356
vertex -0.011730627457282001 -0.0030611994136580003 -0.010706637515036
endloop
endfacet
facet normal -0.9762799602904937 0.06183202467540771 -0.20749515623197518
outer loop
vertex -0.011772926004932 -0.0036431571746480002 -0.010681038856136001
vertex -0.011780704696432 -0.003565269314348 -0.010621229533576
vertex -0.011759540542433 -0.003575310261757 -0.010723800561836002
endloop
endfacet
facet normal -0.9762799602743916 0.061832024724059714 -0.20749515629323895
outer loop
vertex -0.011790159847761 -0.003673517372948 -0.010608999473976
vertex -0.011780704696432 -0.003565269314348 -0.010621229533576
vertex -0.011772926004932 -0.0036431571746480002 -0.010681038856136001
endloop
endfacet
facet normal -0.06782283816205102 -0.9974575093436534 0.021876464010440456
outer loop
vertex -0.011623099971246999 -0.003802913651482 -0.010370240285154
vertex -0.011730802892719 -0.00379609236048 -0.010393131090495
vertex -0.01171060381711 -0.00379957295694 -0.010489206417795
endloop
endfacet
facet normal -0.9762799602996377 0.06183202480114042 -0.20749515615148476
outer loop
vertex -0.011738360345683001 -0.003145915896087 -0.010695498593236
vertex -0.011754601260122 -0.0032061712636580002 -0.010637039551846
vertex -0.011751045783572 -0.0031125905294480003 -0.010625881962356
endloop
endfacet
facet normal -0.9762799602539003 0.06183202449010783 -0.20749515645936803
outer loop
vertex -0.011738360345683001 -0.003145915896087 -0.010695498593236
vertex -0.011735795834102 -0.003217033828548 -0.010728757427436
vertex -0.011754601260122 -0.0032061712636580002 -0.010637039551846
endloop
endfacet
facet normal -0.976279960239908 0.061832024744666876 -0.20749515644934585
outer loop
vertex -0.011775277184642 -0.0032946703959780004 -0.010566129895515999
vertex -0.011786978349482 -0.003407526469848 -0.010544705331836
vertex -0.011798440472152 -0.003346016740798 -0.010472445757156001
endloop
endfacet
facet normal -0.976279960250519 0.06183202478964436 -0.20749515638601776
outer loop
vertex -0.011813128100450999 -0.003531995198788 -0.010458759593996
vertex -0.011795465375922 -0.003505358182238 -0.010533926376706
vertex -0.011805894658322 -0.003614989605478 -0.010517525191316001
endloop
endfacet
facet normal -0.9762799602485276 0.06183202480882857 -0.2074951563896701
outer loop
vertex -0.011882013520542 -0.0036462395260279997 -0.010168692596015999
vertex -0.011864085791161999 -0.003630165674158 -0.010248253991116
vertex -0.011871312506941999 -0.003713822611238 -0.010239180911926
endloop
endfacet
facet normal -0.976279960230769 0.06183202460475601 -0.20749515653403763
outer loop
vertex -0.011864085791161999 -0.003630165674158 -0.010248253991116
vertex -0.011866631590553 -0.003559881952527 -0.010215331787786
vertex -0.011848319685322 -0.0035705036099380003 -0.010304655823116
endloop
endfacet
facet normal -0.016645149639945074 -0.9769522671304971 -0.21280791043108746
outer loop
vertex -0.011581694272447 -0.0037863237300120004 -0.010560113466894
vertex -0.011602900895637 -0.003806394247942 -0.010466315612434
vertex -0.011689397193919 -0.0037795024390199997 -0.010583004272245001
endloop
endfacet
facet normal -0.9762799602339391 0.061832024825586356 -0.2074951564533167
outer loop
vertex -0.011849022561591 -0.003479495109758 -0.010274228877416
vertex -0.011827865657931 -0.003487557577838 -0.010376176219955999
vertex -0.011848319685322 -0.0035705036099380003 -0.010304655823116
endloop
endfacet
facet normal -0.9762799602089712 0.06183202486147888 -0.20749515656009626
outer loop
vertex -0.011848319685322 -0.0035705036099380003 -0.010304655823116
vertex -0.011866631590553 -0.003559881952527 -0.010215331787786
vertex -0.011849022561591 -0.003479495109758 -0.010274228877416
endloop
endfacet
facet normal -0.9762799602872625 0.06183202477768028 -0.2074951562167014
outer loop
vertex -0.011888004575731 -0.003563620086588 -0.010115884258026
vertex -0.011868369314832001 -0.003473156271528 -0.010181312054626
vertex -0.011866631590553 -0.003559881952527 -0.010215331787786
endloop
endfacet
facet normal -0.08558181370629649 0.770102364760771 0.63215354222895
outer loop
vertex -0.011610415730435999 -0.003058438670262 -0.010208072522124
vertex -0.01171811865192 -0.00305161737926 -0.010230963327485
vertex -0.01173765608902 -0.00311398993443 -0.010157624811075
endloop
endfacet
facet normal -0.9762799602441713 0.06183202472840833 -0.20749515643413174
outer loop
vertex -0.011868369314832001 -0.003473156271528 -0.010181312054626
vertex -0.011888937498522002 -0.003470765832968 -0.010083824905726001
vertex -0.011866376809492 -0.003365436846778 -0.010158587345376
endloop
endfacet
facet normal 0.01664514972639881 0.9769522671250215 0.21280791044946237
outer loop
vertex -0.011568227382688001 -0.0029959129409520002 -0.010387939593144001
vertex -0.01167593030416 -0.00298909164995 -0.010410830398495
vertex -0.011697136927350001 -0.00300916216788 -0.010317032544035
endloop
endfacet
facet normal -0.9762799602407536 0.06183202471667811 -0.2074951564537076
outer loop
vertex -0.011842128050782 -0.003197026570017 -0.010222494518066
vertex -0.011822499588432001 -0.0031957350404980002 -0.010314463009686
vertex -0.011840428469662 -0.0032995242939480003 -0.010261034737146
endloop
endfacet
facet normal -0.976279960233875 0.061832024788144646 -0.20749515646477543
outer loop
vertex -0.011804839848822002 -0.0030023408768780004 -0.010339923349406
vertex -0.011783633225632001 -0.002982270358958 -0.010433721203846
vertex -0.011795307945981999 -0.0030637925581380003 -0.010403083800126
endloop
endfacet
facet normal 0.016645149652055168 0.9769522671419625 0.21280791037750546
outer loop
vertex -0.01167593030416 -0.00298909164995 -0.010410830398495
vertex -0.011783633225632001 -0.002982270358958 -0.010433721203846
vertex -0.011804839848822002 -0.0030023408768780004 -0.010339923349406
endloop
endfacet
facet normal 0.20774554107851373 0.5374617168142896 -0.8172984113046055
outer loop
vertex -0.011175420655010999 -0.0032455084012920003 -0.010715480115368999
vertex -0.011283123576495002 -0.00323868711028 -0.010738370920811001
vertex -0.011289114631684001 -0.00315606767086 -0.010685562582811
endloop
endfacet
facet normal -0.9762799602518344 0.061832024770358325 -0.20749515638557517
outer loop
vertex -0.011753198992472002 -0.003297827448418 -0.010670950190556002
vertex -0.011735795834102 -0.003217033828548 -0.010728757427436
vertex -0.011733788703602 -0.0033025372410179997 -0.010763680509636
endloop
endfacet
facet normal -0.9762799602902955 0.06183202463712308 -0.20749515624431575
outer loop
vertex -0.011857110501091 -0.003264662397138 -0.010172155965335999
vertex -0.011842128050782 -0.003197026570017 -0.010222494518066
vertex -0.011840428469662 -0.0032995242939480003 -0.010261034737146
endloop
endfacet
facet normal -0.9762799602716956 0.061832024664903874 -0.20749515632355217
outer loop
vertex -0.011798440472152 -0.003346016740798 -0.010472445757156001
vertex -0.011806351196792 -0.003444878328058 -0.010464685239446
vertex -0.011815968955651 -0.003391961552268 -0.010403664168656
endloop
endfacet
facet normal -0.9762799602293813 0.061832024721386956 -0.20749515650581213
outer loop
vertex -0.011868369314832001 -0.003473156271528 -0.010181312054626
vertex -0.011851312318602 -0.0034013041382979997 -0.010240155070186
vertex -0.011849022561591 -0.003479495109758 -0.010274228877416
endloop
endfacet
facet normal -0.9762799602399789 0.061832024677429834 -0.20749515646904879
outer loop
vertex -0.011833053253651001 -0.003391194184888 -0.010323052621186
vertex -0.011851312318602 -0.0034013041382979997 -0.010240155070186
vertex -0.011840428469662 -0.0032995242939480003 -0.010261034737146
endloop
endfacet
facet normal -0.976279960260024 0.06183202465953348 -0.20749515638006835
outer loop
vertex -0.011798440472152 -0.003346016740798 -0.010472445757156001
vertex -0.011786978349482 -0.003407526469848 -0.010544705331836
vertex -0.011806351196792 -0.003444878328058 -0.010464685239446
endloop
endfacet
facet normal -0.9762799602498363 0.061832024729834525 -0.2074951564070523
outer loop
vertex -0.011795465375922 -0.003505358182238 -0.010533926376706
vertex -0.011813128100450999 -0.003531995198788 -0.010458759593996
vertex -0.011806351196792 -0.003444878328058 -0.010464685239446
endloop
endfacet
facet normal -0.9762799602502369 0.06183202469715853 -0.2074951564149044
outer loop
vertex -0.011833053253651001 -0.003391194184888 -0.010323052621186
vertex -0.011815968955651 -0.003391961552268 -0.010403664168656
vertex -0.011827865657931 -0.003487557577838 -0.010376176219955999
endloop
endfacet
facet normal -0.20774554035424198 -0.5374617167641933 0.8172984115216486
outer loop
vertex -0.011564895811315002 -0.003584083959584 -0.010047211841973
vertex -0.011672598732787 -0.0035772626685920002 -0.010070102647324
vertex -0.011666607677587001 -0.003659882108022 -0.010122910985314001
endloop
endfacet
facet normal 0.16820300580587474 -0.3868312905802701 -0.9066803744792711
outer loop
vertex -0.011403122022034 -0.003519266438634 -0.010789054266913
vertex -0.011308811432965 -0.00361647352583 -0.010730085231011
vertex -0.011416514480514 -0.0036096522268440003 -0.010752976063113
endloop
endfacet
facet normal -0.9762799602413269 0.061832024720687294 -0.20749515644981545
outer loop
vertex -0.011767452617862 -0.003385555306878 -0.010630028089716
vertex -0.011775277184642 -0.0032946703959780004 -0.010566129895515999
vertex -0.011753198992472002 -0.003297827448418 -0.010670950190556002
endloop
endfacet
facet normal -0.9762799602601346 0.06183202471315123 -0.20749515636356955
outer loop
vertex -0.011815968955651 -0.003391961552268 -0.010403664168656
vertex -0.011806351196792 -0.003444878328058 -0.010464685239446
vertex -0.011827865657931 -0.003487557577838 -0.010376176219955999
endloop
endfacet
facet normal -0.19594063331830364 0.1554023357035508 0.9682238286019939
outer loop
vertex -0.011669352224097 -0.003386715689472 -0.010028596116274
vertex -0.011660303334807 -0.003289862041262 -0.010042310133283999
vertex -0.011777055145580001 -0.0033798943984899997 -0.010051486921624999
endloop
endfacet
facet normal -0.21630361422111477 -0.320575293126463 0.9221953306712009
outer loop
vertex -0.011457192763765 -0.0035909052585699998 -0.010024321009821
vertex -0.011458125686534001 -0.0034980510049500003 -0.00999226165751
vertex -0.011564895811315002 -0.003584083959584 -0.010047211841973
endloop
endfacet
facet normal 0.2163036137873519 0.3205752930792757 -0.9221953307893446
outer loop
vertex -0.011283123576495002 -0.00323868711028 -0.010738370920811001
vertex -0.011282190653715 -0.0033315413639 -0.010770430273111
vertex -0.011390826624044 -0.003231865811304 -0.010761261752913
endloop
endfacet
facet normal -0.9762799602471784 0.061832024675513284 -0.2074951564357459
outer loop
vertex -0.011786978349482 -0.003407526469848 -0.010544705331836
vertex -0.011778055086122001 -0.003466711846998 -0.010604326747156
vertex -0.011795465375922 -0.003505358182238 -0.010533926376706
endloop
endfacet
facet normal 0.21630361411147955 0.32057529303586535 -0.9221953307284099
outer loop
vertex -0.011498529545516 -0.003225044520302 -0.010784152558254
vertex -0.011389893701264 -0.003324720064934 -0.010793321105213
vertex -0.011497596622747 -0.003317898773922 -0.010816211910554
endloop
endfacet
facet normal -0.9762799602658552 0.06183202502101762 -0.20749515624491185
outer loop
vertex -0.011739623244953 -0.0035891883538470004 -0.010821648479236
vertex -0.011744253180420999 -0.003508876507778 -0.010775931955236
vertex -0.011726230786452 -0.0034988025656280002 -0.010857726683036
endloop
endfacet
facet normal 0.16820300606805608 -0.386831290597372 -0.906680374423336
outer loop
vertex -0.011631920323471 -0.003596009644849 -0.010798757673895001
vertex -0.011739623244953 -0.0035891883538470004 -0.010821648479236
vertex -0.011726230786452 -0.0034988025656280002 -0.010857726683036
endloop
endfacet
facet normal 0.1682030068824198 -0.3868312906484524 -0.906680374250466
outer loop
vertex -0.011403122022034 -0.003519266438634 -0.010789054266913
vertex -0.011416514480514 -0.0036096522268440003 -0.010752976063113
vertex -0.011510824943508 -0.0035124451476320003 -0.010811945072354
endloop
endfacet
facet normal 0.11505889831098019 0.9599941514575545 -0.2552894026134914
outer loop
vertex -0.011530010677277 -0.003026222964852 -0.010576784164074001
vertex -0.011637713598759999 -0.0030194016738500002 -0.010599674969425
vertex -0.011655731228539001 -0.00299257224642 -0.010506905725795001
endloop
endfacet
facet normal -0.03549988717506407 0.8996701141518502 0.435124630091833
outer loop
vertex -0.011589434005867 -0.0030159834588719997 -0.010294141738694
vertex -0.011697136927350001 -0.00300916216788 -0.010317032544035
vertex -0.01171811865192 -0.00305161737926 -0.010230963327485
endloop
endfacet
facet normal -0.03549988713741024 0.8996701141494654 0.4351246300998359
outer loop
vertex -0.01171811865192 -0.00305161737926 -0.010230963327485
vertex -0.011697136927350001 -0.00300916216788 -0.010317032544035
vertex -0.011825821573392 -0.003044796088258 -0.010253854132836
endloop
endfacet
facet normal 0.1871140436606738 0.7231129385199047 -0.6649030100774549
outer loop
vertex -0.011515221614338 -0.0030748419956620004 -0.010660855904364
vertex -0.011504520600717 -0.003142425080872 -0.010731344220254
vertex -0.011622924535798999 -0.00306802070466 -0.010683746709695002
endloop
endfacet
facet normal -0.08558181366778078 0.7701023647583317 0.6321535422371363
outer loop
vertex -0.01173765608902 -0.00311398993443 -0.010157624811075
vertex -0.01171811865192 -0.00305161737926 -0.010230963327485
vertex -0.011845359010481 -0.003107168643428 -0.010180515616426
endloop
endfacet
facet normal 0.11505889835036166 0.9599941514369816 -0.25528940267310474
outer loop
vertex -0.011332622338034 -0.0030130361274 -0.01043823328293
vertex -0.011314604708255 -0.00303986555484 -0.010531002526571
vertex -0.011440325385595 -0.0030062148284140003 -0.010461124115093
endloop
endfacet
facet normal -0.9762799602731888 0.061832024684923555 -0.20749515631055995
outer loop
vertex -0.011814134197742 -0.003290160927768 -0.010381961004936002
vertex -0.011798440472152 -0.003346016740798 -0.010472445757156001
vertex -0.011815968955651 -0.003391961552268 -0.010403664168656
endloop
endfacet
facet normal -0.9762799602526441 0.0618320246757855 -0.20749515640994778
outer loop
vertex -0.011875709177751 -0.003276219459268 -0.010088091743976
vertex -0.011862316719272 -0.003185833671058 -0.010124169947796
vertex -0.011857110501091 -0.003264662397138 -0.010172155965335999
endloop
endfacet
facet normal -0.16820300620679918 0.38683129077551426 0.9066803743215937
outer loop
vertex -0.0117546137978 -0.0031926549620400002 -0.010101279142445
vertex -0.011862316719272 -0.003185833671058 -0.010124169947796
vertex -0.011875709177751 -0.003276219459268 -0.010088091743976
endloop
endfacet
facet normal -0.13069000934791916 0.5957791576049688 0.7924438887518501
outer loop
vertex -0.0117546137978 -0.0031926549620400002 -0.010101279142445
vertex -0.01173765608902 -0.00311398993443 -0.010157624811075
vertex -0.011862316719272 -0.003185833671058 -0.010124169947796
endloop
endfacet
facet normal -0.19594063329372677 0.1554023356706347 0.9682238286122505
outer loop
vertex -0.011660303334807 -0.003289862041262 -0.010042310133283999
vertex -0.01176800625629 -0.00328304075026 -0.010065200938635
vertex -0.011777055145580001 -0.0033798943984899997 -0.010051486921624999
endloop
endfacet
facet normal -0.9762799602767943 0.06183202477996767 -0.2074951562652736
outer loop
vertex -0.011875709177751 -0.003276219459268 -0.010088091743976
vertex -0.011866376809492 -0.003365436846778 -0.010158587345376
vertex -0.011884758067041 -0.0033730731074780003 -0.010074377726976
endloop
endfacet
facet normal -0.19594063326610497 0.1554023356025081 0.9682238286287749
outer loop
vertex -0.01176800625629 -0.00328304075026 -0.010065200938635
vertex -0.011875709177751 -0.003276219459268 -0.010088091743976
vertex -0.011884758067041 -0.0033730731074780003 -0.010074377726976
endloop
endfacet
facet normal -0.03549988717286034 0.8996701141502129 0.4351246300953982
outer loop
vertex -0.011610415730435999 -0.003058438670262 -0.010208072522124
vertex -0.011589434005867 -0.0030159834588719997 -0.010294141738694
vertex -0.01171811865192 -0.00305161737926 -0.010230963327485
endloop
endfacet
facet normal -0.976279960249638 0.06183202470673697 -0.2074951564148686
outer loop
vertex -0.011833053253651001 -0.003391194184888 -0.010323052621186
vertex -0.011814134197742 -0.003290160927768 -0.010381961004936002
vertex -0.011815968955651 -0.003391961552268 -0.010403664168656
endloop
endfacet
facet normal -0.1682030061240838 0.3868312906654795 0.9066803743838844
outer loop
vertex -0.01176800625629 -0.00328304075026 -0.010065200938635
vertex -0.0117546137978 -0.0031926549620400002 -0.010101279142445
vertex -0.011875709177751 -0.003276219459268 -0.010088091743976
endloop
endfacet
facet normal -0.9762799602734151 0.06183202486021638 -0.20749515625725892
outer loop
vertex -0.011884758067041 -0.0033730731074780003 -0.010074377726976
vertex -0.011866376809492 -0.003365436846778 -0.010158587345376
vertex -0.011888937498522002 -0.003470765832968 -0.010083824905726001
endloop
endfacet
facet normal -0.9762799602326331 0.06183202473898286 -0.20749515648526864
outer loop
vertex -0.011851312318602 -0.0034013041382979997 -0.010240155070186
vertex -0.011868369314832001 -0.003473156271528 -0.010181312054626
vertex -0.011866376809492 -0.003365436846778 -0.010158587345376
endloop
endfacet
facet normal -0.19594063331812556 0.15540233567218 0.9682238286070649
outer loop
vertex -0.011777055145580001 -0.0033798943984899997 -0.010051486921624999
vertex -0.01176800625629 -0.00328304075026 -0.010065200938635
vertex -0.011884758067041 -0.0033730731074780003 -0.010074377726976
endloop
endfacet
facet normal -0.9762799602517037 0.0618320246135929 -0.20749515643290564
outer loop
vertex -0.011868369314832001 -0.003473156271528 -0.010181312054626
vertex -0.011888004575731 -0.003563620086588 -0.010115884258026
vertex -0.011888937498522002 -0.003470765832968 -0.010083824905726001
endloop
endfacet
facet normal -0.2122909092714209 -0.08505803358631892 0.9734976634605459
outer loop
vertex -0.011781234577039 -0.00347758712397 -0.010060934100365
vertex -0.011777055145580001 -0.0033798943984899997 -0.010051486921624999
vertex -0.011888937498522002 -0.003470765832968 -0.010083824905726001
endloop
endfacet
facet normal -0.9762799602921186 0.0618320246859329 -0.20749515622119377
outer loop
vertex -0.011888004575731 -0.003563620086588 -0.010115884258026
vertex -0.011866631590553 -0.003559881952527 -0.010215331787786
vertex -0.011882013520542 -0.0036462395260279997 -0.010168692596015999
endloop
endfacet
facet normal -0.21630361407467805 -0.32057529314975053 0.9221953306974527
outer loop
vertex -0.011673531655567001 -0.003484408414962 -0.010038043295024
vertex -0.011781234577039 -0.00347758712397 -0.010060934100365
vertex -0.011780301654259001 -0.00357044137759 -0.010092993452675
endloop
endfacet
facet normal -0.21630361418466149 -0.32057529314278477 0.9221953306740772
outer loop
vertex -0.011780301654259001 -0.00357044137759 -0.010092993452675
vertex -0.011781234577039 -0.00347758712397 -0.010060934100365
vertex -0.011888004575731 -0.003563620086588 -0.010115884258026
endloop
endfacet
facet normal -0.9762799602518331 0.06183202483877583 -0.20749515636519375
outer loop
vertex -0.011818306738593 -0.003792751665927 -0.010512097223146
vertex -0.011823468739772 -0.003703139641808 -0.010461105906566001
vertex -0.011807099358242 -0.0037117384168580004 -0.010540687421196002
endloop
endfacet
facet normal -0.9762799602257162 0.06183202479476284 -0.20749515650119155
outer loop
vertex -0.011871312506941999 -0.003713822611238 -0.010239180911926
vertex -0.011864085791161999 -0.003630165674158 -0.010248253991116
vertex -0.011851653126881 -0.0036635716663680003 -0.010316705329295999
endloop
endfacet
facet normal -0.1556081642881262 -0.866739410018091 0.47386590331904144
outer loop
vertex -0.011655906663987001 -0.0037274651932320004 -0.010193399301224
vertex -0.011763609585459 -0.00372064390223 -0.010216290106584999
vertex -0.011748820522509 -0.00376926293305 -0.010300361846865001
endloop
endfacet
facet normal 0.06782283814935065 0.9974575093446431 -0.021876464004679172
outer loop
vertex -0.011440325385595 -0.0030062148284140003 -0.010461124115093
vertex -0.011460524461216 -0.003002734231954 -0.010365048787793001
vertex -0.011332622338034 -0.0030130361274 -0.01043823328293
endloop
endfacet
facet normal -0.9762799602428084 0.06183202478319595 -0.20749515642421812
outer loop
vertex -0.011795465375922 -0.003505358182238 -0.010533926376706
vertex -0.011780704696432 -0.003565269314348 -0.010621229533576
vertex -0.011805894658322 -0.003614989605478 -0.010517525191316001
endloop
endfacet
facet normal -0.20774554040181661 -0.5374617167611803 0.8172984115115373
outer loop
vertex -0.011666607677587001 -0.003659882108022 -0.010122910985314001
vertex -0.011672598732787 -0.0035772626685920002 -0.010070102647324
vertex -0.011774310599059 -0.0036530608170200003 -0.010145801790665002
endloop
endfacet
facet normal -0.18711404381373986 -0.7231129385751544 0.664903009974293
outer loop
vertex -0.011558904756115 -0.003666703399034 -0.010100020179963
vertex -0.011666607677587001 -0.003659882108022 -0.010122910985314001
vertex -0.011655906663987001 -0.0037274651932320004 -0.010193399301224
endloop
endfacet
facet normal -0.9762799602413114 0.061832024633405716 -0.20749515647589845
outer loop
vertex -0.011776118390821001 -0.003730225936638 -0.010691964294136
vertex -0.011772926004932 -0.0036431571746480002 -0.010681038856136001
vertex -0.011756580953732 -0.003667853381458 -0.010765302810536
endloop
endfacet
facet normal 0.0855818137065845 -0.7701023646621555 -0.6321535423490466
outer loop
vertex -0.011668415469339 -0.0037370472276200004 -0.010669073488805
vertex -0.011776118390821001 -0.003730225936638 -0.010691964294136
vertex -0.011756580953732 -0.003667853381458 -0.010765302810536
endloop
endfacet
facet normal -0.11505889822366616 -0.9599941514664528 0.2552894026193823
outer loop
vertex -0.011730802892719 -0.00379609236048 -0.010393131090495
vertex -0.011748820522509 -0.00376926293305 -0.010300361846865001
vertex -0.011838505814202 -0.0037892710694880003 -0.010416021895846
endloop
endfacet
facet normal -0.9762799602258495 0.06183202484498546 -0.2074951564855986
outer loop
vertex -0.011797100115402 -0.003772681148018 -0.010605895077596
vertex -0.011790159847761 -0.003673517372948 -0.010608999473976
vertex -0.011776118390821001 -0.003730225936638 -0.010691964294136
endloop
endfacet
facet normal -0.20774554040657348 -0.5374617166955806 0.8172984115534668
outer loop
vertex -0.011780301654259001 -0.00357044137759 -0.010092993452675
vertex -0.011888004575731 -0.003563620086588 -0.010115884258026
vertex -0.011882013520542 -0.0036462395260279997 -0.010168692596015999
endloop
endfacet
facet normal -0.016645149724171804 -0.9769522671420803 -0.21280791037132327
outer loop
vertex -0.011602900895637 -0.003806394247942 -0.010466315612434
vertex -0.01171060381711 -0.00379957295694 -0.010489206417795
vertex -0.011689397193919 -0.0037795024390199997 -0.010583004272245001
endloop
endfacet
facet normal -0.19594063330335712 0.15540233556740402 0.9682238286268704
outer loop
vertex -0.011023134569165 -0.003427643443458 -0.009891251257376001
vertex -0.010906382758403 -0.00333761108624 -0.009882074469025
vertex -0.011014085679886 -0.0033307897952380002 -0.009904965274376
endloop
endfacet
facet normal -0.11505889832418287 -0.9599941514379031 0.25528940268143824
outer loop
vertex -0.011533414679565 -0.003782905515044 -0.010254580236173
vertex -0.011641117601048 -0.003776084224042 -0.010277471041524001
vertex -0.011623099971246999 -0.003802913651482 -0.010370240285154
endloop
endfacet
facet normal -0.9762799602353226 0.06183202472259842 -0.20749515647749658
outer loop
vertex -0.011759674397021 -0.0034698499597980003 -0.010691744374636
vertex -0.011778055086122001 -0.003466711846998 -0.010604326747156
vertex -0.011767452617862 -0.003385555306878 -0.010630028089716
endloop
endfacet
facet normal -0.01664514974152876 -0.976952267140981 -0.21280791037501226
outer loop
vertex -0.011689397193919 -0.0037795024390199997 -0.010583004272245001
vertex -0.01171060381711 -0.00379957295694 -0.010489206417795
vertex -0.011797100115402 -0.003772681148018 -0.010605895077596
endloop
endfacet
facet normal 0.0354998872122652 -0.8996701141329733 -0.43512463012782776
outer loop
vertex -0.011345306578845 -0.00375751110861 -0.010600401045961
vertex -0.011366288303414001 -0.0037999663199999997 -0.010514331829401
vertex -0.011453009626406 -0.003750689809634 -0.010623291878103
endloop
endfacet
facet normal -0.1871140437484946 -0.7231129385916955 0.6649030099746648
outer loop
vertex -0.011332797773482 -0.0037479290742120004 -0.010124726858369
vertex -0.011343498787092001 -0.0036803459890119997 -0.01005423854247
vertex -0.011440500694954 -0.00374110778322 -0.010147617663731
endloop
endfacet
facet normal -0.11505889822347873 -0.9599941514664648 0.2552894026194222
outer loop
vertex -0.011641117601048 -0.003776084224042 -0.010277471041524001
vertex -0.011748820522509 -0.00376926293305 -0.010300361846865001
vertex -0.011730802892719 -0.00379609236048 -0.010393131090495
endloop
endfacet
facet normal -0.9762799602698 0.06183202493213553 -0.2074951562528371
outer loop
vertex -0.011780704696432 -0.003565269314348 -0.010621229533576
vertex -0.011759674397021 -0.0034698499597980003 -0.010691744374636
vertex -0.011759540542433 -0.003575310261757 -0.010723800561836002
endloop
endfacet
facet normal 0.08558181352316911 -0.7701023647617166 -0.6321535422525906
outer loop
vertex -0.011648878032249 -0.00367467467247 -0.010742412005195
vertex -0.011668415469339 -0.0037370472276200004 -0.010669073488805
vertex -0.011756580953732 -0.003667853381458 -0.010765302810536
endloop
endfacet
facet normal 0.035499887142561526 -0.899670114131824 -0.435124630135891
outer loop
vertex -0.011776118390821001 -0.003730225936638 -0.010691964294136
vertex -0.011689397193919 -0.0037795024390199997 -0.010583004272245001
vertex -0.011797100115402 -0.003772681148018 -0.010605895077596
endloop
endfacet
facet normal 0.08558181360053892 -0.7701023647637245 -0.6321535422396698
outer loop
vertex -0.011541175110777001 -0.003681495963472 -0.010719521199854
vertex -0.011560712547877999 -0.003743868518632 -0.010646182683454
vertex -0.011648878032249 -0.00367467467247 -0.010742412005195
endloop
endfacet
facet normal -0.9762799602746082 0.06183202449370319 -0.20749515636086358
outer loop
vertex -0.011744253180420999 -0.003508876507778 -0.010775931955236
vertex -0.011759674397021 -0.0034698499597980003 -0.010691744374636
vertex -0.011735219401552999 -0.003409041197497 -0.010788686363436
endloop
endfacet
facet normal 0.130690009075268 -0.5957791579897362 -0.792443888507538
outer loop
vertex -0.011631920323471 -0.003596009644849 -0.010798757673895001
vertex -0.011648878032249 -0.00367467467247 -0.010742412005195
vertex -0.011739623244953 -0.0035891883538470004 -0.010821648479236
endloop
endfacet
facet normal -0.976279960245931 0.06183202469179613 -0.2074951564367625
outer loop
vertex -0.011767452617862 -0.003385555306878 -0.010630028089716
vertex -0.011750030628802 -0.0033730849644280003 -0.010708283758636
vertex -0.011759674397021 -0.0034698499597980003 -0.010691744374636
endloop
endfacet
facet normal -0.9762799602348737 0.06183202472179519 -0.20749515647984776
outer loop
vertex -0.011767452617862 -0.003385555306878 -0.010630028089716
vertex -0.011778055086122001 -0.003466711846998 -0.010604326747156
vertex -0.011786978349482 -0.003407526469848 -0.010544705331836
endloop
endfacet
facet normal 0.1682030061082088 -0.3868312905628358 -0.9066803744306221
outer loop
vertex -0.011618527864991 -0.003505623856629 -0.010834835877695
vertex -0.011631920323471 -0.003596009644849 -0.010798757673895001
vertex -0.011726230786452 -0.0034988025656280002 -0.010857726683036
endloop
endfacet
facet normal -0.9762799602246452 0.061832024993296854 -0.20749515644706779
outer loop
vertex -0.011717181897173001 -0.003401948917417 -0.010871440700036001
vertex -0.011735219401552999 -0.003409041197497 -0.010788686363436
vertex -0.011713002465691 -0.0033042561919279997 -0.010861993521236001
endloop
endfacet
facet normal 0.06782283800662278 0.9974575093514078 -0.021876464138746415
outer loop
vertex -0.011548028307067 -0.0029993935374020004 -0.010484014920444
vertex -0.011655731228539001 -0.00299257224642 -0.010506905725795001
vertex -0.01167593030416 -0.00298909164995 -0.010410830398495
endloop
endfacet
facet normal -0.9762799602347311 0.06183202473919651 -0.20749515647533412
outer loop
vertex -0.011767452617862 -0.003385555306878 -0.010630028089716
vertex -0.011786978349482 -0.003407526469848 -0.010544705331836
vertex -0.011775277184642 -0.0032946703959780004 -0.010566129895515999
endloop
endfacet
facet normal -0.9762799602207571 0.06183202482425088 -0.2074951565157361
outer loop
vertex -0.011735795834102 -0.003217033828548 -0.010728757427436
vertex -0.011713935388471 -0.003211401938298 -0.010829934168936
vertex -0.011733788703602 -0.0033025372410179997 -0.010763680509636
endloop
endfacet
facet normal 0.18711404369764673 0.723112938550677 -0.6649030100335837
outer loop
vertex -0.011504520600717 -0.003142425080872 -0.010731344220254
vertex -0.011612223522187999 -0.0031356037898700004 -0.010754235025595
vertex -0.011622924535798999 -0.00306802070466 -0.010683746709695002
endloop
endfacet
facet normal -0.035499887200771074 0.8996701141942968 0.43512463000197255
outer loop
vertex -0.011374028036844001 -0.00302962604887 -0.010248360101180999
vertex -0.011395009761414 -0.00307208126024 -0.010162290884631
vertex -0.011266325115362 -0.003036447339852 -0.010225469295849
endloop
endfacet
facet normal -0.08558181366373328 0.7701023647169699 0.6321535422880719
outer loop
vertex -0.011629953167537 -0.003120811225432 -0.010134734005724
vertex -0.011610415730435999 -0.003058438670262 -0.010208072522124
vertex -0.01173765608902 -0.00311398993443 -0.010157624811075
endloop
endfacet
facet normal 0.1871140436777618 0.7231129385519364 -0.66490301003781
outer loop
vertex -0.011622924535798999 -0.00306802070466 -0.010683746709695002
vertex -0.011612223522187999 -0.0031356037898700004 -0.010754235025595
vertex -0.011730627457282001 -0.0030611994136580003 -0.010706637515036
endloop
endfacet
facet normal 0.1871140436728332 0.7231129385509705 -0.6649030100402477
outer loop
vertex -0.011407518692855 -0.003081663286654 -0.010637965099013
vertex -0.011396817679245 -0.0031492463718639997 -0.010708453414913001
vertex -0.011515221614338 -0.0030748419956620004 -0.010660855904364
endloop
endfacet
facet normal 0.15560816416883122 0.8667394100535144 -0.4738659032934231
outer loop
vertex -0.011515221614338 -0.0030748419956620004 -0.010660855904364
vertex -0.011622924535798999 -0.00306802070466 -0.010683746709695002
vertex -0.011637713598759999 -0.0030194016738500002 -0.010599674969425
endloop
endfacet
facet normal 0.11505889840713776 0.9599941514514645 -0.25528940259305444
outer loop
vertex -0.011637713598759999 -0.0030194016738500002 -0.010599674969425
vertex -0.011763434150011 -0.0029857509554080002 -0.010529796531146
vertex -0.011655731228539001 -0.00299257224642 -0.010506905725795001
endloop
endfacet
facet normal 0.1556081642107594 0.866739410050859 -0.47386590328451184
outer loop
vertex -0.011637713598759999 -0.0030194016738500002 -0.010599674969425
vertex -0.011622924535798999 -0.00306802070466 -0.010683746709695002
vertex -0.011745416520221 -0.0030125803828479998 -0.010622565774766
endloop
endfacet
facet normal -0.9762799602633396 0.06183202473742093 -0.20749515634125804
outer loop
vertex -0.011798440472152 -0.003346016740798 -0.010472445757156001
vertex -0.011814134197742 -0.003290160927768 -0.010381961004936002
vertex -0.011791747280852001 -0.003251738131008 -0.010475843384436
endloop
endfacet
facet normal -0.21630361424587735 -0.32057529307311217 0.9221953306839386
outer loop
vertex -0.011781234577039 -0.00347758712397 -0.010060934100365
vertex -0.011888937498522002 -0.003470765832968 -0.010083824905726001
vertex -0.011888004575731 -0.003563620086588 -0.010115884258026
endloop
endfacet
facet normal 0.016645149743586617 0.9769522671412959 0.2128079103734062
outer loop
vertex -0.011460524461216 -0.003002734231954 -0.010365048787793001
vertex -0.011568227382688001 -0.0029959129409520002 -0.010387939593144001
vertex -0.011589434005867 -0.0030159834588719997 -0.010294141738694
endloop
endfacet
facet normal -0.1150588984339906 -0.9599941514309492 0.2552894026580977
outer loop
vertex -0.011318008710532 -0.0037965481050320003 -0.010208798598658999
vertex -0.011425711632015001 -0.00378972681402 -0.010231689404021
vertex -0.011407694002214001 -0.00381655624146 -0.010324458647651
endloop
endfacet
facet normal 0.06782283814140744 0.9974575093474216 -0.02187646390262691
outer loop
vertex -0.011568227382688001 -0.0029959129409520002 -0.010387939593144001
vertex -0.011548028307067 -0.0029993935374020004 -0.010484014920444
vertex -0.01167593030416 -0.00298909164995 -0.010410830398495
endloop
endfacet
facet normal 0.016645149674345862 0.9769522671456813 0.21280791035869004
outer loop
vertex -0.011589434005867 -0.0030159834588719997 -0.010294141738694
vertex -0.011568227382688001 -0.0029959129409520002 -0.010387939593144001
vertex -0.011697136927350001 -0.00300916216788 -0.010317032544035
endloop
endfacet
facet normal -0.08558181374855539 0.7701023647223421 0.632153542270044
outer loop
vertex -0.011502712808975 -0.0030652599612540003 -0.010185181716773
vertex -0.011610415730435999 -0.003058438670262 -0.010208072522124
vertex -0.011629953167537 -0.003120811225432 -0.010134734005724
endloop
endfacet
facet normal 0.016645149744810215 0.9769522671408103 0.21280791037553998
outer loop
vertex -0.011481731084406 -0.003022804749874 -0.010271250933343
vertex -0.011460524461216 -0.003002734231954 -0.010365048787793001
vertex -0.011589434005867 -0.0030159834588719997 -0.010294141738694
endloop
endfacet
facet normal -0.13069000922399823 0.5957791576241747 0.7924438887578479
outer loop
vertex -0.011522250246054 -0.003127632516434 -0.010111843200373
vertex -0.011629953167537 -0.003120811225432 -0.010134734005724
vertex -0.011646910876327 -0.003199476253052 -0.010078388337084
endloop
endfacet
facet normal 0.1959406332078977 -0.15540233561081096 -0.9682238286392216
outer loop
vertex -0.011286370085184001 -0.00342923408939 -0.010779877451811
vertex -0.011178667163701 -0.003436055380402 -0.010756986646469001
vertex -0.011187716053001999 -0.0035329090286120002 -0.01074327262947
endloop
endfacet
facet normal -0.19594063339556222 0.1554023357084439 0.9682238285855734
outer loop
vertex -0.011552600413335 -0.003296683332264 -0.010019419327923
vertex -0.011660303334807 -0.003289862041262 -0.010042310133283999
vertex -0.011669352224097 -0.003386715689472 -0.010028596116274
endloop
endfacet
facet normal -0.1682030061982272 0.38683129067017524 0.9066803743681263
outer loop
vertex -0.011646910876327 -0.003199476253052 -0.010078388337084
vertex -0.0117546137978 -0.0031926549620400002 -0.010101279142445
vertex -0.01176800625629 -0.00328304075026 -0.010065200938635
endloop
endfacet
facet normal -0.13069000922973953 0.5957791575974841 0.7924438887769676
outer loop
vertex -0.011629953167537 -0.003120811225432 -0.010134734005724
vertex -0.01173765608902 -0.00311398993443 -0.010157624811075
vertex -0.0117546137978 -0.0031926549620400002 -0.010101279142445
endloop
endfacet
facet normal -0.9762799602407696 0.06183202467528219 -0.2074951564659683
outer loop
vertex -0.011840428469662 -0.0032995242939480003 -0.010261034737146
vertex -0.011814134197742 -0.003290160927768 -0.010381961004936002
vertex -0.011833053253651001 -0.003391194184888 -0.010323052621186
endloop
endfacet
facet normal 0.16820300610625613 -0.3868312905627242 -0.9066803744310319
outer loop
vertex -0.011295418974485001 -0.0035260877376100002 -0.010766163434811
vertex -0.011201108511482 -0.003623294816822 -0.01070719442567
vertex -0.011308811432965 -0.00361647352583 -0.010730085231011
endloop
endfacet
facet normal 0.15560816413641487 0.8667394100854708 -0.4738659032456172
outer loop
vertex -0.011192112723833001 -0.0030953058766420003 -0.01059218346151
vertex -0.011314604708255 -0.00303986555484 -0.010531002526571
vertex -0.011206901786772002 -0.0030466868458319998 -0.010508111721220001
endloop
endfacet
facet normal -0.130690009252962 0.5957791576260089 0.7924438887516918
outer loop
vertex -0.011646910876327 -0.003199476253052 -0.010078388337084
vertex -0.011629953167537 -0.003120811225432 -0.010134734005724
vertex -0.0117546137978 -0.0031926549620400002 -0.010101279142445
endloop
endfacet
facet normal -0.16820300614689174 0.38683129060188465 0.9066803744067856
outer loop
vertex -0.011660303334807 -0.003289862041262 -0.010042310133283999
vertex -0.011646910876327 -0.003199476253052 -0.010078388337084
vertex -0.01176800625629 -0.00328304075026 -0.010065200938635
endloop
endfacet
facet normal -0.130690009315861 0.5957791576910988 0.7924438886923824
outer loop
vertex -0.011414547198504 -0.00313445381541 -0.010088952368220999
vertex -0.011522250246054 -0.003127632516434 -0.010111843200373
vertex -0.011539207954855 -0.003206297544044 -0.010055497531733
endloop
endfacet
facet normal -0.168203006197499 0.38683129060508986 0.9066803743960298
outer loop
vertex -0.011539207954855 -0.003206297544044 -0.010055497531733
vertex -0.011646910876327 -0.003199476253052 -0.010078388337084
vertex -0.011660303334807 -0.003289862041262 -0.010042310133283999
endloop
endfacet
facet normal -0.9762799602390434 0.06183202470360261 -0.20749515646565078
outer loop
vertex -0.011851312318602 -0.0034013041382979997 -0.010240155070186
vertex -0.011833053253651001 -0.003391194184888 -0.010323052621186
vertex -0.011849022561591 -0.003479495109758 -0.010274228877416
endloop
endfacet
facet normal -0.21229090911508916 -0.08505803366268336 0.9734976634879648
outer loop
vertex -0.011673531655567001 -0.003484408414962 -0.010038043295024
vertex -0.011669352224097 -0.003386715689472 -0.010028596116274
vertex -0.011781234577039 -0.00347758712397 -0.010060934100365
endloop
endfacet
facet normal 0.03549988724591012 -0.8996701140960557 -0.43512463020141484
outer loop
vertex -0.011581694272447 -0.0037863237300120004 -0.010560113466894
vertex -0.011689397193919 -0.0037795024390199997 -0.010583004272245001
vertex -0.011668415469339 -0.0037370472276200004 -0.010669073488805
endloop
endfacet
facet normal -0.976279960242435 0.061832024714900936 -0.20749515644632635
outer loop
vertex -0.011827865657931 -0.003487557577838 -0.010376176219955999
vertex -0.011849022561591 -0.003479495109758 -0.010274228877416
vertex -0.011833053253651001 -0.003391194184888 -0.010323052621186
endloop
endfacet
facet normal -0.18711404364921877 -0.7231129387001095 0.6649030098846974
outer loop
vertex -0.011548203742504001 -0.003734286484224 -0.010170508495872999
vertex -0.011558904756115 -0.003666703399034 -0.010100020179963
vertex -0.011655906663987001 -0.0037274651932320004 -0.010193399301224
endloop
endfacet
facet normal -0.21630361418586203 -0.320575293023207 0.9221953307153635
outer loop
vertex -0.011672598732787 -0.0035772626685920002 -0.010070102647324
vertex -0.011673531655567001 -0.003484408414962 -0.010038043295024
vertex -0.011780301654259001 -0.00357044137759 -0.010092993452675
endloop
endfacet
facet normal 0.19594063321363564 -0.15540233560525565 -0.9682238286389521
outer loop
vertex -0.011286370085184001 -0.00342923408939 -0.010779877451811
vertex -0.011187716053001999 -0.0035329090286120002 -0.01074327262947
vertex -0.011295418974485001 -0.0035260877376100002 -0.010766163434811
endloop
endfacet
facet normal -0.2163036142464053 -0.3205752930193725 0.9221953307024959
outer loop
vertex -0.011672598732787 -0.0035772626685920002 -0.010070102647324
vertex -0.011565828734084 -0.0034912297059639997 -0.010015152489663
vertex -0.011673531655567001 -0.003484408414962 -0.010038043295024
endloop
endfacet
facet normal 0.06782283807253094 0.9974575093494384 -0.021876464024205518
outer loop
vertex -0.011352821413654 -0.0030095555309400004 -0.010342157955641
vertex -0.011224919416562002 -0.0030198574183920002 -0.01041534247759
vertex -0.011332622338034 -0.0030130361274 -0.01043823328293
endloop
endfacet
facet normal -0.13069000921739823 0.5957791575701538 0.7924438887995505
outer loop
vertex -0.011431504907305 -0.00321311884303 -0.010032606699591
vertex -0.011414547198504 -0.00313445381541 -0.010088952368220999
vertex -0.011539207954855 -0.003206297544044 -0.010055497531733
endloop
endfacet
facet normal -0.0678228381599771 -0.9974575093437347 0.0218764640131607
outer loop
vertex -0.010222961865989 -0.003891590442452 -0.010072659788789
vertex -0.01020276279038 -0.0038950710389120003 -0.010168735116079
vertex -0.010115258944506 -0.0038984117334540003 -0.010049768983427
endloop
endfacet
facet normal 0.08558181365648844 -0.7701023647672681 -0.6321535422277785
outer loop
vertex -0.011453009626406 -0.003750689809634 -0.010623291878103
vertex -0.011560712547877999 -0.003743868518632 -0.010646182683454
vertex -0.011541175110777001 -0.003681495963472 -0.010719521199854
endloop
endfacet
facet normal 0.20774554036863654 0.5374617168787108 -0.8172984114426821
outer loop
vertex -0.011606232466999 -0.00321822322931 -0.010807043363595
vertex -0.011713935388471 -0.003211401938298 -0.010829934168936
vertex -0.011719926443671 -0.003128782498878 -0.010777125830936
endloop
endfacet
facet normal -0.9762799602608613 0.06183202468407456 -0.20749515636881577
outer loop
vertex -0.011786978349482 -0.003407526469848 -0.010544705331836
vertex -0.011795465375922 -0.003505358182238 -0.010533926376706
vertex -0.011806351196792 -0.003444878328058 -0.010464685239446
endloop
endfacet
facet normal -0.15560816428109683 -0.8667394100569045 0.4738659032503569
outer loop
vertex -0.011440500694954 -0.00374110778322 -0.010147617663731
vertex -0.011548203742504001 -0.003734286484224 -0.010170508495872999
vertex -0.011533414679565 -0.003782905515044 -0.010254580236173
endloop
endfacet
facet normal -0.06782283816609709 -0.9974575093433128 0.02187646401342603
outer loop
vertex -0.011602900895637 -0.003806394247942 -0.010466315612434
vertex -0.011623099971246999 -0.003802913651482 -0.010370240285154
vertex -0.01171060381711 -0.00379957295694 -0.010489206417795
endloop
endfacet
facet normal -0.15560816412915507 -0.8667394101093531 0.47386590320431843
outer loop
vertex -0.011641117601048 -0.003776084224042 -0.010277471041524001
vertex -0.011548203742504001 -0.003734286484224 -0.010170508495872999
vertex -0.011655906663987001 -0.0037274651932320004 -0.010193399301224
endloop
endfacet
facet normal -0.0678228379295289 -0.9974575093630504 0.021876463846903428
outer loop
vertex -0.011407694002214001 -0.00381655624146 -0.010324458647651
vertex -0.011515397049775 -0.003809734942494 -0.010347349479803
vertex -0.011495197974155 -0.0038132155389340003 -0.010443424807093002
endloop
endfacet
facet normal -0.9762799602099933 0.06183202477425759 -0.20749515658127898
outer loop
vertex -0.011713935388471 -0.003211401938298 -0.010829934168936
vertex -0.011713002465691 -0.0033042561919279997 -0.010861993521236001
vertex -0.011733788703602 -0.0033025372410179997 -0.010763680509636
endloop
endfacet
facet normal 0.0354998870518601 -0.8996701141636292 -0.43512463007753016
outer loop
vertex -0.011560712547877999 -0.003743868518632 -0.010646182683454
vertex -0.011581694272447 -0.0037863237300120004 -0.010560113466894
vertex -0.011668415469339 -0.0037370472276200004 -0.010669073488805
endloop
endfacet
facet normal 0.16820300595768306 -0.3868312914438422 -0.9066803740826691
outer loop
vertex -0.011510824943508 -0.0035124451476320003 -0.010811945072354
vertex -0.011416514480514 -0.0036096522268440003 -0.010752976063113
vertex -0.011524217401986 -0.003602830935842 -0.010775866868454002
endloop
endfacet
facet normal 0.1306900099662177 -0.595779157361134 -0.7924438888332013
outer loop
vertex -0.011524217401986 -0.003602830935842 -0.010775866868454002
vertex -0.011541175110777001 -0.003681495963472 -0.010719521199854
vertex -0.011631920323471 -0.003596009644849 -0.010798757673895001
endloop
endfacet
facet normal 0.18711404384784697 0.7231129387344928 -0.6649030097914067
outer loop
vertex -0.011181411710222 -0.003162888961842 -0.01066267177742
vertex -0.011289114631684001 -0.00315606767086 -0.010685562582811
vertex -0.011299815645305 -0.00308848458564 -0.010615074266861
endloop
endfacet
facet normal 0.21229090998255926 0.08505803409965912 -0.9734976632606152
outer loop
vertex -0.011394073132734 -0.003422412790414 -0.010802768283913
vertex -0.011501776054218 -0.003415591499412 -0.010825659089354
vertex -0.011497596622747 -0.003317898773922 -0.010816211910554
endloop
endfacet
facet normal 0.16820300593787355 -0.3868312914425876 -0.9066803740868794
outer loop
vertex -0.011510824943508 -0.0035124451476320003 -0.010811945072354
vertex -0.011524217401986 -0.003602830935842 -0.010775866868454002
vertex -0.011618527864991 -0.003505623856629 -0.010834835877695
endloop
endfacet
facet normal 0.13069000933413177 -0.5957791573584379 -0.7924438889394719
outer loop
vertex -0.011416514480514 -0.0036096522268440003 -0.010752976063113
vertex -0.011325769141744001 -0.00369513855345 -0.010673739562361
vertex -0.011433472189293999 -0.003688317254464 -0.010696630394513
endloop
endfacet
facet normal -0.03549988713851722 0.8996701141480432 0.435124630102686
outer loop
vertex -0.011287306839931 -0.003078902551242 -0.010139400079279
vertex -0.011266325115362 -0.003036447339852 -0.010225469295849
vertex -0.011395009761414 -0.00307208126024 -0.010162290884631
endloop
endfacet
facet normal 0.19594063323473632 -0.1554023355848332 -0.9682238286379599
outer loop
vertex -0.011510824943508 -0.0035124451476320003 -0.010811945072354
vertex -0.011609478975689999 -0.00340877020841 -0.010848549894695
vertex -0.011501776054218 -0.003415591499412 -0.010825659089354
endloop
endfacet
facet normal 0.2122909087845632 0.08505803319170059 -0.973497663601194
outer loop
vertex -0.011282190653715 -0.0033315413639 -0.010770430273111
vertex -0.011286370085184001 -0.00342923408939 -0.010779877451811
vertex -0.011389893701264 -0.003324720064934 -0.010793321105213
endloop
endfacet
facet normal 0.21229090913609183 0.0850580341532696 -0.9734976634405206
outer loop
vertex -0.011497596622747 -0.003317898773922 -0.010816211910554
vertex -0.011501776054218 -0.003415591499412 -0.010825659089354
vertex -0.011605299544219 -0.00331107748293 -0.010839102715895001
endloop
endfacet
facet normal 0.21630361405474371 0.3205752930394587 -0.9221953307404684
outer loop
vertex -0.011498529545516 -0.003225044520302 -0.010784152558254
vertex -0.011497596622747 -0.003317898773922 -0.010816211910554
vertex -0.011606232466999 -0.00321822322931 -0.010807043363595
endloop
endfacet
facet normal 0.21229090879049 0.08505803319780608 -0.9734976635993683
outer loop
vertex -0.011389893701264 -0.003324720064934 -0.010793321105213
vertex -0.011286370085184001 -0.00342923408939 -0.010779877451811
vertex -0.011394073132734 -0.003422412790414 -0.010802768283913
endloop
endfacet
facet normal 0.2077455403261195 0.5374617168373824 -0.8172984114806673
outer loop
vertex -0.011504520600717 -0.003142425080872 -0.010731344220254
vertex -0.011498529545516 -0.003225044520302 -0.010784152558254
vertex -0.011612223522187999 -0.0031356037898700004 -0.010754235025595
endloop
endfacet
facet normal 0.2077455400223819 0.5374617168108079 -0.8172984115753485
outer loop
vertex -0.011283123576495002 -0.00323868711028 -0.010738370920811001
vertex -0.011390826624044 -0.003231865811304 -0.010761261752913
vertex -0.011396817679245 -0.0031492463718639997 -0.010708453414913001
endloop
endfacet
facet normal 0.15560816421311593 0.8667394100806131 -0.4738659032293154
outer loop
vertex -0.011530010677277 -0.003026222964852 -0.010576784164074001
vertex -0.011515221614338 -0.0030748419956620004 -0.010660855904364
vertex -0.011637713598759999 -0.0030194016738500002 -0.010599674969425
endloop
endfacet
facet normal -0.08558181376354833 0.7701023647587557 0.6321535422236545
outer loop
vertex -0.011395009761414 -0.00307208126024 -0.010162290884631
vertex -0.011522250246054 -0.003127632516434 -0.010111843200373
vertex -0.011414547198504 -0.00313445381541 -0.010088952368220999
endloop
endfacet
facet normal 0.19594063321211733 -0.15540233560673195 -0.9682238286390226
outer loop
vertex -0.011510824943508 -0.0035124451476320003 -0.010811945072354
vertex -0.011618527864991 -0.003505623856629 -0.010834835877695
vertex -0.011609478975689999 -0.00340877020841 -0.010848549894695
endloop
endfacet
facet normal 0.18711404363728726 0.7231129385213858 -0.6649030100824254
outer loop
vertex -0.011515221614338 -0.0030748419956620004 -0.010660855904364
vertex -0.011396817679245 -0.0031492463718639997 -0.010708453414913001
vertex -0.011504520600717 -0.003142425080872 -0.010731344220254
endloop
endfacet
facet normal 0.11505889818576044 0.9599941514177499 -0.25528940281960993
outer loop
vertex -0.011548028307067 -0.0029993935374020004 -0.010484014920444
vertex -0.011530010677277 -0.003026222964852 -0.010576784164074001
vertex -0.011655731228539001 -0.00299257224642 -0.010506905725795001
endloop
endfacet
facet normal 0.1556081641364197 0.8667394100854705 -0.47386590324561606
outer loop
vertex -0.011407518692855 -0.003081663286654 -0.010637965099013
vertex -0.011515221614338 -0.0030748419956620004 -0.010660855904364
vertex -0.011530010677277 -0.003026222964852 -0.010576784164074001
endloop
endfacet
facet normal 0.06782283816228062 0.9974575093438243 -0.021876464001931096
outer loop
vertex -0.011460524461216 -0.003002734231954 -0.010365048787793001
vertex -0.011440325385595 -0.0030062148284140003 -0.010461124115093
vertex -0.011568227382688001 -0.0029959129409520002 -0.010387939593144001
endloop
endfacet
facet normal -0.1682030061343003 0.38683129068677996 0.9066803743729013
outer loop
vertex -0.010906382758403 -0.00333761108624 -0.009882074469025
vertex -0.010785287378439999 -0.003254046589032 -0.009895261867484
vertex -0.010892990299923 -0.0032472252980300003 -0.009918152672834999
endloop
endfacet
facet normal -0.03549988720163882 0.8996701141928544 0.43512463000488427
outer loop
vertex -0.011502712808975 -0.0030652599612540003 -0.010185181716773
vertex -0.011481731084406 -0.003022804749874 -0.010271250933343
vertex -0.011610415730435999 -0.003058438670262 -0.010208072522124
endloop
endfacet
facet normal -0.20774554043828694 -0.5374617166672565 0.8172984115640318
outer loop
vertex -0.011457192763765 -0.0035909052585699998 -0.010024321009821
vertex -0.011564895811315002 -0.003584083959584 -0.010047211841973
vertex -0.011558904756115 -0.003666703399034 -0.010100020179963
endloop
endfacet
facet normal -0.03549988710291845 0.8996701141880994 0.4351246300227697
outer loop
vertex -0.011502712808975 -0.0030652599612540003 -0.010185181716773
vertex -0.011395009761414 -0.00307208126024 -0.010162290884631
vertex -0.011374028036844001 -0.00302962604887 -0.010248360101180999
endloop
endfacet
facet normal -0.08558181368314524 0.7701023646550297 0.6321535423609008
outer loop
vertex -0.011522250246054 -0.003127632516434 -0.010111843200373
vertex -0.011502712808975 -0.0030652599612540003 -0.010185181716773
vertex -0.011629953167537 -0.003120811225432 -0.010134734005724
endloop
endfacet
facet normal 0.01664514977397681 0.9769522671220082 0.21280791045957442
outer loop
vertex -0.011374028036844001 -0.00302962604887 -0.010248360101180999
vertex -0.011352821413654 -0.0030095555309400004 -0.010342157955641
vertex -0.011481731084406 -0.003022804749874 -0.010271250933343
endloop
endfacet
facet normal 0.11505889840662635 0.959994151454867 -0.25528940258049004
outer loop
vertex -0.011440325385595 -0.0030062148284140003 -0.010461124115093
vertex -0.011314604708255 -0.00303986555484 -0.010531002526571
vertex -0.011422307755805002 -0.003033044255844 -0.010553893358723001
endloop
endfacet
facet normal -0.13069000927645003 0.5957791576886028 0.7924438887007587
outer loop
vertex -0.011539207954855 -0.003206297544044 -0.010055497531733
vertex -0.011522250246054 -0.003127632516434 -0.010111843200373
vertex -0.011646910876327 -0.003199476253052 -0.010078388337084
endloop
endfacet
facet normal 0.016645149648511597 0.9769522671421518 0.21280791037691335
outer loop
vertex -0.011158622193901 -0.003043268630864 -0.010202578490499001
vertex -0.011050919272418 -0.0030500899218559997 -0.010179687685147
vertex -0.011029712649226999 -0.003030019403936 -0.010273485539587
endloop
endfacet
facet normal -0.2122909092671925 -0.08505803348776257 0.9734976634700792
outer loop
vertex -0.011561649302625 -0.003393536980484 -0.010005705310933
vertex -0.011673531655567001 -0.003484408414962 -0.010038043295024
vertex -0.011565828734084 -0.0034912297059639997 -0.010015152489663
endloop
endfacet
facet normal -0.21630361415650845 -0.32057529312168825 0.9221953306880143
outer loop
vertex -0.011564895811315002 -0.003584083959584 -0.010047211841973
vertex -0.011565828734084 -0.0034912297059639997 -0.010015152489663
vertex -0.011672598732787 -0.0035772626685920002 -0.010070102647324
endloop
endfacet
facet normal -0.1556081641844157 -0.8667394101252569 0.47386590315708266
outer loop
vertex -0.011332797773482 -0.0037479290742120004 -0.010124726858369
vertex -0.011440500694954 -0.00374110778322 -0.010147617663731
vertex -0.011425711632015001 -0.00378972681402 -0.010231689404021
endloop
endfacet
facet normal -0.18711404361781805 -0.7231129387020983 0.6649030098913712
outer loop
vertex -0.011451201708554001 -0.00367352469801 -0.01007712934782
vertex -0.011558904756115 -0.003666703399034 -0.010100020179963
vertex -0.011548203742504001 -0.003734286484224 -0.010170508495872999
endloop
endfacet
facet normal -0.20774554045605353 -0.5374617166661315 0.8172984115602558
outer loop
vertex -0.011558904756115 -0.003666703399034 -0.010100020179963
vertex -0.011564895811315002 -0.003584083959584 -0.010047211841973
vertex -0.011666607677587001 -0.003659882108022 -0.010122910985314001
endloop
endfacet
facet normal 0.2122909091187866 0.08505803416421823 -0.9734976634433375
outer loop
vertex -0.011066784810769 -0.003345183945914 -0.010724648662328001
vertex -0.010963261320758 -0.0034496979623859997 -0.010711205035787
vertex -0.011070964242240001 -0.003442876671404 -0.010734095841128999
endloop
endfacet
facet normal 0.16820300606664812 -0.386831290596792 -0.9066803744238447
outer loop
vertex -0.011295418974485001 -0.0035260877376100002 -0.010766163434811
vertex -0.011187716053001999 -0.0035329090286120002 -0.01074327262947
vertex -0.011201108511482 -0.003623294816822 -0.01070719442567
endloop
endfacet
facet normal -0.11505889844062456 -0.9599941514016059 0.25528940276545053
outer loop
vertex -0.011515397049775 -0.003809734942494 -0.010347349479803
vertex -0.011533414679565 -0.003782905515044 -0.010254580236173
vertex -0.011623099971246999 -0.003802913651482 -0.010370240285154
endloop
endfacet
facet normal 0.0354998872122702 -0.8996701141329717 -0.435124630127831
outer loop
vertex -0.011366288303414001 -0.0037999663199999997 -0.010514331829401
vertex -0.011473991350975 -0.0037931450210239998 -0.010537222661543
vertex -0.011453009626406 -0.003750689809634 -0.010623291878103
endloop
endfacet
facet normal -0.155608164150338 -0.8667394101274152 0.4738659031643255
outer loop
vertex -0.011425711632015001 -0.00378972681402 -0.010231689404021
vertex -0.011440500694954 -0.00374110778322 -0.010147617663731
vertex -0.011533414679565 -0.003782905515044 -0.010254580236173
endloop
endfacet
facet normal 0.13069000927252306 -0.5957791573171992 -0.7924438889806368
outer loop
vertex -0.011524217401986 -0.003602830935842 -0.010775866868454002
vertex -0.011433472189293999 -0.003688317254464 -0.010696630394513
vertex -0.011541175110777001 -0.003681495963472 -0.010719521199854
endloop
endfacet
facet normal -0.016645149851468387 -0.9769522671560998 -0.21280791029700613
outer loop
vertex -0.011473991350975 -0.0037931450210239998 -0.010537222661543
vertex -0.011495197974155 -0.0038132155389340003 -0.010443424807093002
vertex -0.011581694272447 -0.0037863237300120004 -0.010560113466894
endloop
endfacet
facet normal 0.19594063294840544 -0.1554023355864782 -0.9682238286956409
outer loop
vertex -0.011394073132734 -0.003422412790414 -0.010802768283913
vertex -0.011295418974485001 -0.0035260877376100002 -0.010766163434811
vertex -0.011403122022034 -0.003519266438634 -0.010789054266913
endloop
endfacet
facet normal -0.21229090902109754 -0.08505803368717799 0.9734976635063215
outer loop
vertex -0.011458125686534001 -0.0034980510049500003 -0.00999226165751
vertex -0.011350422765062 -0.003504872295942 -0.009969370852180002
vertex -0.011346243333592 -0.0034071795704620003 -0.009959923673428999
endloop
endfacet
facet normal -0.06782283804874337 -0.9974575093530703 0.021876463932352517
outer loop
vertex -0.011279792005121 -0.003826858128922 -0.010397643169588999
vertex -0.011299991080730999 -0.0038233775324720003 -0.010301567842299
vertex -0.011387494926604002 -0.0038200368379300003 -0.010420533974941
endloop
endfacet
facet normal 0.03549988714759021 -0.8996701141288752 -0.4351246301415778
outer loop
vertex -0.011453009626406 -0.003750689809634 -0.010623291878103
vertex -0.011473991350975 -0.0037931450210239998 -0.010537222661543
vertex -0.011560712547877999 -0.003743868518632 -0.010646182683454
endloop
endfacet
facet normal 0.08558181366123922 -0.7701023647646893 -0.6321535422302769
outer loop
vertex -0.011433472189293999 -0.003688317254464 -0.010696630394513
vertex -0.011453009626406 -0.003750689809634 -0.010623291878103
vertex -0.011541175110777001 -0.003681495963472 -0.010719521199854
endloop
endfacet
facet normal 0.13069000922459376 -0.5957791573515004 -0.7924438889627528
outer loop
vertex -0.011416514480514 -0.0036096522268440003 -0.010752976063113
vertex -0.011433472189293999 -0.003688317254464 -0.010696630394513
vertex -0.011524217401986 -0.003602830935842 -0.010775866868454002
endloop
endfacet
facet normal 0.1959406340689235 -0.1554023356574455 -0.9682238284574899
outer loop
vertex -0.011394073132734 -0.003422412790414 -0.010802768283913
vertex -0.011403122022034 -0.003519266438634 -0.010789054266913
vertex -0.011501776054218 -0.003415591499412 -0.010825659089354
endloop
endfacet
facet normal 0.08558181367396701 -0.7701023647114131 -0.6321535422934558
outer loop
vertex -0.010248739927002 -0.0037633514634399998 -0.01044483150885
vertex -0.01016057444262 -0.0038325453096120002 -0.010348602187099001
vertex -0.010268277364092 -0.00382572401861 -0.01037149299245
endloop
endfacet
facet normal -0.9762799602563685 0.06183202470647312 -0.20749515638327948
outer loop
vertex -0.011733788703602 -0.0033025372410179997 -0.010763680509636
vertex -0.011750030628802 -0.0033730849644280003 -0.010708283758636
vertex -0.011753198992472002 -0.003297827448418 -0.010670950190556002
endloop
endfacet
facet normal -0.06782283826704377 -0.9974575093346939 0.021876464093436306
outer loop
vertex -0.011299991080730999 -0.0038233775324720003 -0.010301567842299
vertex -0.011407694002214001 -0.00381655624146 -0.010324458647651
vertex -0.011387494926604002 -0.0038200368379300003 -0.010420533974941
endloop
endfacet
facet normal 0.21229090908876372 0.0850580331789151 -0.9734976635359741
outer loop
vertex -0.011389893701264 -0.003324720064934 -0.010793321105213
vertex -0.011394073132734 -0.003422412790414 -0.010802768283913
vertex -0.011497596622747 -0.003317898773922 -0.010816211910554
endloop
endfacet
facet normal -0.2163036142293642 -0.320575293117074 0.9221953306725298
outer loop
vertex -0.011458125686534001 -0.0034980510049500003 -0.00999226165751
vertex -0.011565828734084 -0.0034912297059639997 -0.010015152489663
vertex -0.011564895811315002 -0.003584083959584 -0.010047211841973
endloop
endfacet
facet normal 0.2163036141042451 0.3205752930283761 -0.9221953307327102
outer loop
vertex -0.011390826624044 -0.003231865811304 -0.010761261752913
vertex -0.011389893701264 -0.003324720064934 -0.010793321105213
vertex -0.011498529545516 -0.003225044520302 -0.010784152558254
endloop
endfacet
facet normal 0.2077455402800452 0.5374617167944891 -0.8172984115205857
outer loop
vertex -0.011396817679245 -0.0031492463718639997 -0.010708453414913001
vertex -0.011390826624044 -0.003231865811304 -0.010761261752913
vertex -0.011504520600717 -0.003142425080872 -0.010731344220254
endloop
endfacet
facet normal 0.11505889827071579 0.9599941514123694 -0.25528940280155377
outer loop
vertex -0.011548028307067 -0.0029993935374020004 -0.010484014920444
vertex -0.011422307755805002 -0.003033044255844 -0.010553893358723001
vertex -0.011530010677277 -0.003026222964852 -0.010576784164074001
endloop
endfacet
facet normal -0.016645149636429 -0.9769522671307169 -0.21280791043035288
outer loop
vertex -0.011279792005121 -0.003826858128922 -0.010397643169588999
vertex -0.011387494926604002 -0.0038200368379300003 -0.010420533974941
vertex -0.011366288303414001 -0.0037999663199999997 -0.010514331829401
endloop
endfacet
facet normal 0.016645149740664656 0.9769522671419141 0.21280791037079697
outer loop
vertex -0.0111374155707 -0.003023198112934 -0.010296376344948
vertex -0.011245118492182 -0.003016376821932 -0.0103192671503
vertex -0.011266325115362 -0.003036447339852 -0.010225469295849
endloop
endfacet
facet normal 0.035499887147581774 -0.8996701141288769 -0.4351246301415755
outer loop
vertex -0.011258585381942 -0.003806787611002 -0.010491441024049999
vertex -0.011366288303414001 -0.0037999663199999997 -0.010514331829401
vertex -0.011345306578845 -0.00375751110861 -0.010600401045961
endloop
endfacet
facet normal 0.1556081641489489 0.8667394100931374 -0.47386590322747857
outer loop
vertex -0.011422307755805002 -0.003033044255844 -0.010553893358723001
vertex -0.011407518692855 -0.003081663286654 -0.010637965099013
vertex -0.011530010677277 -0.003026222964852 -0.010576784164074001
endloop
endfacet
facet normal 0.1556081642376906 0.8667394100875169 -0.47386590320861766
outer loop
vertex -0.011299815645305 -0.00308848458564 -0.010615074266861
vertex -0.011407518692855 -0.003081663286654 -0.010637965099013
vertex -0.011422307755805002 -0.003033044255844 -0.010553893358723001
endloop
endfacet
facet normal 0.1871140435281714 0.7231129385601325 -0.6649030100709935
outer loop
vertex -0.011289114631684001 -0.00315606767086 -0.010685562582811
vertex -0.011396817679245 -0.0031492463718639997 -0.010708453414913001
vertex -0.011407518692855 -0.003081663286654 -0.010637965099013
endloop
endfacet
facet normal 0.20774554064043413 0.5374617163883564 -0.8172984116960559
outer loop
vertex -0.011175420655010999 -0.0032455084012920003 -0.010715480115368999
vertex -0.011289114631684001 -0.00315606767086 -0.010685562582811
vertex -0.011181411710222 -0.003162888961842 -0.01066267177742
endloop
endfacet
facet normal 0.06782283814727222 0.9974575093447047 -0.021876464008320263
outer loop
vertex -0.011352821413654 -0.0030095555309400004 -0.010342157955641
vertex -0.011332622338034 -0.0030130361274 -0.01043823328293
vertex -0.011460524461216 -0.003002734231954 -0.010365048787793001
endloop
endfacet
facet normal -0.08558181376885364 0.7701023648251476 0.6321535421420563
outer loop
vertex -0.010876032591133001 -0.0031685602704 -0.009974498341465
vertex -0.010856495154032 -0.00310618771525 -0.010047836857865
vertex -0.010983735512616001 -0.003161738979418 -0.009997389146816
endloop
endfacet
facet normal -0.035499887100715145 0.8996701141864624 0.4351246300263342
outer loop
vertex -0.011502712808975 -0.0030652599612540003 -0.010185181716773
vertex -0.011374028036844001 -0.00302962604887 -0.010248360101180999
vertex -0.011481731084406 -0.003022804749874 -0.010271250933343
endloop
endfacet
facet normal 0.016645149605419744 0.9769522671504794 0.21280791034205246
outer loop
vertex -0.011245118492182 -0.003016376821932 -0.0103192671503
vertex -0.011374028036844001 -0.00302962604887 -0.010248360101180999
vertex -0.011266325115362 -0.003036447339852 -0.010225469295849
endloop
endfacet
facet normal -0.11505889827256417 -0.95999415141225 0.2552894028011696
outer loop
vertex -0.011515397049775 -0.003809734942494 -0.010347349479803
vertex -0.011425711632015001 -0.00378972681402 -0.010231689404021
vertex -0.011533414679565 -0.003782905515044 -0.010254580236173
endloop
endfacet
facet normal -0.16820300611811526 0.38683129064918237 0.9066803743919446
outer loop
vertex -0.011444897365785 -0.0033035046312500003 -0.009996528495781
vertex -0.011431504907305 -0.00321311884303 -0.010032606699591
vertex -0.011552600413335 -0.003296683332264 -0.010019419327923
endloop
endfacet
facet normal 0.08558181367894495 -0.7701023647137618 -0.6321535422899207
outer loop
vertex -0.011218066220272 -0.003701959844452 -0.010650848757009
vertex -0.011237603657373 -0.003764332399622 -0.01057751024061
vertex -0.011325769141744001 -0.00369513855345 -0.010673739562361
endloop
endfacet
facet normal -0.19594063335841388 0.15540233558659688 0.968223828612648
outer loop
vertex -0.011453946255064 -0.00340035827946 -0.009982814478781
vertex -0.011444897365785 -0.0033035046312500003 -0.009996528495781
vertex -0.011561649302625 -0.003393536980484 -0.010005705310933
endloop
endfacet
facet normal -0.21229090924924832 -0.08505803344667108 0.9734976634775824
outer loop
vertex -0.011458125686534001 -0.0034980510049500003 -0.00999226165751
vertex -0.011453946255064 -0.00340035827946 -0.009982814478781
vertex -0.011565828734084 -0.0034912297059639997 -0.010015152489663
endloop
endfacet
facet normal -0.20774554029609169 -0.5374617168042153 0.817298411510111
outer loop
vertex -0.011451201708554001 -0.00367352469801 -0.01007712934782
vertex -0.011457192763765 -0.0035909052585699998 -0.010024321009821
vertex -0.011558904756115 -0.003666703399034 -0.010100020179963
endloop
endfacet
facet normal -0.21630361413635946 -0.320575293034286 0.9221953307231233
outer loop
vertex -0.010918678156383001 -0.00362501171356 -0.009909866983064999
vertex -0.010919611079152 -0.0035321574599400003 -0.009877807630765
vertex -0.011026381077866 -0.003618190422568 -0.009932757788416
endloop
endfacet
facet normal 0.08558181374747359 -0.7701023646715126 -0.6321535423321121
outer loop
vertex -0.010141037005518999 -0.003770172754432 -0.010421940703499001
vertex -0.01016057444262 -0.0038325453096120002 -0.010348602187099001
vertex -0.010248739927002 -0.0037633514634399998 -0.01044483150885
endloop
endfacet
facet normal -0.18711404377569366 -0.7231129385821903 0.664903009977348
outer loop
vertex -0.011440500694954 -0.00374110778322 -0.010147617663731
vertex -0.011451201708554001 -0.00367352469801 -0.01007712934782
vertex -0.011548203742504001 -0.003734286484224 -0.010170508495872999
endloop
endfacet
facet normal -0.11505889815611996 -0.959994151448548 0.25528940271715533
outer loop
vertex -0.011407694002214001 -0.00381655624146 -0.010324458647651
vertex -0.011425711632015001 -0.00378972681402 -0.010231689404021
vertex -0.011515397049775 -0.003809734942494 -0.010347349479803
endloop
endfacet
facet normal 0.13069000921930018 -0.5957791576238773 -0.7924438887588461
outer loop
vertex -0.010339485139684 -0.003677865144828 -0.010524067982830999
vertex -0.010231782218212 -0.0036846864358200003 -0.01050117717749
vertex -0.010248739927002 -0.0037633514634399998 -0.01044483150885
endloop
endfacet
facet normal 0.03549988714757609 -0.8996701141288743 -0.4351246301415809
outer loop
vertex -0.010181556167189 -0.003875000521002 -0.010262532970539001
vertex -0.010268277364092 -0.00382572401861 -0.01037149299245
vertex -0.01016057444262 -0.0038325453096120002 -0.010348602187099001
endloop
endfacet
facet normal -0.06782283826439287 -0.9974575093348619 0.02187646409399972
outer loop
vertex -0.011387494926604002 -0.0038200368379300003 -0.010420533974941
vertex -0.011407694002214001 -0.00381655624146 -0.010324458647651
vertex -0.011495197974155 -0.0038132155389340003 -0.010443424807093002
endloop
endfacet
facet normal -0.016645149748736286 -0.9769522671461622 -0.2128079103506638
outer loop
vertex -0.011258585381942 -0.003806787611002 -0.010491441024049999
vertex -0.011279792005121 -0.003826858128922 -0.010397643169588999
vertex -0.011366288303414001 -0.0037999663199999997 -0.010514331829401
endloop
endfacet
facet normal -0.016645149638873556 -0.9769522671305622 -0.2128079104308724
outer loop
vertex -0.011366288303414001 -0.0037999663199999997 -0.010514331829401
vertex -0.011387494926604002 -0.0038200368379300003 -0.010420533974941
vertex -0.011473991350975 -0.0037931450210239998 -0.010537222661543
endloop
endfacet
facet normal 0.19594063294648661 -0.15540233558833594 -0.9682238286957311
outer loop
vertex -0.011394073132734 -0.003422412790414 -0.010802768283913
vertex -0.011286370085184001 -0.00342923408939 -0.010779877451811
vertex -0.011295418974485001 -0.0035260877376100002 -0.010766163434811
endloop
endfacet
facet normal 0.08558181369545413 -0.7701023647668562 -0.6321535422230051
outer loop
vertex -0.011433472189293999 -0.003688317254464 -0.010696630394513
vertex -0.011345306578845 -0.00375751110861 -0.010600401045961
vertex -0.011453009626406 -0.003750689809634 -0.010623291878103
endloop
endfacet
facet normal 0.08558181369070332 -0.770102364769435 -0.6321535422205067
outer loop
vertex -0.011325769141744001 -0.00369513855345 -0.010673739562361
vertex -0.011345306578845 -0.00375751110861 -0.010600401045961
vertex -0.011433472189293999 -0.003688317254464 -0.010696630394513
endloop
endfacet
facet normal 0.21630361495273043 0.3205752930054672 -0.9221953305416591
outer loop
vertex -0.011174487732240999 -0.0033383626549119997 -0.010747539467669001
vertex -0.011282190653715 -0.0033315413639 -0.010770430273111
vertex -0.011283123576495002 -0.00323868711028 -0.010738370920811001
endloop
endfacet
facet normal 0.13069000891523924 -0.5957791576582243 -0.7924438887831688
outer loop
vertex -0.011308811432965 -0.00361647352583 -0.010730085231011
vertex -0.011325769141744001 -0.00369513855345 -0.010673739562361
vertex -0.011416514480514 -0.0036096522268440003 -0.010752976063113
endloop
endfacet
facet normal 0.1306900092323274 -0.5957791576783069 -0.7924438887157761
outer loop
vertex -0.011218066220272 -0.003701959844452 -0.010650848757009
vertex -0.011325769141744001 -0.00369513855345 -0.010673739562361
vertex -0.011308811432965 -0.00361647352583 -0.010730085231011
endloop
endfacet
facet normal 0.1682030058454763 -0.38683129054620774 -0.9066803744864571
outer loop
vertex -0.011295418974485001 -0.0035260877376100002 -0.010766163434811
vertex -0.011308811432965 -0.00361647352583 -0.010730085231011
vertex -0.011403122022034 -0.003519266438634 -0.010789054266913
endloop
endfacet
facet normal -0.16820300611812702 0.386831290649198 0.9066803743919359
outer loop
vertex -0.011539207954855 -0.003206297544044 -0.010055497531733
vertex -0.011552600413335 -0.003296683332264 -0.010019419327923
vertex -0.011431504907305 -0.00321311884303 -0.010032606699591
endloop
endfacet
facet normal -0.1682030061396813 0.38683129065054833 0.9066803743873612
outer loop
vertex -0.011323801985822 -0.003219940134032 -0.010009715894239999
vertex -0.011431504907305 -0.00321311884303 -0.010032606699591
vertex -0.011444897365785 -0.0033035046312500003 -0.009996528495781
endloop
endfacet
facet normal 0.21630361375928833 0.3205752930502237 -0.9221953308060259
outer loop
vertex -0.011390826624044 -0.003231865811304 -0.010761261752913
vertex -0.011282190653715 -0.0033315413639 -0.010770430273111
vertex -0.011389893701264 -0.003324720064934 -0.010793321105213
endloop
endfacet
facet normal -0.01664514955200988 -0.9769522671360662 -0.21280791041239833
outer loop
vertex -0.010095059868897 -0.003901892329914 -0.010145844310728
vertex -0.010181556167189 -0.003875000521002 -0.010262532970539001
vertex -0.010073853245706999 -0.003881821811984 -0.010239642165188
endloop
endfacet
facet normal -0.0166451496573053 -0.9769522671293976 -0.21280791043477718
outer loop
vertex -0.011495197974155 -0.0038132155389340003 -0.010443424807093002
vertex -0.011602900895637 -0.003806394247942 -0.010466315612434
vertex -0.011581694272447 -0.0037863237300120004 -0.010560113466894
endloop
endfacet
facet normal 0.20774554009033322 0.5374617168768754 -0.8172984115146299
outer loop
vertex -0.011289114631684001 -0.00315606767086 -0.010685562582811
vertex -0.011283123576495002 -0.00323868711028 -0.010738370920811001
vertex -0.011396817679245 -0.0031492463718639997 -0.010708453414913001
endloop
endfacet
facet normal 0.2163036149338222 0.3205752929858931 -0.9221953305528983
outer loop
vertex -0.011283123576495002 -0.00323868711028 -0.010738370920811001
vertex -0.011175420655010999 -0.0032455084012920003 -0.010715480115368999
vertex -0.011174487732240999 -0.0033383626549119997 -0.010747539467669001
endloop
endfacet
facet normal -0.1871140436013333 -0.7231129386347028 0.6649030099693061
outer loop
vertex -0.011871312506941999 -0.003713822611238 -0.010239180911926
vertex -0.011763609585459 -0.00372064390223 -0.010216290106584999
vertex -0.011774310599059 -0.0036530608170200003 -0.010145801790665002
endloop
endfacet
facet normal 0.1871140437454571 0.7231129387409777 -0.6649030098131684
outer loop
vertex -0.011299815645305 -0.00308848458564 -0.010615074266861
vertex -0.011289114631684001 -0.00315606767086 -0.010685562582811
vertex -0.011407518692855 -0.003081663286654 -0.010637965099013
endloop
endfacet
facet normal -0.016645149661410442 -0.9769522671508136 -0.21280791033613955
outer loop
vertex -0.01115088246047 -0.003813608901994 -0.010468550218699002
vertex -0.01117208908366 -0.0038336794199140003 -0.010374752364239001
vertex -0.011258585381942 -0.003806787611002 -0.010491441024049999
endloop
endfacet
facet normal -0.21630361398503004 -0.32057529314141525 0.9221953307213775
outer loop
vertex -0.011457192763765 -0.0035909052585699998 -0.010024321009821
vertex -0.011350422765062 -0.003504872295942 -0.009969370852180002
vertex -0.011458125686534001 -0.0034980510049500003 -0.00999226165751
endloop
endfacet
facet normal -0.130690009137974 0.5957791575651233 0.7924438888164312
outer loop
vertex -0.011306844277043 -0.003141275106422 -0.01006606156288
vertex -0.011414547198504 -0.00313445381541 -0.010088952368220999
vertex -0.011431504907305 -0.00321311884303 -0.010032606699591
endloop
endfacet
facet normal -0.1306900092160532 0.5957791576610307 0.7924438887314488
outer loop
vertex -0.011431504907305 -0.00321311884303 -0.010032606699591
vertex -0.011323801985822 -0.003219940134032 -0.010009715894239999
vertex -0.011306844277043 -0.003141275106422 -0.01006606156288
endloop
endfacet
facet normal -0.2077455403614043 -0.5374617168000786 0.8172984114962295
outer loop
vertex -0.011349489842282 -0.003597726549582 -0.010001430204479
vertex -0.011457192763765 -0.0035909052585699998 -0.010024321009821
vertex -0.011451201708554001 -0.00367352469801 -0.01007712934782
endloop
endfacet
facet normal 0.16820300609939634 -0.3868312905988661 -0.9066803744168846
outer loop
vertex -0.011093405590021 -0.0036301161078240002 -0.010684303620329001
vertex -0.011201108511482 -0.003623294816822 -0.01070719442567
vertex -0.011187716053001999 -0.0035329090286120002 -0.01074327262947
endloop
endfacet
facet normal 0.08558181379668457 -0.7701023647212188 -0.6321535422648967
outer loop
vertex -0.0111299007359 -0.003771153690614 -0.010554619435249001
vertex -0.011237603657373 -0.003764332399622 -0.01057751024061
vertex -0.011218066220272 -0.003701959844452 -0.010650848757009
endloop
endfacet
facet normal -0.1556081641228055 -0.866739410143737 0.4738659031435127
outer loop
vertex -0.010148065637257 -0.0038229632752140004 -0.009872927999518
vertex -0.010240979495779 -0.003864761015022 -0.009979890545159
vertex -0.010133276574296 -0.003871582306014 -0.009956999739807
endloop
endfacet
facet normal 0.0166451498108079 0.9769522671140745 0.21280791049311598
outer loop
vertex -0.0111374155707 -0.003023198112934 -0.010296376344948
vertex -0.011266325115362 -0.003036447339852 -0.010225469295849
vertex -0.011158622193901 -0.003043268630864 -0.010202578490499001
endloop
endfacet
facet normal 0.2122909090970954 0.08505803317190662 -0.9734976635347697
outer loop
vertex -0.011178667163701 -0.003436055380402 -0.010756986646469001
vertex -0.011286370085184001 -0.00342923408939 -0.010779877451811
vertex -0.011282190653715 -0.0033315413639 -0.010770430273111
endloop
endfacet
facet normal -0.08558181365844021 0.7701023647520988 0.6321535422459938
outer loop
vertex -0.011287306839931 -0.003078902551242 -0.010139400079279
vertex -0.011395009761414 -0.00307208126024 -0.010162290884631
vertex -0.011414547198504 -0.00313445381541 -0.010088952368220999
endloop
endfacet
facet normal -0.08558181368977233 0.7701023646698937 0.6321535423418959
outer loop
vertex -0.011306844277043 -0.003141275106422 -0.01006606156288
vertex -0.011179603918470001 -0.003085723842244 -0.010116509273929
vertex -0.011287306839931 -0.003078902551242 -0.010139400079279
endloop
endfacet
facet normal -0.08558181366141658 0.7701023646536534 0.632153542365519
outer loop
vertex -0.011502712808975 -0.0030652599612540003 -0.010185181716773
vertex -0.011522250246054 -0.003127632516434 -0.010111843200373
vertex -0.011395009761414 -0.00307208126024 -0.010162290884631
endloop
endfacet
facet normal -0.08558181357126489 0.7701023646623881 0.6321535423670831
outer loop
vertex -0.011306844277043 -0.003141275106422 -0.01006606156288
vertex -0.011287306839931 -0.003078902551242 -0.010139400079279
vertex -0.011414547198504 -0.00313445381541 -0.010088952368220999
endloop
endfacet
facet normal -0.976279960227288 0.06183202493091753 -0.20749515645322267
outer loop
vertex -0.011845359010481 -0.003107168643428 -0.010180515616426
vertex -0.011829088656941 -0.0031289420802080004 -0.010263557148996
vertex -0.011842128050782 -0.003197026570017 -0.010222494518066
endloop
endfacet
facet normal 0.03549988704801005 -0.899670114163546 -0.4351246300780164
outer loop
vertex -0.010181556167189 -0.003875000521002 -0.010262532970539001
vertex -0.010289259088662 -0.00386817922999 -0.01028542377589
vertex -0.010268277364092 -0.00382572401861 -0.01037149299245
endloop
endfacet
facet normal -0.19594063331048958 0.15540233558356165 0.9682238286228337
outer loop
vertex -0.011444897365785 -0.0033035046312500003 -0.009996528495781
vertex -0.011453946255064 -0.00340035827946 -0.009982814478781
vertex -0.011337194444302 -0.003310325922252 -0.009973637690429
endloop
endfacet
facet normal -0.2122909092085387 -0.08505803344924939 0.9734976634862348
outer loop
vertex -0.011346243333592 -0.0034071795704620003 -0.009959923673428999
vertex -0.011453946255064 -0.00340035827946 -0.009982814478781
vertex -0.011458125686534001 -0.0034980510049500003 -0.00999226165751
endloop
endfacet
facet normal 0.8619590261325448 0.5069502028400843 -0.00530368824802274
outer loop
vertex -0.009299507411185 -0.003348811653531 -0.009972896535333
vertex -0.009326798500068999 -0.003303587896437 -0.010085574267622001
vertex -0.00935218995886 -0.003259497903314 -0.009997893045876
endloop
endfacet
facet normal -0.19594063332754125 0.15540233560639916 0.9682238286157175
outer loop
vertex -0.011346243333592 -0.0034071795704620003 -0.009959923673428999
vertex -0.011337194444302 -0.003310325922252 -0.009973637690429
vertex -0.011453946255064 -0.00340035827946 -0.009982814478781
endloop
endfacet
facet normal -0.016645149638104734 -0.9769522671302433 -0.21280791043239636
outer loop
vertex -0.010289259088662 -0.00386817922999 -0.01028542377589
vertex -0.01020276279038 -0.0038950710389120003 -0.010168735116079
vertex -0.010310465711862 -0.00388824974792 -0.01019162592143
endloop
endfacet
facet normal -0.18711404374258284 -0.7231129386244641 0.664903009940691
outer loop
vertex -0.011128092944137 -0.003693988571006 -0.010008456931757
vertex -0.01122509485201 -0.003754750365214 -0.010101836053028
vertex -0.011117391930538 -0.0037615716562160004 -0.010078945247677
endloop
endfacet
facet normal -0.21630361412011304 -0.3205752929876712 0.9221953307431382
outer loop
vertex -0.011350422765062 -0.003504872295942 -0.009969370852180002
vertex -0.011457192763765 -0.0035909052585699998 -0.010024321009821
vertex -0.011349489842282 -0.003597726549582 -0.010001430204479
endloop
endfacet
facet normal -0.18711404375967364 -0.723112938583205 0.6649030099807527
outer loop
vertex -0.011440500694954 -0.00374110778322 -0.010147617663731
vertex -0.011343498787092001 -0.0036803459890119997 -0.01005423854247
vertex -0.011451201708554001 -0.00367352469801 -0.01007712934782
endloop
endfacet
facet normal -0.11505889840662839 -0.9599941514394785 0.2552894026383559
outer loop
vertex -0.011407694002214001 -0.00381655624146 -0.010324458647651
vertex -0.011299991080730999 -0.0038233775324720003 -0.010301567842299
vertex -0.011318008710532 -0.0037965481050320003 -0.010208798598658999
endloop
endfacet
facet normal -0.1556081643466155 -0.8667394100377919 0.47386590326380024
outer loop
vertex -0.011332797773482 -0.0037479290742120004 -0.010124726858369
vertex -0.011425711632015001 -0.00378972681402 -0.010231689404021
vertex -0.011318008710532 -0.0037965481050320003 -0.010208798598658999
endloop
endfacet
facet normal -0.21229090920452398 -0.08505803355821547 0.9734976634775894
outer loop
vertex -0.011238540412109 -0.003414000861464 -0.009937032868077999
vertex -0.011242719843579 -0.003511693586954 -0.009946480046818
vertex -0.011130837490636999 -0.0034208221524660003 -0.009914142062727001
endloop
endfacet
facet normal -0.11505889816111049 -0.959994151470416 0.2552894026326736
outer loop
vertex -0.011299991080730999 -0.0038233775324720003 -0.010301567842299
vertex -0.01119228815927 -0.003830198823454 -0.010278677036948
vertex -0.01121030578906 -0.003803369396024 -0.010185907793318
endloop
endfacet
facet normal -0.212290909265827 -0.08505803345549534 0.9734976634731961
outer loop
vertex -0.011023134569165 -0.003427643443458 -0.009891251257376001
vertex -0.011135016922118001 -0.003518514877946 -0.009923589241467001
vertex -0.011027314000635 -0.0035253361689479997 -0.009900698436106
endloop
endfacet
facet normal 0.9317365418410674 -0.08494713951602259 -0.35305948519490943
outer loop
vertex -0.00927784211757 -0.003601340674861 -0.010121439861675
vertex -0.00931094176315 -0.003564468174603 -0.010217662634769
vertex -0.009277315433680001 -0.003507528980773 -0.010142621290735001
endloop
endfacet
facet normal 0.035499887048403435 -0.8996701141634135 -0.43512463007825847
outer loop
vertex -0.011237603657373 -0.003764332399622 -0.01057751024061
vertex -0.011258585381942 -0.003806787611002 -0.010491441024049999
vertex -0.011345306578845 -0.00375751110861 -0.010600401045961
endloop
endfacet
facet normal -0.016645149665787083 -0.9769522671514156 -0.21280791033303403
outer loop
vertex -0.011258585381942 -0.003806787611002 -0.010491441024049999
vertex -0.01117208908366 -0.0038336794199140003 -0.010374752364239001
vertex -0.011279792005121 -0.003826858128922 -0.010397643169588999
endloop
endfacet
facet normal -0.2077455404588637 -0.53746171668967 0.8172984115440622
outer loop
vertex -0.01124178692081 -0.0036045478405739998 -0.009978539399128
vertex -0.011235795865609 -0.0036871672800040003 -0.010031347737107999
vertex -0.011134083999327 -0.0036113691315760002 -0.009955648593767
endloop
endfacet
facet normal 0.13069000927065744 -0.595779157715406 -0.7924438886815627
outer loop
vertex -0.011201108511482 -0.003623294816822 -0.01070719442567
vertex -0.0111103632988 -0.003708781135444 -0.010627957951658001
vertex -0.011218066220272 -0.003701959844452 -0.010650848757009
endloop
endfacet
facet normal 0.1306900091878195 -0.5957791577101597 -0.7924438886991687
outer loop
vertex -0.011308811432965 -0.00361647352583 -0.010730085231011
vertex -0.011201108511482 -0.003623294816822 -0.01070719442567
vertex -0.011218066220272 -0.003701959844452 -0.010650848757009
endloop
endfacet
facet normal 0.2122909091566875 0.08505803417566406 -0.9734976634340724
outer loop
vertex -0.011174487732240999 -0.0033383626549119997 -0.010747539467669001
vertex -0.011070964242240001 -0.003442876671404 -0.010734095841128999
vertex -0.011178667163701 -0.003436055380402 -0.010756986646469001
endloop
endfacet
facet normal -0.11505889822306108 -0.9599941514511048 0.2552894026773707
outer loop
vertex -0.01121030578906 -0.003803369396024 -0.010185907793318
vertex -0.011318008710532 -0.0037965481050320003 -0.010208798598658999
vertex -0.011299991080730999 -0.0038233775324720003 -0.010301567842299
endloop
endfacet
facet normal 0.03549988704841453 -0.899670114163411 -0.43512463007826263
outer loop
vertex -0.011560712547877999 -0.003743868518632 -0.010646182683454
vertex -0.011473991350975 -0.0037931450210239998 -0.010537222661543
vertex -0.011581694272447 -0.0037863237300120004 -0.010560113466894
endloop
endfacet
facet normal 0.16820300608045988 -0.38683129061515387 -0.9066803744134486
outer loop
vertex -0.011187716053001999 -0.0035329090286120002 -0.01074327262947
vertex -0.01108001313153 -0.0035397303196140002 -0.010720381824129
vertex -0.011093405590021 -0.0036301161078240002 -0.010684303620329001
endloop
endfacet
facet normal 0.21229091000923989 0.0850580341066033 -0.9734976632541902
outer loop
vertex -0.010959081889287 -0.003352005236906 -0.010701757856987
vertex -0.010855558399284 -0.003456519253398 -0.010688314230346
vertex -0.010963261320758 -0.0034496979623859997 -0.010711205035787
endloop
endfacet
facet normal 0.21630361409500382 0.3205752930289732 -0.9221953307346701
outer loop
vertex -0.011067717733548999 -0.003252329692284 -0.010692589310028
vertex -0.011066784810769 -0.003345183945914 -0.010724648662328001
vertex -0.011175420655010999 -0.0032455084012920003 -0.010715480115368999
endloop
endfacet
facet normal 0.195940633233278 -0.1554023356004093 -0.9682238286357551
outer loop
vertex -0.010972310210058 -0.0035465516106160003 -0.010697491018788
vertex -0.01108001313153 -0.0035397303196140002 -0.010720381824129
vertex -0.011070964242240001 -0.003442876671404 -0.010734095841128999
endloop
endfacet
facet normal 0.21630361421301741 0.32057529314099475 -0.9221953306680485
outer loop
vertex -0.010636906047640001 -0.003279614856282 -0.010601026088654
vertex -0.010528270203388 -0.003379290400914 -0.010610194635613001
vertex -0.010635973124859999 -0.003372469109902 -0.010633085440964
endloop
endfacet
facet normal -0.11505889822592198 -0.9599941514663124 0.2552894026188943
outer loop
vertex -0.010133276574296 -0.003871582306014 -0.009956999739807
vertex -0.010240979495779 -0.003864761015022 -0.009979890545159
vertex -0.010222961865989 -0.003891590442452 -0.010072659788789
endloop
endfacet
facet normal -0.06782283824592873 -0.9974575093383113 0.021876463993960284
outer loop
vertex -0.01119228815927 -0.003830198823454 -0.010278677036948
vertex -0.01117208908366 -0.0038336794199140003 -0.010374752364239001
vertex -0.011084585237787 -0.003837020114466 -0.010255786231597
endloop
endfacet
facet normal 0.18711404375261964 0.723112938593315 -0.6649030099717427
outer loop
vertex -0.010966005867267 -0.003176531543856 -0.010616890166717002
vertex -0.01108440980235 -0.003102127167634 -0.010569292656148001
vertex -0.010976706880878 -0.0031089484586460004 -0.010546401850807
endloop
endfacet
facet normal -0.9762799602216509 0.06183202479644925 -0.20749515651981512
outer loop
vertex -0.011807099358242 -0.0037117384168580004 -0.010540687421196002
vertex -0.011805894658322 -0.003614989605478 -0.010517525191316001
vertex -0.011790159847761 -0.003673517372948 -0.010608999473976
endloop
endfacet
facet normal -0.03549988719858332 0.8996701141926644 0.4351246300055261
outer loop
vertex -0.011179603918470001 -0.003085723842244 -0.010116509273929
vertex -0.011050919272418 -0.0030500899218559997 -0.010179687685147
vertex -0.011158622193901 -0.003043268630864 -0.010202578490499001
endloop
endfacet
facet normal -0.1306900092599574 0.5957791575170691 0.792443888832442
outer loop
vertex -0.011323801985822 -0.003219940134032 -0.010009715894239999
vertex -0.011216099064350001 -0.0032267614250340005 -0.009986825088889002
vertex -0.011199141355549 -0.0031480963974040003 -0.010043170757518
endloop
endfacet
facet normal -0.13069000938591657 0.5957791576717888 0.7924438886953465
outer loop
vertex -0.011199141355549 -0.0031480963974040003 -0.010043170757518
vertex -0.011306844277043 -0.003141275106422 -0.01006606156288
vertex -0.011323801985822 -0.003219940134032 -0.010009715894239999
endloop
endfacet
facet normal -0.0855818136564495 0.7701023648006889 0.6321535421870697
outer loop
vertex -0.011199141355549 -0.0031480963974040003 -0.010043170757518
vertex -0.011071900996988 -0.003092545133236 -0.010093618468587
vertex -0.011179603918470001 -0.003085723842244 -0.010116509273929
endloop
endfacet
facet normal 0.1306900092767088 -0.5957791576275133 -0.7924438887466446
outer loop
vertex -0.010141037005518999 -0.003770172754432 -0.010421940703499001
vertex -0.010248739927002 -0.0037633514634399998 -0.01044483150885
vertex -0.010231782218212 -0.0036846864358200003 -0.01050117717749
endloop
endfacet
facet normal -0.01975140496122734 -0.9767505839417416 -0.21346704375974362
outer loop
vertex -0.009879682493337 -0.003915899252671 -0.010100037329746
vertex -0.009987356947425 -0.003908713620916 -0.010122953505376
vertex -0.009966150324245 -0.003888643102996 -0.010216751359827001
endloop
endfacet
facet normal -0.16820300625130277 0.3868312907885028 0.9066803743077961
outer loop
vertex -0.01122949152283 -0.003317147213244 -0.009950746885068
vertex -0.011216099064350001 -0.0032267614250340005 -0.009986825088889002
vertex -0.011337194444302 -0.003310325922252 -0.009973637690429
endloop
endfacet
facet normal -0.1306900092871995 0.5957791576119225 0.7924438887566361
outer loop
vertex -0.011216099064350001 -0.0032267614250340005 -0.009986825088889002
vertex -0.011108396142867 -0.0032335827160260002 -0.009963934283537
vertex -0.011091438434077 -0.003154917688416 -0.010020279952167
endloop
endfacet
facet normal -0.21630361428335743 -0.3205752929773322 0.9221953307084428
outer loop
vertex -0.011349489842282 -0.003597726549582 -0.010001430204479
vertex -0.011242719843579 -0.003511693586954 -0.009946480046818
vertex -0.011350422765062 -0.003504872295942 -0.009969370852180002
endloop
endfacet
facet normal -0.20774554035503504 -0.5374617167533855 0.8172984115285543
outer loop
vertex -0.01124178692081 -0.0036045478405739998 -0.009978539399128
vertex -0.011349489842282 -0.003597726549582 -0.010001430204479
vertex -0.011343498787092001 -0.0036803459890119997 -0.01005423854247
endloop
endfacet
facet normal -0.2077455403344398 -0.5374617167849193 0.8172984115130526
outer loop
vertex -0.011128092944137 -0.003693988571006 -0.010008456931757
vertex -0.011020390022655 -0.003700809861998 -0.009985566126406002
vertex -0.011026381077866 -0.003618190422568 -0.009932757788416
endloop
endfacet
facet normal -0.2077455404185348 -0.5374617166922243 0.8172984115526336
outer loop
vertex -0.01124178692081 -0.0036045478405739998 -0.009978539399128
vertex -0.011343498787092001 -0.0036803459890119997 -0.01005423854247
vertex -0.011235795865609 -0.0036871672800040003 -0.010031347737107999
endloop
endfacet
facet normal -0.20774554039833312 -0.5374617167217374 0.8172984115383607
outer loop
vertex -0.010918678156383001 -0.00362501171356 -0.009909866983064999
vertex -0.011020390022655 -0.003700809861998 -0.009985566126406002
vertex -0.010912687101193001 -0.00370763115301 -0.009962675321065
endloop
endfacet
facet normal -0.20774554040309448 -0.5374617167433854 0.8172984115229145
outer loop
vertex -0.011235795865609 -0.0036871672800040003 -0.010031347737107999
vertex -0.011128092944137 -0.003693988571006 -0.010008456931757
vertex -0.011134083999327 -0.0036113691315760002 -0.009955648593767
endloop
endfacet
facet normal 0.13069000913866774 -0.5957791578098662 -0.7924438886323129
outer loop
vertex -0.0111103632988 -0.003708781135444 -0.010627957951658001
vertex -0.011201108511482 -0.003623294816822 -0.01070719442567
vertex -0.011093405590021 -0.0036301161078240002 -0.010684303620329001
endloop
endfacet
facet normal -0.15560816412391132 -0.8667394101265996 0.47386590317449523
outer loop
vertex -0.011009689009055001 -0.003768392947208 -0.010056054442325999
vertex -0.011117391930538 -0.0037615716562160004 -0.010078945247677
vertex -0.011102602867577 -0.003810190687026 -0.010163016987977001
endloop
endfacet
facet normal 0.1682030062352929 -0.38683129055181986 -0.9066803744117458
outer loop
vertex -0.010016376375257 -0.003698329017824 -0.010455395566778
vertex -0.01012407929674 -0.0036915077268220003 -0.010478286372139
vertex -0.010110686838249 -0.0036011219385920002 -0.010514364575939
endloop
endfacet
facet normal 0.016645149738476833 0.9769522671364519 0.21280791039604288
outer loop
vertex -0.010943216350946002 -0.003056911212858 -0.010156796879795999
vertex -0.010922009727755 -0.003036840694938 -0.010250594734236
vertex -0.011050919272418 -0.0030500899218559997 -0.010179687685147
endloop
endfacet
facet normal 0.21630361410414847 0.3205752930384399 -0.9221953307292343
outer loop
vertex -0.011174487732240999 -0.0033383626549119997 -0.010747539467669001
vertex -0.011175420655010999 -0.0032455084012920003 -0.010715480115368999
vertex -0.011066784810769 -0.003345183945914 -0.010724648662328001
endloop
endfacet
facet normal 0.42656241895001046 -0.8506088657940507 -0.30742325899657313
outer loop
vertex -0.009457068691822 -0.003876581908688 -0.010185214594726
vertex -0.009455812746554 -0.003904885348413 -0.010105159182216
vertex -0.009537142307536 -0.003939012586731 -0.010123580699198
endloop
endfacet
facet normal -0.01664514976766988 -0.976952267165725 -0.21280791025937393
outer loop
vertex -0.010181556167189 -0.003875000521002 -0.010262532970539001
vertex -0.010095059868897 -0.003901892329914 -0.010145844310728
vertex -0.01020276279038 -0.0038950710389120003 -0.010168735116079
endloop
endfacet
facet normal 0.035499887255213275 -0.8996701141569282 -0.4351246300747947
outer loop
vertex -0.0111299007359 -0.003771153690614 -0.010554619435249001
vertex -0.01115088246047 -0.003813608901994 -0.010468550218699002
vertex -0.011237603657373 -0.003764332399622 -0.01057751024061
endloop
endfacet
facet normal -0.18711404366202186 -0.7231129386295664 0.6649030099578132
outer loop
vertex -0.011020390022655 -0.003700809861998 -0.009985566126406002
vertex -0.011128092944137 -0.003693988571006 -0.010008456931757
vertex -0.011117391930538 -0.0037615716562160004 -0.010078945247677
endloop
endfacet
facet normal -0.0678228381573344 -0.997457509343957 0.021876464011210666
outer loop
vertex -0.010115258944506 -0.0038984117334540003 -0.010049768983427
vertex -0.01020276279038 -0.0038950710389120003 -0.010168735116079
vertex -0.010095059868897 -0.003901892329914 -0.010145844310728
endloop
endfacet
facet normal 0.19594063323216568 -0.15540233561234795 -0.968223828634064
outer loop
vertex -0.011187716053001999 -0.0035329090286120002 -0.01074327262947
vertex -0.011178667163701 -0.003436055380402 -0.010756986646469001
vertex -0.01108001313153 -0.0035397303196140002 -0.010720381824129
endloop
endfacet
facet normal 0.06782283816376086 0.9974575093437151 -0.021876464002319254
outer loop
vertex -0.0111374155707 -0.003023198112934 -0.010296376344948
vertex -0.011029712649226999 -0.003030019403936 -0.010273485539587
vertex -0.011009513573607 -0.0030335000003960002 -0.010369560866887
endloop
endfacet
facet normal 0.21630361392336103 0.3205752928933104 -0.9221953308220888
outer loop
vertex -0.011067717733548999 -0.003252329692284 -0.010692589310028
vertex -0.010960014812067 -0.003259150983286 -0.010669698504707
vertex -0.010959081889287 -0.003352005236906 -0.010701757856987
endloop
endfacet
facet normal 0.2077455403999656 0.5374617167612744 -0.8172984115119459
outer loop
vertex -0.010960014812067 -0.003259150983286 -0.010669698504707
vertex -0.01107370878874 -0.0031697102528540004 -0.010639780972068
vertex -0.010966005867267 -0.003176531543856 -0.010616890166717002
endloop
endfacet
facet normal 0.0354998870994398 -0.8996701141470607 -0.435124630107906
outer loop
vertex -0.009966150324245 -0.003888643102996 -0.010216751359827001
vertex -0.010073853245706999 -0.003881821811984 -0.010239642165188
vertex -0.010052871521137 -0.003839366600604 -0.010325711381738
endloop
endfacet
facet normal 0.11505889834000811 0.9599941514335338 -0.25528940269073674
outer loop
vertex -0.011206901786772002 -0.0030466868458319998 -0.010508111721220001
vertex -0.011224919416562002 -0.0030198574183920002 -0.01041534247759
vertex -0.0110991988653 -0.003053508136834 -0.010485220915868
endloop
endfacet
facet normal -0.0855818136041239 0.7701023647522656 0.6321535422531438
outer loop
vertex -0.010102574703707 -0.003153936752234 -0.009887601220418001
vertex -0.010122112140796 -0.003216309307404 -0.009814262704007
vertex -0.009994871782235 -0.0031607580432360003 -0.009864710415077001
endloop
endfacet
facet normal 0.11505889832218645 0.9599941514568471 -0.2552894026111011
outer loop
vertex -0.011009513573607 -0.0030335000003960002 -0.010369560866887
vertex -0.010991495943827999 -0.003060329427826 -0.010462330110517
vertex -0.011117216495079 -0.0030266787093940002 -0.010392451672238
endloop
endfacet
facet normal 0.06782283820779851 0.9974575093386163 -0.021876464098269065
outer loop
vertex -0.009737277623045 -0.003111874893927 -0.00999879588208
vertex -0.009717078547424 -0.003115355490397 -0.01009487120937
vertex -0.009844980513003 -0.0031050536049180002 -0.010021686680725
endloop
endfacet
facet normal -0.13069000920726126 0.5957791575137317 0.7924438888436418
outer loop
vertex -0.011091438434077 -0.003154917688416 -0.010020279952167
vertex -0.011199141355549 -0.0031480963974040003 -0.010043170757518
vertex -0.011216099064350001 -0.0032267614250340005 -0.009986825088889002
endloop
endfacet
facet normal 0.18711404374664836 0.723112938588345 -0.664903009978828
outer loop
vertex -0.010966005867267 -0.003176531543856 -0.010616890166717002
vertex -0.01107370878874 -0.0031697102528540004 -0.010639780972068
vertex -0.01108440980235 -0.003102127167634 -0.010569292656148001
endloop
endfacet
facet normal 0.08558181363535329 -0.7701023648076036 -0.6321535421815021
outer loop
vertex -0.011002660377317 -0.003715602426446 -0.010605067146307
vertex -0.011022197814418001 -0.003777974981606 -0.010531728629897
vertex -0.0111103632988 -0.003708781135444 -0.010627957951658001
endloop
endfacet
facet normal -0.15560816417645124 -0.8667394101148089 0.4738659031788083
outer loop
vertex -0.010148065637257 -0.0038229632752140004 -0.009872927999518
vertex -0.010255768558729 -0.003816141984212 -0.009895818804859
vertex -0.010240979495779 -0.003864761015022 -0.009979890545159
endloop
endfacet
facet normal 0.016645149738471202 0.9769522671364541 0.21280791039603306
outer loop
vertex -0.011029712649226999 -0.003030019403936 -0.010273485539587
vertex -0.011050919272418 -0.0030500899218559997 -0.010179687685147
vertex -0.010922009727755 -0.003036840694938 -0.010250594734236
endloop
endfacet
facet normal -0.03549988707056071 0.8996701141239914 0.43512463015796016
outer loop
vertex -0.010727810507991 -0.003070553794862 -0.010111015269094002
vertex -0.010835513429463 -0.0030637325038599997 -0.010133906074424999
vertex -0.010856495154032 -0.00310618771525 -0.010047836857865
endloop
endfacet
facet normal 0.06782283823323268 0.9974575093416401 -0.02187646388154136
outer loop
vertex -0.010794107730663001 -0.0030471425824 -0.010323779256175
vertex -0.010901810652135 -0.003040321291388 -0.010346670061546
vertex -0.010922009727755 -0.003036840694938 -0.010250594734236
endloop
endfacet
facet normal -0.16820300695642507 0.38683129054834064 0.9066803742794491
outer loop
vertex -0.010031366928124 -0.003301795626016 -0.009735026229956001
vertex -0.010139069849587 -0.003294974335024 -0.009757917035398
vertex -0.010152462308078 -0.003385360123244 -0.009721838831608001
endloop
endfacet
facet normal -0.2216483993568423 -0.5361572251524128 0.8144982608817619
outer loop
vertex -0.009949366508231 -0.0036865907687380003 -0.00970383668302
vertex -0.009943380984457 -0.003769281002169 -0.009756640091456
vertex -0.009841864701847 -0.0036959856325040003 -0.009680766677683
endloop
endfacet
facet normal -0.08558181371932604 0.770102364746293 0.6321535422448237
outer loop
vertex -0.011091438434077 -0.003154917688416 -0.010020279952167
vertex -0.010964198075515 -0.0030993664242380003 -0.010070727663226
vertex -0.011071900996988 -0.003092545133236 -0.010093618468587
endloop
endfacet
facet normal -0.1959406333224151 0.15540233556860694 0.9682238286228206
outer loop
vertex -0.011238540412109 -0.003414000861464 -0.009937032868077999
vertex -0.011130837490636999 -0.0034208221524660003 -0.009914142062727001
vertex -0.011121788601358 -0.003323968504246 -0.009927856079727
endloop
endfacet
facet normal -0.08558181368319766 0.770102364709114 0.6321535422950072
outer loop
vertex -0.010983735512616001 -0.003161738979418 -0.009997389146816
vertex -0.010964198075515 -0.0030993664242380003 -0.010070727663226
vertex -0.011091438434077 -0.003154917688416 -0.010020279952167
endloop
endfacet
facet normal 0.195940633243808 -0.1554023356010762 -0.9682238286335169
outer loop
vertex -0.011178667163701 -0.003436055380402 -0.010756986646469001
vertex -0.011070964242240001 -0.003442876671404 -0.010734095841128999
vertex -0.01108001313153 -0.0035397303196140002 -0.010720381824129
endloop
endfacet
facet normal -0.1306900092529009 0.5957791576097502 0.7924438887639258
outer loop
vertex -0.010983735512616001 -0.003161738979418 -0.009997389146816
vertex -0.011091438434077 -0.003154917688416 -0.010020279952167
vertex -0.011108396142867 -0.0032335827160260002 -0.009963934283537
endloop
endfacet
facet normal 0.16451568602223468 -0.09290795184990505 0.9819891555081905
outer loop
vertex -0.009627738918862 -0.0036212172130029997 -0.009602616309445
vertex -0.009561710924226 -0.003527030636709 -0.009604767004213
vertex -0.009623091957251001 -0.003517540787559 -0.009593585796006
endloop
endfacet
facet normal -0.21630361417756544 -0.32057529312035954 0.9221953306835372
outer loop
vertex -0.011135016922118001 -0.003518514877946 -0.009923589241467001
vertex -0.011242719843579 -0.003511693586954 -0.009946480046818
vertex -0.01124178692081 -0.0036045478405739998 -0.009978539399128
endloop
endfacet
facet normal -0.11505889828602917 -0.9599941514625043 0.2552894026061238
outer loop
vertex -0.01119228815927 -0.003830198823454 -0.010278677036948
vertex -0.011102602867577 -0.003810190687026 -0.010163016987977001
vertex -0.01121030578906 -0.003803369396024 -0.010185907793318
endloop
endfacet
facet normal -0.19594063332042255 0.15540233559026004 0.9682238286197484
outer loop
vertex -0.010915431647693 -0.00343446473446 -0.009868360452025
vertex -0.010906382758403 -0.00333761108624 -0.009882074469025
vertex -0.011023134569165 -0.003427643443458 -0.009891251257376001
endloop
endfacet
facet normal 0.1306900092265294 -0.5957791576124434 -0.7924438887662503
outer loop
vertex -0.010662593904122 -0.003657401271822 -0.010592740398894
vertex -0.010571848691418 -0.003742887590444 -0.010513503924903
vertex -0.010679551612901 -0.0037360662994420004 -0.010536394730254
endloop
endfacet
facet normal -0.21630361417757504 -0.32057529312035754 0.9221953306835358
outer loop
vertex -0.011027314000635 -0.0035253361689479997 -0.009900698436106
vertex -0.011134083999327 -0.0036113691315760002 -0.009955648593767
vertex -0.011026381077866 -0.003618190422568 -0.009932757788416
endloop
endfacet
facet normal -0.20774554045566312 -0.5374617167339082 0.8172984115157844
outer loop
vertex -0.010804984179711 -0.003714452444002 -0.009939784515714001
vertex -0.010697281258228 -0.003721273735004 -0.009916893710353
vertex -0.010703272313428 -0.0036386542955840003 -0.009864085372373
endloop
endfacet
facet normal -0.1959406332875992 0.15540233558818117 0.9682238286267245
outer loop
vertex -0.01079867983692 -0.003344432377252 -0.009859183663674
vertex -0.010906382758403 -0.00333761108624 -0.009882074469025
vertex -0.010915431647693 -0.00343446473446 -0.009868360452025
endloop
endfacet
facet normal 0.016645149630583948 0.9769522671216452 0.21280791047245623
outer loop
vertex -0.010727810507991 -0.003070553794862 -0.010111015269094002
vertex -0.010620107586519 -0.003077375085854 -0.010088124463743001
vertex -0.010598900963329 -0.003057304567924 -0.010181922318183
endloop
endfacet
facet normal -0.21630361424618103 -0.320575293042265 0.9221953306945906
outer loop
vertex -0.011134083999327 -0.0036113691315760002 -0.009955648593767
vertex -0.011135016922118001 -0.003518514877946 -0.009923589241467001
vertex -0.01124178692081 -0.0036045478405739998 -0.009978539399128
endloop
endfacet
facet normal -0.1556081642415341 -0.8667394100359953 0.4738659033015928
outer loop
vertex -0.011009689009055001 -0.003768392947208 -0.010056054442325999
vertex -0.010994899946116 -0.003817011978028 -0.010140126182616
vertex -0.010901986087583 -0.0037752142382099997 -0.010033163636975002
endloop
endfacet
facet normal 0.08558181372886918 -0.7701023647580301 -0.6321535422292334
outer loop
vertex -0.011218066220272 -0.003701959844452 -0.010650848757009
vertex -0.0111103632988 -0.003708781135444 -0.010627957951658001
vertex -0.0111299007359 -0.003771153690614 -0.010554619435249001
endloop
endfacet
facet normal -0.016645149744352872 -0.9769522671455606 -0.2128079103537679
outer loop
vertex -0.01115088246047 -0.003813608901994 -0.010468550218699002
vertex -0.011064386162177 -0.003840500710916 -0.010351861558887
vertex -0.01117208908366 -0.0038336794199140003 -0.010374752364239001
endloop
endfacet
facet normal 0.5616476151473194 -0.3466689609125659 0.7512473546969269
outer loop
vertex -0.009509184167974 -0.003748702401951 -0.009690081677672999
vertex -0.009449028760162 -0.003652609413297 -0.009690712208756001
vertex -0.009513820580448 -0.0036859895206250003 -0.009657676053531001
endloop
endfacet
facet normal 0.01664514968747239 0.9769522671278562 0.21280791043949343
outer loop
vertex -0.010835513429463 -0.0030637325038599997 -0.010133906074424999
vertex -0.010814306806283 -0.00304366198593 -0.010227703928885
vertex -0.010943216350946002 -0.003056911212858 -0.010156796879795999
endloop
endfacet
facet normal -0.06782283805062825 -0.9974575093529355 0.021876463932655098
outer loop
vertex -0.010869179394832002 -0.00385066269647 -0.010210004620895
vertex -0.010956683240706 -0.003847322001928 -0.010328970753546001
vertex -0.010848980319223 -0.00385414329292 -0.010306079948185
endloop
endfacet
facet normal 0.13069000918335877 -0.5957791578126966 -0.7924438886228145
outer loop
vertex -0.011002660377317 -0.003715602426446 -0.010605067146307
vertex -0.0111103632988 -0.003708781135444 -0.010627957951658001
vertex -0.011093405590021 -0.0036301161078240002 -0.010684303620329001
endloop
endfacet
facet normal 0.13069000946339832 -0.5957791576122827 -0.7924438887273065
outer loop
vertex -0.011002660377317 -0.003715602426446 -0.010605067146307
vertex -0.011093405590021 -0.0036301161078240002 -0.010684303620329001
vertex -0.010985702668537 -0.003636937398836 -0.010661412814937
endloop
endfacet
facet normal -0.01664514955363361 -0.9769522671359626 -0.2128079104127472
outer loop
vertex -0.010525871554807002 -0.0038746071659060003 -0.010237407532132
vertex -0.010633574476278 -0.003867785874924 -0.010260298337483001
vertex -0.010612367853087999 -0.003847715356994 -0.010354096191943
endloop
endfacet
facet normal 0.21630361405674903 0.32057529303139604 -0.9221953307428006
outer loop
vertex -0.010959081889287 -0.003352005236906 -0.010701757856987
vertex -0.011066784810769 -0.003345183945914 -0.010724648662328001
vertex -0.011067717733548999 -0.003252329692284 -0.010692589310028
endloop
endfacet
facet normal 0.2122909091176721 0.08505803416307015 -0.9734976634436809
outer loop
vertex -0.010963261320758 -0.0034496979623859997 -0.010711205035787
vertex -0.011066784810769 -0.003345183945914 -0.010724648662328001
vertex -0.010959081889287 -0.003352005236906 -0.010701757856987
endloop
endfacet
facet normal 0.16820300642756075 -0.38683129070536826 -0.9066803743105664
outer loop
vertex -0.010864607288587002 -0.003553372901608 -0.010674600213447
vertex -0.010756904367103 -0.0035601941926200003 -0.010651709408055
vertex -0.010770296825583 -0.00365057998083 -0.010615631204245
endloop
endfacet
facet normal 0.21229090873070372 0.08505803319511551 -0.973497663612641
outer loop
vertex -0.010851378967815 -0.003358826527908 -0.010678867051646
vertex -0.010747855477802 -0.0034633405443899997 -0.010665423425045001
vertex -0.010855558399284 -0.003456519253398 -0.010688314230346
endloop
endfacet
facet normal 0.15560816425439936 0.866739410105875 -0.4738659031695524
outer loop
vertex -0.010976706880878 -0.0031089484586460004 -0.010546401850807
vertex -0.01108440980235 -0.003102127167634 -0.010569292656148001
vertex -0.0110991988653 -0.003053508136834 -0.010485220915868
endloop
endfacet
facet normal 0.06782283807221706 0.9974575093495129 -0.02187646402177564
outer loop
vertex -0.011009513573607 -0.0030335000003960002 -0.010369560866887
vertex -0.011029712649226999 -0.003030019403936 -0.010273485539587
vertex -0.010901810652135 -0.003040321291388 -0.010346670061546
endloop
endfacet
facet normal 0.1871140436669097 0.7231129385987434 -0.6649030099899593
outer loop
vertex -0.010976706880878 -0.0031089484586460004 -0.010546401850807
vertex -0.010858302945785001 -0.0031833528348479997 -0.010593999361366001
vertex -0.010966005867267 -0.003176531543856 -0.010616890166717002
endloop
endfacet
facet normal 0.18711404373082177 0.7231129385893474 -0.6649030099821918
outer loop
vertex -0.01107370878874 -0.0031697102528540004 -0.010639780972068
vertex -0.011192112723833001 -0.0030953058766420003 -0.01059218346151
vertex -0.01108440980235 -0.003102127167634 -0.010569292656148001
endloop
endfacet
facet normal 0.15560816416221945 0.8667394100494685 -0.4738659033029945
outer loop
vertex -0.010991495943827999 -0.003060329427826 -0.010462330110517
vertex -0.010869003959406 -0.003115769749638 -0.010523511045456001
vertex -0.010976706880878 -0.0031089484586460004 -0.010546401850807
endloop
endfacet
facet normal 0.11505889825514826 0.9599941514355371 -0.2552894027214497
outer loop
vertex -0.011117216495079 -0.0030266787093940002 -0.010392451672238
vertex -0.010991495943827999 -0.003060329427826 -0.010462330110517
vertex -0.0110991988653 -0.003053508136834 -0.010485220915868
endloop
endfacet
facet normal -0.08558181359600088 0.7701023647384821 0.6321535422710348
outer loop
vertex -0.011071900996988 -0.003092545133236 -0.010093618468587
vertex -0.011199141355549 -0.0031480963974040003 -0.010043170757518
vertex -0.011091438434077 -0.003154917688416 -0.010020279952167
endloop
endfacet
facet normal -0.16820300618234912 0.38683129070732625 0.9066803743552215
outer loop
vertex -0.011014085679886 -0.0033307897952380002 -0.009904965274376
vertex -0.011000693221395 -0.003240404007028 -0.009941043478186
vertex -0.011121788601358 -0.003323968504246 -0.009927856079727
endloop
endfacet
facet normal -0.1959406333361976 0.15540233556947988 0.9682238286198913
outer loop
vertex -0.011121788601358 -0.003323968504246 -0.009927856079727
vertex -0.011130837490636999 -0.0034208221524660003 -0.009914142062727001
vertex -0.011014085679886 -0.0033307897952380002 -0.009904965274376
endloop
endfacet
facet normal -0.20774554037576454 -0.5374617167451163 0.817298411528723
outer loop
vertex -0.011134083999327 -0.0036113691315760002 -0.009955648593767
vertex -0.011128092944137 -0.003693988571006 -0.010008456931757
vertex -0.011026381077866 -0.003618190422568 -0.009932757788416
endloop
endfacet
facet normal -0.1871140437396266 -0.7231129386429724 0.6649030099213943
outer loop
vertex -0.010901986087583 -0.0037752142382099997 -0.010033163636975002
vertex -0.010912687101193001 -0.00370763115301 -0.009962675321065
vertex -0.011009689009055001 -0.003768392947208 -0.010056054442325999
endloop
endfacet
facet normal -0.21229090919638555 -0.08505803354364101 0.9734976634806377
outer loop
vertex -0.011023134569165 -0.003427643443458 -0.009891251257376001
vertex -0.011130837490636999 -0.0034208221524660003 -0.009914142062727001
vertex -0.011135016922118001 -0.003518514877946 -0.009923589241467001
endloop
endfacet
facet normal 0.06782283808888916 0.997457509346132 -0.021876464124243176
outer loop
vertex -0.010794107730663001 -0.0030471425824 -0.010323779256175
vertex -0.010814306806283 -0.00304366198593 -0.010227703928885
vertex -0.01068640480918 -0.003053963873392 -0.010300888450824
endloop
endfacet
facet normal 0.06782283809549164 0.9974575093457138 -0.021876464122839903
outer loop
vertex -0.010794107730663001 -0.0030471425824 -0.010323779256175
vertex -0.010922009727755 -0.003036840694938 -0.010250594734236
vertex -0.010814306806283 -0.00304366198593 -0.010227703928885
endloop
endfacet
facet normal -0.11505889823922573 -0.9599941514432833 0.2552894026994968
outer loop
vertex -0.010994899946116 -0.003817011978028 -0.010140126182616
vertex -0.010976882316315 -0.003843841405468 -0.010232895426245999
vertex -0.010887197024633 -0.0038238332690200003 -0.010117235377265001
endloop
endfacet
facet normal 0.0354998871475845 -0.8996701141288728 -0.4351246301415833
outer loop
vertex -0.011022197814418001 -0.003777974981606 -0.010531728629897
vertex -0.010935476617515 -0.003827251483998 -0.010422768607986
vertex -0.011043179538987 -0.0038204301929960004 -0.010445659413337
endloop
endfacet
facet normal -0.21630361405385007 -0.3205752931281936 0.9221953307098316
outer loop
vertex -0.010919611079152 -0.0035321574599400003 -0.009877807630765
vertex -0.011027314000635 -0.0035253361689479997 -0.009900698436106
vertex -0.011026381077866 -0.003618190422568 -0.009932757788416
endloop
endfacet
facet normal -0.13069000924270527 0.5957791575972265 0.7924438887750229
outer loop
vertex -0.011000693221395 -0.003240404007028 -0.009941043478186
vertex -0.010983735512616001 -0.003161738979418 -0.009997389146816
vertex -0.011108396142867 -0.0032335827160260002 -0.009963934283537
endloop
endfacet
facet normal -0.16820300615348632 0.38683129066893057 0.9066803743769574
outer loop
vertex -0.011108396142867 -0.0032335827160260002 -0.009963934283537
vertex -0.011121788601358 -0.003323968504246 -0.009927856079727
vertex -0.011000693221395 -0.003240404007028 -0.009941043478186
endloop
endfacet
facet normal -0.21630361424618935 -0.3205752930422644 0.9221953306945888
outer loop
vertex -0.011027314000635 -0.0035253361689479997 -0.009900698436106
vertex -0.011135016922118001 -0.003518514877946 -0.009923589241467001
vertex -0.011134083999327 -0.0036113691315760002 -0.009955648593767
endloop
endfacet
facet normal 0.08558181357477679 -0.7701023648037671 -0.6321535421943769
outer loop
vertex -0.010914494892945 -0.0037847962726179998 -0.010508837824546
vertex -0.011022197814418001 -0.003777974981606 -0.010531728629897
vertex -0.011002660377317 -0.003715602426446 -0.010605067146307
endloop
endfacet
facet normal -0.216303614246112 -0.3205752930502154 0.922195330691843
outer loop
vertex -0.010595569391956 -0.003645475586566 -0.009841194567012
vertex -0.010488799393253 -0.0035594426239480004 -0.009786244409350999
vertex -0.010596502314736 -0.003552621332946 -0.009809135214712
endloop
endfacet
facet normal -0.11505889835330296 -0.9599941514105048 0.2552894027713431
outer loop
vertex -0.010887197024633 -0.0038238332690200003 -0.010117235377265001
vertex -0.010869179394832002 -0.00385066269647 -0.010210004620895
vertex -0.010779494103161 -0.003830654560022 -0.010094344571914
endloop
endfacet
facet normal -0.11505889830626634 -0.9599941514645899 0.2552894025891603
outer loop
vertex -0.010546070630416 -0.003871126569456 -0.010141332204842
vertex -0.010438367708933001 -0.0038779478604580005 -0.010118441399491
vertex -0.010456385338734 -0.0038511184330280003 -0.010025672155861
endloop
endfacet
facet normal -0.18711404366016837 -0.7231129386309743 0.6649030099568037
outer loop
vertex -0.011009689009055001 -0.003768392947208 -0.010056054442325999
vertex -0.011020390022655 -0.003700809861998 -0.009985566126406002
vertex -0.011117391930538 -0.0037615716562160004 -0.010078945247677
endloop
endfacet
facet normal -0.21229090918526725 -0.08505803359175451 0.9734976634788585
outer loop
vertex -0.010919611079152 -0.0035321574599400003 -0.009877807630765
vertex -0.01080772872621 -0.003441286025462 -0.009845469646674
vertex -0.010915431647693 -0.00343446473446 -0.009868360452025
endloop
endfacet
facet normal 0.9086470455764569 -0.3117855773784584 -0.2777594288299815
outer loop
vertex -0.009308741046002 -0.003717470410627 -0.010092165043824
vertex -0.009326897987137001 -0.003684145492814 -0.010188969965168
vertex -0.00927784211757 -0.003601340674861 -0.010121439861675
endloop
endfacet
facet normal -0.15560816399461452 -0.8667394101691511 0.47386590313912363
outer loop
vertex -0.010686580244628001 -0.003788856820204 -0.009987382026273
vertex -0.010794283166111 -0.003782035529222 -0.010010272831614
vertex -0.010779494103161 -0.003830654560022 -0.010094344571914
endloop
endfacet
facet normal -0.11505889833538532 -0.9599941514371931 0.25528940267905936
outer loop
vertex -0.011084585237787 -0.003837020114466 -0.010255786231597
vertex -0.010976882316315 -0.003843841405468 -0.010232895426245999
vertex -0.010994899946116 -0.003817011978028 -0.010140126182616
endloop
endfacet
facet normal 0.035499887048021136 -0.8996701141635436 -0.43512463007802055
outer loop
vertex -0.011022197814418001 -0.003777974981606 -0.010531728629897
vertex -0.010914494892945 -0.0037847962726179998 -0.010508837824546
vertex -0.010935476617515 -0.003827251483998 -0.010422768607986
endloop
endfacet
facet normal -0.01664514971700428 -0.976952267116134 -0.21280791049099743
outer loop
vertex -0.010956683240706 -0.003847322001928 -0.010328970753546001
vertex -0.011043179538987 -0.0038204301929960004 -0.010445659413337
vertex -0.010935476617515 -0.003827251483998 -0.010422768607986
endloop
endfacet
facet normal 0.16820300617465112 -0.3868312910026241 -0.9066803742306621
outer loop
vertex -0.010877999747065999 -0.003643758689818 -0.010638522009586
vertex -0.010985702668537 -0.003636937398836 -0.010661412814937
vertex -0.010972310210058 -0.0035465516106160003 -0.010697491018788
endloop
endfacet
facet normal 0.13069000910367143 -0.5957791576046736 -0.7924438887923535
outer loop
vertex -0.010770296825583 -0.00365057998083 -0.010615631204245
vertex -0.010787254534362 -0.00372924500845 -0.010559285535605
vertex -0.010877999747065999 -0.003643758689818 -0.010638522009586
endloop
endfacet
facet normal 0.16820300620128986 -0.3868312906910376 -0.9066803743586572
outer loop
vertex -0.010662593904122 -0.003657401271822 -0.010592740398894
vertex -0.010770296825583 -0.00365057998083 -0.010615631204245
vertex -0.010756904367103 -0.0035601941926200003 -0.010651709408055
endloop
endfacet
facet normal -0.1306900093354168 0.5957791576030984 0.7924438887553183
outer loop
vertex -0.010983735512616001 -0.003161738979418 -0.009997389146816
vertex -0.011000693221395 -0.003240404007028 -0.009941043478186
vertex -0.010876032591133001 -0.0031685602704 -0.009974498341465
endloop
endfacet
facet normal 0.21630361405505355 0.32057529300861826 -0.9221953307511164
outer loop
vertex -0.010852311890595 -0.003265972274288 -0.010646807699356
vertex -0.010744608969112002 -0.0032727935652800003 -0.010623916894015
vertex -0.010743676046343 -0.00336564781891 -0.010655976246314999
endloop
endfacet
facet normal -0.11505889834210423 -0.959994151411214 0.2552894027737233
outer loop
vertex -0.010869179394832002 -0.00385066269647 -0.010210004620895
vertex -0.010887197024633 -0.0038238332690200003 -0.010117235377265001
vertex -0.010976882316315 -0.003843841405468 -0.010232895426245999
endloop
endfacet
facet normal 0.1306900093702439 -0.5957791575068516 -0.7924438888219352
outer loop
vertex -0.010877999747065999 -0.003643758689818 -0.010638522009586
vertex -0.010894957455845001 -0.003722423717448 -0.010582176340956
vertex -0.010985702668537 -0.003636937398836 -0.010661412814937
endloop
endfacet
facet normal 0.2077455403404968 0.5374617167015336 -0.8172984115663479
outer loop
vertex -0.010966005867267 -0.003176531543856 -0.010616890166717002
vertex -0.010858302945785001 -0.0031833528348479997 -0.010593999361366001
vertex -0.010852311890595 -0.003265972274288 -0.010646807699356
endloop
endfacet
facet normal 0.13069000925091848 -0.5957791574992941 -0.7924438888472963
outer loop
vertex -0.010877999747065999 -0.003643758689818 -0.010638522009586
vertex -0.010787254534362 -0.00372924500845 -0.010559285535605
vertex -0.010894957455845001 -0.003722423717448 -0.010582176340956
endloop
endfacet
facet normal 0.21229090910162518 0.08505803317162344 -0.9734976635338065
outer loop
vertex -0.010851378967815 -0.003358826527908 -0.010678867051646
vertex -0.010855558399284 -0.003456519253398 -0.010688314230346
vertex -0.010959081889287 -0.003352005236906 -0.010701757856987
endloop
endfacet
facet normal 0.19594063372501277 -0.15540233467004672 -0.9682238286855674
outer loop
vertex -0.010855558399284 -0.003456519253398 -0.010688314230346
vertex -0.010756904367103 -0.0035601941926200003 -0.010651709408055
vertex -0.010864607288587002 -0.003553372901608 -0.010674600213447
endloop
endfacet
facet normal 0.20774554044095858 0.5374617168741405 -0.8172984114273044
outer loop
vertex -0.009996679573987 -0.003237923162854 -0.010410872918558
vertex -0.009990688518787 -0.0033205426022740003 -0.010463681256558001
vertex -0.010104382495458999 -0.003231101871842 -0.010433763723908999
endloop
endfacet
facet normal 0.18711404368138315 0.7231129386107894 -0.6649030099727854
outer loop
vertex -0.010976706880878 -0.0031089484586460004 -0.010546401850807
vertex -0.010869003959406 -0.003115769749638 -0.010523511045456001
vertex -0.010858302945785001 -0.0031833528348479997 -0.010593999361366001
endloop
endfacet
facet normal 0.20774554040182033 0.537461716761157 -0.8172984115115517
outer loop
vertex -0.010966005867267 -0.003176531543856 -0.010616890166717002
vertex -0.010852311890595 -0.003265972274288 -0.010646807699356
vertex -0.010960014812067 -0.003259150983286 -0.010669698504707
endloop
endfacet
facet normal 0.21630361418644556 0.3205752929653313 -0.9221953307353455
outer loop
vertex -0.010960014812067 -0.003259150983286 -0.010669698504707
vertex -0.010852311890595 -0.003265972274288 -0.010646807699356
vertex -0.010851378967815 -0.003358826527908 -0.010678867051646
endloop
endfacet
facet normal 0.16820300629582097 -0.38683129060972904 -0.9066803743758104
outer loop
vertex -0.010662593904122 -0.003657401271822 -0.010592740398894
vertex -0.010756904367103 -0.0035601941926200003 -0.010651709408055
vertex -0.01064920144562 -0.003567015483602 -0.010628818602694
endloop
endfacet
facet normal 0.15560816427654647 0.8667394101194271 -0.4738659031374917
outer loop
vertex -0.010883793022345 -0.0030671507188380002 -0.010439439305166
vertex -0.010869003959406 -0.003115769749638 -0.010523511045456001
vertex -0.010991495943827999 -0.003060329427826 -0.010462330110517
endloop
endfacet
facet normal -0.1871140437302801 -0.723112938592849 0.6649030099785361
outer loop
vertex -0.011235795865609 -0.0036871672800040003 -0.010031347737107999
vertex -0.011343498787092001 -0.0036803459890119997 -0.01005423854247
vertex -0.011332797773482 -0.0037479290742120004 -0.010124726858369
endloop
endfacet
facet normal 0.18711404372945542 0.7231129385934735 -0.6649030099780892
outer loop
vertex -0.010869003959406 -0.003115769749638 -0.010523511045456001
vertex -0.010761301037922999 -0.00312259104064 -0.010500620240105
vertex -0.010750600024313 -0.00319017412585 -0.010571108556015
endloop
endfacet
facet normal 0.08558181367240904 -0.770102364758626 -0.632153542236151
outer loop
vertex -0.010806791971474 -0.00379161756361 -0.010485947019205
vertex -0.010914494892945 -0.0037847962726179998 -0.010508837824546
vertex -0.010894957455845001 -0.003722423717448 -0.010582176340956
endloop
endfacet
facet normal 0.13069000924247556 -0.5957791575982907 -0.7924438887742606
outer loop
vertex -0.010894957455845001 -0.003722423717448 -0.010582176340956
vertex -0.011002660377317 -0.003715602426446 -0.010605067146307
vertex -0.010985702668537 -0.003636937398836 -0.010661412814937
endloop
endfacet
facet normal 0.016645149652018555 0.9769522671419276 0.2128079103776674
outer loop
vertex -0.010814306806283 -0.00304366198593 -0.010227703928885
vertex -0.010922009727755 -0.003036840694938 -0.010250594734236
vertex -0.010943216350946002 -0.003056911212858 -0.010156796879795999
endloop
endfacet
facet normal 0.216303614023225 0.32057529297566884 -0.9221953307700359
outer loop
vertex -0.010743676046343 -0.00336564781891 -0.010655976246314999
vertex -0.010851378967815 -0.003358826527908 -0.010678867051646
vertex -0.010852311890595 -0.003265972274288 -0.010646807699356
endloop
endfacet
facet normal 0.16820300595590162 -0.38683129111105446 -0.9066803742249822
outer loop
vertex -0.010770296825583 -0.00365057998083 -0.010615631204245
vertex -0.010877999747065999 -0.003643758689818 -0.010638522009586
vertex -0.010864607288587002 -0.003553372901608 -0.010674600213447
endloop
endfacet
facet normal -0.03549988719212632 0.8996701141922516 0.4351246300069066
outer loop
vertex -0.010835513429463 -0.0030637325038599997 -0.010133906074424999
vertex -0.010943216350946002 -0.003056911212858 -0.010156796879795999
vertex -0.010964198075515 -0.0030993664242380003 -0.010070727663226
endloop
endfacet
facet normal -0.21630361421414987 -0.32057529302935917 0.9221953307065899
outer loop
vertex -0.01081190815768 -0.003538978750952 -0.009854916825414
vertex -0.010919611079152 -0.0035321574599400003 -0.009877807630765
vertex -0.010918678156383001 -0.00362501171356 -0.009909866983064999
endloop
endfacet
facet normal 0.016645149551445356 0.9769522671530552 0.21280791033445073
outer loop
vertex -0.010706603884801 -0.003050483276942 -0.010204813123544
vertex -0.010727810507991 -0.003070553794862 -0.010111015269094002
vertex -0.010598900963329 -0.003057304567924 -0.010181922318183
endloop
endfacet
facet normal -0.08558181365432206 0.7701023647072851 0.6321535423011443
outer loop
vertex -0.010983735512616001 -0.003161738979418 -0.009997389146816
vertex -0.010856495154032 -0.00310618771525 -0.010047836857865
vertex -0.010964198075515 -0.0030993664242380003 -0.010070727663226
endloop
endfacet
facet normal -0.085581813673643 0.7701023648191175 0.632153542162292
outer loop
vertex -0.010748792232571 -0.003113009006232 -0.010024946052534
vertex -0.010856495154032 -0.00310618771525 -0.010047836857865
vertex -0.010876032591133001 -0.0031685602704 -0.009974498341465
endloop
endfacet
facet normal 0.06782283822265403 0.9974575093421759 -0.021876463889910193
outer loop
vertex -0.010706603884801 -0.003050483276942 -0.010204813123544
vertex -0.01068640480918 -0.003053963873392 -0.010300888450824
vertex -0.010814306806283 -0.00304366198593 -0.010227703928885
endloop
endfacet
facet normal -0.08558181365813629 0.7701023646951085 0.6321535423154616
outer loop
vertex -0.01076832966965 -0.003175381561412 -0.009951607536124
vertex -0.010641089311088 -0.003119830297244 -0.010002055247173
vertex -0.010748792232571 -0.003113009006232 -0.010024946052534
endloop
endfacet
facet normal 0.1556081642394096 0.8667394100874048 -0.4738659032082582
outer loop
vertex -0.010330489352024 -0.0031498762046380004 -0.010409057018701
vertex -0.010452981336436 -0.0030944358828260002 -0.010347876083762
vertex -0.010345278414974 -0.003101257173828 -0.010324985278411001
endloop
endfacet
facet normal -0.20774554033261533 -0.5374617167850347 0.8172984115134403
outer loop
vertex -0.010918678156383001 -0.00362501171356 -0.009909866983064999
vertex -0.011026381077866 -0.003618190422568 -0.009932757788416
vertex -0.011020390022655 -0.003700809861998 -0.009985566126406002
endloop
endfacet
facet normal -0.20774554035971202 -0.5374617167241833 0.8172984115465691
outer loop
vertex -0.010810975234900001 -0.003631833004572 -0.009886976177724
vertex -0.010918678156383001 -0.00362501171356 -0.009909866983064999
vertex -0.010912687101193001 -0.00370763115301 -0.009962675321065
endloop
endfacet
facet normal 0.1959406328969195 -0.15540233547177176 -0.968223828724471
outer loop
vertex -0.010855558399284 -0.003456519253398 -0.010688314230346
vertex -0.010747855477802 -0.0034633405443899997 -0.010665423425045001
vertex -0.010756904367103 -0.0035601941926200003 -0.010651709408055
endloop
endfacet
facet normal -0.21229090919739296 -0.08505803356726638 0.9734976634783536
outer loop
vertex -0.010592322883266 -0.003454928607456 -0.009799688035972
vertex -0.010700025804738 -0.003448107316464 -0.009822578841323001
vertex -0.010704205236208 -0.0035458000419440003 -0.009832026020062999
endloop
endfacet
facet normal 0.016645149830576328 0.9769522671187929 0.2128079104699082
outer loop
vertex -0.010814306806283 -0.00304366198593 -0.010227703928885
vertex -0.010835513429463 -0.0030637325038599997 -0.010133906074424999
vertex -0.010706603884801 -0.003050483276942 -0.010204813123544
endloop
endfacet
facet normal -0.15560816434429095 -0.8667394100807623 0.47386590318596705
outer loop
vertex -0.010887197024633 -0.0038238332690200003 -0.010117235377265001
vertex -0.010794283166111 -0.003782035529222 -0.010010272831614
vertex -0.010901986087583 -0.0037752142382099997 -0.010033163636975002
endloop
endfacet
facet normal -0.06782283806115945 -0.9974575093522838 0.02187646392971735
outer loop
vertex -0.010741277397761 -0.003860964583912 -0.010283189142834001
vertex -0.010761476473371 -0.003857483987462 -0.010187113815544
vertex -0.010848980319223 -0.00385414329292 -0.010306079948185
endloop
endfacet
facet normal -0.08558181381320229 0.770102364467342 0.6321535425719382
outer loop
vertex -0.010014409219336001 -0.003223130598416 -0.009791371898727001
vertex -0.009887168860762999 -0.003167579334238 -0.009841819609714999
vertex -0.009994871782235 -0.0031607580432360003 -0.009864710415077001
endloop
endfacet
facet normal -0.08558181365944115 0.7701023647578057 0.632153542238906
outer loop
vertex -0.010660626748178 -0.003182202852404 -0.009928716730763
vertex -0.010552923826706 -0.0031890241434059997 -0.009905825925412
vertex -0.010533386389605999 -0.003126651588236 -0.009979164441822001
endloop
endfacet
facet normal -0.15560816413379275 -0.8667394100940942 0.47386590323070565
outer loop
vertex -0.010994899946116 -0.003817011978028 -0.010140126182616
vertex -0.010887197024633 -0.0038238332690200003 -0.010117235377265001
vertex -0.010901986087583 -0.0037752142382099997 -0.010033163636975002
endloop
endfacet
facet normal -0.01664514966325089 -0.9769522671510675 -0.21280791033483012
outer loop
vertex -0.010741277397761 -0.003860964583912 -0.010283189142834001
vertex -0.010848980319223 -0.00385414329292 -0.010306079948185
vertex -0.010827773696043 -0.0038340727750000004 -0.010399877802645
endloop
endfacet
facet normal -0.03549988719329385 0.8996701142151801 0.4351246299594041
outer loop
vertex -0.010856495154032 -0.00310618771525 -0.010047836857865
vertex -0.010748792232571 -0.003113009006232 -0.010024946052534
vertex -0.010727810507991 -0.003070553794862 -0.010111015269094002
endloop
endfacet
facet normal -0.06782283815738552 -0.9974575093439487 0.02187646401143125
outer loop
vertex -0.010869179394832002 -0.00385066269647 -0.010210004620895
vertex -0.010976882316315 -0.003843841405468 -0.010232895426245999
vertex -0.010956683240706 -0.003847322001928 -0.010328970753546001
endloop
endfacet
facet normal 0.20774554039661644 0.5374617168329053 -0.8172984114656922
outer loop
vertex -0.010750600024313 -0.00319017412585 -0.010571108556015
vertex -0.010744608969112002 -0.0032727935652800003 -0.010623916894015
vertex -0.010858302945785001 -0.0031833528348479997 -0.010593999361366001
endloop
endfacet
facet normal -0.016645149767063095 -0.9769522671444928 -0.21280791035689406
outer loop
vertex -0.010935476617515 -0.003827251483998 -0.010422768607986
vertex -0.010827773696043 -0.0038340727750000004 -0.010399877802645
vertex -0.010848980319223 -0.00385414329292 -0.010306079948185
endloop
endfacet
facet normal -0.01664514974049565 -0.9769522671367307 -0.2128079103946061
outer loop
vertex -0.010418168633324 -0.003881428456918 -0.010214516726791
vertex -0.010504664931605 -0.003854536647996 -0.010331205386582
vertex -0.010396962010144 -0.003861357938998 -0.010308314581231
endloop
endfacet
facet normal 0.13069000922745455 -0.5957791576081406 -0.7924438887693325
outer loop
vertex -0.010464145769946 -0.0037497088814359997 -0.010490613119552
vertex -0.010554890982639 -0.003664222562824 -0.010569849593533
vertex -0.010447188061156 -0.003671043853826 -0.010546958788182
endloop
endfacet
facet normal -0.01664514983269609 -0.9769522671399656 -0.21280791037254312
outer loop
vertex -0.010720070774571001 -0.003840894065992 -0.010376986997294
vertex -0.010633574476278 -0.003867785874924 -0.010260298337483001
vertex -0.010741277397761 -0.003860964583912 -0.010283189142834001
endloop
endfacet
facet normal -0.016645149848629713 -0.9769522671342359 -0.21280791039760086
outer loop
vertex -0.011064386162177 -0.003840500710916 -0.010351861558887
vertex -0.011043179538987 -0.0038204301929960004 -0.010445659413337
vertex -0.010956683240706 -0.003847322001928 -0.010328970753546001
endloop
endfacet
facet normal 0.035499887189007547 -0.8996701141314966 -0.4351246301327788
outer loop
vertex -0.010827773696043 -0.0038340727750000004 -0.010399877802645
vertex -0.010914494892945 -0.0037847962726179998 -0.010508837824546
vertex -0.010806791971474 -0.00379161756361 -0.010485947019205
endloop
endfacet
facet normal 0.21229090902942058 0.08505803350283885 -0.9734976635206128
outer loop
vertex -0.010743676046343 -0.00336564781891 -0.010655976246314999
vertex -0.010747855477802 -0.0034633405443899997 -0.010665423425045001
vertex -0.010851378967815 -0.003358826527908 -0.010678867051646
endloop
endfacet
facet normal -0.2077455404507856 -0.5374617167386062 0.817298411513935
outer loop
vertex -0.010703272313428 -0.0036386542955840003 -0.009864085372373
vertex -0.010810975234900001 -0.003631833004572 -0.009886976177724
vertex -0.010804984179711 -0.003714452444002 -0.009939784515714001
endloop
endfacet
facet normal -0.16820300601284 0.38683129042355807 0.9066803745077365
outer loop
vertex -0.010367868151022 -0.0033717175412399996 -0.00976762044229
vertex -0.010354475692541 -0.00328133175303 -0.009803698646070001
vertex -0.010475571072504 -0.003364896250238 -0.009790511247621
endloop
endfacet
facet normal 0.19594063322421268 -0.1554023356975922 -0.9682238286219913
outer loop
vertex -0.010747855477802 -0.0034633405443899997 -0.010665423425045001
vertex -0.01064015255633 -0.003470161835392 -0.010642532619704
vertex -0.01064920144562 -0.003567015483602 -0.010628818602694
endloop
endfacet
facet normal 0.20774554026632974 0.537461716706231 -0.8172984115821113
outer loop
vertex -0.010858302945785001 -0.0031833528348479997 -0.010593999361366001
vertex -0.010744608969112002 -0.0032727935652800003 -0.010623916894015
vertex -0.010852311890595 -0.003265972274288 -0.010646807699356
endloop
endfacet
facet normal -0.21229090923595365 -0.08505803363133928 0.9734976634643465
outer loop
vertex -0.011888937498522002 -0.003470765832968 -0.010083824905726001
vertex -0.011777055145580001 -0.0033798943984899997 -0.010051486921624999
vertex -0.011884758067041 -0.0033730731074780003 -0.010074377726976
endloop
endfacet
facet normal 0.18711404374766707 0.7231129385923201 -0.6649030099742185
outer loop
vertex -0.010750600024313 -0.00319017412585 -0.010571108556015
vertex -0.010761301037922999 -0.00312259104064 -0.010500620240105
vertex -0.010642897102841 -0.0031969954168519998 -0.010548217750664
endloop
endfacet
facet normal 0.11505889839092887 0.9599941514915801 -0.25528940244950865
outer loop
vertex -0.010776090100862 -0.0030739720098199998 -0.010416548499815001
vertex -0.010794107730663001 -0.0030471425824 -0.010323779256175
vertex -0.010668387179401 -0.003080793300832 -0.010393657694464
endloop
endfacet
facet normal 0.18711404369169662 0.7231129385457363 -0.6649030100406315
outer loop
vertex -0.010642897102841 -0.0031969954168519998 -0.010548217750664
vertex -0.010761301037922999 -0.00312259104064 -0.010500620240105
vertex -0.010653598116451 -0.003129412331632 -0.010477729434754
endloop
endfacet
facet normal -0.20774554033400763 -0.5374617167654739 0.8172984115259497
outer loop
vertex -0.011774310599059 -0.0036530608170200003 -0.010145801790665002
vertex -0.011780301654259001 -0.00357044137759 -0.010092993452675
vertex -0.011882013520542 -0.0036462395260279997 -0.010168692596015999
endloop
endfacet
facet normal 0.06782283814038688 0.9974575093473864 -0.02187646390739496
outer loop
vertex -0.010706603884801 -0.003050483276942 -0.010204813123544
vertex -0.010578701887708 -0.003060785164394 -0.010277997645483
vertex -0.01068640480918 -0.003053963873392 -0.010300888450824
endloop
endfacet
facet normal 0.016645149701870286 0.9769522671209738 0.21280791046996272
outer loop
vertex -0.0111374155707 -0.003023198112934 -0.010296376344948
vertex -0.011158622193901 -0.003043268630864 -0.010202578490499001
vertex -0.011029712649226999 -0.003030019403936 -0.010273485539587
endloop
endfacet
facet normal -0.035499887187234035 0.8996701142147964 0.435124629960692
outer loop
vertex -0.010748792232571 -0.003113009006232 -0.010024946052534
vertex -0.010620107586519 -0.003077375085854 -0.010088124463743001
vertex -0.010727810507991 -0.003070553794862 -0.010111015269094002
endloop
endfacet
facet normal 0.21630361421302816 0.3205752931410059 -0.9221953306680422
outer loop
vertex -0.010636906047640001 -0.003279614856282 -0.010601026088654
vertex -0.010529203126168 -0.0032864361472939997 -0.010578135283303
vertex -0.010528270203388 -0.003379290400914 -0.010610194635613001
endloop
endfacet
facet normal -0.13069000935957578 0.5957791576327593 0.792443888729034
outer loop
vertex -0.01076832966965 -0.003175381561412 -0.009951607536124
vertex -0.010785287378439999 -0.003254046589032 -0.009895261867484
vertex -0.010660626748178 -0.003182202852404 -0.009928716730763
endloop
endfacet
facet normal -0.03549988709355689 0.8996701141451957 0.4351246301122418
outer loop
vertex -0.010748792232571 -0.003113009006232 -0.010024946052534
vertex -0.010641089311088 -0.003119830297244 -0.010002055247173
vertex -0.010620107586519 -0.003077375085854 -0.010088124463743001
endloop
endfacet
facet normal 0.13069000930467914 -0.5957791576174043 -0.792443888749632
outer loop
vertex -0.010770296825583 -0.00365057998083 -0.010615631204245
vertex -0.010679551612901 -0.0037360662994420004 -0.010536394730254
vertex -0.010787254534362 -0.00372924500845 -0.010559285535605
endloop
endfacet
facet normal 0.11505889832228476 0.9599941514244915 -0.25528940273272704
outer loop
vertex -0.010578701887708 -0.003060785164394 -0.010277997645483
vertex -0.010560684257929 -0.003087614591834 -0.010370766889103001
vertex -0.01068640480918 -0.003053963873392 -0.010300888450824
endloop
endfacet
facet normal -0.1959406332998921 0.15540233560464525 0.9682238286215943
outer loop
vertex -0.01080772872621 -0.003441286025462 -0.009845469646674
vertex -0.01079867983692 -0.003344432377252 -0.009859183663674
vertex -0.010915431647693 -0.00343446473446 -0.009868360452025
endloop
endfacet
facet normal -0.2122909092120799 -0.08505803355771974 0.973497663475985
outer loop
vertex -0.010919611079152 -0.0035321574599400003 -0.009877807630765
vertex -0.01081190815768 -0.003538978750952 -0.009854916825414
vertex -0.01080772872621 -0.003441286025462 -0.009845469646674
endloop
endfacet
facet normal -0.11505889832654989 -0.9599941514343839 0.2552894026936057
outer loop
vertex -0.010761476473371 -0.003857483987462 -0.010187113815544
vertex -0.010671791181677999 -0.0038374758510240003 -0.010071453766563
vertex -0.010779494103161 -0.003830654560022 -0.010094344571914
endloop
endfacet
facet normal -0.21630361411035676 -0.3205752931474908 0.9221953306898697
outer loop
vertex -0.010918678156383001 -0.00362501171356 -0.009909866983064999
vertex -0.010810975234900001 -0.003631833004572 -0.009886976177724
vertex -0.01081190815768 -0.003538978750952 -0.009854916825414
endloop
endfacet
facet normal -0.20774554033727363 -0.5374617167457953 0.8172984115380604
outer loop
vertex -0.010912687101193001 -0.00370763115301 -0.009962675321065
vertex -0.010804984179711 -0.003714452444002 -0.009939784515714001
vertex -0.010810975234900001 -0.003631833004572 -0.009886976177724
endloop
endfacet
facet normal -0.13069000922744758 0.5957791576081362 0.792443888769337
outer loop
vertex -0.010445220905234 -0.003195845434408 -0.009882935120061
vertex -0.010462178614023999 -0.0032745104620180003 -0.009826589451431
vertex -0.010337517983751002 -0.0032026667254099997 -0.009860044314710001
endloop
endfacet
facet normal -0.1871140438879745 -0.7231129384742327 0.6649030100631593
outer loop
vertex -0.010794283166111 -0.003782035529222 -0.010010272831614
vertex -0.010804984179711 -0.003714452444002 -0.009939784515714001
vertex -0.010901986087583 -0.0037752142382099997 -0.010033163636975002
endloop
endfacet
facet normal -0.13069000925063573 0.5957791575603807 0.7924438888014166
outer loop
vertex -0.010660626748178 -0.003182202852404 -0.009928716730763
vertex -0.010677584456968 -0.003260867880024 -0.009872371062133
vertex -0.010552923826706 -0.0031890241434059997 -0.009905825925412
endloop
endfacet
facet normal -0.1871140437343458 -0.723112938676423 0.6649030098865014
outer loop
vertex -0.010589578336756 -0.003728095026006 -0.009894002905002001
vertex -0.010697281258228 -0.003721273735004 -0.009916893710353
vertex -0.010686580244628001 -0.003788856820204 -0.009987382026273
endloop
endfacet
facet normal -0.15560816420509976 -0.86673941015582 0.4738659030943878
outer loop
vertex -0.010779494103161 -0.003830654560022 -0.010094344571914
vertex -0.010794283166111 -0.003782035529222 -0.010010272831614
vertex -0.010887197024633 -0.0038238332690200003 -0.010117235377265001
endloop
endfacet
facet normal -0.11505889822366433 -0.9599941514664553 0.2552894026193741
outer loop
vertex -0.010653773551887999 -0.003864305278454 -0.010164223010193001
vertex -0.010671791181677999 -0.0038374758510240003 -0.010071453766563
vertex -0.010761476473371 -0.003857483987462 -0.010187113815544
endloop
endfacet
facet normal -0.11505889843649586 -0.9599941514239947 0.25528940268312045
outer loop
vertex -0.010456385338734 -0.0038511184330280003 -0.010025672155861
vertex -0.010564088260217 -0.003844297142016 -0.010048562961222
vertex -0.010546070630416 -0.003871126569456 -0.010141332204842
endloop
endfacet
facet normal -0.15560816431563476 -0.8667394100397547 0.47386590327038325
outer loop
vertex -0.010578877323156 -0.003795678111216 -0.009964491220922
vertex -0.010686580244628001 -0.003788856820204 -0.009987382026273
vertex -0.010671791181677999 -0.0038374758510240003 -0.010071453766563
endloop
endfacet
facet normal -0.0678228380618954 -0.997457509352222 0.021876463930260416
outer loop
vertex -0.010761476473371 -0.003857483987462 -0.010187113815544
vertex -0.010869179394832002 -0.00385066269647 -0.010210004620895
vertex -0.010848980319223 -0.00385414329292 -0.010306079948185
endloop
endfacet
facet normal -0.19594063333296796 0.15540233545585452 0.968223828638782
outer loop
vertex -0.010690976915459 -0.003351253668234 -0.009836292858313
vertex -0.01080772872621 -0.003441286025462 -0.009845469646674
vertex -0.010700025804738 -0.003448107316464 -0.009822578841323001
endloop
endfacet
facet normal 0.21630361429362602 0.32057529304722143 -0.9221953306817391
outer loop
vertex -0.010421500204686 -0.003293257438276 -0.010555244477962002
vertex -0.010313797283213001 -0.003300078729288 -0.010532353672601
vertex -0.010312864360433 -0.003392932982908 -0.010564413024901001
endloop
endfacet
facet normal 0.035499887123723976 -0.8996701141699487 -0.43512463005860114
outer loop
vertex -0.010806791971474 -0.00379161756361 -0.010485947019205
vertex -0.010699089049991001 -0.003798438854612 -0.010463056213853999
vertex -0.010720070774571001 -0.003840894065992 -0.010376986997294
endloop
endfacet
facet normal -0.06782283796763246 -0.9974575093581919 0.021876463950301683
outer loop
vertex -0.010633574476278 -0.003867785874924 -0.010260298337483001
vertex -0.010525871554807002 -0.0038746071659060003 -0.010237407532132
vertex -0.010546070630416 -0.003871126569456 -0.010141332204842
endloop
endfacet
facet normal 0.08558181379806298 -0.7701023647192821 -0.6321535422670694
outer loop
vertex -0.010591386128519 -0.003805260145604 -0.010440165408493
vertex -0.010699089049991001 -0.003798438854612 -0.010463056213853999
vertex -0.010679551612901 -0.0037360662994420004 -0.010536394730254
endloop
endfacet
facet normal 0.03549988704495715 -0.8996701141631884 -0.43512463007900515
outer loop
vertex -0.010483683207036 -0.003812081436616 -0.010417274603141999
vertex -0.010504664931605 -0.003854536647996 -0.010331205386582
vertex -0.010591386128519 -0.003805260145604 -0.010440165408493
endloop
endfacet
facet normal 0.21630361413665172 0.3205752930034503 -0.9221953307337737
outer loop
vertex -0.010635973124859999 -0.003372469109902 -0.010633085440964
vertex -0.010743676046343 -0.00336564781891 -0.010655976246314999
vertex -0.010744608969112002 -0.0032727935652800003 -0.010623916894015
endloop
endfacet
facet normal 0.1682030061724241 -0.38683129065264127 -0.906680374380394
outer loop
vertex -0.01064920144562 -0.003567015483602 -0.010628818602694
vertex -0.010541498524158999 -0.0035738367746040002 -0.010605927797343
vertex -0.010554890982639 -0.003664222562824 -0.010569849593533
endloop
endfacet
facet normal 0.2122909091155769 0.0850580334973822 -0.9734976635023014
outer loop
vertex -0.010743676046343 -0.00336564781891 -0.010655976246314999
vertex -0.01064015255633 -0.003470161835392 -0.010642532619704
vertex -0.010747855477802 -0.0034633405443899997 -0.010665423425045001
endloop
endfacet
facet normal 0.21630361407558027 0.32057529306103133 -0.9221953307280819
outer loop
vertex -0.010205161438961 -0.0033997542739000004 -0.01054152221956
vertex -0.010312864360433 -0.003392932982908 -0.010564413024901001
vertex -0.010313797283213001 -0.003300078729288 -0.010532353672601
endloop
endfacet
facet normal -0.2163036141852636 -0.32057529308111565 0.9221953306953736
outer loop
vertex -0.010596502314736 -0.003552621332946 -0.009809135214712
vertex -0.010704205236208 -0.0035458000419440003 -0.009832026020062999
vertex -0.010703272313428 -0.0036386542955840003 -0.009864085372373
endloop
endfacet
facet normal 0.20774554046893196 0.5374617168283253 -0.8172984114503224
outer loop
vertex -0.010750600024313 -0.00319017412585 -0.010571108556015
vertex -0.010636906047640001 -0.003279614856282 -0.010601026088654
vertex -0.010744608969112002 -0.0032727935652800003 -0.010623916894015
endloop
endfacet
facet normal -0.21229090920454113 -0.08505803355819724 0.9734976634775874
outer loop
vertex -0.010700025804738 -0.003448107316464 -0.009822578841323001
vertex -0.01080772872621 -0.003441286025462 -0.009845469646674
vertex -0.01081190815768 -0.003538978750952 -0.009854916825414
endloop
endfacet
facet normal 0.2122909092124366 0.08505803356633113 -0.973497663475155
outer loop
vertex -0.010528270203388 -0.003379290400914 -0.010610194635613001
vertex -0.010532449634858 -0.0034769831263939998 -0.010619641814353
vertex -0.010635973124859999 -0.003372469109902 -0.010633085440964
endloop
endfacet
facet normal 0.15560816416485176 0.8667394100408461 -0.4738659033179015
outer loop
vertex -0.010761301037922999 -0.00312259104064 -0.010500620240105
vertex -0.010776090100862 -0.0030739720098199998 -0.010416548499815001
vertex -0.010653598116451 -0.003129412331632 -0.010477729434754
endloop
endfacet
facet normal 0.01664514976177305 0.9769522671175871 0.2128079104808257
outer loop
vertex -0.009844980513003 -0.0031050536049180002 -0.010021686680725
vertex -0.009866187136193 -0.003125124122848 -0.009927888826276
vertex -0.009737277623045 -0.003111874893927 -0.00999879588208
endloop
endfacet
facet normal -0.03549988710899892 0.8996701141265868 0.4351246301494579
outer loop
vertex -0.010102574703707 -0.003153936752234 -0.009887601220418001
vertex -0.009994871782235 -0.0031607580432360003 -0.009864710415077001
vertex -0.009973890057665 -0.003118302831846 -0.009950779631637
endloop
endfacet
facet normal -0.19594063345121873 0.15540233561422942 0.9682238285894318
outer loop
vertex -0.010690976915459 -0.003351253668234 -0.009836292858313
vertex -0.01079867983692 -0.003344432377252 -0.009859183663674
vertex -0.01080772872621 -0.003441286025462 -0.009845469646674
endloop
endfacet
facet normal 0.18711404367348206 0.72311293854689 -0.6649030100445027
outer loop
vertex -0.010535194181358 -0.003203816707844 -0.010525326945313
vertex -0.010642897102841 -0.0031969954168519998 -0.010548217750664
vertex -0.010653598116451 -0.003129412331632 -0.010477729434754
endloop
endfacet
facet normal 0.11505889823918507 0.959994151443344 -0.25528940269928724
outer loop
vertex -0.010668387179401 -0.003080793300832 -0.010393657694464
vertex -0.010794107730663001 -0.0030471425824 -0.010323779256175
vertex -0.01068640480918 -0.003053963873392 -0.010300888450824
endloop
endfacet
facet normal 0.15560816431585528 0.8667394101253907 -0.4738659031136758
outer loop
vertex -0.010668387179401 -0.003080793300832 -0.010393657694464
vertex -0.010545895194968001 -0.003136233622644 -0.010454838629393
vertex -0.010653598116451 -0.003129412331632 -0.010477729434754
endloop
endfacet
facet normal -0.08558181365944921 0.7701023647578062 0.6321535422389042
outer loop
vertex -0.010552923826706 -0.0031890241434059997 -0.009905825925412
vertex -0.010425683468134 -0.003133472879238 -0.009956273636471
vertex -0.010533386389605999 -0.003126651588236 -0.009979164441822001
endloop
endfacet
facet normal 0.11505889842736793 0.9599941514535527 -0.25528940257608407
outer loop
vertex -0.010470998966236 -0.0030676064553860002 -0.010255106840142001
vertex -0.010363296044764 -0.003074427746398 -0.010232216034781002
vertex -0.010345278414974 -0.003101257173828 -0.010324985278411001
endloop
endfacet
facet normal 0.01664514973970495 0.9769522671263459 0.21280791044234237
outer loop
vertex -0.009737277623045 -0.003111874893927 -0.00999879588208
vertex -0.009866187136193 -0.003125124122848 -0.009927888826276
vertex -0.009758484246235 -0.003131945411856 -0.00990499802762
endloop
endfacet
facet normal 0.016645149780859406 0.9769522671385256 0.2128079103832096
outer loop
vertex -0.010727810507991 -0.003070553794862 -0.010111015269094002
vertex -0.010706603884801 -0.003050483276942 -0.010204813123544
vertex -0.010835513429463 -0.0030637325038599997 -0.010133906074424999
endloop
endfacet
facet normal 0.03549988719209458 -0.899670114111951 -0.43512463017293995
outer loop
vertex -0.010591386128519 -0.003805260145604 -0.010440165408493
vertex -0.010504664931605 -0.003854536647996 -0.010331205386582
vertex -0.010612367853087999 -0.003847715356994 -0.010354096191943
endloop
endfacet
facet normal 0.0678228380085586 0.9974575093512851 -0.02187646413833537
outer loop
vertex -0.010706603884801 -0.003050483276942 -0.010204813123544
vertex -0.010598900963329 -0.003057304567924 -0.010181922318183
vertex -0.010578701887708 -0.003060785164394 -0.010277997645483
endloop
endfacet
facet normal -0.07105141397184869 -0.9972485082234415 0.02114496201750719
outer loop
vertex -0.009879682493337 -0.003915899252671 -0.010100037329746
vertex -0.009899881906417001 -0.0039124229753559996 -0.010003961701701
vertex -0.009987356947425 -0.003908713620916 -0.010122953505376
endloop
endfacet
facet normal -0.08558181376968689 0.7701023648099034 0.6321535421605143
outer loop
vertex -0.010660626748178 -0.003182202852404 -0.009928716730763
vertex -0.010641089311088 -0.003119830297244 -0.010002055247173
vertex -0.01076832966965 -0.003175381561412 -0.009951607536124
endloop
endfacet
facet normal -0.16820300630060384 0.3868312908005235 0.9066803742935213
outer loop
vertex -0.010690976915459 -0.003351253668234 -0.009836292858313
vertex -0.010677584456968 -0.003260867880024 -0.009872371062133
vertex -0.01079867983692 -0.003344432377252 -0.009859183663674
endloop
endfacet
facet normal 0.13069000917605905 -0.5957791576584752 -0.7924438887399659
outer loop
vertex -0.010141037005518999 -0.003770172754432 -0.010421940703499001
vertex -0.01012407929674 -0.0036915077268220003 -0.010478286372139
vertex -0.010033334084047 -0.003776994045444 -0.010399049898148001
endloop
endfacet
facet normal -0.21630361421363498 -0.3205752930793187 0.9221953306893436
outer loop
vertex -0.010703272313428 -0.0036386542955840003 -0.009864085372373
vertex -0.010704205236208 -0.0035458000419440003 -0.009832026020062999
vertex -0.010810975234900001 -0.003631833004572 -0.009886976177724
endloop
endfacet
facet normal -0.18711404365908862 -0.7231129386480732 0.6649030099385115
outer loop
vertex -0.010804984179711 -0.003714452444002 -0.009939784515714001
vertex -0.010912687101193001 -0.00370763115301 -0.009962675321065
vertex -0.010901986087583 -0.0037752142382099997 -0.010033163636975002
endloop
endfacet
facet normal -0.2122909091973966 -0.08505803356726616 0.973497663478353
outer loop
vertex -0.01081190815768 -0.003538978750952 -0.009854916825414
vertex -0.010704205236208 -0.0035458000419440003 -0.009832026020062999
vertex -0.010700025804738 -0.003448107316464 -0.009822578841323001
endloop
endfacet
facet normal -0.1150588982234734 -0.9599941514664673 0.2552894026194147
outer loop
vertex -0.010671791181677999 -0.0038374758510240003 -0.010071453766563
vertex -0.010653773551887999 -0.003864305278454 -0.010164223010193001
vertex -0.010564088260217 -0.003844297142016 -0.010048562961222
endloop
endfacet
facet normal -0.13069000926111443 0.5957791575118161 0.7924438888362004
outer loop
vertex -0.010445220905234 -0.003195845434408 -0.009882935120061
vertex -0.010552923826706 -0.0031890241434059997 -0.009905825925412
vertex -0.010569881535496 -0.003267689171036 -0.009849480256782001
endloop
endfacet
facet normal -0.21229090921208024 -0.08505803355771972 0.973497663475985
outer loop
vertex -0.010484619961794 -0.003461749898468 -0.009776797230621
vertex -0.010592322883266 -0.003454928607456 -0.009799688035972
vertex -0.010596502314736 -0.003552621332946 -0.009809135214712
endloop
endfacet
facet normal -0.18711404380576624 -0.7231129384794392 0.6649030100806315
outer loop
vertex -0.010794283166111 -0.003782035529222 -0.010010272831614
vertex -0.010697281258228 -0.003721273735004 -0.009916893710353
vertex -0.010804984179711 -0.003714452444002 -0.009939784515714001
endloop
endfacet
facet normal -0.1871140435293117 -0.7231129386894087 0.6649030099300787
outer loop
vertex -0.010686580244628001 -0.003788856820204 -0.009987382026273
vertex -0.010697281258228 -0.003721273735004 -0.009916893710353
vertex -0.010794283166111 -0.003782035529222 -0.010010272831614
endloop
endfacet
facet normal -0.15560816422378615 -0.866739410045572 0.4738659032899045
outer loop
vertex -0.010779494103161 -0.003830654560022 -0.010094344571914
vertex -0.010671791181677999 -0.0038374758510240003 -0.010071453766563
vertex -0.010686580244628001 -0.003788856820204 -0.009987382026273
endloop
endfacet
facet normal -0.11505889822130536 -0.9599941514699707 0.25528940260721755
outer loop
vertex -0.010348682417251 -0.00385793972402 -0.01000278135051
vertex -0.010456385338734 -0.0038511184330280003 -0.010025672155861
vertex -0.010438367708933001 -0.0038779478604580005 -0.010118441399491
endloop
endfacet
facet normal -0.15560816411587416 -0.8667394101530139 0.47386590312882043
outer loop
vertex -0.010471174401673 -0.003802499402208 -0.009941600415571
vertex -0.010578877323156 -0.003795678111216 -0.009964491220922
vertex -0.010564088260217 -0.003844297142016 -0.010048562961222
endloop
endfacet
facet normal -0.06782283804855485 -0.9974575093530821 0.021876463932396277
outer loop
vertex -0.010653773551887999 -0.003864305278454 -0.010164223010193001
vertex -0.010761476473371 -0.003857483987462 -0.010187113815544
vertex -0.010741277397761 -0.003860964583912 -0.010283189142834001
endloop
endfacet
facet normal -0.016645149867882396 -0.9769522671542494 -0.2128079103042171
outer loop
vertex -0.010418168633324 -0.003881428456918 -0.010214516726791
vertex -0.010525871554807002 -0.0038746071659060003 -0.010237407532132
vertex -0.010504664931605 -0.003854536647996 -0.010331205386582
endloop
endfacet
facet normal 0.035499887275165 -0.8996701141172122 -0.4351246301552844
outer loop
vertex -0.010591386128519 -0.003805260145604 -0.010440165408493
vertex -0.010612367853087999 -0.003847715356994 -0.010354096191943
vertex -0.010699089049991001 -0.003798438854612 -0.010463056213853999
endloop
endfacet
facet normal 0.13069000931057254 -0.5957791575522966 -0.7924438887976095
outer loop
vertex -0.010554890982639 -0.003664222562824 -0.010569849593533
vertex -0.010571848691418 -0.003742887590444 -0.010513503924903
vertex -0.010662593904122 -0.003657401271822 -0.010592740398894
endloop
endfacet
facet normal 0.44538425987783564 0.16281754178370228 0.8804108751830504
outer loop
vertex -0.009553098513173 -0.003477005468251 -0.009610315971976001
vertex -0.009496425899932 -0.0034296301190570003 -0.009647746936006
vertex -0.00955126675901 -0.0034164067605850002 -0.009622449360363999
endloop
endfacet
facet normal -0.0855818137061565 0.7701023648058797 0.6321535421740168
outer loop
vertex -0.010641089311088 -0.003119830297244 -0.010002055247173
vertex -0.010660626748178 -0.003182202852404 -0.009928716730763
vertex -0.010533386389605999 -0.003126651588236 -0.009979164441822001
endloop
endfacet
facet normal -0.1556081642006152 -0.8667394101217357 0.47386590315820376
outer loop
vertex -0.010255768558729 -0.003816141984212 -0.009895818804859
vertex -0.010363471480212001 -0.00380932069321 -0.00991870961021
vertex -0.010348682417251 -0.00385793972402 -0.01000278135051
endloop
endfacet
facet normal 0.16820300600725535 -0.3868312907644678 -0.9066803743633249
outer loop
vertex -0.010541498524158999 -0.0035738367746040002 -0.010605927797343
vertex -0.010433795602676 -0.003580658065616 -0.010583036992002
vertex -0.010447188061156 -0.003671043853826 -0.010546958788182
endloop
endfacet
facet normal 0.21229090920454077 0.08505803355819724 -0.9734976634775874
outer loop
vertex -0.010635973124859999 -0.003372469109902 -0.010633085440964
vertex -0.010532449634858 -0.0034769831263939998 -0.010619641814353
vertex -0.01064015255633 -0.003470161835392 -0.010642532619704
endloop
endfacet
facet normal 0.21229090927461225 0.08505803366119652 -0.9734976634533076
outer loop
vertex -0.010317043791903 -0.003490625708388 -0.010573860203641
vertex -0.010424746713386 -0.0034838044173860004 -0.010596751009002
vertex -0.010420567281916 -0.003386111691906 -0.010587303830252002
endloop
endfacet
facet normal 0.20774554044924973 0.5374617167599309 -0.8172984115003019
outer loop
vertex -0.010642897102841 -0.0031969954168519998 -0.010548217750664
vertex -0.010529203126168 -0.0032864361472939997 -0.010578135283303
vertex -0.010636906047640001 -0.003279614856282 -0.010601026088654
endloop
endfacet
facet normal 0.13069000925317129 -0.595779157548665 -0.7924438888098067
outer loop
vertex -0.010447188061156 -0.003671043853826 -0.010546958788182
vertex -0.010339485139684 -0.003677865144828 -0.010524067982830999
vertex -0.010356442848463002 -0.003756530172448 -0.010467722314200999
endloop
endfacet
facet normal 0.11505889821594975 0.9599941514312262 -0.25528940275532713
outer loop
vertex -0.010452981336436 -0.0030944358828260002 -0.010347876083762
vertex -0.010560684257929 -0.003087614591834 -0.010370766889103001
vertex -0.010578701887708 -0.003060785164394 -0.010277997645483
endloop
endfacet
facet normal 0.20774554034199444 0.5374617166556495 -0.817298411596141
outer loop
vertex -0.010642897102841 -0.0031969954168519998 -0.010548217750664
vertex -0.010535194181358 -0.003203816707844 -0.010525326945313
vertex -0.010529203126168 -0.0032864361472939997 -0.010578135283303
endloop
endfacet
facet normal 0.2163036140294503 0.3205752929236488 -0.9221953307866589
outer loop
vertex -0.010421500204686 -0.003293257438276 -0.010555244477962002
vertex -0.010420567281916 -0.003386111691906 -0.010587303830252002
vertex -0.010529203126168 -0.0032864361472939997 -0.010578135283303
endloop
endfacet
facet normal 0.016645149801875952 0.9769522671107965 0.21280791050886202
outer loop
vertex -0.010598900963329 -0.003057304567924 -0.010181922318183
vertex -0.010620107586519 -0.003077375085854 -0.010088124463743001
vertex -0.010491198041845999 -0.003064125858936 -0.010159031512832
endloop
endfacet
facet normal 0.016645149724717076 0.9769522671424514 0.21280791036957764
outer loop
vertex -0.010383495120384 -0.003070947149938 -0.010136140707481
vertex -0.010512404665036 -0.0030841963768560004 -0.010065233658392
vertex -0.010404701743564001 -0.003091017667858 -0.010042342853031001
endloop
endfacet
facet normal 0.18711404379626248 0.7231129386854711 -0.6649030098592368
outer loop
vertex -0.010427491259886 -0.0032106379988559998 -0.010502436139962
vertex -0.010535194181358 -0.003203816707844 -0.010525326945313
vertex -0.010545895194968001 -0.003136233622644 -0.010454838629393
endloop
endfacet
facet normal 0.15560816426495597 0.8667394100942445 -0.4738659031873588
outer loop
vertex -0.010560684257929 -0.003087614591834 -0.010370766889103001
vertex -0.010545895194968001 -0.003136233622644 -0.010454838629393
vertex -0.010668387179401 -0.003080793300832 -0.010393657694464
endloop
endfacet
facet normal 0.11505889828930281 0.9599941514622958 -0.2552894026054322
outer loop
vertex -0.010040187280337 -0.0030948916193940003 -0.010163543618718001
vertex -0.009914466729065 -0.003128542337826 -0.010233422057006001
vertex -0.010022169650546999 -0.0031217210468240005 -0.010256312862348
endloop
endfacet
facet normal 0.16820300613967848 -0.38683129065056737 -0.9066803743873535
outer loop
vertex -0.010541498524158999 -0.0035738367746040002 -0.010605927797343
vertex -0.010447188061156 -0.003671043853826 -0.010546958788182
vertex -0.010554890982639 -0.003664222562824 -0.010569849593533
endloop
endfacet
facet normal 0.11505889842737059 0.9599941514535514 -0.2552894025760877
outer loop
vertex -0.010022169650546999 -0.0031217210468240005 -0.010256312862348
vertex -0.010147890201809 -0.003088070328382 -0.010186434424079
vertex -0.010040187280337 -0.0030948916193940003 -0.010163543618718001
endloop
endfacet
facet normal 0.18711404382308652 0.7231129385977857 -0.6649030099470503
outer loop
vertex -0.010007380587608002 -0.003170340077634 -0.010340384602638
vertex -0.009996679573987 -0.003237923162854 -0.010410872918558
vertex -0.010115083509069001 -0.0031635187866319997 -0.010363275407998999
endloop
endfacet
facet normal 0.016645149736892084 0.9769522671365886 0.21280791039554017
outer loop
vertex -0.010491198041845999 -0.003064125858936 -0.010159031512832
vertex -0.010620107586519 -0.003077375085854 -0.010088124463743001
vertex -0.010512404665036 -0.0030841963768560004 -0.010065233658392
endloop
endfacet
facet normal 0.20774554045460666 0.5374617165329482 -0.8172984116482059
outer loop
vertex -0.01107370878874 -0.0031697102528540004 -0.010639780972068
vertex -0.011067717733548999 -0.003252329692284 -0.010692589310028
vertex -0.011181411710222 -0.003162888961842 -0.01066267177742
endloop
endfacet
facet normal 0.01664514973998175 0.9769522671363927 0.21280791039619681
outer loop
vertex -0.010383495120384 -0.003070947149938 -0.010136140707481
vertex -0.010491198041845999 -0.003064125858936 -0.010159031512832
vertex -0.010512404665036 -0.0030841963768560004 -0.010065233658392
endloop
endfacet
facet normal 0.11505889820445123 0.9599941514353234 -0.25528940274510253
outer loop
vertex -0.009914466729065 -0.003128542337826 -0.010233422057006001
vertex -0.010040187280337 -0.0030948916193940003 -0.010163543618718001
vertex -0.009932484358855 -0.003101712910386 -0.010140652813386
endloop
endfacet
facet normal -0.21229090920453753 -0.08505803355819748 0.973497663477588
outer loop
vertex -0.010704205236208 -0.0035458000419440003 -0.009832026020062999
vertex -0.010596502314736 -0.003552621332946 -0.009809135214712
vertex -0.010592322883266 -0.003454928607456 -0.009799688035972
endloop
endfacet
facet normal -0.21630361421042743 -0.32057529305247545 0.9221953306994273
outer loop
vertex -0.010703272313428 -0.0036386542955840003 -0.009864085372373
vertex -0.010595569391956 -0.003645475586566 -0.009841194567012
vertex -0.010596502314736 -0.003552621332946 -0.009809135214712
endloop
endfacet
facet normal 0.15560816416221945 0.8667394100494685 -0.4738659033029945
outer loop
vertex -0.010976706880878 -0.0031089484586460004 -0.010546401850807
vertex -0.0110991988653 -0.003053508136834 -0.010485220915868
vertex -0.010991495943827999 -0.003060329427826 -0.010462330110517
endloop
endfacet
facet normal -0.19594063333271844 0.15540233560672498 0.9682238286146173
outer loop
vertex -0.010592322883266 -0.003454928607456 -0.009799688035972
vertex -0.010475571072504 -0.003364896250238 -0.009790511247621
vertex -0.010583273993976001 -0.0033580749592460003 -0.009813402052972
endloop
endfacet
facet normal -0.1871140436812611 -0.7231129386439156 0.6649030099367936
outer loop
vertex -0.010374172493812001 -0.0037417376080000004 -0.009848221294309999
vertex -0.010481875415284 -0.003734916316998 -0.009871112099651
vertex -0.010471174401673 -0.003802499402208 -0.009941600415571
endloop
endfacet
facet normal -0.03549988712794993 0.8996701141686089 0.43512463006102625
outer loop
vertex -0.010404701743564001 -0.003091017667858 -0.010042342853031001
vertex -0.010533386389605999 -0.003126651588236 -0.009979164441822001
vertex -0.010425683468134 -0.003133472879238 -0.009956273636471
endloop
endfacet
facet normal -0.20774554035425216 -0.5374617167641816 0.8172984115216536
outer loop
vertex -0.010589578336756 -0.003728095026006 -0.009894002905002001
vertex -0.010481875415284 -0.003734916316998 -0.009871112099651
vertex -0.010487866470484001 -0.003652296877568 -0.009818303761661
endloop
endfacet
facet normal 0.1556081641614661 0.866739410100799 -0.47386590320935423
outer loop
vertex -0.010560684257929 -0.003087614591834 -0.010370766889103001
vertex -0.010438192273506999 -0.003143054913636 -0.010431947824042
vertex -0.010545895194968001 -0.003136233622644 -0.010454838629393
endloop
endfacet
facet normal -0.11505889833773805 -0.9599941514336764 0.25528940269122335
outer loop
vertex -0.010438367708933001 -0.0038779478604580005 -0.010118441399491
vertex -0.010330664787461 -0.00388476915146 -0.010095550594140001
vertex -0.010348682417251 -0.00385793972402 -0.01000278135051
endloop
endfacet
facet normal -0.1871140438063663 -0.723112938621723 0.6649030099257226
outer loop
vertex -0.010578877323156 -0.003795678111216 -0.009964491220922
vertex -0.010589578336756 -0.003728095026006 -0.009894002905002001
vertex -0.010686580244628001 -0.003788856820204 -0.009987382026273
endloop
endfacet
facet normal -0.18711404386172456 -0.7231129385260363 0.6649030100142077
outer loop
vertex -0.010363471480212001 -0.00380932069321 -0.00991870961021
vertex -0.010266469572328999 -0.003748558899012 -0.009825330488949
vertex -0.010374172493812001 -0.0037417376080000004 -0.009848221294309999
endloop
endfacet
facet normal -0.15560816410423375 -0.8667394101537511 0.47386590313129445
outer loop
vertex -0.010564088260217 -0.003844297142016 -0.010048562961222
vertex -0.010578877323156 -0.003795678111216 -0.009964491220922
vertex -0.010671791181677999 -0.0038374758510240003 -0.010071453766563
endloop
endfacet
facet normal -0.06782283818518095 -0.9974575093398786 0.021876464110830635
outer loop
vertex -0.010546070630416 -0.003871126569456 -0.010141332204842
vertex -0.010653773551887999 -0.003864305278454 -0.010164223010193001
vertex -0.010633574476278 -0.003867785874924 -0.010260298337483001
endloop
endfacet
facet normal -0.06782283824371547 -0.9974575093384813 0.021876463993077654
outer loop
vertex -0.010418168633324 -0.003881428456918 -0.010214516726791
vertex -0.010438367708933001 -0.0038779478604580005 -0.010118441399491
vertex -0.010525871554807002 -0.0038746071659060003 -0.010237407532132
endloop
endfacet
facet normal -0.01664514974376425 -0.9769522671621105 -0.2128079102778375
outer loop
vertex -0.010612367853087999 -0.003847715356994 -0.010354096191943
vertex -0.010504664931605 -0.003854536647996 -0.010331205386582
vertex -0.010525871554807002 -0.0038746071659060003 -0.010237407532132
endloop
endfacet
facet normal 0.035499887230642894 -0.8996701141341386 -0.43512463012391966
outer loop
vertex -0.010483683207036 -0.003812081436616 -0.010417274603141999
vertex -0.010375980285575001 -0.003818902727608 -0.010394383797791002
vertex -0.010396962010144 -0.003861357938998 -0.010308314581231
endloop
endfacet
facet normal 0.08558181356720464 -0.7701023648032853 -0.632153542195989
outer loop
vertex -0.010591386128519 -0.003805260145604 -0.010440165408493
vertex -0.010571848691418 -0.003742887590444 -0.010513503924903
vertex -0.010483683207036 -0.003812081436616 -0.010417274603141999
endloop
endfacet
facet normal 0.7371491820654748 0.594999849537508 0.3202909028220197
outer loop
vertex -0.009345307498709 -0.003289825085741 -0.009921332114887
vertex -0.009412952841692001 -0.0032067401703390003 -0.009919992092165
vertex -0.009383996662259999 -0.0032862257792560003 -0.009838975425337002
endloop
endfacet
facet normal 0.13069000930589916 -0.5957791575520007 -0.7924438887986026
outer loop
vertex -0.010571848691418 -0.003742887590444 -0.010513503924903
vertex -0.010554890982639 -0.003664222562824 -0.010569849593533
vertex -0.010464145769946 -0.0037497088814359997 -0.010490613119552
endloop
endfacet
facet normal -0.1959406332144671 0.15540233544834936 0.9682238286639677
outer loop
vertex -0.010583273993976001 -0.0033580749592460003 -0.009813402052972
vertex -0.010690976915459 -0.003351253668234 -0.009836292858313
vertex -0.010700025804738 -0.003448107316464 -0.009822578841323001
endloop
endfacet
facet normal -0.1682030061012896 0.38683129078789996 0.9066803743358829
outer loop
vertex -0.010569881535496 -0.003267689171036 -0.009849480256782001
vertex -0.010677584456968 -0.003260867880024 -0.009872371062133
vertex -0.010690976915459 -0.003351253668234 -0.009836292858313
endloop
endfacet
facet normal 0.19594063333563483 -0.15540233557553598 -0.9682238286190332
outer loop
vertex -0.010424746713386 -0.0034838044173860004 -0.010596751009002
vertex -0.010326092681204001 -0.0035874793566080003 -0.010560146186651
vertex -0.010433795602676 -0.003580658065616 -0.010583036992002
endloop
endfacet
facet normal 0.2122909091973944 0.08505803356728381 -0.973497663478352
outer loop
vertex -0.010528270203388 -0.003379290400914 -0.010610194635613001
vertex -0.010424746713386 -0.0034838044173860004 -0.010596751009002
vertex -0.010532449634858 -0.0034769831263939998 -0.010619641814353
endloop
endfacet
facet normal -0.1306900093033704 0.5957791575637206 0.7924438887902087
outer loop
vertex -0.010660626748178 -0.003182202852404 -0.009928716730763
vertex -0.010785287378439999 -0.003254046589032 -0.009895261867484
vertex -0.010677584456968 -0.003260867880024 -0.009872371062133
endloop
endfacet
facet normal -0.1682030060198369 0.386831290679545 0.9066803743972229
outer loop
vertex -0.010569881535496 -0.003267689171036 -0.009849480256782001
vertex -0.010690976915459 -0.003351253668234 -0.009836292858313
vertex -0.010583273993976001 -0.0033580749592460003 -0.009813402052972
endloop
endfacet
facet normal 0.0678228382241772 0.9974575093420591 -0.021876463890519806
outer loop
vertex -0.010491198041845999 -0.003064125858936 -0.010159031512832
vertex -0.010470998966236 -0.0030676064553860002 -0.010255106840142001
vertex -0.010598900963329 -0.003057304567924 -0.010181922318183
endloop
endfacet
facet normal -0.1959406331331758 0.15540233556270927 0.9682238286620637
outer loop
vertex -0.010484619961794 -0.003461749898468 -0.009776797230621
vertex -0.010367868151022 -0.0033717175412399996 -0.00976762044229
vertex -0.010475571072504 -0.003364896250238 -0.009790511247621
endloop
endfacet
facet normal 0.18711404370025012 0.7231129386055609 -0.6649030099731622
outer loop
vertex -0.010427491259886 -0.0032106379988559998 -0.010502436139962
vertex -0.010545895194968001 -0.003136233622644 -0.010454838629393
vertex -0.010438192273506999 -0.003143054913636 -0.010431947824042
endloop
endfacet
facet normal 0.20774554051146613 0.5374617168696779 -0.817298411412317
outer loop
vertex -0.010427491259886 -0.0032106379988559998 -0.010502436139962
vertex -0.010313797283213001 -0.003300078729288 -0.010532353672601
vertex -0.010421500204686 -0.003293257438276 -0.010555244477962002
endloop
endfacet
facet normal 0.18711404368204135 0.7231129386067141 -0.6649030099770324
outer loop
vertex -0.010427491259886 -0.0032106379988559998 -0.010502436139962
vertex -0.010438192273506999 -0.003143054913636 -0.010431947824042
vertex -0.010319788338414 -0.003217459289848 -0.010479545334611
endloop
endfacet
facet normal 0.2077455404409584 0.5374617168741436 -0.8172984114273024
outer loop
vertex -0.010427491259886 -0.0032106379988559998 -0.010502436139962
vertex -0.010421500204686 -0.003293257438276 -0.010555244477962002
vertex -0.010535194181358 -0.003203816707844 -0.010525326945313
endloop
endfacet
facet normal 0.2077455404711385 0.537461716872229 -0.81729841142089
outer loop
vertex -0.009882985597314 -0.003327363893276 -0.010440790451195999
vertex -0.009990688518787 -0.0033205426022740003 -0.010463681256558001
vertex -0.009996679573987 -0.003237923162854 -0.010410872918558
endloop
endfacet
facet normal -0.0354998872837237 0.8996701141784748 0.43512463002791857
outer loop
vertex -0.010296998822080999 -0.0030978389588400003 -0.01001945204768
vertex -0.010404701743564001 -0.003091017667858 -0.010042342853031001
vertex -0.010425683468134 -0.003133472879238 -0.009956273636471
endloop
endfacet
facet normal 0.06782283816842813 0.9974575093434194 -0.021876464001326486
outer loop
vertex -0.010383495120384 -0.003070947149938 -0.010136140707481
vertex -0.010363296044764 -0.003074427746398 -0.010232216034781002
vertex -0.010491198041845999 -0.003064125858936 -0.010159031512832
endloop
endfacet
facet normal 0.5266448144626635 -0.20597897238404256 0.824753237238388
outer loop
vertex -0.009449028760162 -0.003652609413297 -0.009690712208756001
vertex -0.009541189561467 -0.003622521530714 -0.009624348747822
vertex -0.009513820580448 -0.0036859895206250003 -0.009657676053531001
endloop
endfacet
facet normal 0.11505889823281412 0.9599941514365871 -0.25528940272756745
outer loop
vertex -0.010452981336436 -0.0030944358828260002 -0.010347876083762
vertex -0.010578701887708 -0.003060785164394 -0.010277997645483
vertex -0.010470998966236 -0.0030676064553860002 -0.010255106840142001
endloop
endfacet
facet normal 0.15560816418083623 0.8667394100515629 -0.47386590329305045
outer loop
vertex -0.010438192273506999 -0.003143054913636 -0.010431947824042
vertex -0.010452981336436 -0.0030944358828260002 -0.010347876083762
vertex -0.010330489352024 -0.0031498762046380004 -0.010409057018701
endloop
endfacet
facet normal 0.2163036141659088 0.32057529291500636 -0.9221953307576566
outer loop
vertex -0.010421500204686 -0.003293257438276 -0.010555244477962002
vertex -0.010312864360433 -0.003392932982908 -0.010564413024901001
vertex -0.010420567281916 -0.003386111691906 -0.010587303830252002
endloop
endfacet
facet normal -0.21229090898613662 -0.0850580332842182 0.9734976635491536
outer loop
vertex -0.010165690628837 -0.003579906496954 -0.009717571993308001
vertex -0.010057987707355 -0.003586727787936 -0.009694681187977
vertex -0.010053808275885 -0.0034890350624559997 -0.009685234009267001
endloop
endfacet
facet normal -0.21229090900310682 -0.08505803350447075 0.9734976635262084
outer loop
vertex -0.010488799393253 -0.0035594426239480004 -0.009786244409350999
vertex -0.010376917040312 -0.00346857118946 -0.009753906425289999
vertex -0.010484619961794 -0.003461749898468 -0.009776797230621
endloop
endfacet
facet normal 0.21630361423789177 0.32057529313943106 -0.9221953306627577
outer loop
vertex -0.010420567281916 -0.003386111691906 -0.010587303830252002
vertex -0.010528270203388 -0.003379290400914 -0.010610194635613001
vertex -0.010529203126168 -0.0032864361472939997 -0.010578135283303
endloop
endfacet
facet normal -0.03549988715699581 0.8996701141901895 0.4351246300140361
outer loop
vertex -0.010512404665036 -0.0030841963768560004 -0.010065233658392
vertex -0.010533386389605999 -0.003126651588236 -0.009979164441822001
vertex -0.010404701743564001 -0.003091017667858 -0.010042342853031001
endloop
endfacet
facet normal 0.1682030061777044 -0.3868312907386911 -0.9066803743427014
outer loop
vertex -0.010433795602676 -0.003580658065616 -0.010583036992002
vertex -0.010326092681204001 -0.0035874793566080003 -0.010560146186651
vertex -0.010339485139684 -0.003677865144828 -0.010524067982830999
endloop
endfacet
facet normal -0.08558181365944693 0.7701023647578038 0.6321535422389074
outer loop
vertex -0.010445220905234 -0.003195845434408 -0.009882935120061
vertex -0.010425683468134 -0.003133472879238 -0.009956273636471
vertex -0.010552923826706 -0.0031890241434059997 -0.009905825925412
endloop
endfacet
facet normal -0.20774554040514068 -0.5374617167151673 0.8172984115409507
outer loop
vertex -0.010487866470484001 -0.003652296877568 -0.009818303761661
vertex -0.010595569391956 -0.003645475586566 -0.009841194567012
vertex -0.010589578336756 -0.003728095026006 -0.009894002905002001
endloop
endfacet
facet normal -0.035499887195028806 0.8996701141125761 0.4351246301714081
outer loop
vertex -0.010317980546661 -0.0031402941702399997 -0.009933382831110001
vertex -0.010296998822080999 -0.0030978389588400003 -0.01001945204768
vertex -0.010425683468134 -0.003133472879238 -0.009956273636471
endloop
endfacet
facet normal 0.16820300622735615 -0.3868312906053928 -0.9066803743903614
outer loop
vertex -0.010554890982639 -0.003664222562824 -0.010569849593533
vertex -0.010662593904122 -0.003657401271822 -0.010592740398894
vertex -0.01064920144562 -0.003567015483602 -0.010628818602694
endloop
endfacet
facet normal -0.11505889833774564 -0.959994151433676 0.25528940269122175
outer loop
vertex -0.010240979495779 -0.003864761015022 -0.009979890545159
vertex -0.010348682417251 -0.00385793972402 -0.01000278135051
vertex -0.010330664787461 -0.00388476915146 -0.010095550594140001
endloop
endfacet
facet normal -0.2122909091028837 -0.08505803337781885 0.973497663515516
outer loop
vertex -0.010381096471780999 -0.00356626391494 -0.00976335360401
vertex -0.010376917040312 -0.00346857118946 -0.009753906425289999
vertex -0.010488799393253 -0.0035594426239480004 -0.009786244409350999
endloop
endfacet
facet normal -0.19594063330812725 0.15540233557378968 0.9682238286248802
outer loop
vertex -0.010484619961794 -0.003461749898468 -0.009776797230621
vertex -0.010475571072504 -0.003364896250238 -0.009790511247621
vertex -0.010592322883266 -0.003454928607456 -0.009799688035972
endloop
endfacet
facet normal -0.21630361418487717 -0.32057529311990957 0.9221953306819787
outer loop
vertex -0.010595569391956 -0.003645475586566 -0.009841194567012
vertex -0.010487866470484001 -0.003652296877568 -0.009818303761661
vertex -0.010488799393253 -0.0035594426239480004 -0.009786244409350999
endloop
endfacet
facet normal -0.19594063411041468 0.15540233564029368 0.9682238284518463
outer loop
vertex -0.010376917040312 -0.00346857118946 -0.009753906425289999
vertex -0.010260165229548 -0.0033785388322320003 -0.009744729636848
vertex -0.010367868151022 -0.0033717175412399996 -0.00976762044229
endloop
endfacet
facet normal -0.2163036141647919 -0.3205752930245532 0.9221953307198377
outer loop
vertex -0.010380163549001 -0.0036591181685700002 -0.009795412956310002
vertex -0.010381096471780999 -0.00356626391494 -0.00976335360401
vertex -0.010487866470484001 -0.003652296877568 -0.009818303761661
endloop
endfacet
facet normal -0.18711404367837864 -0.723112938629829 0.6649030099529248
outer loop
vertex -0.010481875415284 -0.003734916316998 -0.009871112099651
vertex -0.010589578336756 -0.003728095026006 -0.009894002905002001
vertex -0.010578877323156 -0.003795678111216 -0.009964491220922
endloop
endfacet
facet normal -0.20774554032584838 -0.5374617168161325 0.8172984114947102
outer loop
vertex -0.010481875415284 -0.003734916316998 -0.009871112099651
vertex -0.010374172493812001 -0.0037417376080000004 -0.009848221294309999
vertex -0.010380163549001 -0.0036591181685700002 -0.009795412956310002
endloop
endfacet
facet normal -0.20774554023611005 -0.5374617167478003 0.8172984115624563
outer loop
vertex -0.010057054784585 -0.0036795820415559998 -0.009726740540277
vertex -0.010164757706057 -0.0036727607505740003 -0.009749631345618001
vertex -0.010158766650857 -0.0037553801899939997 -0.009802439683597999
endloop
endfacet
facet normal -0.18711404365788192 -0.7231129386453963 0.6649030099417625
outer loop
vertex -0.010471174401673 -0.003802499402208 -0.009941600415571
vertex -0.010481875415284 -0.003734916316998 -0.009871112099651
vertex -0.010578877323156 -0.003795678111216 -0.009964491220922
endloop
endfacet
facet normal -0.1682030053749556 0.38683128953158485 0.9066803750066303
outer loop
vertex -0.009923664006642999 -0.003308616917028 -0.009712135424715999
vertex -0.010031366928124 -0.003301795626016 -0.009735026229956001
vertex -0.010044759386606 -0.003392181414246 -0.009698948026267001
endloop
endfacet
facet normal -0.06782283807017526 -0.997457509349422 0.02187646403224686
outer loop
vertex -0.010222961865989 -0.003891590442452 -0.010072659788789
vertex -0.010310465711862 -0.00388824974792 -0.01019162592143
vertex -0.01020276279038 -0.0038950710389120003 -0.010168735116079
endloop
endfacet
facet normal -0.15560816434504007 -0.866739410029438 0.4738659032795974
outer loop
vertex -0.010456385338734 -0.0038511184330280003 -0.010025672155861
vertex -0.010471174401673 -0.003802499402208 -0.009941600415571
vertex -0.010564088260217 -0.003844297142016 -0.010048562961222
endloop
endfacet
facet normal -0.11505889823486486 -0.959994151465746 0.25528940261699357
outer loop
vertex -0.010330664787461 -0.00388476915146 -0.010095550594140001
vertex -0.010222961865989 -0.003891590442452 -0.010072659788789
vertex -0.010240979495779 -0.003864761015022 -0.009979890545159
endloop
endfacet
facet normal 0.08558181365391053 -0.7701023648025708 -0.6321535421851211
outer loop
vertex -0.010052871521137 -0.003839366600604 -0.010325711381738
vertex -0.010033334084047 -0.003776994045444 -0.010399049898148001
vertex -0.009945168599676 -0.0038461878916060004 -0.010302820576387001
endloop
endfacet
facet normal -0.0678228381369711 -0.9974575093474668 0.02187646391431103
outer loop
vertex -0.010525871554807002 -0.0038746071659060003 -0.010237407532132
vertex -0.010438367708933001 -0.0038779478604580005 -0.010118441399491
vertex -0.010546070630416 -0.003871126569456 -0.010141332204842
endloop
endfacet
facet normal -0.11505889834015108 -0.9599941514300967 0.25528940270359723
outer loop
vertex -0.010546070630416 -0.003871126569456 -0.010141332204842
vertex -0.010564088260217 -0.003844297142016 -0.010048562961222
vertex -0.010653773551887999 -0.003864305278454 -0.010164223010193001
endloop
endfacet
facet normal 0.08558181374492586 -0.7701023647068151 -0.6321535422894506
outer loop
vertex -0.010464145769946 -0.0037497088814359997 -0.010490613119552
vertex -0.010483683207036 -0.003812081436616 -0.010417274603141999
vertex -0.010571848691418 -0.003742887590444 -0.010513503924903
endloop
endfacet
facet normal 0.1556081640903675 0.8667394100572926 -0.47386590331227846
outer loop
vertex -0.010438192273506999 -0.003143054913636 -0.010431947824042
vertex -0.010560684257929 -0.003087614591834 -0.010370766889103001
vertex -0.010452981336436 -0.0030944358828260002 -0.010347876083762
endloop
endfacet
facet normal 0.2122909092049217 0.08505803356681081 -0.9734976634767517
outer loop
vertex -0.010209340870430999 -0.0034974469993900004 -0.01055096939829
vertex -0.010317043791903 -0.003490625708388 -0.010573860203641
vertex -0.010312864360433 -0.003392932982908 -0.010564413024901001
endloop
endfacet
facet normal 0.16608726759255193 -0.3830719174327871 -0.9086643635677631
outer loop
vertex -0.009679956852441 -0.003629452338452 -0.010422728577785
vertex -0.009693446853803 -0.0037210865324709998 -0.010386563443268
vertex -0.00978758361804 -0.003621656769454 -0.010445687218861001
endloop
endfacet
facet normal 0.1959406333294995 -0.1554023354931003 -0.9682238286335059
outer loop
vertex -0.010317043791903 -0.003490625708388 -0.010573860203641
vertex -0.010209340870430999 -0.0034974469993900004 -0.01055096939829
vertex -0.010218389759721 -0.00359430064761 -0.010537255381299999
endloop
endfacet
facet normal 0.06782283806949113 0.9974575093496857 -0.021876464022354214
outer loop
vertex -0.010255593123281 -0.0030812490373900003 -0.010209325229419999
vertex -0.010363296044764 -0.003074427746398 -0.010232216034781002
vertex -0.010383495120384 -0.003070947149938 -0.010136140707481
endloop
endfacet
facet normal -0.15560816412391318 -0.8667394101265936 0.4738659031745058
outer loop
vertex -0.010363471480212001 -0.00380932069321 -0.00991870961021
vertex -0.010456385338734 -0.0038511184330280003 -0.010025672155861
vertex -0.010348682417251 -0.00385793972402 -0.01000278135051
endloop
endfacet
facet normal 0.16820300632013194 -0.38683129055719306 -0.9066803743937144
outer loop
vertex -0.010218389759721 -0.00359430064761 -0.010537255381299999
vertex -0.010110686838249 -0.0036011219385920002 -0.010514364575939
vertex -0.01012407929674 -0.0036915077268220003 -0.010478286372139
endloop
endfacet
facet normal 0.1871140436706155 0.7231129385972045 -0.6649030099905902
outer loop
vertex -0.010319788338414 -0.003217459289848 -0.010479545334611
vertex -0.010438192273506999 -0.003143054913636 -0.010431947824042
vertex -0.010330489352024 -0.0031498762046380004 -0.010409057018701
endloop
endfacet
facet normal 0.21630361415627636 0.3205752931445694 -0.9221953306801146
outer loop
vertex -0.010313797283213001 -0.003300078729288 -0.010532353672601
vertex -0.010206094361741 -0.00330690002028 -0.010509462867250002
vertex -0.010205161438961 -0.0033997542739000004 -0.01054152221956
endloop
endfacet
facet normal 0.20774554035746207 0.5374617167199439 -0.8172984115499288
outer loop
vertex -0.010427491259886 -0.0032106379988559998 -0.010502436139962
vertex -0.010319788338414 -0.003217459289848 -0.010479545334611
vertex -0.010313797283213001 -0.003300078729288 -0.010532353672601
endloop
endfacet
facet normal -0.016645149855608023 -0.9769522671601555 -0.21280791027806398
outer loop
vertex -0.010181556167189 -0.003875000521002 -0.010262532970539001
vertex -0.01020276279038 -0.0038950710389120003 -0.010168735116079
vertex -0.010289259088662 -0.00386817922999 -0.01028542377589
endloop
endfacet
facet normal 0.18711404368367812 0.7231129385963772 -0.6649030099878138
outer loop
vertex -0.010212085416942 -0.00322428058084 -0.01045665452926
vertex -0.010319788338414 -0.003217459289848 -0.010479545334611
vertex -0.010330489352024 -0.0031498762046380004 -0.010409057018701
endloop
endfacet
facet normal 0.11505889835054041 0.9599941514291309 -0.25528940270254635
outer loop
vertex -0.010452981336436 -0.0030944358828260002 -0.010347876083762
vertex -0.010470998966236 -0.0030676064553860002 -0.010255106840142001
vertex -0.010345278414974 -0.003101257173828 -0.010324985278411001
endloop
endfacet
facet normal -0.207745540381583 -0.5374617167624507 0.8172984115158448
outer loop
vertex -0.010380163549001 -0.0036591181685700002 -0.009795412956310002
vertex -0.010487866470484001 -0.003652296877568 -0.009818303761661
vertex -0.010481875415284 -0.003734916316998 -0.009871112099651
endloop
endfacet
facet normal -0.13069000924139862 0.5957791576252727 0.7924438887541526
outer loop
vertex -0.010462178614023999 -0.0032745104620180003 -0.009826589451431
vertex -0.010354475692541 -0.00328133175303 -0.009803698646070001
vertex -0.010337517983751002 -0.0032026667254099997 -0.009860044314710001
endloop
endfacet
facet normal -0.1959406334183921 0.15540233561215314 0.9682238285964083
outer loop
vertex -0.011337194444302 -0.003310325922252 -0.009973637690429
vertex -0.011346243333592 -0.0034071795704620003 -0.009959923673428999
vertex -0.01122949152283 -0.003317147213244 -0.009950746885068
endloop
endfacet
facet normal 0.016645149848876283 0.9769522671346247 0.2128079103957965
outer loop
vertex -0.010168089277429999 -0.0030845897319320002 -0.010090359096788999
vertex -0.010275792198902 -0.00307776844092 -0.01011324990213
vertex -0.010296998822080999 -0.0030978389588400003 -0.01001945204768
endloop
endfacet
facet normal 0.15560816422564772 0.8667394100882765 -0.47386590321118316
outer loop
vertex -0.010345278414974 -0.003101257173828 -0.010324985278411001
vertex -0.010222786430552001 -0.00315669749564 -0.01038616621335
vertex -0.010330489352024 -0.0031498762046380004 -0.010409057018701
endloop
endfacet
facet normal -0.08558181371463164 0.770102364761299 0.6321535422271787
outer loop
vertex -0.010317980546661 -0.0031402941702399997 -0.009933382831110001
vertex -0.010425683468134 -0.003133472879238 -0.009956273636471
vertex -0.010445220905234 -0.003195845434408 -0.009882935120061
endloop
endfacet
facet normal 0.7924585315842986 0.4991856637722039 0.350461337102342
outer loop
vertex -0.009312298468524001 -0.003366618599651 -0.009886589527513999
vertex -0.009345307498709 -0.003289825085741 -0.009921332114887
vertex -0.009383996662259999 -0.0032862257792560003 -0.009838975425337002
endloop
endfacet
facet normal -0.08558181378900666 0.7701023647639752 0.6321535422138495
outer loop
vertex -0.010102574703707 -0.003153936752234 -0.009887601220418001
vertex -0.010229815062268999 -0.003209488016412 -0.009837153509369
vertex -0.010122112140796 -0.003216309307404 -0.009814262704007
endloop
endfacet
facet normal -0.13069000934562294 0.5957791576156206 0.7924438887442203
outer loop
vertex -0.010462178614023999 -0.0032745104620180003 -0.009826589451431
vertex -0.010445220905234 -0.003195845434408 -0.009882935120061
vertex -0.010569881535496 -0.003267689171036 -0.009849480256782001
endloop
endfacet
facet normal -0.16820300602921467 0.38683129042459524 0.9066803745042563
outer loop
vertex -0.01024677277107 -0.003288153044032 -0.009780807840739
vertex -0.010354475692541 -0.00328133175303 -0.009803698646070001
vertex -0.010367868151022 -0.0033717175412399996 -0.00976762044229
endloop
endfacet
facet normal -0.15814170227950927 -0.8665759971917725 0.47332572620894403
outer loop
vertex -0.009932684329685 -0.003836919873975 -0.009827124522766
vertex -0.010040362715775 -0.003829784566206 -0.009850037194166
vertex -0.010025573652835 -0.0038784035970259997 -0.009934108934457002
endloop
endfacet
facet normal -0.16820300618567754 0.38683129065348065 0.9066803743775771
outer loop
vertex -0.010354475692541 -0.00328133175303 -0.009803698646070001
vertex -0.010462178614023999 -0.0032745104620180003 -0.009826589451431
vertex -0.010475571072504 -0.003364896250238 -0.009790511247621
endloop
endfacet
facet normal 0.08558181363535697 -0.7701023648076016 -0.6321535421815042
outer loop
vertex -0.010679551612901 -0.0037360662994420004 -0.010536394730254
vertex -0.010571848691418 -0.003742887590444 -0.010513503924903
vertex -0.010591386128519 -0.003805260145604 -0.010440165408493
endloop
endfacet
facet normal -0.1682030061902857 0.38683129065377253 0.9066803743765977
outer loop
vertex -0.010583273993976001 -0.0033580749592460003 -0.009813402052972
vertex -0.010475571072504 -0.003364896250238 -0.009790511247621
vertex -0.010462178614023999 -0.0032745104620180003 -0.009826589451431
endloop
endfacet
facet normal -0.21229090926720734 -0.08505803348774413 0.9734976634700775
outer loop
vertex -0.010596502314736 -0.003552621332946 -0.009809135214712
vertex -0.010488799393253 -0.0035594426239480004 -0.009786244409350999
vertex -0.010484619961794 -0.003461749898468 -0.009776797230621
endloop
endfacet
facet normal 0.19594063330840286 -0.1554023355135251 -0.968223828634497
outer loop
vertex -0.010218389759721 -0.00359430064761 -0.010537255381299999
vertex -0.010326092681204001 -0.0035874793566080003 -0.010560146186651
vertex -0.010317043791903 -0.003490625708388 -0.010573860203641
endloop
endfacet
facet normal -0.18711404382025296 -0.7231129385707161 0.6649030099772869
outer loop
vertex -0.010158766650857 -0.0037553801899939997 -0.009802439683597999
vertex -0.010148065637257 -0.0038229632752140004 -0.009872927999518
vertex -0.010051063729385 -0.003762201481006 -0.009779548878246001
endloop
endfacet
facet normal 0.1959406331893536 -0.15540233571715553 -0.968223828625906
outer loop
vertex -0.010433795602676 -0.003580658065616 -0.010583036992002
vertex -0.010541498524158999 -0.0035738367746040002 -0.010605927797343
vertex -0.010532449634858 -0.0034769831263939998 -0.010619641814353
endloop
endfacet
facet normal -0.19594063245182175 0.15540233453628752 0.9682238289646934
outer loop
vertex -0.010152462308078 -0.003385360123244 -0.009721838831608001
vertex -0.010260165229548 -0.0033785388322320003 -0.009744729636848
vertex -0.01026921411884 -0.0034753924804620004 -0.009731015619949
endloop
endfacet
facet normal -0.19594063314547355 0.1554023355791798 0.9682238286569316
outer loop
vertex -0.010376917040312 -0.00346857118946 -0.009753906425289999
vertex -0.010367868151022 -0.0033717175412399996 -0.00976762044229
vertex -0.010484619961794 -0.003461749898468 -0.009776797230621
endloop
endfacet
facet normal -0.21630361407488916 -0.32057529312687555 0.9221953307053551
outer loop
vertex -0.010381096471780999 -0.00356626391494 -0.00976335360401
vertex -0.010488799393253 -0.0035594426239480004 -0.009786244409350999
vertex -0.010487866470484001 -0.003652296877568 -0.009818303761661
endloop
endfacet
facet normal 0.16820300613810113 -0.38683129077275485 -0.9066803743355154
outer loop
vertex -0.010339485139684 -0.003677865144828 -0.010524067982830999
vertex -0.010447188061156 -0.003671043853826 -0.010546958788182
vertex -0.010433795602676 -0.003580658065616 -0.010583036992002
endloop
endfacet
facet normal 0.19594063339408027 -0.15540233551895144 -0.9682238286162873
outer loop
vertex -0.010326092681204001 -0.0035874793566080003 -0.010560146186651
vertex -0.010424746713386 -0.0034838044173860004 -0.010596751009002
vertex -0.010317043791903 -0.003490625708388 -0.010573860203641
endloop
endfacet
facet normal 0.0354998870859946 -0.8996701141659517 -0.43512463006994334
outer loop
vertex -0.010375980285575001 -0.003818902727608 -0.010394383797791002
vertex -0.010268277364092 -0.00382572401861 -0.01037149299245
vertex -0.010289259088662 -0.00386817922999 -0.01028542377589
endloop
endfacet
facet normal -0.20774554027827907 -0.5374617168191456 0.8172984115048204
outer loop
vertex -0.010272460627529 -0.003665939459562 -0.009772522150969
vertex -0.010380163549001 -0.0036591181685700002 -0.009795412956310002
vertex -0.010374172493812001 -0.0037417376080000004 -0.009848221294309999
endloop
endfacet
facet normal -0.13069000973511344 0.5957791586105771 0.7924438879319525
outer loop
vertex -0.010139069849587 -0.003294974335024 -0.009757917035398
vertex -0.010031366928124 -0.003301795626016 -0.009735026229956001
vertex -0.010014409219336001 -0.003223130598416 -0.009791371898727001
endloop
endfacet
facet normal -0.16820300598148447 0.38683129140479083 0.9066803740949146
outer loop
vertex -0.010139069849587 -0.003294974335024 -0.009757917035398
vertex -0.01024677277107 -0.003288153044032 -0.009780807840739
vertex -0.010260165229548 -0.0033785388322320003 -0.009744729636848
endloop
endfacet
facet normal -0.20774554051321922 -0.5374617165928579 0.8172984115939104
outer loop
vertex -0.010374172493812001 -0.0037417376080000004 -0.009848221294309999
vertex -0.010266469572328999 -0.003748558899012 -0.009825330488949
vertex -0.010272460627529 -0.003665939459562 -0.009772522150969
endloop
endfacet
facet normal -0.18711404383416808 -0.7231129385277815 0.6649030100200644
outer loop
vertex -0.010363471480212001 -0.00380932069321 -0.00991870961021
vertex -0.010374172493812001 -0.0037417376080000004 -0.009848221294309999
vertex -0.010471174401673 -0.003802499402208 -0.009941600415571
endloop
endfacet
facet normal -0.21229090915118182 -0.08505803415357094 0.9734976634372035
outer loop
vertex -0.010165690628837 -0.003579906496954 -0.009717571993308001
vertex -0.010161511197366 -0.003482213771454 -0.009708124814507
vertex -0.010273393550309 -0.003573085205942 -0.009740462798649001
endloop
endfacet
facet normal -0.06782283816398174 -0.9974575093435312 0.021876464010023987
outer loop
vertex -0.010418168633324 -0.003881428456918 -0.010214516726791
vertex -0.010330664787461 -0.00388476915146 -0.010095550594140001
vertex -0.010438367708933001 -0.0038779478604580005 -0.010118441399491
endloop
endfacet
facet normal 0.06782283800107612 0.997457509351709 -0.021876464142205516
outer loop
vertex -0.010255593123281 -0.0030812490373900003 -0.010209325229419999
vertex -0.010383495120384 -0.003070947149938 -0.010136140707481
vertex -0.010275792198902 -0.00307776844092 -0.01011324990213
endloop
endfacet
facet normal 0.03549988712372289 -0.8996701141699486 -0.43512463005860147
outer loop
vertex -0.010612367853087999 -0.003847715356994 -0.010354096191943
vertex -0.010720070774571001 -0.003840894065992 -0.010376986997294
vertex -0.010699089049991001 -0.003798438854612 -0.010463056213853999
endloop
endfacet
facet normal 0.19594063330785436 -0.15540233572466072 -0.9682238286007201
outer loop
vertex -0.01064015255633 -0.003470161835392 -0.010642532619704
vertex -0.010532449634858 -0.0034769831263939998 -0.010619641814353
vertex -0.010541498524158999 -0.0035738367746040002 -0.010605927797343
endloop
endfacet
facet normal -0.06782283807759176 -0.997457509348798 0.021876464037719482
outer loop
vertex -0.010310465711862 -0.00388824974792 -0.01019162592143
vertex -0.010222961865989 -0.003891590442452 -0.010072659788789
vertex -0.010330664787461 -0.00388476915146 -0.010095550594140001
endloop
endfacet
facet normal -0.06782283826684665 -0.9974575093347067 0.021876464093473706
outer loop
vertex -0.010653773551887999 -0.003864305278454 -0.010164223010193001
vertex -0.010741277397761 -0.003860964583912 -0.010283189142834001
vertex -0.010633574476278 -0.003867785874924 -0.010260298337483001
endloop
endfacet
facet normal -0.016645149656931587 -0.9769522671290509 -0.2128079104363977
outer loop
vertex -0.010310465711862 -0.00388824974792 -0.01019162592143
vertex -0.010396962010144 -0.003861357938998 -0.010308314581231
vertex -0.010289259088662 -0.00386817922999 -0.01028542377589
endloop
endfacet
facet normal 0.1306900093186041 -0.5957791575528092 -0.7924438887958997
outer loop
vertex -0.010248739927002 -0.0037633514634399998 -0.01044483150885
vertex -0.010356442848463002 -0.003756530172448 -0.010467722314200999
vertex -0.010339485139684 -0.003677865144828 -0.010524067982830999
endloop
endfacet
facet normal 0.16820300613174408 -0.3868312907041091 -0.9066803743659821
outer loop
vertex -0.010326092681204001 -0.0035874793566080003 -0.010560146186651
vertex -0.010218389759721 -0.00359430064761 -0.010537255381299999
vertex -0.010231782218212 -0.0036846864358200003 -0.01050117717749
endloop
endfacet
facet normal 0.21229090920907134 0.08505803355791407 -0.9734976634766243
outer loop
vertex -0.009989755596017 -0.0034133968559040004 -0.010495740608858
vertex -0.009993935027487 -0.0035110895813940004 -0.010505187787598
vertex -0.010097458517478 -0.0034065755649120002 -0.010518631414208
endloop
endfacet
facet normal 0.19594063344268178 -0.1554023355002686 -0.9682238286094504
outer loop
vertex -0.010209340870430999 -0.0034974469993900004 -0.01055096939829
vertex -0.010110686838249 -0.0036011219385920002 -0.010514364575939
vertex -0.010218389759721 -0.00359430064761 -0.010537255381299999
endloop
endfacet
facet normal 0.2077455403779381 0.5374617168128596 -0.8172984114836221
outer loop
vertex -0.010104382495458999 -0.003231101871842 -0.010433763723908999
vertex -0.01009839144027 -0.003313721311272 -0.010486572061909
vertex -0.010212085416942 -0.00322428058084 -0.01045665452926
endloop
endfacet
facet normal -0.1306900093768303 0.5957791575802531 0.7924438887656639
outer loop
vertex -0.010122112140796 -0.003216309307404 -0.009814262704007
vertex -0.010229815062268999 -0.003209488016412 -0.009837153509369
vertex -0.01024677277107 -0.003288153044032 -0.009780807840739
endloop
endfacet
facet normal 0.11505889823870688 0.9599941514440532 -0.2552894026968356
outer loop
vertex -0.011314604708255 -0.00303986555484 -0.010531002526571
vertex -0.011332622338034 -0.0030130361274 -0.01043823328293
vertex -0.011206901786772002 -0.0030466868458319998 -0.010508111721220001
endloop
endfacet
facet normal 0.21229090910666926 0.085058033465596 -0.9734976635070212
outer loop
vertex -0.010205161438961 -0.0033997542739000004 -0.01054152221956
vertex -0.010209340870430999 -0.0034974469993900004 -0.01055096939829
vertex -0.010312864360433 -0.003392932982908 -0.010564413024901001
endloop
endfacet
facet normal 0.06782283822820075 0.9974575093418747 -0.021876463886451446
outer loop
vertex -0.010275792198902 -0.00307776844092 -0.01011324990213
vertex -0.010168089277429999 -0.0030845897319320002 -0.010090359096788999
vertex -0.010147890201809 -0.003088070328382 -0.010186434424079
endloop
endfacet
facet normal 0.21630361407794985 0.3205752930153121 -0.9221953307434191
outer loop
vertex -0.010206094361741 -0.00330690002028 -0.010509462867250002
vertex -0.01009839144027 -0.003313721311272 -0.010486572061909
vertex -0.010097458517478 -0.0034065755649120002 -0.010518631414208
endloop
endfacet
facet normal 0.1682030060974479 -0.38683129073360806 -0.9066803743597589
outer loop
vertex -0.010339485139684 -0.003677865144828 -0.010524067982830999
vertex -0.010326092681204001 -0.0035874793566080003 -0.010560146186651
vertex -0.010231782218212 -0.0036846864358200003 -0.01050117717749
endloop
endfacet
facet normal 0.15560816422565124 0.8667394100882787 -0.473865903211178
outer loop
vertex -0.010237575493502 -0.0031080784648300002 -0.01030209447306
vertex -0.010222786430552001 -0.00315669749564 -0.01038616621335
vertex -0.010345278414974 -0.003101257173828 -0.010324985278411001
endloop
endfacet
facet normal 0.1682030061481187 -0.38683129070514616 -0.9066803743625019
outer loop
vertex -0.01012407929674 -0.0036915077268220003 -0.010478286372139
vertex -0.010231782218212 -0.0036846864358200003 -0.01050117717749
vertex -0.010218389759721 -0.00359430064761 -0.010537255381299999
endloop
endfacet
facet normal 0.016645149766255612 0.9769522670960952 0.21280791057913925
outer loop
vertex -0.010081592979137 -0.0031114815408640004 -0.009973670436978001
vertex -0.010060386355947 -0.003091411022924 -0.010067468291428
vertex -0.01018929590062 -0.003104660249852 -0.009996561242339
endloop
endfacet
facet normal 0.08558181375323438 -0.7701023647073416 -0.6321535422876846
outer loop
vertex -0.010375980285575001 -0.003818902727608 -0.010394383797791002
vertex -0.010483683207036 -0.003812081436616 -0.010417274603141999
vertex -0.010464145769946 -0.0037497088814359997 -0.010490613119552
endloop
endfacet
facet normal -0.01664514972151465 -0.9769522671379328 -0.21280791039057192
outer loop
vertex -0.010310465711862 -0.00388824974792 -0.01019162592143
vertex -0.010418168633324 -0.003881428456918 -0.010214516726791
vertex -0.010396962010144 -0.003861357938998 -0.010308314581231
endloop
endfacet
facet normal 0.1556081641337959 0.8667394100940963 -0.4738659032307006
outer loop
vertex -0.010222786430552001 -0.00315669749564 -0.01038616621335
vertex -0.010237575493502 -0.0031080784648300002 -0.01030209447306
vertex -0.010115083509069001 -0.0031635187866319997 -0.010363275407998999
endloop
endfacet
facet normal 0.1871140436654612 0.7231129385975288 -0.6649030099916877
outer loop
vertex -0.010104382495458999 -0.003231101871842 -0.010433763723908999
vertex -0.010222786430552001 -0.00315669749564 -0.01038616621335
vertex -0.010115083509069001 -0.0031635187866319997 -0.010363275407998999
endloop
endfacet
facet normal -0.035499887042168506 0.8996701141028947 0.4351246302038965
outer loop
vertex -0.010296998822080999 -0.0030978389588400003 -0.01001945204768
vertex -0.010317980546661 -0.0031402941702399997 -0.009933382831110001
vertex -0.01018929590062 -0.003104660249852 -0.009996561242339
endloop
endfacet
facet normal 0.1150588982301918 0.9599941514404865 -0.25528940271408535
outer loop
vertex -0.010129872572019 -0.003114899755822 -0.010279203667709
vertex -0.010255593123281 -0.0030812490373900003 -0.010209325229419999
vertex -0.010147890201809 -0.003088070328382 -0.010186434424079
endloop
endfacet
facet normal -0.0354998871596729 0.8996701141901985 0.4351246300137994
outer loop
vertex -0.01018929590062 -0.003104660249852 -0.009996561242339
vertex -0.010317980546661 -0.0031402941702399997 -0.009933382831110001
vertex -0.010210277625189002 -0.003147115461232 -0.009910492025769001
endloop
endfacet
facet normal 0.21630361427373107 0.32057529301765725 -0.9221953306966828
outer loop
vertex -0.009882985597314 -0.003327363893276 -0.010440790451195999
vertex -0.009882052674534 -0.003420218146906 -0.010472849803496
vertex -0.009990688518787 -0.0033205426022740003 -0.010463681256558001
endloop
endfacet
facet normal -0.035499887073994374 0.899670114184772 0.43512463003200913
outer loop
vertex -0.010210277625189002 -0.003147115461232 -0.009910492025769001
vertex -0.010081592979137 -0.0031114815408640004 -0.009973670436978001
vertex -0.01018929590062 -0.003104660249852 -0.009996561242339
endloop
endfacet
facet normal 0.6260941390769258 0.1952990120694408 -0.7548936513829106
outer loop
vertex -0.009451240988646 -0.003447503310914 -0.010381286582102
vertex -0.009402060054504 -0.003376736262749 -0.010322188682507002
vertex -0.009381402369498 -0.003458932751803 -0.010326320705068
endloop
endfacet
facet normal -0.21229090911042967 -0.08505803337734091 0.9734976635139123
outer loop
vertex -0.01026921411884 -0.0034753924804620004 -0.009731015619949
vertex -0.010376917040312 -0.00346857118946 -0.009753906425289999
vertex -0.010381096471780999 -0.00356626391494 -0.00976335360401
endloop
endfacet
facet normal -0.21229090996081798 -0.08505803312585815 0.9734976633504409
outer loop
vertex -0.010161511197366 -0.003482213771454 -0.009708124814507
vertex -0.01026921411884 -0.0034753924804620004 -0.009731015619949
vertex -0.010273393550309 -0.003573085205942 -0.009740462798649001
endloop
endfacet
facet normal -0.03549988711816749 0.8996701141875714 0.43512463002261736
outer loop
vertex -0.011287306839931 -0.003078902551242 -0.010139400079279
vertex -0.011179603918470001 -0.003085723842244 -0.010116509273929
vertex -0.011158622193901 -0.003043268630864 -0.010202578490499001
endloop
endfacet
facet normal -0.195940633327518 0.15540233459174915 0.9682238287785759
outer loop
vertex -0.01026921411884 -0.0034753924804620004 -0.009731015619949
vertex -0.010260165229548 -0.0033785388322320003 -0.009744729636848
vertex -0.010376917040312 -0.00346857118946 -0.009753906425289999
endloop
endfacet
facet normal -0.1682030052567522 0.3868312904406931 0.9066803746406917
outer loop
vertex -0.010152462308078 -0.003385360123244 -0.009721838831608001
vertex -0.010139069849587 -0.003294974335024 -0.009757917035398
vertex -0.010260165229548 -0.0033785388322320003 -0.009744729636848
endloop
endfacet
facet normal 0.6539101908008536 -0.13317639188468264 0.7447586931425297
outer loop
vertex -0.009353877093283 -0.0035940722779 -0.009763789409011
vertex -0.009416634636545 -0.0035192197750230003 -0.009695302281818
vertex -0.009449028760162 -0.003652609413297 -0.009690712208756001
endloop
endfacet
facet normal -0.07109887630441707 -0.997244382364134 0.02117998185613134
outer loop
vertex -0.009899881906417001 -0.0039124229753559996 -0.010003961701701
vertex -0.010007556023034 -0.003905233024456 -0.010026878178086
vertex -0.009987356947425 -0.003908713620916 -0.010122953505376
endloop
endfacet
facet normal -0.21630361426746553 -0.3205752930180505 0.9221953306980157
outer loop
vertex -0.010273393550309 -0.003573085205942 -0.009740462798649001
vertex -0.010381096471780999 -0.00356626391494 -0.00976335360401
vertex -0.010380163549001 -0.0036591181685700002 -0.009795412956310002
endloop
endfacet
facet normal -0.1959406341074204 0.15540233563403472 0.9682238284534569
outer loop
vertex -0.009937056465122 -0.003399002705228 -0.009676057220824999
vertex -0.010044759386606 -0.003392181414246 -0.009698948026267001
vertex -0.010053808275885 -0.0034890350624559997 -0.009685234009267001
endloop
endfacet
facet normal -0.21630361407379622 -0.3205752932384743 0.9221953306668172
outer loop
vertex -0.010380163549001 -0.0036591181685700002 -0.009795412956310002
vertex -0.010272460627529 -0.003665939459562 -0.009772522150969
vertex -0.010273393550309 -0.003573085205942 -0.009740462798649001
endloop
endfacet
facet normal -0.0354998871949561 0.8996701141925937 0.4351246300059682
outer loop
vertex -0.010512404665036 -0.0030841963768560004 -0.010065233658392
vertex -0.010641089311088 -0.003119830297244 -0.010002055247173
vertex -0.010533386389605999 -0.003126651588236 -0.009979164441822001
endloop
endfacet
facet normal -0.18934001063090994 -0.7226669368648303 0.6647577443976791
outer loop
vertex -0.009932684329685 -0.003836919873975 -0.009827124522766
vertex -0.009943380984457 -0.003769281002169 -0.009756640091456
vertex -0.010040362715775 -0.003829784566206 -0.009850037194166
endloop
endfacet
facet normal 0.20774554035746123 0.537461716719956 -0.8172984115499211
outer loop
vertex -0.010206094361741 -0.00330690002028 -0.010509462867250002
vertex -0.010319788338414 -0.003217459289848 -0.010479545334611
vertex -0.010212085416942 -0.00322428058084 -0.01045665452926
endloop
endfacet
facet normal -0.18711404372351198 -0.7231129386310098 0.6649030099389391
outer loop
vertex -0.010255768558729 -0.003816141984212 -0.009895818804859
vertex -0.010266469572328999 -0.003748558899012 -0.009825330488949
vertex -0.010363471480212001 -0.00380932069321 -0.00991870961021
endloop
endfacet
facet normal -0.067822838250924 -0.9974575093380246 0.021876463991550906
outer loop
vertex -0.011064386162177 -0.003840500710916 -0.010351861558887
vertex -0.010956683240706 -0.003847322001928 -0.010328970753546001
vertex -0.010976882316315 -0.003843841405468 -0.010232895426245999
endloop
endfacet
facet normal 0.03549988722791895 -0.8996701141339608 -0.4351246301245093
outer loop
vertex -0.0111299007359 -0.003771153690614 -0.010554619435249001
vertex -0.011022197814418001 -0.003777974981606 -0.010531728629897
vertex -0.011043179538987 -0.0038204301929960004 -0.010445659413337
endloop
endfacet
facet normal 0.035499887176313666 -0.8996701141519312 -0.4351246300915637
outer loop
vertex -0.0111299007359 -0.003771153690614 -0.010554619435249001
vertex -0.011043179538987 -0.0038204301929960004 -0.010445659413337
vertex -0.01115088246047 -0.003813608901994 -0.010468550218699002
endloop
endfacet
facet normal -0.21229090921703614 -0.08505803354233309 0.9734976634762487
outer loop
vertex -0.011135016922118001 -0.003518514877946 -0.009923589241467001
vertex -0.011130837490636999 -0.0034208221524660003 -0.009914142062727001
vertex -0.011242719843579 -0.003511693586954 -0.009946480046818
endloop
endfacet
facet normal -0.0678228381370132 -0.9974575093474799 0.021876463913591555
outer loop
vertex -0.01117208908366 -0.0038336794199140003 -0.010374752364239001
vertex -0.011064386162177 -0.003840500710916 -0.010351861558887
vertex -0.011084585237787 -0.003837020114466 -0.010255786231597
endloop
endfacet
facet normal -0.1556081641586755 -0.8667394101243979 0.47386590316710664
outer loop
vertex -0.011102602867577 -0.003810190687026 -0.010163016987977001
vertex -0.011117391930538 -0.0037615716562160004 -0.010078945247677
vertex -0.01121030578906 -0.003803369396024 -0.010185907793318
endloop
endfacet
facet normal -0.11505889837630863 -0.9599941514244364 0.2552894027085854
outer loop
vertex -0.010994899946116 -0.003817011978028 -0.010140126182616
vertex -0.011102602867577 -0.003810190687026 -0.010163016987977001
vertex -0.011084585237787 -0.003837020114466 -0.010255786231597
endloop
endfacet
facet normal 0.2077455403263511 0.5374617164082486 -0.81729841176281
outer loop
vertex -0.011181411710222 -0.003162888961842 -0.01066267177742
vertex -0.011067717733548999 -0.003252329692284 -0.010692589310028
vertex -0.011175420655010999 -0.0032455084012920003 -0.010715480115368999
endloop
endfacet
facet normal 0.19594063325075345 -0.1554023355801539 -0.9682238286354695
outer loop
vertex -0.010972310210058 -0.0035465516106160003 -0.010697491018788
vertex -0.010963261320758 -0.0034496979623859997 -0.010711205035787
vertex -0.010864607288587002 -0.003553372901608 -0.010674600213447
endloop
endfacet
facet normal 0.21630361420012706 0.3205752931417921 -0.9221953306707947
outer loop
vertex -0.010097458517478 -0.0034065755649120002 -0.010518631414208
vertex -0.010205161438961 -0.0033997542739000004 -0.01054152221956
vertex -0.010206094361741 -0.00330690002028 -0.010509462867250002
endloop
endfacet
facet normal 0.2122909091928133 0.08505803346014014 -0.9734976634887126
outer loop
vertex -0.010205161438961 -0.0033997542739000004 -0.01054152221956
vertex -0.010101637948959 -0.003504268290382 -0.010528078592939
vertex -0.010209340870430999 -0.0034974469993900004 -0.01055096939829
endloop
endfacet
facet normal -0.03549988710302024 0.8996701141260474 0.4351246301510614
outer loop
vertex -0.010964198075515 -0.0030993664242380003 -0.010070727663226
vertex -0.010856495154032 -0.00310618771525 -0.010047836857865
vertex -0.010835513429463 -0.0030637325038599997 -0.010133906074424999
endloop
endfacet
facet normal -0.19594063314194932 0.15540233657793448 0.968223828497342
outer loop
vertex -0.010161511197366 -0.003482213771454 -0.009708124814507
vertex -0.010044759386606 -0.003392181414246 -0.009698948026267001
vertex -0.010152462308078 -0.003385360123244 -0.009721838831608001
endloop
endfacet
facet normal -0.13069000874289047 0.5957791573917974 0.792443889011899
outer loop
vertex -0.010139069849587 -0.003294974335024 -0.009757917035398
vertex -0.010014409219336001 -0.003223130598416 -0.009791371898727001
vertex -0.010122112140796 -0.003216309307404 -0.009814262704007
endloop
endfacet
facet normal 0.16820300643758063 -0.3868312906377718 -0.9066803743375473
outer loop
vertex -0.011093405590021 -0.0036301161078240002 -0.010684303620329001
vertex -0.01108001313153 -0.0035397303196140002 -0.010720381824129
vertex -0.010985702668537 -0.003636937398836 -0.010661412814937
endloop
endfacet
facet normal 0.21229090919595392 0.08505803346337552 -0.9734976634877448
outer loop
vertex -0.010097458517478 -0.0034065755649120002 -0.010518631414208
vertex -0.010101637948959 -0.003504268290382 -0.010528078592939
vertex -0.010205161438961 -0.0033997542739000004 -0.01054152221956
endloop
endfacet
facet normal 0.15560816415852474 0.8667394100925303 -0.4738659032254442
outer loop
vertex -0.009791974744653001 -0.0031839826596280004 -0.010294602991946001
vertex -0.009914466729065 -0.003128542337826 -0.010233422057006001
vertex -0.009806763807603 -0.003135363628818 -0.010210531251656
endloop
endfacet
facet normal 0.1682030061218224 -0.3868312906494188 -0.9066803743911561
outer loop
vertex -0.010110686838249 -0.0036011219385920002 -0.010514364575939
vertex -0.010002983916777 -0.003607943229604 -0.010491473770587999
vertex -0.010016376375257 -0.003698329017824 -0.010455395566778
endloop
endfacet
facet normal 0.11505889823918444 0.9599941514433451 -0.2552894026992829
outer loop
vertex -0.010237575493502 -0.0031080784648300002 -0.01030209447306
vertex -0.010255593123281 -0.0030812490373900003 -0.010209325229419999
vertex -0.010129872572019 -0.003114899755822 -0.010279203667709
endloop
endfacet
facet normal -0.1682030061343003 0.38683129068677996 0.9066803743729013
outer loop
vertex -0.010892990299923 -0.0032472252980300003 -0.009918152672834999
vertex -0.011014085679886 -0.0033307897952380002 -0.009904965274376
vertex -0.010906382758403 -0.00333761108624 -0.009882074469025
endloop
endfacet
facet normal -0.1306900092239887 0.5957791576241721 0.7924438887578511
outer loop
vertex -0.010785287378439999 -0.003254046589032 -0.009895261867484
vertex -0.01076832966965 -0.003175381561412 -0.009951607536124
vertex -0.010892990299923 -0.0032472252980300003 -0.009918152672834999
endloop
endfacet
facet normal 0.06782283809341029 0.997457509345861 -0.021876464122581138
outer loop
vertex -0.010147890201809 -0.003088070328382 -0.010186434424079
vertex -0.010255593123281 -0.0030812490373900003 -0.010209325229419999
vertex -0.010275792198902 -0.00307776844092 -0.01011324990213
endloop
endfacet
facet normal -0.21229090825662297 -0.0850580342102272 0.9734976636273298
outer loop
vertex -0.010165690628837 -0.003579906496954 -0.009717571993308001
vertex -0.010053808275885 -0.0034890350624559997 -0.009685234009267001
vertex -0.010161511197366 -0.003482213771454 -0.009708124814507
endloop
endfacet
facet normal 0.01664514963627677 0.9769522671476834 0.21280791035247623
outer loop
vertex -0.010168089277429999 -0.0030845897319320002 -0.010090359096788999
vertex -0.01018929590062 -0.003104660249852 -0.009996561242339
vertex -0.010060386355947 -0.003091411022924 -0.010067468291428
endloop
endfacet
facet normal 0.01664514970242081 0.9769522671213461 0.21280791046821118
outer loop
vertex -0.009973890057665 -0.003118302831846 -0.009950779631637
vertex -0.009866187136193 -0.003125124122848 -0.009927888826276
vertex -0.009844980513003 -0.0031050536049180002 -0.010021686680725
endloop
endfacet
facet normal -0.13069000926111043 0.5957791575118254 0.7924438888361941
outer loop
vertex -0.010876032591133001 -0.0031685602704 -0.009974498341465
vertex -0.011000693221395 -0.003240404007028 -0.009941043478186
vertex -0.010892990299923 -0.0032472252980300003 -0.009918152672834999
endloop
endfacet
facet normal -0.08558181425646459 0.7701023649234959 0.6321535419562329
outer loop
vertex -0.010014409219336001 -0.003223130598416 -0.009791371898727001
vertex -0.009906706297852001 -0.003229951889398 -0.009768481093285
vertex -0.009887168860762999 -0.003167579334238 -0.009841819609714999
endloop
endfacet
facet normal 0.15560816428273172 0.8667394100846635 -0.47386590319904626
outer loop
vertex -0.010007380587608002 -0.003170340077634 -0.010340384602638
vertex -0.010115083509069001 -0.0031635187866319997 -0.010363275407998999
vertex -0.010129872572019 -0.003114899755822 -0.010279203667709
endloop
endfacet
facet normal -0.016645149724517562 -0.9769522671251406 -0.21280791044906253
outer loop
vertex -0.010073853245706999 -0.003881821811984 -0.010239642165188
vertex -0.009987356947425 -0.003908713620916 -0.010122953505376
vertex -0.010095059868897 -0.003901892329914 -0.010145844310728
endloop
endfacet
facet normal -0.03549988710524603 0.8996701142079915 0.4351246299814505
outer loop
vertex -0.010102574703707 -0.003153936752234 -0.009887601220418001
vertex -0.010081592979137 -0.0031114815408640004 -0.009973670436978001
vertex -0.010210277625189002 -0.003147115461232 -0.009910492025769001
endloop
endfacet
facet normal -0.20916669113635003 -0.5370029352930306 0.8172375069744046
outer loop
vertex -0.009949366508231 -0.0036865907687380003 -0.00970383668302
vertex -0.010051063729385 -0.003762201481006 -0.009779548878246001
vertex -0.009943380984457 -0.003769281002169 -0.009756640091456
endloop
endfacet
facet normal -0.08558181368372762 0.7701023646556342 0.6321535423600856
outer loop
vertex -0.010102574703707 -0.003153936752234 -0.009887601220418001
vertex -0.010210277625189002 -0.003147115461232 -0.009910492025769001
vertex -0.010229815062268999 -0.003209488016412 -0.009837153509369
endloop
endfacet
facet normal -0.19594063401762893 0.15540233663339506 0.9682238283112281
outer loop
vertex -0.010161511197366 -0.003482213771454 -0.009708124814507
vertex -0.010152462308078 -0.003385360123244 -0.009721838831608001
vertex -0.01026921411884 -0.0034753924804620004 -0.009731015619949
endloop
endfacet
facet normal -0.13069000976356454 0.5957791586123791 0.7924438879259057
outer loop
vertex -0.009906706297852001 -0.003229951889398 -0.009768481093285
vertex -0.010014409219336001 -0.003223130598416 -0.009791371898727001
vertex -0.010031366928124 -0.003301795626016 -0.009735026229956001
endloop
endfacet
facet normal -0.1682030068244113 0.38683129145976874 0.9066803739150829
outer loop
vertex -0.009937056465122 -0.003399002705228 -0.009676057220824999
vertex -0.009923664006642999 -0.003308616917028 -0.009712135424715999
vertex -0.010044759386606 -0.003392181414246 -0.009698948026267001
endloop
endfacet
facet normal -0.21630361413052118 -0.32057529323488165 0.9221953306547611
outer loop
vertex -0.010165690628837 -0.003579906496954 -0.009717571993308001
vertex -0.010273393550309 -0.003573085205942 -0.009740462798649001
vertex -0.010272460627529 -0.003665939459562 -0.009772522150969
endloop
endfacet
facet normal -0.21630361421301536 -0.32057529314099126 0.9221953306680502
outer loop
vertex -0.010272460627529 -0.003665939459562 -0.009772522150969
vertex -0.010164757706057 -0.0036727607505740003 -0.009749631345618001
vertex -0.010165690628837 -0.003579906496954 -0.009717571993308001
endloop
endfacet
facet normal 0.9082495652948367 0.36228928897957025 0.2093542410184646
outer loop
vertex -0.009299507411185 -0.003348811653531 -0.009972896535333
vertex -0.009312298468524001 -0.003366618599651 -0.009886589527513999
vertex -0.009265927883515 -0.003445929046043 -0.009950513422152
endloop
endfacet
facet normal -0.18711404365760836 -0.7231129386942461 0.6649030098887132
outer loop
vertex -0.010051063729385 -0.003762201481006 -0.009779548878246001
vertex -0.010148065637257 -0.0038229632752140004 -0.009872927999518
vertex -0.010040362715775 -0.003829784566206 -0.009850037194166
endloop
endfacet
facet normal -0.18711404361374165 -0.723112938637962 0.6649030099622694
outer loop
vertex -0.010255768558729 -0.003816141984212 -0.009895818804859
vertex -0.010158766650857 -0.0037553801899939997 -0.009802439683597999
vertex -0.010266469572328999 -0.003748558899012 -0.009825330488949
endloop
endfacet
facet normal 0.16820300602361393 -0.3868312907655012 -0.9066803743598492
outer loop
vertex -0.010002983916777 -0.003607943229604 -0.010491473770587999
vertex -0.009895280995305001 -0.0036147645206160003 -0.010468582965247001
vertex -0.009908673453784999 -0.0037051503088260003 -0.010432504761427
endloop
endfacet
facet normal 0.20774554018283167 0.5374617165501608 -0.817298411705968
outer loop
vertex -0.010960014812067 -0.003259150983286 -0.010669698504707
vertex -0.011067717733548999 -0.003252329692284 -0.010692589310028
vertex -0.01107370878874 -0.0031697102528540004 -0.010639780972068
endloop
endfacet
facet normal -0.16820300616273323 0.38683129078289336 0.9066803743266202
outer loop
vertex -0.011108396142867 -0.0032335827160260002 -0.009963934283537
vertex -0.011216099064350001 -0.0032267614250340005 -0.009986825088889002
vertex -0.01122949152283 -0.003317147213244 -0.009950746885068
endloop
endfacet
facet normal 0.1682030060244553 -0.38683129099311164 -0.9066803742625842
outer loop
vertex -0.010985702668537 -0.003636937398836 -0.010661412814937
vertex -0.01108001313153 -0.0035397303196140002 -0.010720381824129
vertex -0.010972310210058 -0.0035465516106160003 -0.010697491018788
endloop
endfacet
facet normal 0.03549988713148384 -0.8996701141686684 -0.4351246300606149
outer loop
vertex -0.010504664931605 -0.003854536647996 -0.010331205386582
vertex -0.010483683207036 -0.003812081436616 -0.010417274603141999
vertex -0.010396962010144 -0.003861357938998 -0.010308314581231
endloop
endfacet
facet normal -0.15560816412418382 -0.8667394101436496 0.4738659031432197
outer loop
vertex -0.010148065637257 -0.0038229632752140004 -0.009872927999518
vertex -0.010133276574296 -0.003871582306014 -0.009956999739807
vertex -0.010040362715775 -0.003829784566206 -0.009850037194166
endloop
endfacet
facet normal 0.13069000917473156 -0.5957791576048015 -0.7924438887805381
outer loop
vertex -0.010356442848463002 -0.003756530172448 -0.010467722314200999
vertex -0.010464145769946 -0.0037497088814359997 -0.010490613119552
vertex -0.010447188061156 -0.003671043853826 -0.010546958788182
endloop
endfacet
facet normal -0.11505889829534245 -0.9599941514646021 0.25528940259403776
outer loop
vertex -0.010007556023034 -0.003905233024456 -0.010026878178086
vertex -0.010025573652835 -0.0038784035970259997 -0.009934108934457002
vertex -0.010115258944506 -0.0038984117334540003 -0.010049768983427
endloop
endfacet
facet normal 0.19589499906486585 -0.15539944521591076 -0.9682335264635094
outer loop
vertex -0.00978758361804 -0.003621656769454 -0.010445687218861001
vertex -0.009895280995305001 -0.0036147645206160003 -0.010468582965247001
vertex -0.009886232106004 -0.003517910872386 -0.010482296982246
endloop
endfacet
facet normal 0.18711404373944907 0.7231129386442742 -0.6649030099200286
outer loop
vertex -0.011299815645305 -0.00308848458564 -0.010615074266861
vertex -0.011192112723833001 -0.0030953058766420003 -0.01059218346151
vertex -0.011181411710222 -0.003162888961842 -0.01066267177742
endloop
endfacet
facet normal 0.11505889822794216 0.9599941514406315 -0.25528940271455486
outer loop
vertex -0.011224919416562002 -0.0030198574183920002 -0.01041534247759
vertex -0.011206901786772002 -0.0030466868458319998 -0.010508111721220001
vertex -0.011332622338034 -0.0030130361274 -0.01043823328293
endloop
endfacet
facet normal 0.19594063330521325 -0.1554023356049857 -0.9682238286204627
outer loop
vertex -0.010101637948959 -0.003504268290382 -0.010528078592939
vertex -0.010002983916777 -0.003607943229604 -0.010491473770587999
vertex -0.010110686838249 -0.0036011219385920002 -0.010514364575939
endloop
endfacet
facet normal 0.1306900092413061 -0.5957791576036954 -0.7924438887703901
outer loop
vertex -0.009908673453784999 -0.0037051503088260003 -0.010432504761427
vertex -0.009925631162564001 -0.003783815336436 -0.010376159092796
vertex -0.010016376375257 -0.003698329017824 -0.010455395566778
endloop
endfacet
facet normal -0.20875825510883836 -0.5373972806212464 0.8170827092190868
outer loop
vertex -0.010057054784585 -0.0036795820415559998 -0.009726740540277
vertex -0.010051063729385 -0.003762201481006 -0.009779548878246001
vertex -0.009949366508231 -0.0036865907687380003 -0.00970383668302
endloop
endfacet
facet normal 0.21229090912185536 0.0850580334680685 -0.9734976635034935
outer loop
vertex -0.010097458517478 -0.0034065755649120002 -0.010518631414208
vertex -0.009993935027487 -0.0035110895813940004 -0.010505187787598
vertex -0.010101637948959 -0.003504268290382 -0.010528078592939
endloop
endfacet
facet normal 0.08371211145617619 -0.7699825463619128 -0.632549729818592
outer loop
vertex -0.009837488623135 -0.00385330284422 -0.010279909322385001
vertex -0.009945168599676 -0.0038461878916060004 -0.010302820576387001
vertex -0.009925631162564001 -0.003783815336436 -0.010376159092796
endloop
endfacet
facet normal -8.66920552853427e-05 -0.8966402385679414 -0.44275983903840316
outer loop
vertex -0.009751134507557999 -0.003907277043742 -0.010170622190505
vertex -0.009858473878256 -0.003895803241476 -0.01019383695938
vertex -0.009837488623135 -0.00385330284422 -0.010279909322385001
endloop
endfacet
facet normal 0.06782283809224246 0.9974575093457649 -0.021876464130586352
outer loop
vertex -0.010040187280337 -0.0030948916193940003 -0.010163543618718001
vertex -0.010168089277429999 -0.0030845897319320002 -0.010090359096788999
vertex -0.010060386355947 -0.003091411022924 -0.010067468291428
endloop
endfacet
facet normal 0.2077455403779308 0.5374617168128601 -0.8172984114836235
outer loop
vertex -0.009990688518787 -0.0033205426022740003 -0.010463681256558001
vertex -0.01009839144027 -0.003313721311272 -0.010486572061909
vertex -0.010104382495458999 -0.003231101871842 -0.010433763723908999
endloop
endfacet
facet normal 0.18711404366970844 0.7231129386074998 -0.6649030099796486
outer loop
vertex -0.009888976652504001 -0.003244744453846 -0.010387982113206
vertex -0.009996679573987 -0.003237923162854 -0.010410872918558
vertex -0.010007380587608002 -0.003170340077634 -0.010340384602638
endloop
endfacet
facet normal 0.1556081642702053 0.8667394100769984 -0.47386590321718
outer loop
vertex -0.010129872572019 -0.003114899755822 -0.010279203667709
vertex -0.010022169650546999 -0.0031217210468240005 -0.010256312862348
vertex -0.010007380587608002 -0.003170340077634 -0.010340384602638
endloop
endfacet
facet normal 0.15560816421311088 0.8667394100806144 -0.4738659032293146
outer loop
vertex -0.010022169650546999 -0.0031217210468240005 -0.010256312862348
vertex -0.009899677666125 -0.0031771613686359997 -0.010317493797287
vertex -0.010007380587608002 -0.003170340077634 -0.010340384602638
endloop
endfacet
facet normal 0.016645149700252198 0.9769522671002754 0.21280791056511114
outer loop
vertex -0.010081592979137 -0.0031114815408640004 -0.009973670436978001
vertex -0.009952683434475 -0.0030982323139260005 -0.010044577486076999
vertex -0.010060386355947 -0.003091411022924 -0.010067468291428
endloop
endfacet
facet normal -0.03549988722912332 0.8996701142158372 0.4351246299551222
outer loop
vertex -0.010102574703707 -0.003153936752234 -0.009887601220418001
vertex -0.009973890057665 -0.003118302831846 -0.009950779631637
vertex -0.010081592979137 -0.0031114815408640004 -0.009973670436978001
endloop
endfacet
facet normal 0.06679674204783988 -0.7644147887344092 -0.6412551957028676
outer loop
vertex -0.00971049169034 -0.0038008666675780002 -0.010330140125923001
vertex -0.009730100776539 -0.0038641562260870004 -0.010256737755478999
vertex -0.009817946322018002 -0.003790868036623 -0.010353252173642
endloop
endfacet
facet normal 0.0678228380726749 0.9974575093494341 -0.0218764640239533
outer loop
vertex -0.011224919416562002 -0.0030198574183920002 -0.01041534247759
vertex -0.011352821413654 -0.0030095555309400004 -0.010342157955641
vertex -0.011245118492182 -0.003016376821932 -0.0103192671503
endloop
endfacet
facet normal -0.13069000924952925 0.5957791574238851 0.7924438889042198
outer loop
vertex -0.010139069849587 -0.003294974335024 -0.009757917035398
vertex -0.010122112140796 -0.003216309307404 -0.009814262704007
vertex -0.01024677277107 -0.003288153044032 -0.009780807840739
endloop
endfacet
facet normal 0.06782283816201638 0.9974575093438707 -0.021876464000636264
outer loop
vertex -0.009932484358855 -0.003101712910386 -0.010140652813386
vertex -0.010060386355947 -0.003091411022924 -0.010067468291428
vertex -0.009952683434475 -0.0030982323139260005 -0.010044577486076999
endloop
endfacet
facet normal 0.1871140438116532 0.7231129385882699 -0.6649030099606167
outer loop
vertex -0.009996679573987 -0.003237923162854 -0.010410872918558
vertex -0.010104382495458999 -0.003231101871842 -0.010433763723908999
vertex -0.010115083509069001 -0.0031635187866319997 -0.010363275407998999
endloop
endfacet
facet normal 0.6279624363614932 0.36535579479410496 0.6871523278933903
outer loop
vertex -0.009484443752498 -0.003308642980318 -0.009706462193955
vertex -0.009407376227816 -0.0034098373247990004 -0.009723086703461
vertex -0.009409559360866 -0.0033275828483 -0.009764825955332
endloop
endfacet
facet normal 0.11505889835793244 0.9599941514358232 -0.25528940267404904
outer loop
vertex -0.010668387179401 -0.003080793300832 -0.010393657694464
vertex -0.01068640480918 -0.003053963873392 -0.010300888450824
vertex -0.010560684257929 -0.003087614591834 -0.010370766889103001
endloop
endfacet
facet normal -0.035499887186014115 0.8996701141314645 0.43512463013308933
outer loop
vertex -0.009994871782235 -0.0031607580432360003 -0.009864710415077001
vertex -0.009866187136193 -0.003125124122848 -0.009927888826276
vertex -0.009973890057665 -0.003118302831846 -0.009950779631637
endloop
endfacet
facet normal 0.13003010275481286 -0.5954056165995284 -0.7928330997752984
outer loop
vertex -0.009800982698403 -0.003712127307931 -0.010409603113593001
vertex -0.009817946322018002 -0.003790868036623 -0.010353252173642
vertex -0.009908673453784999 -0.0037051503088260003 -0.010432504761427
endloop
endfacet
facet normal 0.18711404372052237 0.7231129386497918 -0.6649030099193544
outer loop
vertex -0.009899677666125 -0.0031771613686359997 -0.010317493797287
vertex -0.009888976652504001 -0.003244744453846 -0.010387982113206
vertex -0.010007380587608002 -0.003170340077634 -0.010340384602638
endloop
endfacet
facet normal 0.03290115052092185 -0.8995023458413722 -0.43567538847204573
outer loop
vertex -0.009945168599676 -0.0038461878916060004 -0.010302820576387001
vertex -0.009858473878256 -0.003895803241476 -0.01019383695938
vertex -0.009966150324245 -0.003888643102996 -0.010216751359827001
endloop
endfacet
facet normal -0.16820300623295795 0.3868312895859259 0.9066803748242735
outer loop
vertex -0.010044759386606 -0.003392181414246 -0.009698948026267001
vertex -0.010031366928124 -0.003301795626016 -0.009735026229956001
vertex -0.010152462308078 -0.003385360123244 -0.009721838831608001
endloop
endfacet
facet normal -0.13069000850428714 0.5957791570655679 0.7924438892965172
outer loop
vertex -0.010031366928124 -0.003301795626016 -0.009735026229956001
vertex -0.009923664006642999 -0.003308616917028 -0.009712135424715999
vertex -0.009906706297852001 -0.003229951889398 -0.009768481093285
endloop
endfacet
facet normal -0.19594063235428222 0.1554023355230009 0.9682238288260626
outer loop
vertex -0.010053808275885 -0.0034890350624559997 -0.009685234009267001
vertex -0.010044759386606 -0.003392181414246 -0.009698948026267001
vertex -0.010161511197366 -0.003482213771454 -0.009708124814507
endloop
endfacet
facet normal 0.08419976027130974 -0.7697188296180287 -0.6328059131374375
outer loop
vertex -0.009817946322018002 -0.003790868036623 -0.010353252173642
vertex -0.009837488623135 -0.00385330284422 -0.010279909322385001
vertex -0.009925631162564001 -0.003783815336436 -0.010376159092796
endloop
endfacet
facet normal -0.18890541289361742 -0.7229982458607518 0.6645210918110633
outer loop
vertex -0.010040362715775 -0.003829784566206 -0.009850037194166
vertex -0.009943380984457 -0.003769281002169 -0.009756640091456
vertex -0.010051063729385 -0.003762201481006 -0.009779548878246001
endloop
endfacet
facet normal -0.21630361404742143 -0.3205752930420006 0.922195330741302
outer loop
vertex -0.010164757706057 -0.0036727607505740003 -0.009749631345618001
vertex -0.010057054784585 -0.0036795820415559998 -0.009726740540277
vertex -0.010057987707355 -0.003586727787936 -0.009694681187977
endloop
endfacet
facet normal -0.21630361394556308 -0.3205752931579302 0.9221953307248937
outer loop
vertex -0.010164757706057 -0.0036727607505740003 -0.009749631345618001
vertex -0.010057987707355 -0.003586727787936 -0.009694681187977
vertex -0.010165690628837 -0.003579906496954 -0.009717571993308001
endloop
endfacet
facet normal 0.11505889817931697 0.9599941514113599 -0.2552894028465429
outer loop
vertex -0.010883793022345 -0.0030671507188380002 -0.010439439305166
vertex -0.010901810652135 -0.003040321291388 -0.010346670061546
vertex -0.010776090100862 -0.0030739720098199998 -0.010416548499815001
endloop
endfacet
facet normal 0.11505889842490798 0.9599941514894281 -0.2552894024422868
outer loop
vertex -0.010794107730663001 -0.0030471425824 -0.010323779256175
vertex -0.010776090100862 -0.0030739720098199998 -0.010416548499815001
vertex -0.010901810652135 -0.003040321291388 -0.010346670061546
endloop
endfacet
facet normal 0.2122909092045535 0.0850580335582132 -0.9734976634775832
outer loop
vertex -0.009778529184532 -0.0035247321633980005 -0.010459406176885
vertex -0.009882052674534 -0.003420218146906 -0.010472849803496
vertex -0.009774349753062 -0.003427039437908 -0.010449958998145
endloop
endfacet
facet normal -0.21231777275777827 -0.08505633184829274 0.973491953630686
outer loop
vertex -0.009946106754279 -0.003495874269701 -0.009662341956358001
vertex -0.010053808275885 -0.0034890350624559997 -0.009685234009267001
vertex -0.010057987707355 -0.003586727787936 -0.009694681187977
endloop
endfacet
facet normal -0.06782283816464418 -0.9974575093434391 0.021876464012168775
outer loop
vertex -0.010007556023034 -0.003905233024456 -0.010026878178086
vertex -0.010095059868897 -0.003901892329914 -0.010145844310728
vertex -0.009987356947425 -0.003908713620916 -0.010122953505376
endloop
endfacet
facet normal 0.1556081640729901 0.866739410046664 -0.47386590333742534
outer loop
vertex -0.010776090100862 -0.0030739720098199998 -0.010416548499815001
vertex -0.010761301037922999 -0.00312259104064 -0.010500620240105
vertex -0.010883793022345 -0.0030671507188380002 -0.010439439305166
endloop
endfacet
facet normal 0.20774554038275386 0.5374617166486871 -0.8172984115903591
outer loop
vertex -0.009781273731042999 -0.003251565744838 -0.010365091307855
vertex -0.009775282675842 -0.0033341851842780003 -0.010417899645835
vertex -0.009888976652504001 -0.003244744453846 -0.010387982113206
endloop
endfacet
facet normal 0.11505889836278893 0.9599941514377639 -0.2552894026645623
outer loop
vertex -0.009699060917646 -0.003142184917836 -0.010187640453009999
vertex -0.009824781437382002 -0.003108534201388 -0.010117762008025
vertex -0.009717078547424 -0.003115355490397 -0.01009487120937
endloop
endfacet
facet normal -0.15849646317932936 -0.8663836310521139 0.47355915681633487
outer loop
vertex -0.009917898199644 -0.0038855764418610004 -0.009911193649233001
vertex -0.009932684329685 -0.003836919873975 -0.009827124522766
vertex -0.010025573652835 -0.0038784035970259997 -0.009934108934457002
endloop
endfacet
facet normal -0.2166795139367036 -0.3205514608988558 0.9221153665110257
outer loop
vertex -0.009950293048477001 -0.0035936548280329998 -0.009671783018958999
vertex -0.010057987707355 -0.003586727787936 -0.009694681187977
vertex -0.010057054784585 -0.0036795820415559998 -0.009726740540277
endloop
endfacet
facet normal -0.11812821973357793 -0.9597949759628366 0.25463567664228387
outer loop
vertex -0.010025573652835 -0.0038784035970259997 -0.009934108934457002
vertex -0.010007556023034 -0.003905233024456 -0.010026878178086
vertex -0.009917898199644 -0.0038855764418610004 -0.009911193649233001
endloop
endfacet
facet normal -0.11830894063100454 -0.9597381105084902 0.2547660766357296
outer loop
vertex -0.009917898199644 -0.0038855764418610004 -0.009911193649233001
vertex -0.010007556023034 -0.003905233024456 -0.010026878178086
vertex -0.009899881906417001 -0.0039124229753559996 -0.010003961701701
endloop
endfacet
facet normal -0.0678228381620015 -0.9974575093436616 0.02187646401021874
outer loop
vertex -0.010115258944506 -0.0038984117334540003 -0.010049768983427
vertex -0.010095059868897 -0.003901892329914 -0.010145844310728
vertex -0.010007556023034 -0.003905233024456 -0.010026878178086
endloop
endfacet
facet normal 0.03549988715103148 -0.899670114129095 -0.43512463014084285
outer loop
vertex -0.010052871521137 -0.003839366600604 -0.010325711381738
vertex -0.009945168599676 -0.0038461878916060004 -0.010302820576387001
vertex -0.009966150324245 -0.003888643102996 -0.010216751359827001
endloop
endfacet
facet normal -0.03549988712794649 0.8996701141686088 0.43512463006102703
outer loop
vertex -0.011071900996988 -0.003092545133236 -0.010093618468587
vertex -0.010943216350946002 -0.003056911212858 -0.010156796879795999
vertex -0.011050919272418 -0.0030500899218559997 -0.010179687685147
endloop
endfacet
facet normal 0.19594063321043223 -0.15540233569673645 -0.9682238286249176
outer loop
vertex -0.009993935027487 -0.0035110895813940004 -0.010505187787598
vertex -0.009895280995305001 -0.0036147645206160003 -0.010468582965247001
vertex -0.010002983916777 -0.003607943229604 -0.010491473770587999
endloop
endfacet
facet normal 0.21229090918497168 0.08505803355944039 -0.9734976634817463
outer loop
vertex -0.009989755596017 -0.0034133968559040004 -0.010495740608858
vertex -0.009886232106004 -0.003517910872386 -0.010482296982246
vertex -0.009993935027487 -0.0035110895813940004 -0.010505187787598
endloop
endfacet
facet normal 0.16804464126349417 -0.3865726275799037 -0.906820049485339
outer loop
vertex -0.00978758361804 -0.003621656769454 -0.010445687218861001
vertex -0.009800982698403 -0.003712127307931 -0.010409603113593001
vertex -0.009895280995305001 -0.0036147645206160003 -0.010468582965247001
endloop
endfacet
facet normal 0.11584335639135324 -0.5944388669183454 -0.7957529455030747
outer loop
vertex -0.00971049169034 -0.0038008666675780002 -0.010330140125923001
vertex -0.009817946322018002 -0.003790868036623 -0.010353252173642
vertex -0.009800982698403 -0.003712127307931 -0.010409603113593001
endloop
endfacet
facet normal 0.9087932401106247 0.28802595703053985 0.30188722199833845
outer loop
vertex -0.009291743572903001 -0.003463210043603 -0.009856311025386
vertex -0.009265927883515 -0.003445929046043 -0.009950513422152
vertex -0.009312298468524001 -0.003366618599651 -0.009886589527513999
endloop
endfacet
facet normal 0.2122909092832361 0.08505803366066748 -0.9734976634514731
outer loop
vertex -0.009882052674534 -0.003420218146906 -0.010472849803496
vertex -0.009886232106004 -0.003517910872386 -0.010482296982246
vertex -0.009989755596017 -0.0034133968559040004 -0.010495740608858
endloop
endfacet
facet normal 0.21630361418586067 0.32057529302322246 -0.9221953307153585
outer loop
vertex -0.009882052674534 -0.003420218146906 -0.010472849803496
vertex -0.009882985597314 -0.003327363893276 -0.010440790451195999
vertex -0.009774349753062 -0.003427039437908 -0.010449958998145
endloop
endfacet
facet normal 0.06782283809508124 0.9974575093458052 -0.021876464119947356
outer loop
vertex -0.009952683434475 -0.0030982323139260005 -0.010044577486076999
vertex -0.009844980513003 -0.0031050536049180002 -0.010021686680725
vertex -0.009824781437382002 -0.003108534201388 -0.010117762008025
endloop
endfacet
facet normal 0.18711404375990798 0.7231129385869375 -0.6649030099766275
outer loop
vertex -0.009791974744653001 -0.0031839826596280004 -0.010294602991946001
vertex -0.009673570841074 -0.003258387033847 -0.0103422005092
vertex -0.009781273731042999 -0.003251565744838 -0.010365091307855
endloop
endfacet
facet normal 0.20774554034255208 0.5374617167472079 -0.8172984115357899
outer loop
vertex -0.009882985597314 -0.003327363893276 -0.010440790451195999
vertex -0.009996679573987 -0.003237923162854 -0.010410872918558
vertex -0.009888976652504001 -0.003244744453846 -0.010387982113206
endloop
endfacet
facet normal -0.035499887156752556 0.8996701141900111 0.4351246300144248
outer loop
vertex -0.010964198075515 -0.0030993664242380003 -0.010070727663226
vertex -0.010943216350946002 -0.003056911212858 -0.010156796879795999
vertex -0.011071900996988 -0.003092545133236 -0.010093618468587
endloop
endfacet
facet normal 0.18711404369297038 0.7231129386515367 -0.6649030099252101
outer loop
vertex -0.009888976652504001 -0.003244744453846 -0.010387982113206
vertex -0.009899677666125 -0.0031771613686359997 -0.010317493797287
vertex -0.009781273731042999 -0.003251565744838 -0.010365091307855
endloop
endfacet
facet normal 0.15560816418304743 0.8667394100622181 -0.47386590327283507
outer loop
vertex -0.009914466729065 -0.003128542337826 -0.010233422057006001
vertex -0.009899677666125 -0.0031771613686359997 -0.010317493797287
vertex -0.010022169650546999 -0.0031217210468240005 -0.010256312862348
endloop
endfacet
facet normal 0.18711404362557643 0.7231129385954453 -0.6649030100051778
outer loop
vertex -0.009781273731042999 -0.003251565744838 -0.010365091307855
vertex -0.009899677666125 -0.0031771613686359997 -0.010317493797287
vertex -0.009791974744653001 -0.0031839826596280004 -0.010294602991946001
endloop
endfacet
facet normal 0.15560816411593442 0.8667394100664687 -0.47386590328709904
outer loop
vertex -0.009899677666125 -0.0031771613686359997 -0.010317493797287
vertex -0.009914466729065 -0.003128542337826 -0.010233422057006001
vertex -0.009791974744653001 -0.0031839826596280004 -0.010294602991946001
endloop
endfacet
facet normal 0.16777506351975957 -0.3868041511821151 -0.90677123724191
outer loop
vertex -0.009895280995305001 -0.0036147645206160003 -0.010468582965247001
vertex -0.009800982698403 -0.003712127307931 -0.010409603113593001
vertex -0.009908673453784999 -0.0037051503088260003 -0.010432504761427
endloop
endfacet
facet normal -0.019479881112735596 -0.9767139251934933 -0.21365964187219091
outer loop
vertex -0.009858473878256 -0.003895803241476 -0.01019383695938
vertex -0.009879682493337 -0.003915899252671 -0.010100037329746
vertex -0.009966150324245 -0.003888643102996 -0.010216751359827001
endloop
endfacet
facet normal 0.15560816421256993 0.8667394101403861 -0.47386590312016463
outer loop
vertex -0.009591357964647999 -0.003149006210832 -0.010164749640953
vertex -0.009576568901687 -0.0031976252416320004 -0.010248821381242999
vertex -0.009699060917646 -0.003142184917836 -0.010187640453009999
endloop
endfacet
facet normal -0.03549988714236856 0.8996701141306814 0.43512463013826935
outer loop
vertex -0.009887168860762999 -0.003167579334238 -0.009841819609714999
vertex -0.009758484246235 -0.003131945411856 -0.00990499802762
vertex -0.009866187136193 -0.003125124122848 -0.009927888826276
endloop
endfacet
facet normal -0.08558181356314348 0.7701023647043942 0.6321535423170098
outer loop
vertex -0.009799003407895001 -0.003236773178407 -0.00974559029466
vertex -0.009671763017808001 -0.003181221916232 -0.009796037999033001
vertex -0.009779465970805 -0.003174400623237 -0.00981892881106
endloop
endfacet
facet normal 0.21229090930280597 0.08505803365942805 -0.9734976634473138
outer loop
vertex -0.009778529184532 -0.0035247321633980005 -0.010459406176885
vertex -0.009886232106004 -0.003517910872386 -0.010482296982246
vertex -0.009882052674534 -0.003420218146906 -0.010472849803496
endloop
endfacet
facet normal -0.16820300668534321 0.38683129145096096 0.90668037394464
outer loop
vertex -0.009937056465122 -0.003399002705228 -0.009676057220824999
vertex -0.009815961116684 -0.003315438206017 -0.00968924462599
vertex -0.009923664006642999 -0.003308616917028 -0.009712135424715999
endloop
endfacet
facet normal -0.1682030059622528 0.3868312904890476 0.9066803744891804
outer loop
vertex -0.009829353575175 -0.003405823994236 -0.0096531664222
vertex -0.009815961116684 -0.003315438206017 -0.00968924462599
vertex -0.009937056465122 -0.003399002705228 -0.009676057220824999
endloop
endfacet
facet normal 0.7834280181220875 0.4369477302906005 0.44194707988082793
outer loop
vertex -0.009383996662259999 -0.0032862257792560003 -0.009838975425337002
vertex -0.009349357712788001 -0.0033868438570350003 -0.009800899108187001
vertex -0.009312298468524001 -0.003366618599651 -0.009886589527513999
endloop
endfacet
facet normal -0.21244288526858154 -0.08489748284638314 0.9734785246245078
outer loop
vertex -0.010057987707355 -0.003586727787936 -0.009694681187977
vertex -0.009950293048477001 -0.0035936548280329998 -0.009671783018958999
vertex -0.009946106754279 -0.003495874269701 -0.009662341956358001
endloop
endfacet
facet normal -0.1959303338056118 0.15538854031197727 0.9682281269590006
outer loop
vertex -0.009946106754279 -0.003495874269701 -0.009662341956358001
vertex -0.009937056465122 -0.003399002705228 -0.009676057220824999
vertex -0.010053808275885 -0.0034890350624559997 -0.009685234009267001
endloop
endfacet
facet normal -0.21697250793051057 -0.320217560308017 0.9221624829024039
outer loop
vertex -0.010057054784585 -0.0036795820415559998 -0.009726740540277
vertex -0.009949366508231 -0.0036865907687380003 -0.00970383668302
vertex -0.009950293048477001 -0.0035936548280329998 -0.009671783018958999
endloop
endfacet
facet normal -0.19032800348665038 -0.863815414018167 0.46647420249506677
outer loop
vertex -0.009825318320331 -0.0038480527405329997 -0.009803933494388
vertex -0.009932684329685 -0.003836919873975 -0.009827124522766
vertex -0.009917898199644 -0.0038855764418610004 -0.009911193649233001
endloop
endfacet
facet normal 0.5307012748259177 -0.16409182381557516 -0.8315227178225644
outer loop
vertex -0.009403842335259 -0.0035958872018610004 -0.010347811829291
vertex -0.009464847014684 -0.003646883758077 -0.010376683130951
vertex -0.009455420420106 -0.003545196036374 -0.010390733760842
endloop
endfacet
facet normal 0.06782283819897851 0.997457509343555 -0.021876463900424928
outer loop
vertex -0.009629574670048 -0.003118696186932 -0.009975905070033
vertex -0.009609375594437999 -0.0031221767833820003 -0.010071980397323
vertex -0.009737277623045 -0.003111874893927 -0.00999879588208
endloop
endfacet
facet normal -0.11268093756495338 -0.9935555971063893 0.012258946449402706
outer loop
vertex -0.009792574518798001 -0.003924306114103 -0.009980718429332
vertex -0.009899881906417001 -0.0039124229753559996 -0.010003961701701
vertex -0.009879682493337 -0.003915899252671 -0.010100037329746
endloop
endfacet
facet normal 0.033333348927788206 -0.8993528251845799 -0.435951125336055
outer loop
vertex -0.009837488623135 -0.00385330284422 -0.010279909322385001
vertex -0.009858473878256 -0.003895803241476 -0.01019383695938
vertex -0.009945168599676 -0.0038461878916060004 -0.010302820576387001
endloop
endfacet
facet normal 0.10520315946381352 -0.5891005819740884 -0.8011821263337205
outer loop
vertex -0.009603233739093 -0.003813383330158 -0.010306852726035001
vertex -0.00971049169034 -0.0038008666675780002 -0.010330140125923001
vertex -0.009693446853803 -0.0037210865324709998 -0.010386563443268
endloop
endfacet
facet normal 0.20774554036520154 0.5374617166497988 -0.8172984115940897
outer loop
vertex -0.009667579785884 -0.003341006473287 -0.010395008847190001
vertex -0.009775282675842 -0.0033341851842780003 -0.010417899645835
vertex -0.009781273731042999 -0.003251565744838 -0.010365091307855
endloop
endfacet
facet normal 0.1959454647733108 -0.15535062041752304 -0.9682311498659097
outer loop
vertex -0.009886232106004 -0.003517910872386 -0.010482296982246
vertex -0.009778529184532 -0.0035247321633980005 -0.010459406176885
vertex -0.00978758361804 -0.003621656769454 -0.010445687218861001
endloop
endfacet
facet normal 0.16236579582252098 -0.3862061724577879 -0.9080099893186334
outer loop
vertex -0.00978758361804 -0.003621656769454 -0.010445687218861001
vertex -0.009693446853803 -0.0037210865324709998 -0.010386563443268
vertex -0.009800982698403 -0.003712127307931 -0.010409603113593001
endloop
endfacet
facet normal 0.21229090912925083 0.08505803356298246 -0.9734976634935878
outer loop
vertex -0.009670826294574001 -0.0035315534523970003 -0.010436515378239999
vertex -0.009778529184532 -0.0035247321633980005 -0.010459406176885
vertex -0.009774349753062 -0.003427039437908 -0.010449958998145
endloop
endfacet
facet normal 0.20774554041367205 0.5374617166969252 -0.8172984115507784
outer loop
vertex -0.009673570841074 -0.003258387033847 -0.0103422005092
vertex -0.009667579785884 -0.003341006473287 -0.010395008847190001
vertex -0.009781273731042999 -0.003251565744838 -0.010365091307855
endloop
endfacet
facet normal 0.21630361426657205 0.3205752931067763 -0.9221953306673822
outer loop
vertex -0.009882985597314 -0.003327363893276 -0.010440790451195999
vertex -0.009775282675842 -0.0033341851842780003 -0.010417899645835
vertex -0.009774349753062 -0.003427039437908 -0.010449958998145
endloop
endfacet
facet normal 0.18711404376504576 0.7231129385912136 -0.6649030099705312
outer loop
vertex -0.009673570841074 -0.003258387033847 -0.0103422005092
vertex -0.009791974744653001 -0.0031839826596280004 -0.010294602991946001
vertex -0.009684271854684 -0.003190803948637 -0.010271712193290001
endloop
endfacet
facet normal 0.21229090915010676 0.0850580335844672 -0.9734976634871625
outer loop
vertex -0.009666646863115 -0.003433860726906 -0.010427068199500001
vertex -0.009670826294574001 -0.0035315534523970003 -0.010436515378239999
vertex -0.009774349753062 -0.003427039437908 -0.010449958998145
endloop
endfacet
facet normal 0.7417209511561685 -0.5834167912517918 0.33086988122440497
outer loop
vertex -0.009334153383807999 -0.003739597098899 -0.009888783922292999
vertex -0.009410276567513 -0.003802727513991 -0.00982945299756
vertex -0.00938289078221 -0.003830752897213 -0.009940261179134
endloop
endfacet
facet normal 0.1150588983432824 0.95999415145619 -0.25528940260406413
outer loop
vertex -0.009932484358855 -0.003101712910386 -0.010140652813386
vertex -0.009824781437382002 -0.003108534201388 -0.010117762008025
vertex -0.009806763807603 -0.003135363628818 -0.010210531251656
endloop
endfacet
facet normal 0.21630361411678428 0.320575293116263 -0.9221953306992176
outer loop
vertex -0.009774349753062 -0.003427039437908 -0.010449958998145
vertex -0.009775282675842 -0.0033341851842780003 -0.010417899645835
vertex -0.009666646863115 -0.003433860726906 -0.010427068199500001
endloop
endfacet
facet normal 0.1556081642449359 0.8667394100870576 -0.4738659032070786
outer loop
vertex -0.009791974744653001 -0.0031839826596280004 -0.010294602991946001
vertex -0.009806763807603 -0.003135363628818 -0.010210531251656
vertex -0.009684271854684 -0.003190803948637 -0.010271712193290001
endloop
endfacet
facet normal 0.19531930413915688 -0.15531093356495965 -0.968364024190168
outer loop
vertex -0.009679956852441 -0.003629452338452 -0.010422728577785
vertex -0.00978758361804 -0.003621656769454 -0.010445687218861001
vertex -0.009778529184532 -0.0035247321633980005 -0.010459406176885
endloop
endfacet
facet normal 0.01664514979168769 0.9769522671230535 0.21280791045339065
outer loop
vertex -0.009737277623045 -0.003111874893927 -0.00999879588208
vertex -0.009758484246235 -0.003131945411856 -0.00990499802762
vertex -0.009629574670048 -0.003118696186932 -0.009975905070033
endloop
endfacet
facet normal -0.16820300623691128 0.3868312905064429 0.9066803744308055
outer loop
vertex -0.009829353575175 -0.003405823994236 -0.0096531664222
vertex -0.009708258163687 -0.0033222594990120003 -0.009666353813933
vertex -0.009815961116684 -0.003315438206017 -0.00968924462599
endloop
endfacet
facet normal -0.16820300623401413 0.3868312905025889 0.9066803744329872
outer loop
vertex -0.009721650622178 -0.003412645287232 -0.009630275610143001
vertex -0.009708258163687 -0.0033222594990120003 -0.009666353813933
vertex -0.009829353575175 -0.003405823994236 -0.0096531664222
endloop
endfacet
facet normal -0.21434521211648486 -0.08273100723272461 0.9732480210537281
outer loop
vertex -0.009950293048477001 -0.0035936548280329998 -0.009671783018958999
vertex -0.009842703607287 -0.00360192809485 -0.009648791114108001
vertex -0.009838423085061 -0.003502941555844 -0.009639434028019
endloop
endfacet
facet normal -0.19580078334684348 0.15520037260805403 0.9682845127249964
outer loop
vertex -0.009838423085061 -0.003502941555844 -0.009639434028019
vertex -0.009829353575175 -0.003405823994236 -0.0096531664222
vertex -0.009946106754279 -0.003495874269701 -0.009662341956358001
endloop
endfacet
facet normal -0.2158116909617841 -0.0790901448789332 0.9732266247011766
outer loop
vertex -0.009842703607287 -0.00360192809485 -0.009648791114108001
vertex -0.009735204010654 -0.0036113520508430003 -0.009625719069928
vertex -0.009730754585126001 -0.0035102037974839998 -0.009616512511217
endloop
endfacet
facet normal -0.22708769858331831 -0.5307415989437545 0.8165442623047197
outer loop
vertex -0.009943380984457 -0.003769281002169 -0.009756640091456
vertex -0.009835955126624 -0.0037796478961240002 -0.009733502400308
vertex -0.009841864701847 -0.0036959856325040003 -0.009680766677683
endloop
endfacet
facet normal -0.2314517325299835 -0.7151097730733118 0.6595817674586719
outer loop
vertex -0.009728748752362 -0.003792824668332 -0.009710169034777
vertex -0.009835955126624 -0.0037796478961240002 -0.009733502400308
vertex -0.009825318320331 -0.0038480527405329997 -0.009803933494388
endloop
endfacet
facet normal -0.21747756043301436 -0.7163919354015605 0.6629374824217672
outer loop
vertex -0.009825318320331 -0.0038480527405329997 -0.009803933494388
vertex -0.009835955126624 -0.0037796478961240002 -0.009733502400308
vertex -0.009932684329685 -0.003836919873975 -0.009827124522766
endloop
endfacet
facet normal -0.15709371197357055 -0.956386769890553 0.24626390729597256
outer loop
vertex -0.009917898199644 -0.0038855764418610004 -0.009911193649233001
vertex -0.009899881906417001 -0.0039124229753559996 -0.010003961701701
vertex -0.009810572460473 -0.003897224707684 -0.009887966731841
endloop
endfacet
facet normal -0.19508236561300007 -0.8610508945597877 0.4696107192181896
outer loop
vertex -0.009917898199644 -0.0038855764418610004 -0.009911193649233001
vertex -0.009810572460473 -0.003897224707684 -0.009887966731841
vertex -0.009825318320331 -0.0038480527405329997 -0.009803933494388
endloop
endfacet
facet normal 0.4555250948832092 0.4442675067742622 0.7714423311928276
outer loop
vertex -0.009531112135220001 -0.0032750148635120003 -0.009698271380979
vertex -0.009549835858378 -0.00334369946597 -0.009647660387419
vertex -0.009484443752498 -0.003308642980318 -0.009706462193955
endloop
endfacet
facet normal 0.7049002167760624 0.3357600808350276 0.6248046514765365
outer loop
vertex -0.009349357712788001 -0.0033868438570350003 -0.009800899108187001
vertex -0.009409559360866 -0.0033275828483 -0.009764825955332
vertex -0.009407376227816 -0.0034098373247990004 -0.009723086703461
endloop
endfacet
facet normal -0.11203136537357179 -0.9936348549065572 0.011779146291566095
outer loop
vertex -0.009772370472114 -0.003927723088094 -0.010076798186869
vertex -0.009792574518798001 -0.003924306114103 -0.009980718429332
vertex -0.009879682493337 -0.003915899252671 -0.010100037329746
endloop
endfacet
facet normal 0.05999346888370242 -0.7679227563327005 -0.6377267628049557
outer loop
vertex -0.009817946322018002 -0.003790868036623 -0.010353252173642
vertex -0.009730100776539 -0.0038641562260870004 -0.010256737755478999
vertex -0.009837488623135 -0.00385330284422 -0.010279909322385001
endloop
endfacet
facet normal -0.9762799602116474 0.06183202514781851 -0.20749515646217767
outer loop
vertex -0.011739623244953 -0.0035891883538470004 -0.010821648479236
vertex -0.011759540542433 -0.003575310261757 -0.010723800561836002
vertex -0.011744253180420999 -0.003508876507778 -0.010775931955236
endloop
endfacet
facet normal 0.1948996487535925 -0.15457752398272623 -0.9685659068928124
outer loop
vertex -0.009572390351961 -0.0036380200234880002 -0.010399716158556
vertex -0.009679956852441 -0.003629452338452 -0.010422728577785
vertex -0.009670826294574001 -0.0035315534523970003 -0.010436515378239999
endloop
endfacet
facet normal 0.11582941393785226 -0.5819524234036205 -0.8049316267618428
outer loop
vertex -0.009586043328777001 -0.003731740064235 -0.010363405779478
vertex -0.009603233739093 -0.003813383330158 -0.010306852726035001
vertex -0.009693446853803 -0.0037210865324709998 -0.010386563443268
endloop
endfacet
facet normal 0.21229090925263944 0.08505803357797337 -0.9734976634653707
outer loop
vertex -0.009563123341577 -0.003538374745392 -0.010413624566183
vertex -0.009670826294574001 -0.0035315534523970003 -0.010436515378239999
vertex -0.009666646863115 -0.003433860726906 -0.010427068199500001
endloop
endfacet
facet normal 0.08558181357744296 -0.7701023647977276 -0.6321535422013732
outer loop
vertex -0.010033334084047 -0.003776994045444 -0.010399049898148001
vertex -0.010052871521137 -0.003839366600604 -0.010325711381738
vertex -0.010141037005518999 -0.003770172754432 -0.010421940703499001
endloop
endfacet
facet normal 0.8665328567515101 -0.3728117255335555 0.33186175657155786
outer loop
vertex -0.009334153383807999 -0.003739597098899 -0.009888783922292999
vertex -0.009284597730681 -0.003666383792453 -0.009935932538409001
vertex -0.009305215842269 -0.003639650119518 -0.009852063585989002
endloop
endfacet
facet normal 0.5481152150827406 0.27788396437525276 -0.7888917627519597
outer loop
vertex -0.009402060054504 -0.003376736262749 -0.010322188682507002
vertex -0.009451240988646 -0.003447503310914 -0.010381286582102
vertex -0.009452173911416001 -0.003354649057264 -0.010349227229802001
endloop
endfacet
facet normal 0.21630361412681914 0.3205752931266513 -0.9221953306932528
outer loop
vertex -0.009775282675842 -0.0033341851842780003 -0.010417899645835
vertex -0.009667579785884 -0.003341006473287 -0.010395008847190001
vertex -0.009666646863115 -0.003433860726906 -0.010427068199500001
endloop
endfacet
facet normal 0.4329389880047957 -0.7234958600102545 -0.5376965437990147
outer loop
vertex -0.009457068691822 -0.003876581908688 -0.010185214594726
vertex -0.009515920060666 -0.003893479042874 -0.010209864270446
vertex -0.009496051256876 -0.0038268654801730004 -0.01028349810255
endloop
endfacet
facet normal 0.21229090916307242 0.08505803348570586 -0.9734976634929642
outer loop
vertex -0.009558943910118 -0.0034406820199019998 -0.010404177387453
vertex -0.009563123341577 -0.003538374745392 -0.010413624566183
vertex -0.009666646863115 -0.003433860726906 -0.010427068199500001
endloop
endfacet
facet normal 0.20774554035888648 0.537461716698609 -0.8172984115635967
outer loop
vertex -0.009673570841074 -0.003258387033847 -0.0103422005092
vertex -0.009565867888077 -0.003265208326842 -0.010319309697153
vertex -0.009559876832888 -0.0033478277662820004 -0.010372118035143001
endloop
endfacet
facet normal 0.18711404369973336 0.7231129385953502 -0.6649030099844125
outer loop
vertex -0.009673570841074 -0.003258387033847 -0.0103422005092
vertex -0.009684271854684 -0.003190803948637 -0.010271712193290001
vertex -0.009565867888077 -0.003265208326842 -0.010319309697153
endloop
endfacet
facet normal 0.016645149584425253 0.9769522671462468 0.21280791036312677
outer loop
vertex -0.010081592979137 -0.0031114815408640004 -0.009973670436978001
vertex -0.009973890057665 -0.003118302831846 -0.009950779631637
vertex -0.009952683434475 -0.0030982323139260005 -0.010044577486076999
endloop
endfacet
facet normal 0.7819653191820743 -0.5859901888979772 -0.21247526470577585
outer loop
vertex -0.009357227120958999 -0.003775403309028 -0.010150760475535
vertex -0.009373360552851 -0.003828201695938 -0.010064521954899
vertex -0.009410639293024 -0.003844616387695 -0.010156447166343001
endloop
endfacet
facet normal -0.13069000912553552 0.5957791575032388 0.7924438888650088
outer loop
vertex -0.010876032591133001 -0.0031685602704 -0.009974498341465
vertex -0.010892990299923 -0.0032472252980300003 -0.009918152672834999
vertex -0.01076832966965 -0.003175381561412 -0.009951607536124
endloop
endfacet
facet normal -0.09193815575812667 -0.9683990686119847 -0.23184179827467538
outer loop
vertex -0.009751134507557999 -0.003907277043742 -0.010170622190505
vertex -0.009665368149374 -0.003943511420592 -0.010053282969544
vertex -0.009772370472114 -0.003927723088094 -0.010076798186869
endloop
endfacet
facet normal 0.0678228380692314 0.9974575093473924 -0.02187646412771964
outer loop
vertex -0.009737277623045 -0.003111874893927 -0.00999879588208
vertex -0.009609375594437999 -0.0031221767833820003 -0.010071980397323
vertex -0.009717078547424 -0.003115355490397 -0.01009487120937
endloop
endfacet
facet normal 0.06782283820927858 0.9974575093385726 -0.021876464095676253
outer loop
vertex -0.009844980513003 -0.0031050536049180002 -0.010021686680725
vertex -0.009717078547424 -0.003115355490397 -0.01009487120937
vertex -0.009824781437382002 -0.003108534201388 -0.010117762008025
endloop
endfacet
facet normal 0.6229873003972893 0.6097274079876808 -0.4900197052081904
outer loop
vertex -0.009458164966605 -0.003272029617844 -0.010296418891802
vertex -0.009468865980226 -0.003204446532624 -0.010225930575882
vertex -0.009381282845634002 -0.0032628750413410002 -0.010187283727182
endloop
endfacet
facet normal 0.820100357682455 -0.17781475334873934 0.5438909052564093
outer loop
vertex -0.009353877093283 -0.0035940722779 -0.009763789409011
vertex -0.009305215842269 -0.003639650119518 -0.009852063585989002
vertex -0.009299933696166001 -0.003547122724945 -0.009829778150034
endloop
endfacet
facet normal -0.1595392885393146 -0.9555241655173448 0.24803383745922852
outer loop
vertex -0.009810572460473 -0.003897224707684 -0.009887966731841
vertex -0.009899881906417001 -0.0039124229753559996 -0.010003961701701
vertex -0.009792574518798001 -0.003924306114103 -0.009980718429332
endloop
endfacet
facet normal -0.21284927438920348 -0.0828259632370983 0.973568203160845
outer loop
vertex -0.009842703607287 -0.00360192809485 -0.009648791114108001
vertex -0.009730754585126001 -0.0035102037974839998 -0.009616512511217
vertex -0.009838423085061 -0.003502941555844 -0.009639434028019
endloop
endfacet
facet normal 0.924404747599179 -0.37871738590347853 0.045265927920831714
outer loop
vertex -0.009284597730681 -0.003666383792453 -0.009935932538409001
vertex -0.00931339887395 -0.0037430976736630003 -0.009989592478496
vertex -0.009267795956925999 -0.0036355316646940004 -0.010020928084275
endloop
endfacet
facet normal 0.06782283813876107 0.9974575093473691 -0.021876463913223346
outer loop
vertex -0.009609375594437999 -0.0031221767833820003 -0.010071980397323
vertex -0.009629574670048 -0.003118696186932 -0.009975905070033
vertex -0.009501672672955 -0.0031289980743840003 -0.010049089591962
endloop
endfacet
facet normal -0.059183082973767544 -0.9732718325214421 -0.22189930759259752
outer loop
vertex -0.009858473878256 -0.003895803241476 -0.01019383695938
vertex -0.009772370472114 -0.003927723088094 -0.010076798186869
vertex -0.009879682493337 -0.003915899252671 -0.010100037329746
endloop
endfacet
facet normal -0.035499887175601076 0.8996701141675448 0.43512463005933866
outer loop
vertex -0.009650781293238 -0.0031387667048419997 -0.009882107215583
vertex -0.009758484246235 -0.003131945411856 -0.00990499802762
vertex -0.009779465970805 -0.003174400623237 -0.00981892881106
endloop
endfacet
facet normal -0.026928787026887963 -0.8911922456257125 -0.4528258183516707
outer loop
vertex -0.009730100776539 -0.0038641562260870004 -0.010256737755478999
vertex -0.009644083161023 -0.003922437943571 -0.010147150663437
vertex -0.009751134507557999 -0.003907277043742 -0.010170622190505
endloop
endfacet
facet normal -0.16820300523889334 0.38683129043956355 0.9066803746444867
outer loop
vertex -0.009600555242228 -0.003329080790034 -0.009643463008693001
vertex -0.009708258163687 -0.0033222594990120003 -0.009666353813933
vertex -0.009721650622178 -0.003412645287232 -0.009630275610143001
endloop
endfacet
facet normal 0.48117419120127375 0.7928922259991377 -0.37388944311378014
outer loop
vertex -0.009421282222024001 -0.003204046479704 -0.010163844642072
vertex -0.009468865980226 -0.003204446532624 -0.010225930575882
vertex -0.009483655043165 -0.0031558275018240003 -0.010141858835592
endloop
endfacet
facet normal -0.9762799602779687 0.06183202481714729 -0.20749515624866902
outer loop
vertex -0.011735219401552999 -0.003409041197497 -0.010788686363436
vertex -0.011750030628802 -0.0033730849644280003 -0.010708283758636
vertex -0.011733788703602 -0.0033025372410179997 -0.010763680509636
endloop
endfacet
facet normal -0.08558181364585993 0.7701023647895163 0.6321535422021142
outer loop
vertex -0.009691300454908 -0.003243594471412 -0.009722699482603
vertex -0.009671763017808001 -0.003181221916232 -0.009796037999033001
vertex -0.009799003407895001 -0.003236773178407 -0.00974559029466
endloop
endfacet
facet normal 0.05340892533387548 -0.7560333162507769 -0.6523504513783472
outer loop
vertex -0.009603233739093 -0.003813383330158 -0.010306852726035001
vertex -0.009622962537197 -0.003878205025471 -0.010233343667727001
vertex -0.00971049169034 -0.0038008666675780002 -0.010330140125923001
endloop
endfacet
facet normal -0.19595856467677503 0.15521036744571604 0.9682509916169382
outer loop
vertex -0.009721650622178 -0.003412645287232 -0.009630275610143001
vertex -0.009829353575175 -0.003405823994236 -0.0096531664222
vertex -0.009838423085061 -0.003502941555844 -0.009639434028019
endloop
endfacet
facet normal -0.08558181366564342 0.770102364710886 0.6321535422952249
outer loop
vertex -0.010317980546661 -0.0031402941702399997 -0.009933382831110001
vertex -0.010445220905234 -0.003195845434408 -0.009882935120061
vertex -0.010337517983751002 -0.0032026667254099997 -0.009860044314710001
endloop
endfacet
facet normal -0.1957067313118598 0.1548740654498401 0.9683557709696711
outer loop
vertex -0.009730754585126001 -0.0035102037974839998 -0.009616512511217
vertex -0.009721650622178 -0.003412645287232 -0.009630275610143001
vertex -0.009838423085061 -0.003502941555844 -0.009639434028019
endloop
endfacet
facet normal -0.2264480455371013 -0.8533724183160885 0.46954956961941496
outer loop
vertex -0.009718219224138 -0.003862602514775 -0.009780504522051
vertex -0.009810572460473 -0.003897224707684 -0.009887966731841
vertex -0.009703545548381 -0.0039126983325490005 -0.009864473428672
endloop
endfacet
facet normal -0.2346401331375073 -0.2988579385017399 0.925001589466582
outer loop
vertex -0.009734522190153 -0.003707420045417 -0.009657554638589
vertex -0.009627240812647 -0.003719636480822 -0.009634288151001
vertex -0.009627738918862 -0.0036212172130029997 -0.009602616309445
endloop
endfacet
facet normal -0.2253838601631697 -0.3153863938289621 0.9218099251827958
outer loop
vertex -0.009841864701847 -0.0036959856325040003 -0.009680766677683
vertex -0.009842703607287 -0.00360192809485 -0.009648791114108001
vertex -0.009949366508231 -0.0036865907687380003 -0.00970383668302
endloop
endfacet
facet normal -0.20370911869135852 -0.9486720786089035 0.24191709784521717
outer loop
vertex -0.009596633271509999 -0.003929638714441 -0.009840877996817
vertex -0.009703545548381 -0.0039126983325490005 -0.009864473428672
vertex -0.00968558050177 -0.003940200747531 -0.009957195809913999
endloop
endfacet
facet normal -0.21616866924285003 -0.07510237365882563 0.9734632709602276
outer loop
vertex -0.009623091957251001 -0.003517540787559 -0.009593585796006
vertex -0.009735204010654 -0.0036113520508430003 -0.009625719069928
vertex -0.009627738918862 -0.0036212172130029997 -0.009602616309445
endloop
endfacet
facet normal -0.2294849949738393 -0.8529811575541857 0.46878543272949336
outer loop
vertex -0.009611222526362002 -0.0038784624332400004 -0.009756984326519
vertex -0.009718219224138 -0.003862602514775 -0.009780504522051
vertex -0.009703545548381 -0.0039126983325490005 -0.009864473428672
endloop
endfacet
facet normal -0.25095890281338534 -0.6971900418964804 0.6715248875351425
outer loop
vertex -0.009621626590542 -0.003807078830926 -0.009686760653455
vertex -0.009718219224138 -0.003862602514775 -0.009780504522051
vertex -0.009611222526362002 -0.0038784624332400004 -0.009756984326519
endloop
endfacet
facet normal -0.20774554040514276 -0.5374617167151671 0.8172984115409503
outer loop
vertex -0.010595569391956 -0.003645475586566 -0.009841194567012
vertex -0.010697281258228 -0.003721273735004 -0.009916893710353
vertex -0.010589578336756 -0.003728095026006 -0.009894002905002001
endloop
endfacet
facet normal -0.147821812130583 -0.9890055597767495 0.004088347968198403
outer loop
vertex -0.00968558050177 -0.003940200747531 -0.009957195809913999
vertex -0.009792574518798001 -0.003924306114103 -0.009980718429332
vertex -0.009772370472114 -0.003927723088094 -0.010076798186869
endloop
endfacet
facet normal -0.03519045734539393 -0.8856059403895209 -0.46310231057360773
outer loop
vertex -0.009537142307536 -0.003939012586731 -0.010123580699198
vertex -0.009644083161023 -0.003922437943571 -0.010147150663437
vertex -0.009622962537197 -0.003878205025471 -0.010233343667727001
endloop
endfacet
facet normal -0.08519452630783046 -0.9678634853001445 -0.23660550819843798
outer loop
vertex -0.009665368149374 -0.003943511420592 -0.010053282969544
vertex -0.009751134507557999 -0.003907277043742 -0.010170622190505
vertex -0.009644083161023 -0.003922437943571 -0.010147150663437
endloop
endfacet
facet normal -0.01607497054353227 -0.8879654538435284 -0.4596291419203976
outer loop
vertex -0.009622962537197 -0.003878205025471 -0.010233343667727001
vertex -0.009644083161023 -0.003922437943571 -0.010147150663437
vertex -0.009730100776539 -0.0038641562260870004 -0.010256737755478999
endloop
endfacet
facet normal 0.16493566268309795 -0.3771198324276123 -0.9113598955215535
outer loop
vertex -0.009679956852441 -0.003629452338452 -0.010422728577785
vertex -0.009572390351961 -0.0036380200234880002 -0.010399716158556
vertex -0.009586043328777001 -0.003731740064235 -0.010363405779478
endloop
endfacet
facet normal -0.2254858768563388 -0.3153796109916963 0.9217872966737253
outer loop
vertex -0.009735204010654 -0.0036113520508430003 -0.009625719069928
vertex -0.009842703607287 -0.00360192809485 -0.009648791114108001
vertex -0.009841864701847 -0.0036959856325040003 -0.009680766677683
endloop
endfacet
facet normal -0.08558181349752124 0.7701023647002382 0.632153542330957
outer loop
vertex -0.009779465970805 -0.003174400623237 -0.00981892881106
vertex -0.009906706297852001 -0.003229951889398 -0.009768481093285
vertex -0.009799003407895001 -0.003236773178407 -0.00974559029466
endloop
endfacet
facet normal 0.5232929043703837 -0.34778611177481356 -0.7779520272434319
outer loop
vertex -0.009432888505220999 -0.0037358817931870004 -0.010315399221207
vertex -0.009464847014684 -0.003646883758077 -0.010376683130951
vertex -0.009414898972077 -0.003659339341356 -0.010337517046032
endloop
endfacet
facet normal 0.21630361414213797 0.3205752931246828 -0.9221953306903439
outer loop
vertex -0.009667579785884 -0.003341006473287 -0.010395008847190001
vertex -0.009559876832888 -0.0033478277662820004 -0.010372118035143001
vertex -0.009558943910118 -0.0034406820199019998 -0.010404177387453
endloop
endfacet
facet normal -0.13069000923616653 0.5957791579079509 0.7924438885424909
outer loop
vertex -0.009815961116684 -0.003315438206017 -0.00968924462599
vertex -0.009708258163687 -0.0033222594990120003 -0.009666353813933
vertex -0.009691300454908 -0.003243594471412 -0.009722699482603
endloop
endfacet
facet normal 0.81335821566465 0.4473666237781125 -0.37190256377200415
outer loop
vertex -0.009381282845634002 -0.0032628750413410002 -0.010187283727182
vertex -0.009325367440275 -0.003348664815575 -0.010168193316497
vertex -0.009363926553675 -0.003346003082886 -0.010249321021023
endloop
endfacet
facet normal 0.2077455402391145 0.5374617167061947 -0.8172984115890526
outer loop
vertex -0.009559876832888 -0.0033478277662820004 -0.010372118035143001
vertex -0.009565867888077 -0.003265208326842 -0.010319309697153
vertex -0.009452173911416001 -0.003354649057264 -0.010349227229802001
endloop
endfacet
facet normal 0.5305540124316356 0.8059799539680859 -0.2625047688981933
outer loop
vertex -0.009483655043165 -0.0031558275018240003 -0.010141858835592
vertex -0.009422601544467 -0.003185255275723 -0.010108815691686
vertex -0.009421282222024001 -0.003204046479704 -0.010163844642072
endloop
endfacet
facet normal 0.9126895339468143 -0.4042893644308816 -0.059564456112859154
outer loop
vertex -0.00931339887395 -0.0037430976736630003 -0.009989592478496
vertex -0.009308741046002 -0.003717470410627 -0.010092165043824
vertex -0.009267795956925999 -0.0036355316646940004 -0.010020928084275
endloop
endfacet
facet normal -0.08558181362778645 0.7701023646520913 0.632153542371975
outer loop
vertex -0.010210277625189002 -0.003147115461232 -0.009910492025769001
vertex -0.010337517983751002 -0.0032026667254099997 -0.009860044314710001
vertex -0.010229815062268999 -0.003209488016412 -0.009837153509369
endloop
endfacet
facet normal -0.1306900092002835 0.5957791579056783 0.7924438885501173
outer loop
vertex -0.009583597533426 -0.0032504157623940003 -0.009699808677262
vertex -0.009691300454908 -0.003243594471412 -0.009722699482603
vertex -0.009708258163687 -0.0033222594990120003 -0.009666353813933
endloop
endfacet
facet normal 0.06782283807640672 0.9974575093492132 -0.0218764640224574
outer loop
vertex -0.009501672672955 -0.0031289980743840003 -0.010049089591962
vertex -0.009629574670048 -0.003118696186932 -0.009975905070033
vertex -0.009521871748576001 -0.003125517477924 -0.009953014264672
endloop
endfacet
facet normal 0.7359447715174956 0.6657436735465067 0.12316921047430528
outer loop
vertex -0.00935218995886 -0.003259497903314 -0.009997893045876
vertex -0.009419956634109002 -0.003179677942542 -0.010024418372794
vertex -0.009412952841692001 -0.0032067401703390003 -0.009919992092165
endloop
endfacet
facet normal 0.670378964338336 -0.49790983873053923 -0.5501616459441611
outer loop
vertex -0.009445379759222 -0.003810648821432 -0.010262953971219
vertex -0.009432888505220999 -0.0037358817931870004 -0.010315399221207
vertex -0.009402561492814 -0.003782922894994 -0.010235872015147
endloop
endfacet
facet normal 0.016645149788126458 0.9769522671167943 0.21280791048240347
outer loop
vertex -0.009521871748576001 -0.003125517477924 -0.009953014264672
vertex -0.009650781293238 -0.0031387667048419997 -0.009882107215583
vertex -0.009543078371755 -0.003145587995854 -0.009859216410222001
endloop
endfacet
facet normal 0.4061550902065818 0.7883320670093722 0.4621369870763582
outer loop
vertex -0.009479183899996 -0.0031610355255879997 -0.009889019871708
vertex -0.009543078371755 -0.003145587995854 -0.009859216410222001
vertex -0.009463299883336999 -0.003199096479588 -0.009838053822725
endloop
endfacet
facet normal 0.6848442615356953 0.5099469623655559 0.5205213088969273
outer loop
vertex -0.009383996662259999 -0.0032862257792560003 -0.009838975425337002
vertex -0.009452200681847 -0.003256583395797 -0.009778280334693
vertex -0.009409559360866 -0.0033275828483 -0.009764825955332
endloop
endfacet
facet normal 0.1900348827239969 0.07585991816555542 0.978842181438863
outer loop
vertex -0.009623091957251001 -0.003517540787559 -0.009593585796006
vertex -0.009561710924226 -0.003527030636709 -0.009604767004213
vertex -0.009553098513173 -0.003477005468251 -0.009610315971976001
endloop
endfacet
facet normal -0.16820300596362436 0.38683129140365974 0.9066803740987106
outer loop
vertex -0.009613947700706 -0.003419466578234 -0.009607384804802001
vertex -0.009600555242228 -0.003329080790034 -0.009643463008693001
vertex -0.009721650622178 -0.003412645287232 -0.009630275610143001
endloop
endfacet
facet normal 0.16303341712433067 0.1225413649556824 0.9789809593529193
outer loop
vertex -0.009613947700706 -0.003419466578234 -0.009607384804802001
vertex -0.009623091957251001 -0.003517540787559 -0.009593585796006
vertex -0.009553098513173 -0.003477005468251 -0.009610315971976001
endloop
endfacet
facet normal -0.1959882938841772 0.15489190394825175 0.9682959706368993
outer loop
vertex -0.009613947700706 -0.003419466578234 -0.009607384804802001
vertex -0.009721650622178 -0.003412645287232 -0.009630275610143001
vertex -0.009730754585126001 -0.0035102037974839998 -0.009616512511217
endloop
endfacet
facet normal -0.1956951189472069 0.1545022710807254 0.9684175074063545
outer loop
vertex -0.009623091957251001 -0.003517540787559 -0.009593585796006
vertex -0.009613947700706 -0.003419466578234 -0.009607384804802001
vertex -0.009730754585126001 -0.0035102037974839998 -0.009616512511217
endloop
endfacet
facet normal -0.16101677789240104 -0.9869516599526602 0.00013473617842690703
outer loop
vertex -0.009578706696382 -0.003957633508126 -0.009933566092045
vertex -0.00968558050177 -0.003940200747531 -0.009957195809913999
vertex -0.009665368149374 -0.003943511420592 -0.010053282969544
endloop
endfacet
facet normal 0.7402404032854033 0.44542220882823935 0.5036300241510981
outer loop
vertex -0.009409559360866 -0.0033275828483 -0.009764825955332
vertex -0.009349357712788001 -0.0033868438570350003 -0.009800899108187001
vertex -0.009383996662259999 -0.0032862257792560003 -0.009838975425337002
endloop
endfacet
facet normal 0.7872873195740901 -0.03974046212127192 0.6153042922881591
outer loop
vertex -0.009343355259186 -0.0034885188617890003 -0.009770434844578001
vertex -0.009353877093283 -0.0035940722779 -0.009763789409011
vertex -0.009299933696166001 -0.003547122724945 -0.009829778150034
endloop
endfacet
facet normal 0.3985098787386327 -0.43445506343335616 0.8077367605877788
outer loop
vertex -0.009568549763934 -0.003708263817205 -0.009639042123254001
vertex -0.00956294329681 -0.003783994473325 -0.009682541195299
vertex -0.009509184167974 -0.003748702401951 -0.009690081677672999
endloop
endfacet
facet normal -0.2390295935632854 -0.8468780119977046 0.47503945751462184
outer loop
vertex -0.009596633271509999 -0.003929638714441 -0.009840877996817
vertex -0.009611222526362002 -0.0038784624332400004 -0.009756984326519
vertex -0.009703545548381 -0.0039126983325490005 -0.009864473428672
endloop
endfacet
facet normal 0.23143141471800044 -0.7099117990233957 0.6651802296287757
outer loop
vertex -0.009621626590542 -0.003807078830926 -0.009686760653455
vertex -0.009507905073783001 -0.003838726492441 -0.009760102851036
vertex -0.00956294329681 -0.003783994473325 -0.009682541195299
endloop
endfacet
facet normal -0.15966812506719782 -0.9871703690687723 -0.0008673350850597125
outer loop
vertex -0.009558484630275 -0.003960819859951 -0.010029661908595
vertex -0.009578706696382 -0.003957633508126 -0.009933566092045
vertex -0.009665368149374 -0.003943511420592 -0.010053282969544
endloop
endfacet
facet normal 0.6504194223220702 -0.3382424373636125 0.6801078066252051
outer loop
vertex -0.009373767388749 -0.0037044181283410003 -0.009788454600658
vertex -0.009449028760162 -0.003652609413297 -0.009690712208756001
vertex -0.009443848190422 -0.003756299130378 -0.009747235315002
endloop
endfacet
facet normal 0.7213568287214864 -0.028340771965618735 0.6919834725636681
outer loop
vertex -0.009353877093283 -0.0035940722779 -0.009763789409011
vertex -0.009343355259186 -0.0034885188617890003 -0.009770434844578001
vertex -0.009416634636545 -0.0035192197750230003 -0.009695302281818
endloop
endfacet
facet normal 0.21137102400859173 -0.8620089164921922 0.46071999967172694
outer loop
vertex -0.009596633271509999 -0.003929638714441 -0.009840877996817
vertex -0.00953372636057 -0.0039230567331800005 -0.009857423776581
vertex -0.00954124762619 -0.003895312479203 -0.009802063531869002
endloop
endfacet
facet normal 0.6070569265413958 -0.559807774401387 0.564001013880188
outer loop
vertex -0.009507905073783001 -0.003838726492441 -0.009760102851036
vertex -0.009410276567513 -0.003802727513991 -0.00982945299756
vertex -0.009443848190422 -0.003756299130378 -0.009747235315002
endloop
endfacet
facet normal 0.832762683704365 -0.5277435116195968 -0.16731138207820823
outer loop
vertex -0.009357227120958999 -0.003775403309028 -0.010150760475535
vertex -0.009308741046002 -0.003717470410627 -0.010092165043824
vertex -0.009373360552851 -0.003828201695938 -0.010064521954899
endloop
endfacet
facet normal 0.05035189601625727 -0.7473544596669927 -0.6625149041217302
outer loop
vertex -0.009496051256876 -0.0038268654801730004 -0.01028349810255
vertex -0.009515920060666 -0.003893479042874 -0.010209864270446
vertex -0.009603233739093 -0.003813383330158 -0.010306852726035001
endloop
endfacet
facet normal -0.1306900092031725 0.5957791578674232 0.7924438885784019
outer loop
vertex -0.009815961116684 -0.003315438206017 -0.00968924462599
vertex -0.009691300454908 -0.003243594471412 -0.009722699482603
vertex -0.009799003407895001 -0.003236773178407 -0.00974559029466
endloop
endfacet
facet normal 0.15764462798195888 -0.3766348441051149 -0.9128495853503716
outer loop
vertex -0.009572390351961 -0.0036380200234880002 -0.010399716158556
vertex -0.00947869059485 -0.003743043242108 -0.01034020288518
vertex -0.009586043328777001 -0.003731740064235 -0.010363405779478
endloop
endfacet
facet normal 0.2122909092141048 0.08505803360504251 -0.9734976634714088
outer loop
vertex -0.009451240988646 -0.003447503310914 -0.010381286582102
vertex -0.009455420420106 -0.003545196036374 -0.010390733760842
vertex -0.009558943910118 -0.0034406820199019998 -0.010404177387453
endloop
endfacet
facet normal 0.18711404374767077 0.7231129385923322 -0.6649030099742044
outer loop
vertex -0.009576568901687 -0.0031976252416320004 -0.010248821381242999
vertex -0.009458164966605 -0.003272029617844 -0.010296418891802
vertex -0.009565867888077 -0.003265208326842 -0.010319309697153
endloop
endfacet
facet normal 0.8580794772444112 -0.22506620700968005 -0.46156777746527544
outer loop
vertex -0.009374173079224 -0.0036523319508580004 -0.010292369599749
vertex -0.00931094176315 -0.003564468174603 -0.010217662634769
vertex -0.009326897987137001 -0.003684145492814 -0.010188969965168
endloop
endfacet
facet normal 0.9124861489731811 0.24744412575982444 -0.32579200812642656
outer loop
vertex -0.009278909198174 -0.003410855249485 -0.010085306553778001
vertex -0.009320860730449 -0.003442730197898 -0.010227014943552
vertex -0.009325367440275 -0.003348664815575 -0.010168193316497
endloop
endfacet
facet normal 0.8467839651729733 0.06880957889045146 -0.5274676844877375
outer loop
vertex -0.009320860730449 -0.003442730197898 -0.010227014943552
vertex -0.009363028961687 -0.003541356350718 -0.010307576857286
vertex -0.009381402369498 -0.003458932751803 -0.010326320705068
endloop
endfacet
facet normal 0.6234186071515053 0.6158324572938939 -0.48176718941895713
outer loop
vertex -0.009421282222024001 -0.003204046479704 -0.010163844642072
vertex -0.009381282845634002 -0.0032628750413410002 -0.010187283727182
vertex -0.009468865980226 -0.003204446532624 -0.010225930575882
endloop
endfacet
facet normal 0.5413576745470574 0.8376761285133022 -0.0723226930359187
outer loop
vertex -0.009422601544467 -0.003185255275723 -0.010108815691686
vertex -0.009501672672955 -0.0031289980743840003 -0.010049089591962
vertex -0.009419956634109002 -0.003179677942542 -0.010024418372794
endloop
endfacet
facet normal 0.01664514965936313 0.9769522671679001 0.21280791025786006
outer loop
vertex -0.009521871748576001 -0.003125517477924 -0.009953014264672
vertex -0.009629574670048 -0.003118696186932 -0.009975905070033
vertex -0.009650781293238 -0.0031387667048419997 -0.009882107215583
endloop
endfacet
facet normal -0.03549988711239875 0.8996701141070631 0.43512463018954783
outer loop
vertex -0.009543078371755 -0.003145587995854 -0.009859216410222001
vertex -0.009650781293238 -0.0031387667048419997 -0.009882107215583
vertex -0.009671763017808001 -0.003181221916232 -0.009796037999033001
endloop
endfacet
facet normal 0.7445637929832879 0.37902842838227074 -0.5495108812902666
outer loop
vertex -0.009405623909557001 -0.0033044139768499997 -0.010277132823254001
vertex -0.009363926553675 -0.003346003082886 -0.010249321021023
vertex -0.009402060054504 -0.003376736262749 -0.010322188682507002
endloop
endfacet
facet normal -0.03549988737554844 0.899670114302579 0.4351246297638276
outer loop
vertex -0.009564060096324002 -0.003188043207234 -0.009773147193602
vertex -0.009543078371755 -0.003145587995854 -0.009859216410222001
vertex -0.009671763017808001 -0.003181221916232 -0.009796037999033001
endloop
endfacet
facet normal 0.20774554028697648 0.5374617167244201 -0.8172984115649016
outer loop
vertex -0.01009839144027 -0.003313721311272 -0.010486572061909
vertex -0.010206094361741 -0.00330690002028 -0.010509462867250002
vertex -0.010212085416942 -0.00322428058084 -0.01045665452926
endloop
endfacet
facet normal 0.7157945991493172 0.6949570459567033 -0.0683578532708653
outer loop
vertex -0.009422601544467 -0.003185255275723 -0.010108815691686
vertex -0.009419956634109002 -0.003179677942542 -0.010024418372794
vertex -0.009387965529448 -0.003220135213445 -0.010100737409853
endloop
endfacet
facet normal 0.6620558942137048 0.5978080527256734 0.4520038993562227
outer loop
vertex -0.009463299883336999 -0.003199096479588 -0.009838053822725
vertex -0.009452200681847 -0.003256583395797 -0.009778280334693
vertex -0.009383996662259999 -0.0032862257792560003 -0.009838975425337002
endloop
endfacet
facet normal -0.08558181380587784 0.7701023645272884 0.6321535424999019
outer loop
vertex -0.009691300454908 -0.003243594471412 -0.009722699482603
vertex -0.009583597533426 -0.0032504157623940003 -0.009699808677262
vertex -0.009564060096324002 -0.003188043207234 -0.009773147193602
endloop
endfacet
facet normal -0.08558181408789974 0.7701023648175126 0.6321535421081645
outer loop
vertex -0.009564060096324002 -0.003188043207234 -0.009773147193602
vertex -0.009671763017808001 -0.003181221916232 -0.009796037999033001
vertex -0.009691300454908 -0.003243594471412 -0.009722699482603
endloop
endfacet
facet normal 0.5088828589343117 0.8574810730392273 0.07592394393296932
outer loop
vertex -0.009521871748576001 -0.003125517477924 -0.009953014264672
vertex -0.009419956634109002 -0.003179677942542 -0.010024418372794
vertex -0.009501672672955 -0.0031289980743840003 -0.010049089591962
endloop
endfacet
facet normal -0.1306900084849284 0.5957791570269844 0.7924438893287179
outer loop
vertex -0.009600555242228 -0.003329080790034 -0.009643463008693001
vertex -0.009583597533426 -0.0032504157623940003 -0.009699808677262
vertex -0.009708258163687 -0.0033222594990120003 -0.009666353813933
endloop
endfacet
facet normal -0.03549988719351074 0.8996701141686791 0.4351246300555323
outer loop
vertex -0.009758484246235 -0.003131945411856 -0.00990499802762
vertex -0.009887168860762999 -0.003167579334238 -0.009841819609714999
vertex -0.009779465970805 -0.003174400623237 -0.00981892881106
endloop
endfacet
facet normal 0.6901935463934461 0.6243296383593238 0.36584883651988537
outer loop
vertex -0.009463299883336999 -0.003199096479588 -0.009838053822725
vertex -0.009383996662259999 -0.0032862257792560003 -0.009838975425337002
vertex -0.009412952841692001 -0.0032067401703390003 -0.009919992092165
endloop
endfacet
facet normal 0.5853481497845516 0.8086781625498998 0.05837099415565875
outer loop
vertex -0.009479183899996 -0.0031610355255879997 -0.009889019871708
vertex -0.009412952841692001 -0.0032067401703390003 -0.009919992092165
vertex -0.009521871748576001 -0.003125517477924 -0.009953014264672
endloop
endfacet
facet normal -0.24785598775570855 -0.5101422856793904 0.8236032161759991
outer loop
vertex -0.009728748752362 -0.003792824668332 -0.009710169034777
vertex -0.009621626590542 -0.003807078830926 -0.009686760653455
vertex -0.009627240812647 -0.003719636480822 -0.009634288151001
endloop
endfacet
facet normal -0.23715033535046773 -0.5211225269592388 0.8198725695733319
outer loop
vertex -0.009627240812647 -0.003719636480822 -0.009634288151001
vertex -0.009734522190153 -0.003707420045417 -0.009657554638589
vertex -0.009728748752362 -0.003792824668332 -0.009710169034777
endloop
endfacet
facet normal 0.22661486953045118 0.5344004484913466 0.8142861054690448
outer loop
vertex -0.009531112135220001 -0.0032750148635120003 -0.009698271380979
vertex -0.009583597533426 -0.0032504157623940003 -0.009699808677262
vertex -0.009600555242228 -0.003329080790034 -0.009643463008693001
endloop
endfacet
facet normal 0.6105441478444075 0.48528940119753 0.62588340816664
outer loop
vertex -0.009452200681847 -0.003256583395797 -0.009778280334693
vertex -0.009484443752498 -0.003308642980318 -0.009706462193955
vertex -0.009409559360866 -0.0033275828483 -0.009764825955332
endloop
endfacet
facet normal 0.572491501914348 0.3113927737066441 0.7584774358668402
outer loop
vertex -0.009484443752498 -0.003308642980318 -0.009706462193955
vertex -0.009496425899932 -0.0034296301190570003 -0.009647746936006
vertex -0.009407376227816 -0.0034098373247990004 -0.009723086703461
endloop
endfacet
facet normal 0.6204628039966366 0.14333218743593704 0.7710264540866681
outer loop
vertex -0.009496425899932 -0.0034296301190570003 -0.009647746936006
vertex -0.009416634636545 -0.0035192197750230003 -0.009695302281818
vertex -0.009407376227816 -0.0034098373247990004 -0.009723086703461
endloop
endfacet
facet normal 0.5027717909315574 0.07869673104791843 0.8608294550988864
outer loop
vertex -0.009506057791671999 -0.003536869681865 -0.009632317577247999
vertex -0.009496425899932 -0.0034296301190570003 -0.009647746936006
vertex -0.009553098513173 -0.003477005468251 -0.009610315971976001
endloop
endfacet
facet normal -0.23949177417781295 -0.7069447388316292 0.6654869092171857
outer loop
vertex -0.009621626590542 -0.003807078830926 -0.009686760653455
vertex -0.009728748752362 -0.003792824668332 -0.009710169034777
vertex -0.009718219224138 -0.003862602514775 -0.009780504522051
endloop
endfacet
facet normal 0.44615407713602884 0.6850009302284265 0.5759516169272284
outer loop
vertex -0.009452200681847 -0.003256583395797 -0.009778280334693
vertex -0.009463299883336999 -0.003199096479588 -0.009838053822725
vertex -0.009564060096324002 -0.003188043207234 -0.009773147193602
endloop
endfacet
facet normal 0.5285146187531732 0.3277080381635488 0.7831217909668878
outer loop
vertex -0.009549835858378 -0.00334369946597 -0.009647660387419
vertex -0.009496425899932 -0.0034296301190570003 -0.009647746936006
vertex -0.009484443752498 -0.003308642980318 -0.009706462193955
endloop
endfacet
facet normal -0.09536733343030789 -0.9646541161999481 -0.24565729749569779
outer loop
vertex -0.009537142307536 -0.003939012586731 -0.010123580699198
vertex -0.009558484630275 -0.003960819859951 -0.010029661908595
vertex -0.009644083161023 -0.003922437943571 -0.010147150663437
endloop
endfacet
facet normal 0.23888154903445663 -0.14554123769952937 0.9600798683754324
outer loop
vertex -0.009561710924226 -0.003527030636709 -0.009604767004213
vertex -0.009627738918862 -0.0036212172130029997 -0.009602616309445
vertex -0.009541189561467 -0.003622521530714 -0.009624348747822
endloop
endfacet
facet normal 0.16316913209656364 -0.48228894694748703 0.8606818262186893
outer loop
vertex -0.009627240812647 -0.003719636480822 -0.009634288151001
vertex -0.00956294329681 -0.003783994473325 -0.009682541195299
vertex -0.009568549763934 -0.003708263817205 -0.009639042123254001
endloop
endfacet
facet normal 0.13510946376698216 -0.30290562218807127 0.9433947301355122
outer loop
vertex -0.009568549763934 -0.003708263817205 -0.009639042123254001
vertex -0.009627738918862 -0.0036212172130029997 -0.009602616309445
vertex -0.009627240812647 -0.003719636480822 -0.009634288151001
endloop
endfacet
facet normal 0.4286270609050424 -0.09219085400945685 0.8987656474837653
outer loop
vertex -0.009561710924226 -0.003527030636709 -0.009604767004213
vertex -0.009541189561467 -0.003622521530714 -0.009624348747822
vertex -0.009506057791671999 -0.003536869681865 -0.009632317577247999
endloop
endfacet
facet normal 0.5870952542660542 -0.115004268584389 0.8013071699577178
outer loop
vertex -0.009506057791671999 -0.003536869681865 -0.009632317577247999
vertex -0.009449028760162 -0.003652609413297 -0.009690712208756001
vertex -0.009416634636545 -0.0035192197750230003 -0.009695302281818
endloop
endfacet
facet normal 0.9401464072646656 -0.1809048868288848 0.28878738689348943
outer loop
vertex -0.009305215842269 -0.003639650119518 -0.009852063585989002
vertex -0.009284597730681 -0.003666383792453 -0.009935932538409001
vertex -0.009262642085485 -0.003548274276779 -0.009933421806815
endloop
endfacet
facet normal 0.8547875701216268 0.4684642581519932 0.22333707439578346
outer loop
vertex -0.009312298468524001 -0.003366618599651 -0.009886589527513999
vertex -0.009299507411185 -0.003348811653531 -0.009972896535333
vertex -0.009345307498709 -0.003289825085741 -0.009921332114887
endloop
endfacet
facet normal 0.10285805641537897 -0.5809438055579214 -0.8074184262291335
outer loop
vertex -0.009496051256876 -0.0038268654801730004 -0.01028349810255
vertex -0.009603233739093 -0.003813383330158 -0.010306852726035001
vertex -0.009586043328777001 -0.003731740064235 -0.010363405779478
endloop
endfacet
facet normal 0.5458965235734909 -0.14717036185231622 0.8248259635478475
outer loop
vertex -0.009449028760162 -0.003652609413297 -0.009690712208756001
vertex -0.009506057791671999 -0.003536869681865 -0.009632317577247999
vertex -0.009541189561467 -0.003622521530714 -0.009624348747822
endloop
endfacet
facet normal 0.22109864173371105 0.185039610434976 0.9575362829645573
outer loop
vertex -0.009613947700706 -0.003419466578234 -0.009607384804802001
vertex -0.009553098513173 -0.003477005468251 -0.009610315971976001
vertex -0.00955126675901 -0.0034164067605850002 -0.009622449360363999
endloop
endfacet
facet normal 0.5889226027548992 -0.3639379210448745 0.7216088674551678
outer loop
vertex -0.009509184167974 -0.003748702401951 -0.009690081677672999
vertex -0.009443848190422 -0.003756299130378 -0.009747235315002
vertex -0.009449028760162 -0.003652609413297 -0.009690712208756001
endloop
endfacet
facet normal 0.7511402187591381 -0.47159504935971447 0.4619377460025134
outer loop
vertex -0.009410276567513 -0.003802727513991 -0.00982945299756
vertex -0.009334153383807999 -0.003739597098899 -0.009888783922292999
vertex -0.009373767388749 -0.0037044181283410003 -0.009788454600658
endloop
endfacet
facet normal -0.022539831276364653 -0.8818822795761642 -0.4709305691666034
outer loop
vertex -0.009515920060666 -0.003893479042874 -0.010209864270446
vertex -0.009537142307536 -0.003939012586731 -0.010123580699198
vertex -0.009622962537197 -0.003878205025471 -0.010233343667727001
endloop
endfacet
facet normal 0.17510667424623433 0.3424994426723972 0.9230556778458819
outer loop
vertex -0.009549835858378 -0.00334369946597 -0.009647660387419
vertex -0.009600555242228 -0.003329080790034 -0.009643463008693001
vertex -0.009613947700706 -0.003419466578234 -0.009607384804802001
endloop
endfacet
facet normal 0.11509108906633327 -0.5728393328085288 -0.811547373851339
outer loop
vertex -0.009586043328777001 -0.003731740064235 -0.010363405779478
vertex -0.00947869059485 -0.003743043242108 -0.01034020288518
vertex -0.009496051256876 -0.0038268654801730004 -0.01028349810255
endloop
endfacet
facet normal 0.03614203860617593 -0.7543384562724758 -0.6554900811101932
outer loop
vertex -0.009515920060666 -0.003893479042874 -0.010209864270446
vertex -0.009622962537197 -0.003878205025471 -0.010233343667727001
vertex -0.009603233739093 -0.003813383330158 -0.010306852726035001
endloop
endfacet
facet normal 0.27939801249627816 -0.67269208813639 0.6851438572824197
outer loop
vertex -0.00954124762619 -0.003895312479203 -0.009802063531869002
vertex -0.009507905073783001 -0.003838726492441 -0.009760102851036
vertex -0.009611222526362002 -0.0038784624332400004 -0.009756984326519
endloop
endfacet
facet normal 0.5852369763909546 -0.6479158395889788 0.487547686154372
outer loop
vertex -0.009479738235527 -0.003894144506869 -0.009867560000540999
vertex -0.009410276567513 -0.003802727513991 -0.00982945299756
vertex -0.009507905073783001 -0.003838726492441 -0.009760102851036
endloop
endfacet
facet normal 0.1652172790661747 -0.37053418586342785 -0.9140063828029301
outer loop
vertex -0.009464847014684 -0.003646883758077 -0.010376683130951
vertex -0.00947869059485 -0.003743043242108 -0.01034020288518
vertex -0.009572390351961 -0.0036380200234880002 -0.010399716158556
endloop
endfacet
facet normal 0.7295425343322972 -0.6826484981388815 0.04193707892472218
outer loop
vertex -0.009457887472287001 -0.003914616473621 -0.010000734373815
vertex -0.009373360552851 -0.003828201695938 -0.010064521954899
vertex -0.00938289078221 -0.003830752897213 -0.009940261179134
endloop
endfacet
facet normal 0.19110016499784344 -0.931322833803304 0.3100298472314887
outer loop
vertex -0.00953372636057 -0.0039230567331800005 -0.009857423776581
vertex -0.009578706696382 -0.003957633508126 -0.009933566092045
vertex -0.009527198095574 -0.003946691840014 -0.00993244709256
endloop
endfacet
facet normal 0.6786057777447623 -0.6545465296897941 0.3332612171892698
outer loop
vertex -0.009479738235527 -0.003894144506869 -0.009867560000540999
vertex -0.00938289078221 -0.003830752897213 -0.009940261179134
vertex -0.009410276567513 -0.003802727513991 -0.00982945299756
endloop
endfacet
facet normal 0.8087508930347012 0.21211043448277606 0.5485719247273794
outer loop
vertex -0.009291743572903001 -0.003463210043603 -0.009856311025386
vertex -0.009349357712788001 -0.0033868438570350003 -0.009800899108187001
vertex -0.009343355259186 -0.0034885188617890003 -0.009770434844578001
endloop
endfacet
facet normal 0.19625340192481341 -0.15204157506253457 -0.9686939463449956
outer loop
vertex -0.009455420420106 -0.003545196036374 -0.010390733760842
vertex -0.009464847014684 -0.003646883758077 -0.010376683130951
vertex -0.009563123341577 -0.003538374745392 -0.010413624566183
endloop
endfacet
facet normal 0.19612519185489882 -0.15342239615600092 -0.9685021824847015
outer loop
vertex -0.009563123341577 -0.003538374745392 -0.010413624566183
vertex -0.009572390351961 -0.0036380200234880002 -0.010399716158556
vertex -0.009670826294574001 -0.0035315534523970003 -0.010436515378239999
endloop
endfacet
facet normal 0.836386341231401 0.5311974791207269 0.13522990193494716
outer loop
vertex -0.00935218995886 -0.003259497903314 -0.009997893045876
vertex -0.009345307498709 -0.003289825085741 -0.009921332114887
vertex -0.009299507411185 -0.003348811653531 -0.009972896535333
endloop
endfacet
facet normal 0.5543092396493913 0.8139700137063939 0.1737644486830566
outer loop
vertex -0.009412952841692001 -0.0032067401703390003 -0.009919992092165
vertex -0.009419956634109002 -0.003179677942542 -0.010024418372794
vertex -0.009521871748576001 -0.003125517477924 -0.009953014264672
endloop
endfacet
facet normal 0.19484789722056897 -0.15334137892663377 -0.9687727899035982
outer loop
vertex -0.009563123341577 -0.003538374745392 -0.010413624566183
vertex -0.009464847014684 -0.003646883758077 -0.010376683130951
vertex -0.009572390351961 -0.0036380200234880002 -0.010399716158556
endloop
endfacet
facet normal 0.7145445573800973 -0.6789878413393611 -0.1685277034549373
outer loop
vertex -0.009455812746554 -0.003904885348413 -0.010105159182216
vertex -0.009410639293024 -0.003844616387695 -0.010156447166343001
vertex -0.009373360552851 -0.003828201695938 -0.010064521954899
endloop
endfacet
facet normal 0.6939795507827972 -0.7180322023065601 -0.05312381336179241
outer loop
vertex -0.009455812746554 -0.003904885348413 -0.010105159182216
vertex -0.009373360552851 -0.003828201695938 -0.010064521954899
vertex -0.009457887472287001 -0.003914616473621 -0.010000734373815
endloop
endfacet
facet normal 0.38517170304797305 -0.9147907923042309 0.12165757471905105
outer loop
vertex -0.00949689396775 -0.003939557667598 -0.010064781157008
vertex -0.009457887472287001 -0.003914616473621 -0.010000734373815
vertex -0.009558484630275 -0.003960819859951 -0.010029661908595
endloop
endfacet
facet normal 0.7958378176786306 -0.6035526317318266 0.0486455412355626
outer loop
vertex -0.009373360552851 -0.003828201695938 -0.010064521954899
vertex -0.00931339887395 -0.0037430976736630003 -0.009989592478496
vertex -0.00938289078221 -0.003830752897213 -0.009940261179134
endloop
endfacet
facet normal 0.21229090910201479 0.08505803348957292 -0.9734976635059411
outer loop
vertex -0.009455420420106 -0.003545196036374 -0.010390733760842
vertex -0.009563123341577 -0.003538374745392 -0.010413624566183
vertex -0.009558943910118 -0.0034406820199019998 -0.010404177387453
endloop
endfacet
facet normal 0.8104774936495255 -0.43405340739622533 -0.39334955423301304
outer loop
vertex -0.009326897987137001 -0.003684145492814 -0.010188969965168
vertex -0.009357227120958999 -0.003775403309028 -0.010150760475535
vertex -0.009402561492814 -0.003782922894994 -0.010235872015147
endloop
endfacet
facet normal 0.79319533766738 -0.16016268981063647 -0.5875279304810561
outer loop
vertex -0.009403842335259 -0.0035958872018610004 -0.010347811829291
vertex -0.009363028961687 -0.003541356350718 -0.010307576857286
vertex -0.009374173079224 -0.0036523319508580004 -0.010292369599749
endloop
endfacet
facet normal 0.5591362093052266 0.05606992343757501 -0.8271776490751467
outer loop
vertex -0.009403358374502 -0.003544014151577 -0.010355461962758
vertex -0.009455420420106 -0.003545196036374 -0.010390733760842
vertex -0.009451240988646 -0.003447503310914 -0.010381286582102
endloop
endfacet
facet normal 0.21630361421323863 0.32057529312017974 -0.9221953306752325
outer loop
vertex -0.009451240988646 -0.003447503310914 -0.010381286582102
vertex -0.009558943910118 -0.0034406820199019998 -0.010404177387453
vertex -0.009559876832888 -0.0033478277662820004 -0.010372118035143001
endloop
endfacet
facet normal 0.2163036140483369 0.3205752929494705 -0.9221953307732529
outer loop
vertex -0.009559876832888 -0.0033478277662820004 -0.010372118035143001
vertex -0.009452173911416001 -0.003354649057264 -0.010349227229802001
vertex -0.009451240988646 -0.003447503310914 -0.010381286582102
endloop
endfacet
facet normal 0.8367933682709394 -0.15595041219871889 -0.524839335180611
outer loop
vertex -0.009363028961687 -0.003541356350718 -0.010307576857286
vertex -0.00931094176315 -0.003564468174603 -0.010217662634769
vertex -0.009374173079224 -0.0036523319508580004 -0.010292369599749
endloop
endfacet
facet normal -0.23277586411603976 -0.5303098812490601 0.8152219494926757
outer loop
vertex -0.009835955126624 -0.0037796478961240002 -0.009733502400308
vertex -0.009734522190153 -0.003707420045417 -0.009657554638589
vertex -0.009841864701847 -0.0036959856325040003 -0.009680766677683
endloop
endfacet
facet normal 0.20774554039482757 0.5374617168575903 -0.8172984114499137
outer loop
vertex -0.009458164966605 -0.003272029617844 -0.010296418891802
vertex -0.009452173911416001 -0.003354649057264 -0.010349227229802001
vertex -0.009565867888077 -0.003265208326842 -0.010319309697153
endloop
endfacet
facet normal 0.7918374931244896 -0.3792404608858867 -0.4787170952758884
outer loop
vertex -0.009374173079224 -0.0036523319508580004 -0.010292369599749
vertex -0.009326897987137001 -0.003684145492814 -0.010188969965168
vertex -0.009402561492814 -0.003782922894994 -0.010235872015147
endloop
endfacet
facet normal 0.15831883749770057 -0.3825601178863202 -0.9102652920419306
outer loop
vertex -0.009679956852441 -0.003629452338452 -0.010422728577785
vertex -0.009586043328777001 -0.003731740064235 -0.010363405779478
vertex -0.009693446853803 -0.0037210865324709998 -0.010386563443268
endloop
endfacet
facet normal 0.9784934882015389 -0.14469140471595257 -0.147020035874398
outer loop
vertex -0.009254004256988002 -0.003519829654238 -0.010043006692959001
vertex -0.009267795956925999 -0.0036355316646940004 -0.010020928084275
vertex -0.00927784211757 -0.003601340674861 -0.010121439861675
endloop
endfacet
facet normal 0.5470858012691581 0.47862182727119595 -0.6867446923779351
outer loop
vertex -0.009405623909557001 -0.0033044139768499997 -0.010277132823254001
vertex -0.009452173911416001 -0.003354649057264 -0.010349227229802001
vertex -0.009458164966605 -0.003272029617844 -0.010296418891802
endloop
endfacet
facet normal 0.8684591965753458 0.032757601710735364 -0.49467723154989246
outer loop
vertex -0.009363028961687 -0.003541356350718 -0.010307576857286
vertex -0.009320860730449 -0.003442730197898 -0.010227014943552
vertex -0.00931094176315 -0.003564468174603 -0.010217662634769
endloop
endfacet
facet normal 0.5818842724983558 0.6666377231531585 -0.4658377823751869
outer loop
vertex -0.009381282845634002 -0.0032628750413410002 -0.010187283727182
vertex -0.009405623909557001 -0.0033044139768499997 -0.010277132823254001
vertex -0.009458164966605 -0.003272029617844 -0.010296418891802
endloop
endfacet
facet normal 0.8671609700693318 0.29325927036682015 -0.40253056074332527
outer loop
vertex -0.009363926553675 -0.003346003082886 -0.010249321021023
vertex -0.009325367440275 -0.003348664815575 -0.010168193316497
vertex -0.009320860730449 -0.003442730197898 -0.010227014943552
endloop
endfacet
facet normal 0.7654489101426724 0.6431827386173297 -0.02009802741830286
outer loop
vertex -0.00935218995886 -0.003259497903314 -0.009997893045876
vertex -0.009387965529448 -0.003220135213445 -0.010100737409853
vertex -0.009419956634109002 -0.003179677942542 -0.010024418372794
endloop
endfacet
facet normal 0.8366081819895711 0.1322096509266404 -0.5316082749825859
outer loop
vertex -0.009362332019378 -0.0034041514706870005 -0.010282685144658
vertex -0.009320860730449 -0.003442730197898 -0.010227014943552
vertex -0.009381402369498 -0.003458932751803 -0.010326320705068
endloop
endfacet
facet normal 0.18711404375908772 0.7231129386018343 -0.6649030099606571
outer loop
vertex -0.009576568901687 -0.0031976252416320004 -0.010248821381242999
vertex -0.009468865980226 -0.003204446532624 -0.010225930575882
vertex -0.009458164966605 -0.003272029617844 -0.010296418891802
endloop
endfacet
facet normal 0.8063057635009605 0.5527042098133094 -0.21068714293895197
outer loop
vertex -0.009326798500068999 -0.003303587896437 -0.010085574267622001
vertex -0.009381282845634002 -0.0032628750413410002 -0.010187283727182
vertex -0.009387965529448 -0.003220135213445 -0.010100737409853
endloop
endfacet
facet normal 0.8354218114262745 0.4884252941382542 -0.2520141445220924
outer loop
vertex -0.009325367440275 -0.003348664815575 -0.010168193316497
vertex -0.009381282845634002 -0.0032628750413410002 -0.010187283727182
vertex -0.009326798500068999 -0.003303587896437 -0.010085574267622001
endloop
endfacet
facet normal -0.24148481554704754 -0.7067392822991045 0.664984714648055
outer loop
vertex -0.009825318320331 -0.0038480527405329997 -0.009803933494388
vertex -0.009718219224138 -0.003862602514775 -0.009780504522051
vertex -0.009728748752362 -0.003792824668332 -0.009710169034777
endloop
endfacet
facet normal 0.8944746245448262 0.3988320460505991 -0.2021092404826779
outer loop
vertex -0.009325367440275 -0.003348664815575 -0.010168193316497
vertex -0.009326798500068999 -0.003303587896437 -0.010085574267622001
vertex -0.009278909198174 -0.003410855249485 -0.010085306553778001
endloop
endfacet
facet normal 0.8959565642283068 -0.2129064138570177 -0.3897854460530208
outer loop
vertex -0.00927784211757 -0.003601340674861 -0.010121439861675
vertex -0.009326897987137001 -0.003684145492814 -0.010188969965168
vertex -0.00931094176315 -0.003564468174603 -0.010217662634769
endloop
endfacet
facet normal 0.9001535599627104 0.040022153115923255 -0.43373009550459457
outer loop
vertex -0.009320860730449 -0.003442730197898 -0.010227014943552
vertex -0.009277315433680001 -0.003507528980773 -0.010142621290735001
vertex -0.00931094176315 -0.003564468174603 -0.010217662634769
endloop
endfacet
facet normal 0.8102126848786443 0.5831964246212336 -0.058628794723655814
outer loop
vertex -0.00935218995886 -0.003259497903314 -0.009997893045876
vertex -0.009326798500068999 -0.003303587896437 -0.010085574267622001
vertex -0.009387965529448 -0.003220135213445 -0.010100737409853
endloop
endfacet
facet normal 0.49451159900104524 0.8558694386827748 -0.1514786532230247
outer loop
vertex -0.009422601544467 -0.003185255275723 -0.010108815691686
vertex -0.009483655043165 -0.0031558275018240003 -0.010141858835592
vertex -0.009501672672955 -0.0031289980743840003 -0.010049089591962
endloop
endfacet
facet normal 0.13069000929766786 -0.5957791575633594 -0.7924438887914206
outer loop
vertex -0.009925631162564001 -0.003783815336436 -0.010376159092796
vertex -0.010033334084047 -0.003776994045444 -0.010399049898148001
vertex -0.010016376375257 -0.003698329017824 -0.010455395566778
endloop
endfacet
facet normal 0.6843867452605886 0.12455420486086942 0.7184017211582213
outer loop
vertex -0.009343355259186 -0.0034885188617890003 -0.009770434844578001
vertex -0.009407376227816 -0.0034098373247990004 -0.009723086703461
vertex -0.009416634636545 -0.0035192197750230003 -0.009695302281818
endloop
endfacet
facet normal 0.6353777549900108 0.7004476348740579 0.3250664843738772
outer loop
vertex -0.009479183899996 -0.0031610355255879997 -0.009889019871708
vertex -0.009463299883336999 -0.003199096479588 -0.009838053822725
vertex -0.009412952841692001 -0.0032067401703390003 -0.009919992092165
endloop
endfacet
facet normal 0.20698862907104965 0.31687704837932357 0.9256050149203466
outer loop
vertex -0.00955126675901 -0.0034164067605850002 -0.009622449360363999
vertex -0.009549835858378 -0.00334369946597 -0.009647660387419
vertex -0.009613947700706 -0.003419466578234 -0.009607384804802001
endloop
endfacet
facet normal 0.22242888645221573 0.5383251153480931 0.8128538987155624
outer loop
vertex -0.009549835858378 -0.00334369946597 -0.009647660387419
vertex -0.009531112135220001 -0.0032750148635120003 -0.009698271380979
vertex -0.009600555242228 -0.003329080790034 -0.009643463008693001
endloop
endfacet
facet normal 0.4571969909446508 0.28332042540781827 0.8430305142863393
outer loop
vertex -0.009496425899932 -0.0034296301190570003 -0.009647746936006
vertex -0.009549835858378 -0.00334369946597 -0.009647660387419
vertex -0.00955126675901 -0.0034164067605850002 -0.009622449360363999
endloop
endfacet
facet normal 0.4467084693137322 0.02230413702239878 0.8944015143743153
outer loop
vertex -0.009561710924226 -0.003527030636709 -0.009604767004213
vertex -0.009506057791671999 -0.003536869681865 -0.009632317577247999
vertex -0.009553098513173 -0.003477005468251 -0.009610315971976001
endloop
endfacet
facet normal 0.4346057923353428 -0.3878757414640491 0.8128162242796849
outer loop
vertex -0.009568549763934 -0.003708263817205 -0.009639042123254001
vertex -0.009509184167974 -0.003748702401951 -0.009690081677672999
vertex -0.009513820580448 -0.0036859895206250003 -0.009657676053531001
endloop
endfacet
facet normal 0.23330494933092252 -0.23609844770446642 0.9433060604115915
outer loop
vertex -0.009568549763934 -0.003708263817205 -0.009639042123254001
vertex -0.009541189561467 -0.003622521530714 -0.009624348747822
vertex -0.009627738918862 -0.0036212172130029997 -0.009602616309445
endloop
endfacet
facet normal 0.45523172352060715 -0.5426089950068221 0.7059316938898154
outer loop
vertex -0.00956294329681 -0.003783994473325 -0.009682541195299
vertex -0.009507905073783001 -0.003838726492441 -0.009760102851036
vertex -0.009509184167974 -0.003748702401951 -0.009690081677672999
endloop
endfacet
facet normal 0.5383847397965619 -0.6831324828591961 0.49342870084422386
outer loop
vertex -0.00954124762619 -0.003895312479203 -0.009802063531869002
vertex -0.009479738235527 -0.003894144506869 -0.009867560000540999
vertex -0.009507905073783001 -0.003838726492441 -0.009760102851036
endloop
endfacet
facet normal 0.23408491003900342 -0.9573960686121202 -0.16910654244614012
outer loop
vertex -0.00949689396775 -0.003939557667598 -0.010064781157008
vertex -0.009558484630275 -0.003960819859951 -0.010029661908595
vertex -0.009537142307536 -0.003939012586731 -0.010123580699198
endloop
endfacet
facet normal 0.41796334217988723 -0.9084604857272234 -0.0024880647250126
outer loop
vertex -0.009457887472287001 -0.003914616473621 -0.010000734373815
vertex -0.009527198095574 -0.003946691840014 -0.00993244709256
vertex -0.009558484630275 -0.003960819859951 -0.010029661908595
endloop
endfacet
facet normal 0.5770935653322187 -0.7876591078945429 0.2157687340717395
outer loop
vertex -0.009527198095574 -0.003946691840014 -0.00993244709256
vertex -0.009457887472287001 -0.003914616473621 -0.010000734373815
vertex -0.009479738235527 -0.003894144506869 -0.009867560000540999
endloop
endfacet
facet normal 0.6076310028135838 -0.7918180227323546 -0.061715340847983344
outer loop
vertex -0.00949689396775 -0.003939557667598 -0.010064781157008
vertex -0.009455812746554 -0.003904885348413 -0.010105159182216
vertex -0.009457887472287001 -0.003914616473621 -0.010000734373815
endloop
endfacet
facet normal 0.18061925804856305 -0.9313314511381712 0.31622525475182245
outer loop
vertex -0.00953372636057 -0.0039230567331800005 -0.009857423776581
vertex -0.009596633271509999 -0.003929638714441 -0.009840877996817
vertex -0.009578706696382 -0.003957633508126 -0.009933566092045
endloop
endfacet
facet normal 0.6520715445469686 -0.7115260919841898 -0.2617886957411203
outer loop
vertex -0.009457068691822 -0.003876581908688 -0.010185214594726
vertex -0.009410639293024 -0.003844616387695 -0.010156447166343001
vertex -0.009455812746554 -0.003904885348413 -0.010105159182216
endloop
endfacet
facet normal 0.39160179771246656 -0.8500349573676751 -0.3522621229727931
outer loop
vertex -0.009457068691822 -0.003876581908688 -0.010185214594726
vertex -0.009537142307536 -0.003939012586731 -0.010123580699198
vertex -0.009515920060666 -0.003893479042874 -0.010209864270446
endloop
endfacet
facet normal 0.8590871412281357 -0.41242495780343175 -0.3031087889806346
outer loop
vertex -0.009357227120958999 -0.003775403309028 -0.010150760475535
vertex -0.009326897987137001 -0.003684145492814 -0.010188969965168
vertex -0.009308741046002 -0.003717470410627 -0.010092165043824
endloop
endfacet
facet normal 0.4469492260367463 -0.7142594734575677 -0.5385812788440306
outer loop
vertex -0.009496051256876 -0.0038268654801730004 -0.01028349810255
vertex -0.009445379759222 -0.003810648821432 -0.010262953971219
vertex -0.009457068691822 -0.003876581908688 -0.010185214594726
endloop
endfacet
facet normal 0.46051808255970866 -0.5600216567066804 -0.688693574570748
outer loop
vertex -0.009432888505220999 -0.0037358817931870004 -0.010315399221207
vertex -0.009445379759222 -0.003810648821432 -0.010262953971219
vertex -0.00947869059485 -0.003743043242108 -0.01034020288518
endloop
endfacet
facet normal 0.48645286638102 -0.3702575120629274 -0.7913741109934419
outer loop
vertex -0.00947869059485 -0.003743043242108 -0.01034020288518
vertex -0.009464847014684 -0.003646883758077 -0.010376683130951
vertex -0.009432888505220999 -0.0037358817931870004 -0.010315399221207
endloop
endfacet
facet normal 0.7594766622354209 -0.39026805590776853 -0.520467140228579
outer loop
vertex -0.009432888505220999 -0.0037358817931870004 -0.010315399221207
vertex -0.009374173079224 -0.0036523319508580004 -0.010292369599749
vertex -0.009402561492814 -0.003782922894994 -0.010235872015147
endloop
endfacet
facet normal 0.5583726395248254 -0.12613335348559715 -0.8199453473058779
outer loop
vertex -0.009455420420106 -0.003545196036374 -0.010390733760842
vertex -0.009403358374502 -0.003544014151577 -0.010355461962758
vertex -0.009403842335259 -0.0035958872018610004 -0.010347811829291
endloop
endfacet
facet normal 0.2163036141430466 0.32057529312562355 -0.9221953306898037
outer loop
vertex -0.009667579785884 -0.003341006473287 -0.010395008847190001
vertex -0.009558943910118 -0.0034406820199019998 -0.010404177387453
vertex -0.009666646863115 -0.003433860726906 -0.010427068199500001
endloop
endfacet
facet normal 0.7399686003055008 -0.23141155832295965 -0.631581476324676
outer loop
vertex -0.009403842335259 -0.0035958872018610004 -0.010347811829291
vertex -0.009374173079224 -0.0036523319508580004 -0.010292369599749
vertex -0.009414898972077 -0.003659339341356 -0.010337517046032
endloop
endfacet
facet normal 0.565214538817763 -0.22715816768265754 -0.7930521369771858
outer loop
vertex -0.009464847014684 -0.003646883758077 -0.010376683130951
vertex -0.009403842335259 -0.0035958872018610004 -0.010347811829291
vertex -0.009414898972077 -0.003659339341356 -0.010337517046032
endloop
endfacet
facet normal 0.7233166258994947 -0.34314960743232736 -0.5992173275335169
outer loop
vertex -0.009432888505220999 -0.0037358817931870004 -0.010315399221207
vertex -0.009414898972077 -0.003659339341356 -0.010337517046032
vertex -0.009374173079224 -0.0036523319508580004 -0.010292369599749
endloop
endfacet
facet normal 0.9773475532408243 0.2078168362859566 -0.04004900411083991
outer loop
vertex -0.009265927883515 -0.003445929046043 -0.009950513422152
vertex -0.009254004256988002 -0.003519829654238 -0.010043006692959001
vertex -0.009278909198174 -0.003410855249485 -0.010085306553778001
endloop
endfacet
facet normal 0.7637069214827314 -0.10115546626500405 -0.6375886681270917
outer loop
vertex -0.009403358374502 -0.003544014151577 -0.010355461962758
vertex -0.009363028961687 -0.003541356350718 -0.010307576857286
vertex -0.009403842335259 -0.0035958872018610004 -0.010347811829291
endloop
endfacet
facet normal 0.6255465926483061 0.10343535465076431 -0.7732998046258416
outer loop
vertex -0.009381402369498 -0.003458932751803 -0.010326320705068
vertex -0.009403358374502 -0.003544014151577 -0.010355461962758
vertex -0.009451240988646 -0.003447503310914 -0.010381286582102
endloop
endfacet
facet normal 0.5697495447267283 0.4545959499902909 -0.6846371144892095
outer loop
vertex -0.009405623909557001 -0.0033044139768499997 -0.010277132823254001
vertex -0.009402060054504 -0.003376736262749 -0.010322188682507002
vertex -0.009452173911416001 -0.003354649057264 -0.010349227229802001
endloop
endfacet
facet normal 0.7602218904581491 0.2217566859513655 -0.6106444542482191
outer loop
vertex -0.009381402369498 -0.003458932751803 -0.010326320705068
vertex -0.009402060054504 -0.003376736262749 -0.010322188682507002
vertex -0.009362332019378 -0.0034041514706870005 -0.010282685144658
endloop
endfacet
facet normal 0.7650753352418842 0.48004734594171367 -0.42920190710065037
outer loop
vertex -0.009405623909557001 -0.0033044139768499997 -0.010277132823254001
vertex -0.009381282845634002 -0.0032628750413410002 -0.010187283727182
vertex -0.009363926553675 -0.003346003082886 -0.010249321021023
endloop
endfacet
facet normal 0.18711404374539004 0.7231129386067358 -0.6649030099591816
outer loop
vertex -0.010750600024313 -0.00319017412585 -0.010571108556015
vertex -0.010858302945785001 -0.0031833528348479997 -0.010593999361366001
vertex -0.010869003959406 -0.003115769749638 -0.010523511045456001
endloop
endfacet
facet normal 0.15560816416507275 0.8667394101264833 -0.4738659031611914
outer loop
vertex -0.009483655043165 -0.0031558275018240003 -0.010141858835592
vertex -0.009468865980226 -0.003204446532624 -0.010225930575882
vertex -0.009591357964647999 -0.003149006210832 -0.010164749640953
endloop
endfacet
facet normal 0.754468803015128 0.6097501714110746 -0.2428611820383927
outer loop
vertex -0.009387965529448 -0.003220135213445 -0.010100737409853
vertex -0.009381282845634002 -0.0032628750413410002 -0.010187283727182
vertex -0.009421282222024001 -0.003204046479704 -0.010163844642072
endloop
endfacet
facet normal 0.15560816419011694 0.8667394101418082 -0.4738659031249367
outer loop
vertex -0.009468865980226 -0.003204446532624 -0.010225930575882
vertex -0.009576568901687 -0.0031976252416320004 -0.010248821381242999
vertex -0.009591357964647999 -0.003149006210832 -0.010164749640953
endloop
endfacet
facet normal 0.7176635373084349 0.6641072822433579 -0.20957233808230916
outer loop
vertex -0.009422601544467 -0.003185255275723 -0.010108815691686
vertex -0.009387965529448 -0.003220135213445 -0.010100737409853
vertex -0.009421282222024001 -0.003204046479704 -0.010163844642072
endloop
endfacet
facet normal 0.3016795891288402 0.6851085669477599 0.6630352004213963
outer loop
vertex -0.009583597533426 -0.0032504157623940003 -0.009699808677262
vertex -0.009531112135220001 -0.0032750148635120003 -0.009698271380979
vertex -0.009564060096324002 -0.003188043207234 -0.009773147193602
endloop
endfacet
facet normal 0.5191862870902377 0.56413773607479 0.6420235307477942
outer loop
vertex -0.009531112135220001 -0.0032750148635120003 -0.009698271380979
vertex -0.009484443752498 -0.003308642980318 -0.009706462193955
vertex -0.009452200681847 -0.003256583395797 -0.009778280334693
endloop
endfacet
facet normal -0.035499887092501084 0.899670114105803 0.43512463019377695
outer loop
vertex -0.009779465970805 -0.003174400623237 -0.00981892881106
vertex -0.009671763017808001 -0.003181221916232 -0.009796037999033001
vertex -0.009650781293238 -0.0031387667048419997 -0.009882107215583
endloop
endfacet
facet normal 0.6655378018964452 -0.615589667055612 -0.4220293781968367
outer loop
vertex -0.009402561492814 -0.003782922894994 -0.010235872015147
vertex -0.009457068691822 -0.003876581908688 -0.010185214594726
vertex -0.009445379759222 -0.003810648821432 -0.010262953971219
endloop
endfacet
facet normal 0.6756041608347105 -0.6139589650494158 -0.4081830558686593
outer loop
vertex -0.009410639293024 -0.003844616387695 -0.010156447166343001
vertex -0.009457068691822 -0.003876581908688 -0.010185214594726
vertex -0.009402561492814 -0.003782922894994 -0.010235872015147
endloop
endfacet
facet normal 0.9704129472786969 -0.058348832396202706 -0.23429495408965392
outer loop
vertex -0.009277315433680001 -0.003507528980773 -0.010142621290735001
vertex -0.009254004256988002 -0.003519829654238 -0.010043006692959001
vertex -0.00927784211757 -0.003601340674861 -0.010121439861675
endloop
endfacet
facet normal 0.041149655970276026 -0.7621193716410325 -0.6461275177416652
outer loop
vertex -0.00971049169034 -0.0038008666675780002 -0.010330140125923001
vertex -0.009622962537197 -0.003878205025471 -0.010233343667727001
vertex -0.009730100776539 -0.0038641562260870004 -0.010256737755478999
endloop
endfacet
facet normal 0.6861781266859462 -0.27428526559688915 0.6737411754778012
outer loop
vertex -0.009353877093283 -0.0035940722779 -0.009763789409011
vertex -0.009449028760162 -0.003652609413297 -0.009690712208756001
vertex -0.009373767388749 -0.0037044181283410003 -0.009788454600658
endloop
endfacet
facet normal 0.4588812311936518 -0.5610863557781394 -0.6889195286953372
outer loop
vertex -0.009445379759222 -0.003810648821432 -0.010262953971219
vertex -0.009496051256876 -0.0038268654801730004 -0.01028349810255
vertex -0.00947869059485 -0.003743043242108 -0.01034020288518
endloop
endfacet
facet normal 0.7789148437411815 -0.2672200449318869 0.5673491991589055
outer loop
vertex -0.009353877093283 -0.0035940722779 -0.009763789409011
vertex -0.009373767388749 -0.0037044181283410003 -0.009788454600658
vertex -0.009305215842269 -0.003639650119518 -0.009852063585989002
endloop
endfacet
facet normal 0.9250103432213181 0.20492996090610474 -0.3199368313536308
outer loop
vertex -0.009277315433680001 -0.003507528980773 -0.010142621290735001
vertex -0.009320860730449 -0.003442730197898 -0.010227014943552
vertex -0.009278909198174 -0.003410855249485 -0.010085306553778001
endloop
endfacet
facet normal 0.7972039002351257 -0.397690202462058 0.4542118936307054
outer loop
vertex -0.009305215842269 -0.003639650119518 -0.009852063585989002
vertex -0.009373767388749 -0.0037044181283410003 -0.009788454600658
vertex -0.009334153383807999 -0.003739597098899 -0.009888783922292999
endloop
endfacet
facet normal -0.19478125109168043 -0.9500021390331745 0.24404139004593636
outer loop
vertex -0.00968558050177 -0.003940200747531 -0.009957195809913999
vertex -0.009703545548381 -0.0039126983325490005 -0.009864473428672
vertex -0.009792574518798001 -0.003924306114103 -0.009980718429332
endloop
endfacet
facet normal 0.9455339862222237 0.32546099265335554 -0.006373630033502493
outer loop
vertex -0.009265927883515 -0.003445929046043 -0.009950513422152
vertex -0.009278909198174 -0.003410855249485 -0.010085306553778001
vertex -0.009299507411185 -0.003348811653531 -0.009972896535333
endloop
endfacet
facet normal 0.9748428975719123 -0.18389325528926992 0.12595473676171684
outer loop
vertex -0.009267795956925999 -0.0036355316646940004 -0.010020928084275
vertex -0.009262642085485 -0.003548274276779 -0.009933421806815
vertex -0.009284597730681 -0.003666383792453 -0.009935932538409001
endloop
endfacet
facet normal 0.9947715827764745 0.04707227077428214 0.0906294622324367
outer loop
vertex -0.009262642085485 -0.003548274276779 -0.009933421806815
vertex -0.009254004256988002 -0.003519829654238 -0.010043006692959001
vertex -0.009265927883515 -0.003445929046043 -0.009950513422152
endloop
endfacet
facet normal 0.9319418807054233 -0.13432375284301004 0.3368107189645372
outer loop
vertex -0.009262642085485 -0.003548274276779 -0.009933421806815
vertex -0.009299933696166001 -0.003547122724945 -0.009829778150034
vertex -0.009305215842269 -0.003639650119518 -0.009852063585989002
endloop
endfacet
facet normal 0.8425694904091026 0.08588306898420456 0.5316961089697755
outer loop
vertex -0.009299933696166001 -0.003547122724945 -0.009829778150034
vertex -0.009291743572903001 -0.003463210043603 -0.009856311025386
vertex -0.009343355259186 -0.0034885188617890003 -0.009770434844578001
endloop
endfacet
facet normal 0.08558181372407278 -0.7701023647644855 -0.6321535422220186
outer loop
vertex -0.009945168599676 -0.0038461878916060004 -0.010302820576387001
vertex -0.010033334084047 -0.003776994045444 -0.010399049898148001
vertex -0.009925631162564001 -0.003783815336436 -0.010376159092796
endloop
endfacet
facet normal -0.21229090921423396 -0.08505803349111664 0.9734976634813346
outer loop
vertex -0.011453946255064 -0.00340035827946 -0.009982814478781
vertex -0.011561649302625 -0.003393536980484 -0.010005705310933
vertex -0.011565828734084 -0.0034912297059639997 -0.010015152489663
endloop
endfacet
facet normal -0.20774554041374338 -0.5374617167496671 0.8172984115160766
outer loop
vertex -0.011451201708554001 -0.00367352469801 -0.01007712934782
vertex -0.011343498787092001 -0.0036803459890119997 -0.01005423854247
vertex -0.011349489842282 -0.003597726549582 -0.010001430204479
endloop
endfacet
facet normal 0.1150588984047761 0.9599941514549842 -0.25528940258088323
outer loop
vertex -0.011422307755805002 -0.003033044255844 -0.010553893358723001
vertex -0.011548028307067 -0.0029993935374020004 -0.010484014920444
vertex -0.011440325385595 -0.0030062148284140003 -0.010461124115093
endloop
endfacet
facet normal -0.2077455404739222 -0.5374617165187466 0.8172984116526353
outer loop
vertex -0.010158766650857 -0.0037553801899939997 -0.009802439683597999
vertex -0.010051063729385 -0.003762201481006 -0.009779548878246001
vertex -0.010057054784585 -0.0036795820415559998 -0.009726740540277
endloop
endfacet
facet normal -0.1682030060732448 0.38683129066384847 0.9066803743940117
outer loop
vertex -0.011108396142867 -0.0032335827160260002 -0.009963934283537
vertex -0.01122949152283 -0.003317147213244 -0.009950746885068
vertex -0.011121788601358 -0.003323968504246 -0.009927856079727
endloop
endfacet
facet normal 0.13069000922877985 -0.5957791576618142 -0.7924438887287608
outer loop
vertex -0.01012407929674 -0.0036915077268220003 -0.010478286372139
vertex -0.010141037005518999 -0.003770172754432 -0.010421940703499001
vertex -0.010231782218212 -0.0036846864358200003 -0.01050117717749
endloop
endfacet
facet normal -0.1682030061054476 0.3868312906483978 0.9066803743946296
outer loop
vertex -0.01079867983692 -0.003344432377252 -0.009859183663674
vertex -0.010785287378439999 -0.003254046589032 -0.009895261867484
vertex -0.010906382758403 -0.00333761108624 -0.009882074469025
endloop
endfacet
facet normal 0.11505889840788357 0.9599941514520985 -0.255289402590334
outer loop
vertex -0.009806763807603 -0.003135363628818 -0.010210531251656
vertex -0.009824781437382002 -0.003108534201388 -0.010117762008025
vertex -0.009699060917646 -0.003142184917836 -0.010187640453009999
endloop
endfacet
facet normal 0.11505889824168697 0.9599941514142055 -0.25528940280773205
outer loop
vertex -0.009591357964647999 -0.003149006210832 -0.010164749640953
vertex -0.009717078547424 -0.003115355490397 -0.01009487120937
vertex -0.009609375594437999 -0.0031221767833820003 -0.010071980397323
endloop
endfacet
facet normal -0.16820300680526817 0.38683129145696477 0.9066803739198306
outer loop
vertex -0.01024677277107 -0.003288153044032 -0.009780807840739
vertex -0.010367868151022 -0.0033717175412399996 -0.00976762044229
vertex -0.010260165229548 -0.0033785388322320003 -0.009744729636848
endloop
endfacet
facet normal 0.2077455402239246 0.5374617166631274 -0.8172984116212353
outer loop
vertex -0.010421500204686 -0.003293257438276 -0.010555244477962002
vertex -0.010529203126168 -0.0032864361472939997 -0.010578135283303
vertex -0.010535194181358 -0.003203816707844 -0.010525326945313
endloop
endfacet
facet normal -0.14666489526365062 -0.989180960284542 0.0032305274884979907
outer loop
vertex -0.00968558050177 -0.003940200747531 -0.009957195809913999
vertex -0.009772370472114 -0.003927723088094 -0.010076798186869
vertex -0.009665368149374 -0.003943511420592 -0.010053282969544
endloop
endfacet
facet normal 0.12177236808100318 -0.5903339191378965 -0.7979206441039335
outer loop
vertex -0.009800982698403 -0.003712127307931 -0.010409603113593001
vertex -0.009693446853803 -0.0037210865324709998 -0.010386563443268
vertex -0.00971049169034 -0.0038008666675780002 -0.010330140125923001
endloop
endfacet
facet normal 0.19601104755320636 -0.15464800581053909 -0.9683303483501476
outer loop
vertex -0.009670826294574001 -0.0035315534523970003 -0.010436515378239999
vertex -0.009679956852441 -0.003629452338452 -0.010422728577785
vertex -0.009778529184532 -0.0035247321633980005 -0.010459406176885
endloop
endfacet
facet normal 0.21229090917634547 0.085058033559983 -0.9734976634835799
outer loop
vertex -0.010743676046343 -0.00336564781891 -0.010655976246314999
vertex -0.010635973124859999 -0.003372469109902 -0.010633085440964
vertex -0.01064015255633 -0.003470161835392 -0.010642532619704
endloop
endfacet
facet normal -0.01664514966140762 -0.9769522671508141 -0.21280791033613808
outer loop
vertex -0.010741277397761 -0.003860964583912 -0.010283189142834001
vertex -0.010827773696043 -0.0038340727750000004 -0.010399877802645
vertex -0.010720070774571001 -0.003840894065992 -0.010376986997294
endloop
endfacet
facet normal -0.01664514972477391 -0.9769522671251237 -0.2128079104491208
outer loop
vertex -0.010633574476278 -0.003867785874924 -0.010260298337483001
vertex -0.010720070774571001 -0.003840894065992 -0.010376986997294
vertex -0.010612367853087999 -0.003847715356994 -0.010354096191943
endloop
endfacet
facet normal 0.1871140436997536 0.7231129385953671 -0.6649030099843883
outer loop
vertex -0.009565867888077 -0.003265208326842 -0.010319309697153
vertex -0.009684271854684 -0.003190803948637 -0.010271712193290001
vertex -0.009576568901687 -0.0031976252416320004 -0.010248821381242999
endloop
endfacet
facet normal 0.15560816417270631 0.8667394101159929 -0.47386590317787225
outer loop
vertex -0.009699060917646 -0.003142184917836 -0.010187640453009999
vertex -0.009576568901687 -0.0031976252416320004 -0.010248821381242999
vertex -0.009684271854684 -0.003190803948637 -0.010271712193290001
endloop
endfacet
facet normal -0.03549988716977138 0.8996701141712578 0.4351246300521377
outer loop
vertex -0.011071900996988 -0.003092545133236 -0.010093618468587
vertex -0.011050919272418 -0.0030500899218559997 -0.010179687685147
vertex -0.011179603918470001 -0.003085723842244 -0.010116509273929
endloop
endfacet
facet normal -0.18711404368373366 -0.7231129386282015 0.6649030099531875
outer loop
vertex -0.011235795865609 -0.0036871672800040003 -0.010031347737107999
vertex -0.011332797773482 -0.0037479290742120004 -0.010124726858369
vertex -0.01122509485201 -0.003754750365214 -0.010101836053028
endloop
endfacet
facet normal 0.06782283816274243 0.9974575093437453 -0.02187646400410341
outer loop
vertex -0.0111374155707 -0.003023198112934 -0.010296376344948
vertex -0.011009513573607 -0.0030335000003960002 -0.010369560866887
vertex -0.011117216495079 -0.0030266787093940002 -0.010392451672238
endloop
endfacet
facet normal 0.2163036141057181 0.32057529288176084 -0.9221953307833313
outer loop
vertex -0.010960014812067 -0.003259150983286 -0.010669698504707
vertex -0.010851378967815 -0.003358826527908 -0.010678867051646
vertex -0.010959081889287 -0.003352005236906 -0.010701757856987
endloop
endfacet
facet normal 0.1556081642810125 0.8667394101091335 -0.47386590315485316
outer loop
vertex -0.009684271854684 -0.003190803948637 -0.010271712193290001
vertex -0.009806763807603 -0.003135363628818 -0.010210531251656
vertex -0.009699060917646 -0.003142184917836 -0.010187640453009999
endloop
endfacet
facet normal -0.18711404376408994 -0.7231129386243925 0.6649030099347166
outer loop
vertex -0.010912687101193001 -0.00370763115301 -0.009962675321065
vertex -0.011020390022655 -0.003700809861998 -0.009985566126406002
vertex -0.011009689009055001 -0.003768392947208 -0.010056054442325999
endloop
endfacet
facet normal 0.06782283816334964 0.9974575093437861 -0.0218764640003529
outer loop
vertex -0.009932484358855 -0.003101712910386 -0.010140652813386
vertex -0.009952683434475 -0.0030982323139260005 -0.010044577486076999
vertex -0.009824781437382002 -0.003108534201388 -0.010117762008025
endloop
endfacet
facet normal 0.11505889832360518 0.9599941514402457 -0.25528940267289024
outer loop
vertex -0.009699060917646 -0.003142184917836 -0.010187640453009999
vertex -0.009717078547424 -0.003115355490397 -0.01009487120937
vertex -0.009591357964647999 -0.003149006210832 -0.010164749640953
endloop
endfacet
facet normal -0.08558181354625286 0.7701023646880224 0.632153542339241
outer loop
vertex -0.010876032591133001 -0.0031685602704 -0.009974498341465
vertex -0.01076832966965 -0.003175381561412 -0.009951607536124
vertex -0.010748792232571 -0.003113009006232 -0.010024946052534
endloop
endfacet
facet normal -0.16820300619028702 0.38683129065377103 0.906680374376598
outer loop
vertex -0.010677584456968 -0.003260867880024 -0.009872371062133
vertex -0.010785287378439999 -0.003254046589032 -0.009895261867484
vertex -0.01079867983692 -0.003344432377252 -0.009859183663674
endloop
endfacet
facet normal 0.06782283823271615 0.9974575093415182 -0.021876463888704966
outer loop
vertex -0.010363296044764 -0.003074427746398 -0.010232216034781002
vertex -0.010470998966236 -0.0030676064553860002 -0.010255106840142001
vertex -0.010491198041845999 -0.003064125858936 -0.010159031512832
endloop
endfacet
facet normal 0.7545130363581348 -0.5532585824029204 -0.3530085253405915
outer loop
vertex -0.009410639293024 -0.003844616387695 -0.010156447166343001
vertex -0.009402561492814 -0.003782922894994 -0.010235872015147
vertex -0.009357227120958999 -0.003775403309028 -0.010150760475535
endloop
endfacet
facet normal 0.11505889831982664 0.9599941514603637 -0.2552894025989405
outer loop
vertex -0.010237575493502 -0.0031080784648300002 -0.01030209447306
vertex -0.010345278414974 -0.003101257173828 -0.010324985278411001
vertex -0.010363296044764 -0.003074427746398 -0.010232216034781002
endloop
endfacet
facet normal 0.18711404373965115 0.7231129386429631 -0.6649030099213977
outer loop
vertex -0.010212085416942 -0.00322428058084 -0.01045665452926
vertex -0.010330489352024 -0.0031498762046380004 -0.010409057018701
vertex -0.010222786430552001 -0.00315669749564 -0.01038616621335
endloop
endfacet
facet normal -0.21229090920033655 -0.08505803345964313 0.9734976634871152
outer loop
vertex -0.011023134569165 -0.003427643443458 -0.009891251257376001
vertex -0.011027314000635 -0.0035253361689479997 -0.009900698436106
vertex -0.010915431647693 -0.00343446473446 -0.009868360452025
endloop
endfacet
facet normal -0.1556081643282326 -0.866739410033618 0.47386590327747125
outer loop
vertex -0.010040362715775 -0.003829784566206 -0.009850037194166
vertex -0.010133276574296 -0.003871582306014 -0.009956999739807
vertex -0.010025573652835 -0.0038784035970259997 -0.009934108934457002
endloop
endfacet
facet normal -0.11505889843640345 -0.9599941514206306 0.2552894026958128
outer loop
vertex -0.010025573652835 -0.0038784035970259997 -0.009934108934457002
vertex -0.010133276574296 -0.003871582306014 -0.009956999739807
vertex -0.010115258944506 -0.0038984117334540003 -0.010049768983427
endloop
endfacet
facet normal 0.13069000930804636 -0.5957791575640167 -0.7924438887892146
outer loop
vertex -0.010016376375257 -0.003698329017824 -0.010455395566778
vertex -0.010033334084047 -0.003776994045444 -0.010399049898148001
vertex -0.01012407929674 -0.0036915077268220003 -0.010478286372139
endloop
endfacet
facet normal 0.1556081641337959 0.8667394100940963 -0.4738659032307006
outer loop
vertex -0.010129872572019 -0.003114899755822 -0.010279203667709
vertex -0.010115083509069001 -0.0031635187866319997 -0.010363275407998999
vertex -0.010237575493502 -0.0031080784648300002 -0.01030209447306
endloop
endfacet
facet normal 0.1959406332104441 -0.15540233569673717 -0.968223828624915
outer loop
vertex -0.010101637948959 -0.003504268290382 -0.010528078592939
vertex -0.009993935027487 -0.0035110895813940004 -0.010505187787598
vertex -0.010002983916777 -0.003607943229604 -0.010491473770587999
endloop
endfacet
facet normal -0.08558181329538386 0.7701023644345465 0.6321535426819936
outer loop
vertex -0.010014409219336001 -0.003223130598416 -0.009791371898727001
vertex -0.009994871782235 -0.0031607580432360003 -0.009864710415077001
vertex -0.010122112140796 -0.003216309307404 -0.009814262704007
endloop
endfacet
facet normal 0.11505889836033974 0.9599941514322439 -0.25528940268642414
outer loop
vertex -0.010147890201809 -0.003088070328382 -0.010186434424079
vertex -0.010022169650546999 -0.0031217210468240005 -0.010256312862348
vertex -0.010129872572019 -0.003114899755822 -0.010279203667709
endloop
endfacet
facet normal 0.1959406333289608 -0.15540233570422637 -0.9682238285997287
outer loop
vertex -0.010541498524158999 -0.0035738367746040002 -0.010605927797343
vertex -0.01064920144562 -0.003567015483602 -0.010628818602694
vertex -0.01064015255633 -0.003470161835392 -0.010642532619704
endloop
endfacet
facet normal 0.06782283823207227 0.9974575093416295 -0.021876463885628604
outer loop
vertex -0.010040187280337 -0.0030948916193940003 -0.010163543618718001
vertex -0.010147890201809 -0.003088070328382 -0.010186434424079
vertex -0.010168089277429999 -0.0030845897319320002 -0.010090359096788999
endloop
endfacet
facet normal -0.23229364176218054 -0.30744392974579754 0.9227772721839896
outer loop
vertex -0.009735204010654 -0.0036113520508430003 -0.009625719069928
vertex -0.009841864701847 -0.0036959856325040003 -0.009680766677683
vertex -0.009734522190153 -0.003707420045417 -0.009657554638589
endloop
endfacet
facet normal -0.21815297900169717 -0.8585116487439212 0.46407653110632435
outer loop
vertex -0.009810572460473 -0.003897224707684 -0.009887966731841
vertex -0.009718219224138 -0.003862602514775 -0.009780504522051
vertex -0.009825318320331 -0.0038480527405329997 -0.009803933494388
endloop
endfacet
facet normal 0.06782283808722833 0.9974575093460825 -0.021876464131652038
outer loop
vertex -0.010040187280337 -0.0030948916193940003 -0.010163543618718001
vertex -0.010060386355947 -0.003091411022924 -0.010067468291428
vertex -0.009932484358855 -0.003101712910386 -0.010140652813386
endloop
endfacet
facet normal 0.21630361425478298 0.32057529299804177 -0.9221953307079458
outer loop
vertex -0.009882052674534 -0.003420218146906 -0.010472849803496
vertex -0.009989755596017 -0.0034133968559040004 -0.010495740608858
vertex -0.009990688518787 -0.0033205426022740003 -0.010463681256558001
endloop
endfacet
facet normal 0.20774554047542845 0.5374617167387922 -0.8172984115075488
outer loop
vertex -0.009775282675842 -0.0033341851842780003 -0.010417899645835
vertex -0.009882985597314 -0.003327363893276 -0.010440790451195999
vertex -0.009888976652504001 -0.003244744453846 -0.010387982113206
endloop
endfacet
facet normal 0.08558181372690855 -0.7701023647579059 -0.6321535422296501
outer loop
vertex -0.0111299007359 -0.003771153690614 -0.010554619435249001
vertex -0.0111103632988 -0.003708781135444 -0.010627957951658001
vertex -0.011022197814418001 -0.003777974981606 -0.010531728629897
endloop
endfacet
facet normal 0.18711404379275964 0.7231129386408979 -0.6649030099086982
outer loop
vertex -0.011181411710222 -0.003162888961842 -0.01066267177742
vertex -0.011192112723833001 -0.0030953058766420003 -0.01059218346151
vertex -0.01107370878874 -0.0031697102528540004 -0.010639780972068
endloop
endfacet
facet normal -0.195940633286561 0.15540233549036317 0.9682238286426347
outer loop
vertex -0.011561649302625 -0.003393536980484 -0.010005705310933
vertex -0.011444897365785 -0.0033035046312500003 -0.009996528495781
vertex -0.011552600413335 -0.003296683332264 -0.010019419327923
endloop
endfacet
facet normal 0.15560816430111635 0.8667394101263283 -0.47386590311680094
outer loop
vertex -0.011299815645305 -0.00308848458564 -0.010615074266861
vertex -0.011422307755805002 -0.003033044255844 -0.010553893358723001
vertex -0.011314604708255 -0.00303986555484 -0.010531002526571
endloop
endfacet
facet normal 0.11505889825288497 0.9599941514067005 -0.25528940283090706
outer loop
vertex -0.010883793022345 -0.0030671507188380002 -0.010439439305166
vertex -0.011009513573607 -0.0030335000003960002 -0.010369560866887
vertex -0.010901810652135 -0.003040321291388 -0.010346670061546
endloop
endfacet
facet normal -0.1556081642183858 -0.8667394101121529 0.4738659031698957
outer loop
vertex -0.010255768558729 -0.003816141984212 -0.009895818804859
vertex -0.010348682417251 -0.00385793972402 -0.01000278135051
vertex -0.010240979495779 -0.003864761015022 -0.009979890545159
endloop
endfacet
facet normal -0.06782283817380298 -0.9974575093427043 0.021876464017271082
outer loop
vertex -0.010330664787461 -0.00388476915146 -0.010095550594140001
vertex -0.010418168633324 -0.003881428456918 -0.010214516726791
vertex -0.010310465711862 -0.00388824974792 -0.01019162592143
endloop
endfacet
facet normal 0.19594063333563122 -0.15540233557553573 -0.9682238286190339
outer loop
vertex -0.010532449634858 -0.0034769831263939998 -0.010619641814353
vertex -0.010424746713386 -0.0034838044173860004 -0.010596751009002
vertex -0.010433795602676 -0.003580658065616 -0.010583036992002
endloop
endfacet
facet normal 0.035499887185553 -0.8996701141312828 -0.43512463013350294
outer loop
vertex -0.010289259088662 -0.00386817922999 -0.01028542377589
vertex -0.010396962010144 -0.003861357938998 -0.010308314581231
vertex -0.010375980285575001 -0.003818902727608 -0.010394383797791002
endloop
endfacet
facet normal 0.19594063325398808 -0.15540233558035874 -0.968223828634782
outer loop
vertex -0.010963261320758 -0.0034496979623859997 -0.010711205035787
vertex -0.010972310210058 -0.0035465516106160003 -0.010697491018788
vertex -0.011070964242240001 -0.003442876671404 -0.010734095841128999
endloop
endfacet
facet normal 0.11505889839594345 0.9599941514521757 -0.255289402595425
outer loop
vertex -0.010991495943827999 -0.003060329427826 -0.010462330110517
vertex -0.011009513573607 -0.0030335000003960002 -0.010369560866887
vertex -0.010883793022345 -0.0030671507188380002 -0.010439439305166
endloop
endfacet
facet normal 0.06782283815647394 0.9974575093441267 -0.021876464006142935
outer loop
vertex -0.011245118492182 -0.003016376821932 -0.0103192671503
vertex -0.011117216495079 -0.0030266787093940002 -0.010392451672238
vertex -0.011224919416562002 -0.0030198574183920002 -0.01041534247759
endloop
endfacet
facet normal 0.1556081643042197 0.8667394101261277 -0.47386590311614873
outer loop
vertex -0.010668387179401 -0.003080793300832 -0.010393657694464
vertex -0.010653598116451 -0.003129412331632 -0.010477729434754
vertex -0.010776090100862 -0.0030739720098199998 -0.010416548499815001
endloop
endfacet
facet normal 0.21229090914402501 0.08505803416261978 -0.9734976634379736
outer loop
vertex -0.011174487732240999 -0.0033383626549119997 -0.010747539467669001
vertex -0.011066784810769 -0.003345183945914 -0.010724648662328001
vertex -0.011070964242240001 -0.003442876671404 -0.010734095841128999
endloop
endfacet
facet normal -0.1556081643496741 -0.866739410014193 0.4738659033059603
outer loop
vertex -0.011856523443992 -0.003762441642038 -0.010323252652226
vertex -0.011748820522509 -0.00376926293305 -0.010300361846865001
vertex -0.011763609585459 -0.00372064390223 -0.010216290106584999
endloop
endfacet
facet normal 0.11505889833116477 0.9599941514307226 -0.2552894027052934
outer loop
vertex -0.0110991988653 -0.003053508136834 -0.010485220915868
vertex -0.011224919416562002 -0.0030198574183920002 -0.01041534247759
vertex -0.011117216495079 -0.0030266787093940002 -0.010392451672238
endloop
endfacet
facet normal 0.06782283815693341 0.9974575093441131 -0.021876464005338023
outer loop
vertex -0.011117216495079 -0.0030266787093940002 -0.010392451672238
vertex -0.011245118492182 -0.003016376821932 -0.0103192671503
vertex -0.0111374155707 -0.003023198112934 -0.010296376344948
endloop
endfacet
facet normal 0.15560816418254045 0.8667394100825495 -0.47386590323581385
outer loop
vertex -0.011206901786772002 -0.0030466868458319998 -0.010508111721220001
vertex -0.01108440980235 -0.003102127167634 -0.010569292656148001
vertex -0.011192112723833001 -0.0030953058766420003 -0.01059218346151
endloop
endfacet
facet normal -0.21630361415651916 -0.3205752931216925 0.9221953306880102
outer loop
vertex -0.01124178692081 -0.0036045478405739998 -0.009978539399128
vertex -0.011242719843579 -0.003511693586954 -0.009946480046818
vertex -0.011349489842282 -0.003597726549582 -0.010001430204479
endloop
endfacet
facet normal -0.19594063331244801 0.15540233547026075 0.9682238286406223
outer loop
vertex -0.01122949152283 -0.003317147213244 -0.009950746885068
vertex -0.011346243333592 -0.0034071795704620003 -0.009959923673428999
vertex -0.011238540412109 -0.003414000861464 -0.009937032868077999
endloop
endfacet
facet normal 0.035499887089444904 -0.899670114166167 -0.4351246300692165
outer loop
vertex -0.010827773696043 -0.0038340727750000004 -0.010399877802645
vertex -0.010935476617515 -0.003827251483998 -0.010422768607986
vertex -0.010914494892945 -0.0037847962726179998 -0.010508837824546
endloop
endfacet
facet normal 0.21630361426625966 0.3205752931376227 -0.9221953306567326
outer loop
vertex -0.010744608969112002 -0.0032727935652800003 -0.010623916894015
vertex -0.010636906047640001 -0.003279614856282 -0.010601026088654
vertex -0.010635973124859999 -0.003372469109902 -0.010633085440964
endloop
endfacet
facet normal -0.11505889841627003 -0.9599941514219056 0.2552894027000921
outer loop
vertex -0.01119228815927 -0.003830198823454 -0.010278677036948
vertex -0.011084585237787 -0.003837020114466 -0.010255786231597
vertex -0.011102602867577 -0.003810190687026 -0.010163016987977001
endloop
endfacet
facet normal 0.21630361416500446 0.32057529300372795 -0.9221953307270272
outer loop
vertex -0.009990688518787 -0.0033205426022740003 -0.010463681256558001
vertex -0.009989755596017 -0.0034133968559040004 -0.010495740608858
vertex -0.01009839144027 -0.003313721311272 -0.010486572061909
endloop
endfacet
facet normal -0.2122909092861945 -0.08505803355304291 0.9734976634602314
outer loop
vertex -0.011242719843579 -0.003511693586954 -0.009946480046818
vertex -0.011238540412109 -0.003414000861464 -0.009937032868077999
vertex -0.011350422765062 -0.003504872295942 -0.009969370852180002
endloop
endfacet
facet normal 0.9408911106439868 0.015157557705354877 0.33836986620491716
outer loop
vertex -0.009291743572903001 -0.003463210043603 -0.009856311025386
vertex -0.009299933696166001 -0.003547122724945 -0.009829778150034
vertex -0.009262642085485 -0.003548274276779 -0.009933421806815
endloop
endfacet
facet normal -0.0354998870581115 0.8996701141429508 0.4351246301197751
outer loop
vertex -0.011158622193901 -0.003043268630864 -0.010202578490499001
vertex -0.011266325115362 -0.003036447339852 -0.010225469295849
vertex -0.011287306839931 -0.003078902551242 -0.010139400079279
endloop
endfacet
facet normal 0.08558181375044731 -0.7701023647162664 -0.6321535422771895
outer loop
vertex -0.010699089049991001 -0.003798438854612 -0.010463056213853999
vertex -0.010787254534362 -0.00372924500845 -0.010559285535605
vertex -0.010679551612901 -0.0037360662994420004 -0.010536394730254
endloop
endfacet
facet normal 0.08558181364624781 -0.7701023647728276 -0.6321535422223922
outer loop
vertex -0.010806791971474 -0.00379161756361 -0.010485947019205
vertex -0.010787254534362 -0.00372924500845 -0.010559285535605
vertex -0.010699089049991001 -0.003798438854612 -0.010463056213853999
endloop
endfacet
facet normal 0.13069000930469368 -0.5957791576173938 -0.7924438887496373
outer loop
vertex -0.010679551612901 -0.0037360662994420004 -0.010536394730254
vertex -0.010770296825583 -0.00365057998083 -0.010615631204245
vertex -0.010662593904122 -0.003657401271822 -0.010592740398894
endloop
endfacet
facet normal -0.0354998871346662 0.8996701141477994 0.4351246301035045
outer loop
vertex -0.010620107586519 -0.003077375085854 -0.010088124463743001
vertex -0.010641089311088 -0.003119830297244 -0.010002055247173
vertex -0.010512404665036 -0.0030841963768560004 -0.010065233658392
endloop
endfacet
facet normal -0.16820300615476846 0.386831290660085 0.9066803743804935
outer loop
vertex -0.011216099064350001 -0.0032267614250340005 -0.009986825088889002
vertex -0.011323801985822 -0.003219940134032 -0.010009715894239999
vertex -0.011337194444302 -0.003310325922252 -0.009973637690429
endloop
endfacet
facet normal -0.21229090918889457 -0.0850580336765507 0.9734976634706584
outer loop
vertex -0.011238540412109 -0.003414000861464 -0.009937032868077999
vertex -0.011346243333592 -0.0034071795704620003 -0.009959923673428999
vertex -0.011350422765062 -0.003504872295942 -0.009969370852180002
endloop
endfacet
facet normal -0.08558181382739163 0.7701023648115155 0.6321535421507383
outer loop
vertex -0.011199141355549 -0.0031480963974040003 -0.010043170757518
vertex -0.011179603918470001 -0.003085723842244 -0.010116509273929
vertex -0.011306844277043 -0.003141275106422 -0.01006606156288
endloop
endfacet
facet normal 0.016645149658771084 0.9769522671293047 0.21280791043508904
outer loop
vertex -0.011352821413654 -0.0030095555309400004 -0.010342157955641
vertex -0.011374028036844001 -0.00302962604887 -0.010248360101180999
vertex -0.011245118492182 -0.003016376821932 -0.0103192671503
endloop
endfacet
facet normal -0.15560816411751796 -0.8667394101100903 0.47386590320679184
outer loop
vertex -0.011641117601048 -0.003776084224042 -0.010277471041524001
vertex -0.011655906663987001 -0.0037274651932320004 -0.010193399301224
vertex -0.011748820522509 -0.00376926293305 -0.010300361846865001
endloop
endfacet
facet normal -0.1871140437423735 -0.7231129386257701 0.6649030099393298
outer loop
vertex -0.011666607677587001 -0.003659882108022 -0.010122910985314001
vertex -0.011774310599059 -0.0036530608170200003 -0.010145801790665002
vertex -0.011763609585459 -0.00372064390223 -0.010216290106584999
endloop
endfacet
facet normal -0.06782283825303094 -0.9974575093378066 0.021876463994949403
outer loop
vertex -0.011515397049775 -0.003809734942494 -0.010347349479803
vertex -0.011623099971246999 -0.003802913651482 -0.010370240285154
vertex -0.011602900895637 -0.003806394247942 -0.010466315612434
endloop
endfacet
facet normal -0.06782283802492307 -0.9974575093570088 0.02187646382662869
outer loop
vertex -0.011602900895637 -0.003806394247942 -0.010466315612434
vertex -0.011495197974155 -0.0038132155389340003 -0.010443424807093002
vertex -0.011515397049775 -0.003809734942494 -0.010347349479803
endloop
endfacet
facet normal -0.19594063324583474 0.15540233546604185 0.9682238286547801
outer loop
vertex -0.011238540412109 -0.003414000861464 -0.009937032868077999
vertex -0.011121788601358 -0.003323968504246 -0.009927856079727
vertex -0.01122949152283 -0.003317147213244 -0.009950746885068
endloop
endfacet
facet normal 0.016645149850094083 0.9769522671341413 0.2128079103979201
outer loop
vertex -0.01018929590062 -0.003104660249852 -0.009996561242339
vertex -0.010168089277429999 -0.0030845897319320002 -0.010090359096788999
vertex -0.010296998822080999 -0.0030978389588400003 -0.01001945204768
endloop
endfacet
facet normal 0.19594063333272121 -0.15540233560672795 -0.9682238286146164
outer loop
vertex -0.010209340870430999 -0.0034974469993900004 -0.01055096939829
vertex -0.010101637948959 -0.003504268290382 -0.010528078592939
vertex -0.010110686838249 -0.0036011219385920002 -0.010514364575939
endloop
endfacet
facet normal -0.15560816419699175 -0.8667394100472682 0.47386590329560074
outer loop
vertex -0.011318008710532 -0.0037965481050320003 -0.010208798598658999
vertex -0.01122509485201 -0.003754750365214 -0.010101836053028
vertex -0.011332797773482 -0.0037479290742120004 -0.010124726858369
endloop
endfacet
facet normal -0.06782283797348328 -0.997457509357837 0.02187646394834803
outer loop
vertex -0.01119228815927 -0.003830198823454 -0.010278677036948
vertex -0.011299991080730999 -0.0038233775324720003 -0.010301567842299
vertex -0.011279792005121 -0.003826858128922 -0.010397643169588999
endloop
endfacet
facet normal 0.03549988720763023 -0.899670114173498 -0.4351246300444169
outer loop
vertex -0.01115088246047 -0.003813608901994 -0.010468550218699002
vertex -0.011258585381942 -0.003806787611002 -0.010491441024049999
vertex -0.011237603657373 -0.003764332399622 -0.01057751024061
endloop
endfacet
facet normal -0.06782283808239839 -0.9974575093486684 0.021876464028716458
outer loop
vertex -0.01119228815927 -0.003830198823454 -0.010278677036948
vertex -0.011279792005121 -0.003826858128922 -0.010397643169588999
vertex -0.01117208908366 -0.0038336794199140003 -0.010374752364239001
endloop
endfacet
facet normal 0.16820300690222498 -0.3868312906131242 -0.9066803742618645
outer loop
vertex -0.011524217401986 -0.003602830935842 -0.010775866868454002
vertex -0.011631920323471 -0.003596009644849 -0.010798757673895001
vertex -0.011618527864991 -0.003505623856629 -0.010834835877695
endloop
endfacet
facet normal -0.13069000913437115 0.5957791571054738 0.7924438891626013
outer loop
vertex -0.009799003407895001 -0.003236773178407 -0.00974559029466
vertex -0.009906706297852001 -0.003229951889398 -0.009768481093285
vertex -0.009923664006642999 -0.003308616917028 -0.009712135424715999
endloop
endfacet
facet normal -0.19594185378070456 0.15538926993169155 0.9682256786137604
outer loop
vertex -0.009829353575175 -0.003405823994236 -0.0096531664222
vertex -0.009937056465122 -0.003399002705228 -0.009676057220824999
vertex -0.009946106754279 -0.003495874269701 -0.009662341956358001
endloop
endfacet
facet normal -0.13069000978466605 0.5957791579042517 0.7924438884548134
outer loop
vertex -0.009923664006642999 -0.003308616917028 -0.009712135424715999
vertex -0.009815961116684 -0.003315438206017 -0.00968924462599
vertex -0.009799003407895001 -0.003236773178407 -0.00974559029466
endloop
endfacet
facet normal 0.08558181365944952 -0.7701023647578052 -0.6321535422389054
outer loop
vertex -0.010894957455845001 -0.003722423717448 -0.010582176340956
vertex -0.010914494892945 -0.0037847962726179998 -0.010508837824546
vertex -0.011002660377317 -0.003715602426446 -0.010605067146307
endloop
endfacet
facet normal -0.016645149720851734 -0.9769522671423286 -0.21280791037044336
outer loop
vertex -0.011064386162177 -0.003840500710916 -0.010351861558887
vertex -0.01115088246047 -0.003813608901994 -0.010468550218699002
vertex -0.011043179538987 -0.0038204301929960004 -0.010445659413337
endloop
endfacet
facet normal -0.9762799602535847 0.06183202453167943 -0.20749515644846508
outer loop
vertex -0.011756580953732 -0.003667853381458 -0.010765302810536
vertex -0.011772926004932 -0.0036431571746480002 -0.010681038856136001
vertex -0.011759540542433 -0.003575310261757 -0.010723800561836002
endloop
endfacet
facet normal -0.16820300614811545 0.3868312907051581 0.9066803743624976
outer loop
vertex -0.011014085679886 -0.0033307897952380002 -0.009904965274376
vertex -0.010892990299923 -0.0032472252980300003 -0.009918152672834999
vertex -0.011000693221395 -0.003240404007028 -0.009941043478186
endloop
endfacet
facet normal 0.08558181356530192 -0.7701023648093542 -0.6321535421888531
outer loop
vertex -0.010356442848463002 -0.003756530172448 -0.010467722314200999
vertex -0.010375980285575001 -0.003818902727608 -0.010394383797791002
vertex -0.010464145769946 -0.0037497088814359997 -0.010490613119552
endloop
endfacet
facet normal -0.13069000920837975 0.5957791575084762 0.7924438888474085
outer loop
vertex -0.010677584456968 -0.003260867880024 -0.009872371062133
vertex -0.010569881535496 -0.003267689171036 -0.009849480256782001
vertex -0.010552923826706 -0.0031890241434059997 -0.009905825925412
endloop
endfacet
facet normal 0.03549988722719961 -0.8996701141339154 -0.4351246301246616
outer loop
vertex -0.010806791971474 -0.00379161756361 -0.010485947019205
vertex -0.010720070774571001 -0.003840894065992 -0.010376986997294
vertex -0.010827773696043 -0.0038340727750000004 -0.010399877802645
endloop
endfacet
facet normal 0.1556081641998396 0.8667394101242853 -0.47386590315379473
outer loop
vertex -0.010761301037922999 -0.00312259104064 -0.010500620240105
vertex -0.010869003959406 -0.003115769749638 -0.010523511045456001
vertex -0.010883793022345 -0.0030671507188380002 -0.010439439305166
endloop
endfacet
facet normal 0.016645149682365107 0.9769522671664433 0.21280791026274878
outer loop
vertex -0.009650781293238 -0.0031387667048419997 -0.009882107215583
vertex -0.009629574670048 -0.003118696186932 -0.009975905070033
vertex -0.009758484246235 -0.003131945411856 -0.00990499802762
endloop
endfacet
facet normal 0.764664933759985 0.6197175926313673 0.17674174510007615
outer loop
vertex -0.009345307498709 -0.003289825085741 -0.009921332114887
vertex -0.00935218995886 -0.003259497903314 -0.009997893045876
vertex -0.009412952841692001 -0.0032067401703390003 -0.009919992092165
endloop
endfacet
facet normal 0.2077455402613929 0.5374617167744407 -0.8172984115385108
outer loop
vertex -0.011719926443671 -0.003128782498878 -0.010777125830936
vertex -0.011612223522187999 -0.0031356037898700004 -0.010754235025595
vertex -0.011606232466999 -0.00321822322931 -0.010807043363595
endloop
endfacet
facet normal 0.005930926276863425 -0.8947287153119973 -0.4465706552267415
outer loop
vertex -0.009751134507557999 -0.003907277043742 -0.010170622190505
vertex -0.009837488623135 -0.00385330284422 -0.010279909322385001
vertex -0.009730100776539 -0.0038641562260870004 -0.010256737755478999
endloop
endfacet
facet normal 0.0855818138034328 -0.7701023646750567 -0.6321535423202187
outer loop
vertex -0.010052871521137 -0.003839366600604 -0.010325711381738
vertex -0.01016057444262 -0.0038325453096120002 -0.010348602187099001
vertex -0.010141037005518999 -0.003770172754432 -0.010421940703499001
endloop
endfacet
facet normal 0.1556081642123698 0.8667394101319489 -0.4738659031356628
outer loop
vertex -0.011192112723833001 -0.0030953058766420003 -0.01059218346151
vertex -0.011299815645305 -0.00308848458564 -0.010615074266861
vertex -0.011314604708255 -0.00303986555484 -0.010531002526571
endloop
endfacet
facet normal -0.976279960176997 0.061832024641059614 -0.207495156776221
outer loop
vertex -0.011719926443671 -0.003128782498878 -0.010777125830936
vertex -0.011735795834102 -0.003217033828548 -0.010728757427436
vertex -0.011738360345683001 -0.003145915896087 -0.010695498593236
endloop
endfacet
facet normal 0.06782283809295528 0.9974575093459398 -0.021876464120397978
outer loop
vertex -0.010578701887708 -0.003060785164394 -0.010277997645483
vertex -0.010598900963329 -0.003057304567924 -0.010181922318183
vertex -0.010470998966236 -0.0030676064553860002 -0.010255106840142001
endloop
endfacet
facet normal 0.01664514956916922 0.9769522671523028 0.21280791033651797
outer loop
vertex -0.010383495120384 -0.003070947149938 -0.010136140707481
vertex -0.010404701743564001 -0.003091017667858 -0.010042342853031001
vertex -0.010275792198902 -0.00307776844092 -0.01011324990213
endloop
endfacet
facet normal 0.3962408318618454 0.781424596375892 0.48204647425762503
outer loop
vertex -0.009463299883336999 -0.003199096479588 -0.009838053822725
vertex -0.009543078371755 -0.003145587995854 -0.009859216410222001
vertex -0.009564060096324002 -0.003188043207234 -0.009773147193602
endloop
endfacet
facet normal 0.34346187917044135 0.8994824754789026 0.2701207394167552
outer loop
vertex -0.009543078371755 -0.003145587995854 -0.009859216410222001
vertex -0.009479183899996 -0.0031610355255879997 -0.009889019871708
vertex -0.009521871748576001 -0.003125517477924 -0.009953014264672
endloop
endfacet
facet normal 0.4411016686716455 0.6756507970222234 0.5906990082760627
outer loop
vertex -0.009564060096324002 -0.003188043207234 -0.009773147193602
vertex -0.009531112135220001 -0.0032750148635120003 -0.009698271380979
vertex -0.009452200681847 -0.003256583395797 -0.009778280334693
endloop
endfacet
facet normal 0.06782283814108811 0.9974575093474761 -0.021876463901125447
outer loop
vertex -0.010922009727755 -0.003036840694938 -0.010250594734236
vertex -0.010901810652135 -0.003040321291388 -0.010346670061546
vertex -0.011029712649226999 -0.003030019403936 -0.010273485539587
endloop
endfacet
facet normal -0.9762799602309784 0.0618320247350669 -0.20749515649422118
outer loop
vertex -0.011839973118332 -0.0037041549284380004 -0.010383754140445999
vertex -0.011823468739772 -0.003703139641808 -0.010461105906566001
vertex -0.011838505814202 -0.0037892710694880003 -0.010416021895846
endloop
endfacet
facet normal 0.20774554036061116 0.5374617167002859 -0.8172984115620556
outer loop
vertex -0.009667579785884 -0.003341006473287 -0.010395008847190001
vertex -0.009673570841074 -0.003258387033847 -0.0103422005092
vertex -0.009559876832888 -0.0033478277662820004 -0.010372118035143001
endloop
endfacet
facet normal -0.9762799602320549 0.061832024784226655 -0.2074951564745071
outer loop
vertex -0.011795307945981999 -0.0030637925581380003 -0.010403083800126
vertex -0.011783633225632001 -0.002982270358958 -0.010433721203846
vertex -0.011779247095592001 -0.003072925623618 -0.010481372867626
endloop
endfacet
facet normal 0.06782283809489165 0.9974575093458173 -0.02187646411998604
outer loop
vertex -0.01167593030416 -0.00298909164995 -0.010410830398495
vertex -0.011655731228539001 -0.00299257224642 -0.010506905725795001
vertex -0.011783633225632001 -0.002982270358958 -0.010433721203846
endloop
endfacet
facet normal -0.24218178190282807 -0.5207153739931798 0.8186595652659986
outer loop
vertex -0.009728748752362 -0.003792824668332 -0.009710169034777
vertex -0.009734522190153 -0.003707420045417 -0.009657554638589
vertex -0.009835955126624 -0.0037796478961240002 -0.009733502400308
endloop
endfacet
facet normal 0.6438993262721852 -0.7332854475939417 0.2183714953311868
outer loop
vertex -0.009457887472287001 -0.003914616473621 -0.010000734373815
vertex -0.00938289078221 -0.003830752897213 -0.009940261179134
vertex -0.009479738235527 -0.003894144506869 -0.009867560000540999
endloop
endfacet
facet normal 0.5290743696888099 -0.5162897774834765 0.6734427793097577
outer loop
vertex -0.009507905073783001 -0.003838726492441 -0.009760102851036
vertex -0.009443848190422 -0.003756299130378 -0.009747235315002
vertex -0.009509184167974 -0.003748702401951 -0.009690081677672999
endloop
endfacet
facet normal -0.2116871678855945 -0.7210204625909772 0.6597863559347596
outer loop
vertex -0.009835955126624 -0.0037796478961240002 -0.009733502400308
vertex -0.009943380984457 -0.003769281002169 -0.009756640091456
vertex -0.009932684329685 -0.003836919873975 -0.009827124522766
endloop
endfacet
facet normal -0.1871140437425684 -0.7231129386244752 0.6649030099406832
outer loop
vertex -0.011128092944137 -0.003693988571006 -0.010008456931757
vertex -0.011235795865609 -0.0036871672800040003 -0.010031347737107999
vertex -0.01122509485201 -0.003754750365214 -0.010101836053028
endloop
endfacet
facet normal 0.2728857744746196 -0.6541695289550643 0.7054045516411815
outer loop
vertex -0.009611222526362002 -0.0038784624332400004 -0.009756984326519
vertex -0.009507905073783001 -0.003838726492441 -0.009760102851036
vertex -0.009621626590542 -0.003807078830926 -0.009686760653455
endloop
endfacet
facet normal 0.48642441680787285 -0.752860112233054 0.4433880220997789
outer loop
vertex -0.00953372636057 -0.0039230567331800005 -0.009857423776581
vertex -0.009479738235527 -0.003894144506869 -0.009867560000540999
vertex -0.00954124762619 -0.003895312479203 -0.009802063531869002
endloop
endfacet
facet normal -0.11505889826398773 -0.9599941514383462 0.2552894027069024
outer loop
vertex -0.010761476473371 -0.003857483987462 -0.010187113815544
vertex -0.010779494103161 -0.003830654560022 -0.010094344571914
vertex -0.010869179394832002 -0.00385066269647 -0.010210004620895
endloop
endfacet
facet normal -0.15560816410699718 -0.866739410095797 0.4738659032363898
outer loop
vertex -0.01121030578906 -0.003803369396024 -0.010185907793318
vertex -0.01122509485201 -0.003754750365214 -0.010101836053028
vertex -0.011318008710532 -0.0037965481050320003 -0.010208798598658999
endloop
endfacet
facet normal 0.5655988072458896 0.06745521647453034 0.8219171387751939
outer loop
vertex -0.009506057791671999 -0.003536869681865 -0.009632317577247999
vertex -0.009416634636545 -0.0035192197750230003 -0.009695302281818
vertex -0.009496425899932 -0.0034296301190570003 -0.009647746936006
endloop
endfacet
facet normal -0.2126529763853522 -0.08488417115674325 0.9734338134262049
outer loop
vertex -0.009838423085061 -0.003502941555844 -0.009639434028019
vertex -0.009946106754279 -0.003495874269701 -0.009662341956358001
vertex -0.009950293048477001 -0.0035936548280329998 -0.009671783018958999
endloop
endfacet
facet normal -0.2214612063719855 -0.3199286892871539 0.9211951844442462
outer loop
vertex -0.009950293048477001 -0.0035936548280329998 -0.009671783018958999
vertex -0.009949366508231 -0.0036865907687380003 -0.00970383668302
vertex -0.009842703607287 -0.00360192809485 -0.009648791114108001
endloop
endfacet
facet normal 0.20562052002946218 -0.975705605143451 0.07562257489973226
outer loop
vertex -0.009527198095574 -0.003946691840014 -0.00993244709256
vertex -0.009578706696382 -0.003957633508126 -0.009933566092045
vertex -0.009558484630275 -0.003960819859951 -0.010029661908595
endloop
endfacet
facet normal 0.4935098791454985 -0.8163205675631174 0.3001145284041165
outer loop
vertex -0.00953372636057 -0.0039230567331800005 -0.009857423776581
vertex -0.009527198095574 -0.003946691840014 -0.00993244709256
vertex -0.009479738235527 -0.003894144506869 -0.009867560000540999
endloop
endfacet
facet normal 0.1959406341621942 -0.15540233469773532 -0.9682238285926504
outer loop
vertex -0.010864607288587002 -0.003553372901608 -0.010674600213447
vertex -0.010963261320758 -0.0034496979623859997 -0.010711205035787
vertex -0.010855558399284 -0.003456519253398 -0.010688314230346
endloop
endfacet
facet normal -0.0855818136789253 0.7701023648869179 0.6321535420789811
outer loop
vertex -0.009887168860762999 -0.003167579334238 -0.009841819609714999
vertex -0.009906706297852001 -0.003229951889398 -0.009768481093285
vertex -0.009779465970805 -0.003174400623237 -0.00981892881106
endloop
endfacet
facet normal -0.19594063333271838 0.15540233560672498 0.9682238286146173
outer loop
vertex -0.010592322883266 -0.003454928607456 -0.009799688035972
vertex -0.010583273993976001 -0.0033580749592460003 -0.009813402052972
vertex -0.010700025804738 -0.003448107316464 -0.009822578841323001
endloop
endfacet
facet normal 0.21229090911519816 0.08505803413174919 -0.973497663446957
outer loop
vertex -0.011713002465691 -0.0033042561919279997 -0.010861993521236001
vertex -0.011609478975689999 -0.00340877020841 -0.010848549894695
vertex -0.011717181897173001 -0.003401948917417 -0.010871440700036001
endloop
endfacet
facet normal 0.035499887245374784 -0.8996701140960217 -0.4351246302015286
outer loop
vertex -0.011776118390821001 -0.003730225936638 -0.010691964294136
vertex -0.011668415469339 -0.0037370472276200004 -0.010669073488805
vertex -0.011689397193919 -0.0037795024390199997 -0.010583004272245001
endloop
endfacet
facet normal 0.1150588982654796 0.9599941514314582 -0.25528940273213174
outer loop
vertex -0.009932484358855 -0.003101712910386 -0.010140652813386
vertex -0.009806763807603 -0.003135363628818 -0.010210531251656
vertex -0.009914466729065 -0.003128542337826 -0.010233422057006001
endloop
endfacet
facet normal -0.9762799602398279 0.06183202470192172 -0.20749515646246047
outer loop
vertex -0.011790159847761 -0.003673517372948 -0.010608999473976
vertex -0.011805894658322 -0.003614989605478 -0.010517525191316001
vertex -0.011780704696432 -0.003565269314348 -0.010621229533576
endloop
endfacet
facet normal -0.20774554038075976 -0.5374617167386523 0.8172984115317042
outer loop
vertex -0.010703272313428 -0.0036386542955840003 -0.009864085372373
vertex -0.010697281258228 -0.003721273735004 -0.009916893710353
vertex -0.010595569391956 -0.003645475586566 -0.009841194567012
endloop
endfacet
facet normal 0.016645149569058566 0.9769522671523467 0.212807910336325
outer loop
vertex -0.010275792198902 -0.00307776844092 -0.01011324990213
vertex -0.010404701743564001 -0.003091017667858 -0.010042342853031001
vertex -0.010296998822080999 -0.0030978389588400003 -0.01001945204768
endloop
endfacet
facet normal 0.11505889826178556 0.9599941514419138 -0.25528940269447936
outer loop
vertex -0.010237575493502 -0.0031080784648300002 -0.01030209447306
vertex -0.010363296044764 -0.003074427746398 -0.010232216034781002
vertex -0.010255593123281 -0.0030812490373900003 -0.010209325229419999
endloop
endfacet
facet normal -0.9762799602827628 0.061832024601082815 -0.20749515629049814
outer loop
vertex -0.011862316719272 -0.003185833671058 -0.010124169947796
vertex -0.011842128050782 -0.003197026570017 -0.010222494518066
vertex -0.011857110501091 -0.003264662397138 -0.010172155965335999
endloop
endfacet
facet normal 0.19594063325590994 -0.15540233557853178 -0.9682238286346863
outer loop
vertex -0.011717181897173001 -0.003401948917417 -0.010871440700036001
vertex -0.011618527864991 -0.003505623856629 -0.010834835877695
vertex -0.011726230786452 -0.0034988025656280002 -0.010857726683036
endloop
endfacet
facet normal 0.4260611661559269 -0.8536626848341207 -0.2995528387708125
outer loop
vertex -0.009537142307536 -0.003939012586731 -0.010123580699198
vertex -0.009455812746554 -0.003904885348413 -0.010105159182216
vertex -0.00949689396775 -0.003939557667598 -0.010064781157008
endloop
endfacet
facet normal -0.21229090909158435 -0.08505803359768785 0.9734976634987694
outer loop
vertex -0.010915431647693 -0.00343446473446 -0.009868360452025
vertex -0.011027314000635 -0.0035253361689479997 -0.009900698436106
vertex -0.010919611079152 -0.0035321574599400003 -0.009877807630765
endloop
endfacet
facet normal 0.1428805548079357 -0.8336988487538105 0.5334148260447468
outer loop
vertex -0.009596633271509999 -0.003929638714441 -0.009840877996817
vertex -0.00954124762619 -0.003895312479203 -0.009802063531869002
vertex -0.009611222526362002 -0.0038784624332400004 -0.009756984326519
endloop
endfacet
facet normal -0.13069000910902395 0.5957791575632917 0.7924438888225825
outer loop
vertex -0.010229815062268999 -0.003209488016412 -0.009837153509369
vertex -0.010354475692541 -0.00328133175303 -0.009803698646070001
vertex -0.01024677277107 -0.003288153044032 -0.009780807840739
endloop
endfacet
facet normal -0.13069000915503004 0.5957791576198025 0.792443888772509
outer loop
vertex -0.010337517983751002 -0.0032026667254099997 -0.009860044314710001
vertex -0.010354475692541 -0.00328133175303 -0.009803698646070001
vertex -0.010229815062268999 -0.003209488016412 -0.009837153509369
endloop
endfacet
facet normal -0.22689676626775823 -0.3078099097811863 0.9239972493994407
outer loop
vertex -0.009734522190153 -0.003707420045417 -0.009657554638589
vertex -0.009627738918862 -0.0036212172130029997 -0.009602616309445
vertex -0.009735204010654 -0.0036113520508430003 -0.009625719069928
endloop
endfacet
endsolid robot_exact_abaqus_global_SI
