561 361 -70 0.25 0 1
0.00000000000000000e+00 -9.84165616927011211e-01 6.54257190582297476e-02 -1.64734676812106740e-01
1.00000000000000000e+00 -9.84497871307927985e-01 6.10360024673683582e-02 -1.64434022613818343e-01
2.00000000000000000e+00 -9.84808747700348319e-01 5.66453511991899111e-02 -1.64143335656346784e-01
3.00000000000000000e+00 -9.85098171565802594e-01 5.22551818217835626e-02 -1.63862711897749758e-01
4.00000000000000000e+00 -9.85366092356569911e-01 4.78669116029788247e-02 -1.63592245560527705e-01
5.00000000000000000e+00 -9.85612483490694413e-01 4.34819578652172536e-02 -1.63332029092623149e-01
6.00000000000000000e+00 -9.85837342297005148e-01 3.91017373402073806e-02 -1.63082153130730462e-01
7.00000000000000000e+00 -9.86040689930236414e-01 3.47276655241241586e-02 -1.62842706465926218e-01
8.00000000000000000e+00 -9.86222571256365255e-01 3.03611560341101802e-02 -1.62613776011616057e-01
9.00000000000000000e+00 -9.86383054708343754e-01 2.60036199668355998e-02 -1.62395446773785451e-01
1.00000000000000000e+01 -9.86522232112434949e-01 2.16564652598625514e-02 -1.62187801823526212e-01
1.10000000000000000e+01 -9.86640218485406728e-01 1.73210960565569859e-02 -1.61990922271800925e-01
1.20000000000000000e+01 -9.86737151802870249e-01 1.29989120752805522e-02 -1.61804887246395412e-01
1.30000000000000000e+01 -9.86813192739104394e-01 8.69130798358215897e-03 -1.61629773870996724e-01
1.40000000000000000e+01 -9.86868524378732848e-01 4.39967277810184108e-03 -1.61465657246326111e-01
1.50000000000000000e+01 -9.86903351900665471e-01 1.25389170880261874e-04 -1.61312610433241826e-01
1.60000000000000000e+01 -9.86917902234759836e-01 -4.13016701724404009e-03 -1.61170704437720247e-01
1.70000000000000000e+01 -9.86912423691682084e-01 -8.36562745548661245e-03 -1.61040008197609941e-01
1.80000000000000000e+01 -9.86887185566500902e-01 -1.25796318935703106e-02 -1.60920588571049100e-01
1.90000000000000000e+01 -9.86842477716571964e-01 -1.67708287431566141e-02 -1.60812510326421715e-01
2.00000000000000000e+01 -9.86778610114304011e-01 -2.09378756496465986e-02 -1.60715836133724532e-01
2.10000000000000000e+01 -9.86695912375453399e-01 -2.50794400537703993e-02 -1.60630626557206807e-01
2.20000000000000000e+01 -9.86594733263592150e-01 -2.91941997424045481e-02 -1.60556940049137564e-01
2.30000000000000000e+01 -9.86475440171461604e-01 -3.32808433880829105e-02 -1.60494832944549415e-01
2.40000000000000000e+01 -9.86338418579935983e-01 -3.73380710766921253e-02 -1.60444359456801328e-01
2.50000000000000000e+01 -9.86184071495348036e-01 -4.13645948228693952e-02 -1.60405571673797237e-01
2.60000000000000000e+01 -9.86012818865978358e-01 -4.53591390726497956e-02 -1.60378519554694149e-01
2.70000000000000000e+01 -9.85825096978506399e-01 -4.93204411929374850e-02 -1.60363250926926937e-01
2.80000000000000000e+01 -9.85621357835282152e-01 -5.32472519474068429e-02 -1.60359811483376968e-01
2.90000000000000000e+01 -9.85402068513273277e-01 -5.71383359584693024e-02 -1.60368244779506369e-01
3.00000000000000000e+01 -9.85167710505584049e-01 -6.09924721549740673e-02 -1.60388592230279736e-01
3.10000000000000000e+01 -9.84918779046457749e-01 -6.48084542053430079e-02 -1.60420893106692386e-01
3.20000000000000000e+01 -9.84655782420698067e-01 -6.85850909358714789e-02 -1.60465184531727256e-01
3.30000000000000000e+01 -9.84379241258457327e-01 -7.23212067339635417e-02 -1.60521501475558076e-01
3.40000000000000000e+01 -9.84089687816369740e-01 -7.60156419360992486e-02 -1.60589876749821586e-01
3.50000000000000000e+01 -9.83787665246012466e-01 -7.96672532003716016e-02 -1.60670341000782507e-01
3.60000000000000000e+01 -9.83473726850695451e-01 -8.32749138634587827e-02 -1.60762922701216532e-01
3.70000000000000000e+01 -9.83148435331597681e-01 -8.68375142819368256e-02 -1.60867648140841091e-01
3.80000000000000000e+01 -9.82812362024275243e-01 -9.03539621578711288e-02 -1.60984541415126969e-01
3.90000000000000000e+01 -9.82466086126574489e-01 -9.38231828486580238e-02 -1.61113624412329737e-01
4.00000000000000000e+01 -9.82110193918999341e-01 -9.72441196611253250e-02 -1.61254916798583975e-01
4.10000000000000000e+01 -9.81745277978577469e-01 -1.00615734129931772e-01 -1.61408436000910760e-01
4.20000000000000000e+01 -9.81371936387288146e-01 -1.03937006280340694e-01 -1.61574197187995316e-01
4.30000000000000000e+01 -9.80990771936099737e-01 -1.07206934875478999e-01 -1.61752213248597454e-01
4.40000000000000000e+01 -9.80602391325691713e-01 -1.10424537648219245e-01 -1.61942494767470024e-01
4.50000000000000000e+01 -9.80207404364904833e-01 -1.13588851517863659e-01 -1.62145049998662610e-01
4.60000000000000000e+01 -9.79806423167992158e-01 -1.16698932791832313e-01 -1.62359884836103169e-01
4.70000000000000000e+01 -9.79400061351718199e-01 -1.19753857352592544e-01 -1.62587002781357709e-01
4.80000000000000000e+01 -9.78988933233358338e-01 -1.22752720830100262e-01 -1.62826404908475136e-01
4.90000000000000000e+01 -9.78573653030643031e-01 -1.25694638760041749e-01 -1.63078089825841738e-01
5.00000000000000000e+01 -9.78154834064685730e-01 -1.28578746728206517e-01 -1.63342053634975448e-01
5.10000000000000000e+01 -9.77733087966914938e-01 -1.31404200501337165e-01 -1.63618289886203166e-01
5.20000000000000000e+01 -9.77309023891034134e-01 -1.34170176144832981e-01 -1.63906789531178737e-01
5.30000000000000000e+01 -9.76883247731009208e-01 -1.36875870127708743e-01 -1.64207540872208069e-01
5.40000000000000000e+01 -9.76456361346073054e-01 -1.39520499415230065e-01 -1.64520529508361518e-01
5.50000000000000000e+01 -9.76028961793728111e-01 -1.42103301549669908e-01 -1.64845738278369819e-01
5.60000000000000000e+01 -9.75601640571701512e-01 -1.44623534719651309e-01 -1.65183147200307245e-01
5.70000000000000000e+01 -9.75174982869799090e-01 -1.47080477818557126e-01 -1.65532733408085053e-01
5.80000000000000000e+01 -9.74749566832579184e-01 -1.49473430492507608e-01 -1.65894471084786332e-01
5.90000000000000000e+01 -9.74325962833753390e-01 -1.51801713178419451e-01 -1.66268331392891877e-01
6.00000000000000000e+01 -9.73904732763197223e-01 -1.54064667132671695e-01 -1.66654282401457826e-01
6.10000000000000000e+01 -9.73486429327432012e-01 -1.56261654450922438e-01 -1.67052289010318322e-01
6.20000000000000000e+01 -9.73071595364422559e-01 -1.58392058079618342e-01 -1.67462312871405922e-01
6.30000000000000000e+01 -9.72660763173497700e-01 -1.60455281819758849e-01 -1.67884312307288092e-01
6.40000000000000000e+01 -9.72254453861199686e-01 -1.62450750323475529e-01 -1.68318242227040227e-01
6.50000000000000000e+01 -9.71853176703816657e-01 -1.64377909083992940e-01 -1.68764054039582584e-01
6.60000000000000000e+01 -9.71457428527348732e-01 -1.66236224419541195e-01 -1.69221695564626629e-01
6.70000000000000000e+01 -9.71067693105619911e-01 -1.68025183451789323e-01 -1.69691110941387391e-01
6.80000000000000000e+01 -9.70684440577223251e-01 -1.69744294079367503e-01 -1.70172240535231251e-01
6.90000000000000000e+01 -9.70308126881962996e-01 -1.71393084947044250e-01 -1.70665020842443393e-01
7.00000000000000000e+01 -9.69939193217426499e-01 -1.72971105411115739e-01 -1.71169384393310142e-01
7.10000000000000000e+01 -9.69578065516286558e-01 -1.74477925501562797e-01 -1.71685259653724720e-01
7.20000000000000000e+01 -9.69225153944916817e-01 -1.75913135881519717e-01 -1.72212570925534381e-01
7.30000000000000000e+01 -9.68880852423861461e-01 -1.77276347804585177e-01 -1.72751238245863553e-01
7.40000000000000000e+01 -9.68545538170678455e-01 -1.78567193070501423e-01 -1.73301177285652086e-01
7.50000000000000000e+01 -9.68219571265644396e-01 -1.79785323979706008e-01 -1.73862299247664193e-01
7.60000000000000000e+01 -9.67903294240777590e-01 -1.80930413287247766e-01 -1.74434510764230083e-01
7.70000000000000000e+01 -9.67597031692610798e-01 -1.82002154156545443e-01 -1.75017713794993202e-01
7.80000000000000000e+01 -9.67301089919101797e-01 -1.83000260113440200e-01 -1.75611805524944875e-01
7.90000000000000000e+01 -9.67015756581062091e-01 -1.83924465000981252e-01 -1.76216678263037801e-01
8.00000000000000000e+01 -9.66741300388427982e-01 -1.84774522935359203e-01 -1.76832219341673591e-01
8.10000000000000000e+01 -9.66477970811688625e-01 -1.85550208263376010e-01 -1.77458311017372777e-01
8.20000000000000000e+01 -9.66225997818742965e-01 -1.86251315521821503e-01 -1.78094830372937496e-01
8.30000000000000000e+01 -9.65985591637432583e-01 -1.86877659399097867e-01 -1.78741649221423410e-01
8.40000000000000000e+01 -9.65756942543963603e-01 -1.87429074699407533e-01 -1.79398634012245234e-01
8.50000000000000000e+01 -9.65540220677405636e-01 -1.87905416309793211e-01 -1.80065645739741931e-01
8.60000000000000000e+01 -9.65335575880418295e-01 -1.88306559170290239e-01 -1.80742539854530704e-01
8.70000000000000000e+01 -9.65143137566333520e-01 -1.88632398247422089e-01 -1.81429166177985796e-01
8.80000000000000000e+01 -9.64963014612682302e-01 -1.88882848511239487e-01 -1.82125368820173189e-01
8.90000000000000000e+01 -9.64795295281238530e-01 -1.89057844916075884e-01 -1.82830986101581355e-01
9.00000000000000000e+01 -9.64640047164605496e-01 -1.89157342385156579e-01 -1.83545850478981004e-01
9.10000000000000000e+01 -9.64497317159356493e-01 -1.89181315799170052e-01 -1.84269788475751983e-01
9.20000000000000000e+01 -9.64367131465702410e-01 -1.89129759988880181e-01 -1.85002620617009866e-01
9.30000000000000000e+01 -9.64249495613631380e-01 -1.89002689731820661e-01 -1.85744161369865268e-01
9.40000000000000000e+01 -9.64144394515440761e-01 -1.88800139753086210e-01 -1.86494219089143626e-01
9.50000000000000000e+01 -9.64051792544545538e-01 -1.88522164730199060e-01 -1.87252595968890601e-01
9.60000000000000000e+01 -9.63971633640426817e-01 -1.88168839301999902e-01 -1.88019087999981321e-01
9.70000000000000000e+01 -9.63903841439548770e-01 -1.87740258081479067e-01 -1.88793484934148714e-01
9.80000000000000000e+01 -9.63848319432045741e-01 -1.87236535672431703e-01 -1.89575570254735204e-01
9.90000000000000000e+01 -9.63804951143954924e-01 -1.86657806689791456e-01 -1.90365121154467271e-01
1.00000000000000000e+02 -9.63773600344747350e-01 -1.86004225783464566e-01 -1.91161908520544349e-01
1.01000000000000000e+02 -9.63754111279862546e-01 -1.85275967665455427e-01 -1.91965696927319435e-01
1.02000000000000000e+02 -9.63746308927952211e-01 -1.84473227140049129e-01 -1.92776244636843536e-01
1.03000000000000000e+02 -9.63749999282490610e-01 -1.83596219136782174e-01 -1.93593303607532019e-01
1.04000000000000000e+02 -9.63764969657391446e-01 -1.82645178745910186e-01 -1.94416619511197986e-01
1.05000000000000000e+02 -9.63790989016241051e-01 -1.81620361256049412e-01 -1.95245931758687347e-01
1.06000000000000000e+02 -9.63827808324735691e-01 -1.80522042193647037e-01 -1.96080973534333902e-01
1.07000000000000000e+02 -9.63875160925878105e-01 -1.79350517363909306e-01 -1.96921471839437950e-01
1.08000000000000000e+02 -9.63932762937473875e-01 -1.78106102892790941e-01 -1.97767147544960359e-01
1.09000000000000000e+02 -9.64000313671426801e-01 -1.76789135269630471e-01 -1.98617715453601157e-01
1.10000000000000000e+02 -9.64077496074322915e-01 -1.75399971389991999e-01 -1.99472884371420717e-01
1.11000000000000000e+02 -9.64163977188765120e-01 -1.73938988598257072e-01 -2.00332357189140192e-01
1.12000000000000000e+02 -9.64259408634885906e-01 -1.72406584729490414e-01 -2.01195830973241979e-01
1.13000000000000000e+02 -9.64363427111451621e-01 -1.70803178150087803e-01 -2.02062997066968203e-01
1.14000000000000000e+02 -9.64475654915955327e-01 -1.69129207796698572e-01 -2.02933541201301665e-01
1.15000000000000000e+02 -9.64595700483052432e-01 -1.67385133212905213e-01 -2.03807143615985703e-01
1.16000000000000000e+02 -9.64723158940691494e-01 -1.65571434583123456e-01 -2.04683479190627432e-01
1.17000000000000000e+02 -9.64857612683255539e-01 -1.63688612763186969e-01 -2.05562217585898349e-01
1.18000000000000000e+02 -9.64998631961025755e-01 -1.61737189307063850e-01 -2.06443023394833503e-01
1.19000000000000000e+02 -9.65145775485236501e-01 -1.59717706489149652e-01 -2.07325556304202741e-01
1.20000000000000000e+02 -9.65298591047993537e-01 -1.57630727321577707e-01 -2.08209471265906942e-01
1.21000000000000000e+02 -9.65456616156293079e-01 -1.55476835565983934e-01 -2.09094418678328925e-01
1.22000000000000000e+02 -9.65619378679365870e-01 -1.53256635739160513e-01 -2.09980044577549513e-01
1.23000000000000000e+02 -9.65786397508559658e-01 -1.50970753112039335e-01 -2.10865990838310785e-01
1.24000000000000000e+02 -9.65957183228940974e-01 -1.48619833701442883e-01 -2.11751895384589245e-01
1.25000000000000000e+02 -9.66131238801801850e-01 -1.46204544254048857e-01 -2.12637392409617626e-01
1.26000000000000000e+02 -9.66308060257223045e-01 -1.43725572222019815e-01 -2.13522112605172759e-01
1.27000000000000000e+02 -9.66487137395843909e-01 -1.41183625729759288e-01 -2.14405683399918834e-01
1.28000000000000000e+02 -9.66667954498973137e-01 -1.38579433531262203e-01 -2.15287729206580292e-01
1.29000000000000000e+02 -9.66849991046156765e-01 -1.35913744957543492e-01 -2.16167871677689638e-01
1.30000000000000000e+02 -9.67032722439321146e-01 -1.33187329853640818e-01 -2.17045729969635393e-01
1.31000000000000000e+02 -9.67215620732582382e-01 -1.30400978504699977e-01 -2.17920921014715802e-01
1.32000000000000000e+02 -9.67398155366819612e-01 -1.27555501550675354e-01 -2.18793059800877349e-01
1.33000000000000000e+02 -9.67579793908095120e-01 -1.24651729889186089e-01 -2.19661759658802525e-01
1.34000000000000000e+02 -9.67760002788995433e-01 -1.21690514566099098e-01 -2.20526632555983482e-01
1.35000000000000000e+02 -9.67938248051967154e-01 -1.18672726653424154e-01 -2.21387289397405734e-01
1.36000000000000000e+02 -9.68113996093714069e-01 -1.15599257114133408e-01 -2.22243340332440142e-01
1.37000000000000000e+02 -9.68286714409721250e-01 -1.12471016653537412e-01 -2.23094395067528484e-01
1.38000000000000000e+02 -9.68455872337964929e-01 -1.09288935556881017e-01 -2.23940063184226157e-01
1.39000000000000000e+02 -9.68620941800873103e-01 -1.06053963512844754e-01 -2.24779954462149462e-01
1.40000000000000000e+02 -9.68781398044598285e-01 -1.02767069422664795e-01 -2.25613679206361495e-01
1.41000000000000000e+02 -9.68936720374667271e-01 -9.94292411946175042e-02 -2.26440848578711384e-01
1.42000000000000000e+02 -9.69086392887072767e-01 -9.60414855236391973e-02 -2.27261074932630702e-01
1.43000000000000000e+02 -9.69229905193884189e-01 -9.26048276558855132e-02 -2.28073972150875798e-01
1.44000000000000000e+02 -9.69366753142447468e-01 -8.91203111380652890e-02 -2.28879155985694416e-01
1.45000000000000000e+02 -9.69496439527268494e-01 -8.55889975514149831e-02 -2.29676244400881996e-01
1.46000000000000000e+02 -9.69618474793662255e-01 -8.20119662302125629e-02 -2.30464857915185339e-01
1.47000000000000000e+02 -9.69732377732281381e-01 -7.83903139647639940e-02 -2.31244619946501001e-01
1.48000000000000000e+02 -9.69837676163626927e-01 -7.47251546888273582e-02 -2.32015157156309326e-01
1.49000000000000000e+02 -9.69933907611674639e-01 -7.10176191514714922e-02 -2.32776099793779556e-01
1.50000000000000000e+02 -9.70020619965753061e-01 -6.72688545734071303e-02 -2.33527082038973988e-01
1.51000000000000000e+02 -9.70097372129822721e-01 -6.34800242878517246e-02 -2.34267742344578811e-01
1.52000000000000000e+02 -9.70163734658331833e-01 -5.96523073660336911e-02 -2.34997723775585227e-01
1.53000000000000000e+02 -9.70219290377828947e-01 -5.57868982274679764e-02 -2.35716674346343136e-01
1.54000000000000000e+02 -9.70263634993539181e-01 -5.18850062351729202e-02 -2.36424247354412032e-01
1.55000000000000000e+02 -9.70296377680122890e-01 -4.79478552760310012e-02 -2.37120101710632664e-01
1.56000000000000000e+02 -9.70317141655865356e-01 -4.39766833265273493e-02 -2.37803902264849210e-01
1.57000000000000000e+02 -9.70325564739552560e-01 -3.99727420041354059e-02 -2.38475320126714074e-01
1.58000000000000000e+02 -9.70321299889331468e-01 -3.59372961046510037e-02 -2.39134032981013961e-01
1.59000000000000000e+02 -9.70304015722847746e-01 -3.18716231258032306e-02 -2.39779725396961962e-01
1.60000000000000000e+02 -9.70273397018009742e-01 -2.77770127775104556e-02 -2.40412089130911943e-01
1.61000000000000000e+02 -9.70229145193726494e-01 -2.36547664791708599e-02 -2.41030823421956031e-01
1.62000000000000000e+02 -9.70170978770007242e-01 -1.95061968444111902e-02 -2.41635635279883798e-01
1.63000000000000000e+02 -9.70098633806830923e-01 -1.53326271537458873e-02 -2.42226239764986417e-01
1.64000000000000000e+02 -9.70011864321225992e-01 -1.11353908156259247e-02 -2.42802360259208816e-01
1.65000000000000000e+02 -9.69910442682025753e-01 -6.91583081638030579e-03 -2.43363728728166168e-01
1.66000000000000000e+02 -9.69794159981787862e-01 -2.67529915958506252e-03 -2.43910085973552015e-01
1.67000000000000000e+02 -9.69662826385411791e-01 1.58484370458759449e-03 -2.44441181875490993e-01
1.68000000000000000e+02 -9.69516271454998857e-01 5.86322945946061731e-03 -2.44956775624399936e-01
1.69000000000000000e+02 -9.69354344450543137e-01 1.01584825107823747e-02 -2.45456635941942863e-01
1.70000000000000000e+02 -9.69176914606068696e-01 1.44692205838751180e-02 -2.45940541290686848e-01
1.71000000000000000e+02 -9.68983871380856510e-01 1.87940553283612935e-02 -2.46408280072084096e-01
1.72000000000000000e+02 -9.68775124685442579e-01 2.31315929298076955e-02 -2.46859650812430026e-01
1.73000000000000000e+02 -9.68550605082097782e-01 2.74804347276158371e-02 -2.47294462336469817e-01
1.74000000000000000e+02 -9.68310263959527351e-01 3.18391778384620669e-02 -2.47712533928344913e-01
1.75000000000000000e+02 -9.68054073681572591e-01 3.62064157845896212e-02 -2.48113695479604268e-01
1.76000000000000000e+02 -9.67782027709719217e-01 4.05807391262332229e-02 -2.48497787624020944e-01
1.77000000000000000e+02 -9.67494140699254102e-01 4.49607360974503198e-02 -2.48864661858985786e-01
1.78000000000000000e+02 -9.67190448568949090e-01 4.93449932446224232e-02 -2.49214180653275275e-01
1.79000000000000000e+02 -9.66871008544175847e-01 5.37320960668864617e-02 -2.49546217541014803e-01
1.80000000000000000e+02 -9.66535899173396995e-01 5.81206296577435264e-02 -2.49860657201690178e-01
1.81000000000000000e+02 -9.66185220318009463e-01 6.25091793470933660e-02 -2.50157395526081794e-01
1.82000000000000000e+02 -9.65819093115545479e-01 6.68963313429391387e-02 -2.50436339668030139e-01
1.83000000000000000e+02 -9.65437659916278279e-01 7.12806733720062619e-02 -2.50697408081962780e-01
1.84000000000000000e+02 -9.65041084193304033e-01 7.56607953185166049e-02 -2.50940530546147067e-01
1.85000000000000000e+02 -9.64629550426213456e-01 8.00352898603673008e-02 -2.51165648171656042e-01
1.86000000000000000e+02 -9.64203263958490431e-01 8.44027531019626021e-02 -2.51372713397065572e-01
1.87000000000000000e+02 -9.63762450828813289e-01 8.87617852029537330e-02 -2.51561689968929914e-01
1.88000000000000000e+02 -9.63307357576471790e-01 9.31109910021514636e-02 -2.51732552908107754e-01
1.89000000000000000e+02 -9.62838251021126523e-01 9.74489806358813243e-02 -2.51885288462041279e-01
1.90000000000000000e+02 -9.62355418017196707e-01 1.01774370150063270e-01 -2.52019894043117310e-01
1.91000000000000000e+02 -9.61859165183166276e-01 1.06085782105312318e-01 -2.52136378153267060e-01
1.92000000000000000e+02 -9.61349818606146322e-01 1.10381846174362475e-01 -2.52234760294986315e-01
1.93000000000000000e+02 -9.60827723522064359e-01 1.14661199731142319e-01 -2.52315070868988300e-01
1.94000000000000000e+02 -9.60293243971861332e-01 1.18922488430835874e-01 -2.52377351058721389e-01
1.95000000000000000e+02 -9.59746762434129930e-01 1.23164366780289344e-01 -2.52421652702014832e-01
1.96000000000000000e+02 -9.59188679434643143e-01 1.27385498698138283e-01 -2.52448038150135445e-01
1.97000000000000000e+02 -9.58619413133254272e-01 1.31584558064053114e-01 -2.52456580114567231e-01
1.98000000000000000e+02 -9.58039398888675509e-01 1.35760229256523257e-01 -2.52447361501842271e-01
1.99000000000000000e+02 -9.57449088801669568e-01 1.39911207678620780e-01 -2.52420475236781516e-01
2.00000000000000000e+02 -9.56848951237220469e-01 1.44036200271214276e-01 -2.52376024074518146e-01
2.01000000000000000e+02 -9.56239470326263885e-01 1.48133926013125000e-01 -2.52314120401701980e-01
2.02000000000000000e+02 -9.55621145447590692e-01 1.52203116407747169e-01 -2.52234886027300043e-01
2.03000000000000000e+02 -9.54994490690561193e-01 1.56242515955681366e-01 -2.52138451963428212e-01
2.04000000000000000e+02 -9.54360034299286397e-01 1.60250882612962497e-01 -2.52024958196666204e-01
2.05000000000000000e+02 -9.53718318098951134e-01 1.64226988234486948e-01 -2.51894553450323910e-01
2.06000000000000000e+02 -9.53069896904988556e-01 1.68169619002284054e-01 -2.51747394938142799e-01
2.07000000000000000e+02 -9.52415337915823113e-01 1.72077575838302022e-01 -2.51583648109931446e-01
2.08000000000000000e+02 -9.51755220089918308e-01 1.75949674801414435e-01 -2.51403486389643660e-01
2.09000000000000000e+02 -9.51090133507892288e-01 1.79784747468386602e-01 -2.51207090906423680e-01
2.10000000000000000e+02 -9.50420678720474643e-01 1.83581641298575099e-01 -2.50994650219150295e-01
2.11000000000000000e+02 -9.49747466083094016e-01 1.87339219982168931e-01 -2.50766360035022173e-01
2.12000000000000000e+02 -9.49071115077903538e-01 1.91056363771813842e-01 -2.50522422922733468e-01
2.13000000000000000e+02 -9.48392253624061321e-01 1.94731969797499987e-01 -2.50263048020797130e-01
2.14000000000000000e+02 -9.47711517377100021e-01 1.98364952364627839e-01 -2.49988450741577467e-01
2.15000000000000000e+02 -9.47029549018226668e-01 2.01954243235199393e-01 -2.49698852471596289e-01
2.16000000000000000e+02 -9.46346997534408541e-01 2.05498791892127053e-01 -2.49394480268683300e-01
2.17000000000000000e+02 -9.45664517490100498e-01 2.08997565786674527e-01 -2.49075566556536621e-01
2.18000000000000000e+02 -9.44982768291495412e-01 2.12449550569095785e-01 -2.48742348817267755e-01
2.19000000000000000e+02 -9.44302413444159994e-01 2.15853750302559377e-01 -2.48395069282494274e-01
2.20000000000000000e+02 -9.43624119804952421e-01 2.19209187660492633e-01 -2.48033974623549813e-01
2.21000000000000000e+02 -9.42948556829096729e-01 2.22514904107504796e-01 -2.47659315641370475e-01
2.22000000000000000e+02 -9.42276395813308687e-01 2.25769960064092556e-01 -2.47271346956616067e-01
2.23000000000000000e+02 -9.41608309135864685e-01 2.28973435055355945e-01 -2.46870326700574821e-01
2.24000000000000000e+02 -9.40944969494503347e-01 2.32124427843993508e-01 -2.46456516207396115e-01
2.25000000000000000e+02 -9.40287049143052722e-01 2.35222056547870900e-01 -2.46030179708183000e-01
2.26000000000000000e+02 -9.39635219127670784e-01 2.38265458742496467e-01 -2.45591584027470305e-01
2.27000000000000000e+02 -9.38990148523592194e-01 2.41253791548760477e-01 -2.45140998282600525e-01
2.28000000000000000e+02 -9.38352503673256289e-01 2.44186231706326529e-01 -2.44678693586498436e-01
2.29000000000000000e+02 -9.37722947426703590e-01 2.47061975633096953e-01 -2.44204942754332188e-01
2.30000000000000000e+02 -9.37102138385104810e-01 2.49880239471190480e-01 -2.43720020014534161e-01
2.31000000000000000e+02 -9.36490730148294315e-01 2.52640259119907840e-01 -2.43224200724641543e-01
2.32000000000000000e+02 -9.35889370567165479e-01 2.55341290256176356e-01 -2.42717761092397399e-01
2.33000000000000000e+02 -9.35298701001771038e-01 2.57982608342992747e-01 -2.42200977902538805e-01
2.34000000000000000e+02 -9.34719355585972633e-01 2.60563508626401152e-01 -2.41674128249680625e-01
2.35000000000000000e+02 -9.34151960499468359e-01 2.63083306121567495e-01 -2.41137489277683581e-01
2.36000000000000000e+02 -9.33597133248007527e-01 2.65541335588524774e-01 -2.40591337925878834e-01
2.37000000000000000e+02 -9.33055481952606125e-01 2.67936951498181752e-01 -2.40035950682498084e-01
2.38000000000000000e+02 -9.32527604648548225e-01 2.70269527989206282e-01 -2.39471603345642187e-01
2.39000000000000000e+02 -9.32014088594950163e-01 2.72538458816399598e-01 -2.38898570792096199e-01
2.40000000000000000e+02 -9.31515509595653324e-01 2.74743157291195805e-01 -2.38317126754280545e-01
2.41000000000000000e+02 -9.31032431332188604e-01 2.76883056214927870e-01 -2.37727543605605135e-01
2.42000000000000000e+02 -9.30565404709546407e-01 2.78957607805505881e-01 -2.37130092154471450e-01
2.43000000000000000e+02 -9.30114967215464716e-01 2.80966283618162782e-01 -2.36525041447144591e-01
2.44000000000000000e+02 -9.29681642293934241e-01 2.82908574460925211e-01 -2.35912658579696288e-01
2.45000000000000000e+02 -9.29265938733600194e-01 2.84783990305464862e-01 -2.35293208519196051e-01
2.46000000000000000e+02 -9.28868350071719528e-01 2.86592060193992693e-01 -2.34666953934303452e-01
2.47000000000000000e+02 -9.28489354014322754e-01 2.88332332142847869e-01 -2.34034155035397179e-01
2.48000000000000000e+02 -9.28129411873198862e-01 2.90004373043434793e-01 -2.33395069424344181e-01
2.49000000000000000e+02 -9.27788968020312188e-01 2.91607768561152947e-01 -2.32749951953999723e-01
2.50000000000000000e+02 -9.27468449360234981e-01 2.93142123032956059e-01 -2.32099054597499022e-01
2.51000000000000000e+02 -9.27168264821160215e-01 2.94607059364168200e-01 -2.31442626327381912e-01
2.52000000000000000e+02 -9.26888804865045324e-01 2.96002218925172034e-01 -2.30780913004569432e-01
2.53000000000000000e+02 -9.26630441017401552e-01 2.97327261448569802e-01 -2.30114157277186648e-01
2.54000000000000000e+02 -9.26393525417245511e-01 2.98581864927404517e-01 -2.29442598489210281e-01
2.55000000000000000e+02 -9.26178390387684014e-01 2.99765725515008907e-01 -2.28766472598889520e-01
2.56000000000000000e+02 -9.25985348027607014e-01 3.00878557427033955e-01 -2.28086012106876818e-01
2.57000000000000000e+02 -9.25814689824912773e-01 3.01920092846184929e-01 -2.27401445993976631e-01
2.58000000000000000e+02 -9.25666686291703456e-01 3.02890081830174240e-01 -2.26712999668407134e-01
2.59000000000000000e+02 -9.25541586621834500e-01 3.03788292223375167e-01 -2.26020894922444399e-01
2.60000000000000000e+02 -9.25439618371198258e-01 3.04614509572635639e-01 -2.25325349898304633e-01
2.61000000000000000e+02 -9.25360987161099935e-01 3.05368537047685684e-01 -2.24626579063098714e-01
2.62000000000000000e+02 -9.25305876405050132e-01 3.06050195366544431e-01 -2.23924793192675498e-01
2.63000000000000000e+02 -9.25274447059287741e-01 3.06659322726304473e-01 -2.23220199364156408e-01
2.64000000000000000e+02 -9.25266837397324515e-01 3.07195774739640104e-01 -2.22513000956943846e-01
2.65000000000000000e+02 -9.25283162808767878e-01 3.07659424377358215e-01 -2.21803397661973850e-01
2.66000000000000000e+02 -9.25323515622668791e-01 3.08050161917273913e-01 -2.21091585498964321e-01
2.67000000000000000e+02 -9.25387964955617592e-01 3.08367894899667594e-01 -2.20377756841402150e-01
2.68000000000000000e+02 -9.25476556584778121e-01 3.08612548089539696e-01 -2.19662100448993813e-01
2.69000000000000000e+02 -9.25589312846037737e-01 3.08784063445851187e-01 -2.18944801507293951e-01
2.70000000000000000e+02 -9.25726232557425366e-01 3.08882400097898913e-01 -2.18226041674217552e-01
2.71000000000000000e+02 -9.25887290967919996e-01 3.08907534328945299e-01 -2.17505999133123323e-01
2.72000000000000000e+02 -9.26072439731757902e-01 3.08859459567180361e-01 -2.16784848652157025e-01
2.73000000000000000e+02 -9.26281606908320065e-01 3.08738186384066304e-01 -2.16062761649522733e-01
2.74000000000000000e+02 -9.26514696987646769e-01 3.08543742500069829e-01 -2.15339906264351399e-01
2.75000000000000000e+02 -9.26771590941628087e-01 3.08276172797764203e-01 -2.14616447432825264e-01
2.76000000000000000e+02 -9.27052146300861302e-01 3.07935539342232556e-01 -2.13892546969207842e-01
2.77000000000000000e+02 -9.27356197257171222e-01 3.07521921408685506e-01 -2.13168363651430964e-01
2.78000000000000000e+02 -9.27683554791747356e-01 3.07035415517154520e-01 -2.12444053310877845e-01
2.79000000000000000e+02 -9.28034006828833857e-01 3.06476135474101130e-01 -2.11719768926004248e-01
2.80000000000000000e+02 -9.28407318414878890e-01 3.05844212420741002e-01 -2.10995660719433820e-01
2.81000000000000000e+02 -9.28803231923033601e-01 3.05139794887849369e-01 -2.10271876258162710e-01
2.82000000000000000e+02 -9.29221467282853264e-01 3.04363048856783225e-01 -2.09548560556508529e-01
2.83000000000000000e+02 -9.29661722235032739e-01 3.03514157826421715e-01 -2.08825856181437786e-01
2.84000000000000000e+02 -9.30123672610993379e-01 3.02593322885696514e-01 -2.08103903359908943e-01
2.85000000000000000e+02 -9.30606972637087360e-01 3.01600762791352506e-01 -2.07382840087866366e-01
2.86000000000000000e+02 -9.31111255263188609e-01 3.00536714050550158e-01 -2.06662802240528548e-01
2.87000000000000000e+02 -9.31636132515384907e-01 2.99401431007894014e-01 -2.05943923683612251e-01
2.88000000000000000e+02 -9.32181195872488155e-01 2.98195185936443341e-01 -2.05226336385143454e-01
2.89000000000000000e+02 -9.32746016666020417e-01 2.96918269132235846e-01 -2.04510170527505503e-01
2.90000000000000000e+02 -9.33330146503338232e-01 2.95570989011832375e-01 -2.03795554619388503e-01
2.91000000000000000e+02 -9.33933117713509953e-01 2.94153672212365824e-01 -2.03082615607302841e-01
2.92000000000000000e+02 -9.34554443815535985e-01 2.92666663693557760e-01 -2.02371478986333564e-01
2.93000000000000000e+02 -9.35193620008491044e-01 2.91110326841146405e-01 -2.01662268909816533e-01
2.94000000000000000e+02 -9.35850123683112933e-01 2.89485043571150180e-01 -2.00955108297628554e-01
2.95000000000000000e+02 -9.36523414954364086e-01 2.87791214434377218e-01 -2.00250118942792765e-01
2.96000000000000000e+02 -9.37212937214442210e-01 2.86029258720573165e-01 -1.99547421616109028e-01
2.97000000000000000e+02 -9.37918117705706544e-01 2.84199614561591041e-01 -1.98847136168534333e-01
2.98000000000000000e+02 -9.38638368112942656e-01 2.82302739032951389e-01 -1.98149381631043758e-01
2.99000000000000000e+02 -9.39373085174384004e-01 2.80339108253155000e-01 -1.97454276311720550e-01
3.00000000000000000e+02 -9.40121651310856676e-01 2.78309217480101956e-01 -1.96761937889831318e-01
3.01000000000000000e+02 -9.40883435272410473e-01 2.76213581203964109e-01 -1.96072483506659179e-01
3.02000000000000000e+02 -9.41657792801761429e-01 2.74052733235859214e-01 -1.95386029852879062e-01
3.03000000000000000e+02 -9.42444067313845890e-01 2.71827226791664156e-01 -1.94702693252272352e-01
3.04000000000000000e+02 -9.43241590590768286e-01 2.69537634570316431e-01 -1.94022589741596890e-01
3.05000000000000000e+02 -9.44049683491394842e-01 2.67184548825946500e-01 -1.93345835146435746e-01
3.06000000000000000e+02 -9.44867656674823087e-01 2.64768581433191097e-01 -1.92672545152869523e-01
3.07000000000000000e+02 -9.45694811336936336e-01 2.62290363945043348e-01 -1.92002835374828179e-01
3.08000000000000000e+02 -9.46530439959226477e-01 2.59750547642605578e-01 -1.91336821416995817e-01
3.09000000000000000e+02 -9.47373827069052044e-01 2.57149803576114222e-01 -1.90674618933154960e-01
3.10000000000000000e+02 -9.48224250010468728e-01 2.54488822596624586e-01 -1.90016343679874022e-01
3.11000000000000000e+02 -9.49080979724764240e-01 2.51768315377755347e-01 -1.89362111565458208e-01
3.12000000000000000e+02 -9.49943281539794682e-01 2.48989012426901746e-01 -1.88712038694096224e-01
3.13000000000000000e+02 -9.50810415967215050e-01 2.46151664085354077e-01 -1.88066241405155737e-01
3.14000000000000000e+02 -9.51681639506667398e-01 2.43257040516763473e-01 -1.87424836307589937e-01
3.15000000000000000e+02 -9.52556205455990512e-01 2.40305931683431478e-01 -1.86787940309439793e-01
3.16000000000000000e+02 -9.53433364726481214e-01 2.37299147309907810e-01 -1.86155670642426052e-01
3.17000000000000000e+02 -9.54312366662242950e-01 2.34237516833414594e-01 -1.85528144881643819e-01
3.18000000000000000e+02 -9.55192459862631460e-01 2.31121889340632908e-01 -1.84905480960385116e-01
3.19000000000000000e+02 -9.56072893006801316e-01 2.27953133490417764e-01 -1.84287797180131829e-01
3.20000000000000000e+02 -9.56952915679353477e-01 2.24732137422032102e-01 -1.83675212215772321e-01
3.21000000000000000e+02 -9.57831779196067656e-01 2.21459808648519219e-01 -1.83067845116112765e-01
3.22000000000000000e+02 -9.58708737428697888e-01 2.18137073934864062e-01 -1.82465815299764078e-01
3.23000000000000000e+02 -9.59583047627814323e-01 2.14764879160623479e-01 -1.81869242546502052e-01
3.24000000000000000e+02 -9.60453971242656301e-01 2.11344189166733726e-01 -1.81278246984205416e-01
3.25000000000000000e+02 -9.61320774736970640e-01 2.07875987586242927e-01 -1.80692949071496828e-01
3.26000000000000000e+02 -9.62182730399807062e-01 2.04361276658741098e-01 -1.80113469576213631e-01
3.27000000000000000e+02 -9.63039117150236934e-01 2.00801077028300856e-01 -1.79539929549854232e-01
3.28000000000000000e+02 -9.63889221334974899e-01 1.97196427524769929e-01 -1.78972450298151425e-01
3.29000000000000000e+02 -9.64732337517877236e-01 1.93548384928297595e-01 -1.78411153347934948e-01
3.30000000000000000e+02 -9.65567769260305298e-01 1.89858023717008245e-01 -1.77856160410455932e-01
3.31000000000000000e+02 -9.66394829891342400e-01 1.86126435797769080e-01 -1.77307593341351238e-01
3.32000000000000000e+02 -9.67212843266868738e-01 1.82354730220041256e-01 -1.76765574097435374e-01
3.33000000000000000e+02 -9.68021144516500343e-01 1.78544032872832548e-01 -1.76230224690515191e-01
3.34000000000000000e+02 -9.68819080777427732e-01 1.74695486164807401e-01 -1.75701667138425000e-01
3.35000000000000000e+02 -9.69606011914175947e-01 1.70810248687648797e-01 -1.75180023413488539e-01
3.36000000000000000e+02 -9.70381311223356802e-01 1.66889494862797916e-01 -1.74665415388618350e-01
3.37000000000000000e+02 -9.71144366122470348e-01 1.62934414571734215e-01 -1.74157964781263525e-01
3.38000000000000000e+02 -9.71894578821850708e-01 1.58946212769993794e-01 -1.73657793095423507e-01
3.39000000000000000e+02 -9.72631366978869316e-01 1.54926109085157943e-01 -1.73165021561946741e-01
3.40000000000000000e+02 -9.73354164333514738e-01 1.50875337399078574e-01 -1.72679771077330790e-01
3.41000000000000000e+02 -9.74062421324514482e-01 1.46795145414635314e-01 -1.72202162141247200e-01
3.42000000000000000e+02 -9.74755605685169058e-01 1.42686794207364159e-01 -1.71732314793007546e-01
3.43000000000000000e+02 -9.75433203018105432e-01 1.38551557762312760e-01 -1.71270348547190754e-01
3.44000000000000000e+02 -9.76094717348176544e-01 1.34390722496520093e-01 -1.70816382328646765e-01
3.45000000000000000e+02 -9.76739671652769537e-01 1.30205586767550174e-01 -1.70370534407090518e-01
3.46000000000000000e+02 -9.77367608368806207e-01 1.25997460368523134e-01 -1.69932922331495539e-01
3.47000000000000000e+02 -9.77978089875757184e-01 1.21767664010136972e-01 -1.69503662864493976e-01
3.48000000000000000e+02 -9.78570698954017715e-01 1.17517528790182374e-01 -1.69082871916981653e-01
3.49000000000000000e+02 -9.79145039218029312e-01 1.13248395651086714e-01 -1.68670664483124927e-01
3.50000000000000000e+02 -9.79700735523563182e-01 1.08961614826050782e-01 -1.68267154575956701e-01
3.51000000000000000e+02 -9.80237434348613990e-01 1.04658545274355794e-01 -1.67872455163742718e-01
3.52000000000000000e+02 -9.80754804147394355e-01 1.00340554106454358e-01 -1.67486678107293757e-01
3.53000000000000000e+02 -9.81252535676951920e-01 9.60090159994622661e-02 -1.67109934098386287e-01
3.54000000000000000e+02 -9.81730342295968006e-01 9.16653126037079713e-02 -1.66742332599451121e-01
3.55000000000000000e+02 -9.82187960235334945e-01 8.73108319409951206e-02 -1.66383981784674811e-01
3.56000000000000000e+02 -9.82625148840155060e-01 8.29469677952620471e-02 -1.66034988482653884e-01
3.57000000000000000e+02 -9.83041690782826549e-01 7.85751190963398793e-02 -1.65695458120726780e-01
3.58000000000000000e+02 -9.83437392246945041e-01 7.41966892975070014e-02 -1.65365494671101704e-01
3.59000000000000000e+02 -9.83812083081761823e-01 6.98130857475754568e-02 -1.65045200598885361e-01
3.60000000000000000e+02 -9.84165616927011433e-01 6.54257190582300391e-02 -1.64734676812106767e-01
-7.00000000000000000e+01 9.82605194196468901e+00 -6.22326291184842062e-01 2.08839499702638998e+00 -6.22326291184842062e-01 3.94146107701567189e-02 -1.32267071322701435e-01 2.08839499702638998e+00 -1.32267071322701435e-01 4.43860228845157856e-01
-6.97500000000000000e+01 9.87578638726929547e+00 -6.25476188322915072e-01 2.09896538352215423e+00 -6.25476188322915072e-01 3.96141073548611916e-02 -1.32936539534670217e-01 2.09896538352215423e+00 -1.32936539534670217e-01 4.46106822126444369e-01
-6.95000000000000000e+01 9.92533870711113764e+00 -6.28614550669146732e-01 2.10949706170378493e+00 -6.28614550669146732e-01 3.98128733913995711e-02 -1.33603556181990712e-01 2.10949706170378493e+00 -1.33603556181990712e-01 4.48345188476908685e-01
-6.92500000000000000e+01 9.97470272137633707e+00 -6.31740986810243932e-01 2.11998871807131328e+00 -6.31740986810243932e-01 4.00108840898781570e-02 -1.34268038075039231e-01 2.11998871807131328e+00 -1.34268038075039231e-01 4.50575048729823902e-01
-6.90000000000000000e+01 1.00238722200435344e+01 -6.34855103438743740e-01 2.13043903276834090e+00 -6.34855103438743740e-01 4.02081145404373091e-02 -1.34929901621611864e-01 2.13043903276834090e+00 -1.34929901621611864e-01 4.52796122367488785e-01
-6.87500000000000000e+01 1.00728409638890462e+01 -6.37956505397673790e-01 2.14084667973190745e+00 -6.37956505397673790e-01 4.04045397160799694e-02 -1.35589062836416363e-01 2.14084667973190745e+00 -1.35589062836416363e-01 4.55008127553081454e-01
-6.85000000000000000e+01 1.01216026852035430e+01 -6.41044795725942862e-01 2.15121032684481150e+00 -6.41044795725942862e-01 4.06001344755464524e-02 -1.36245437350719256e-01 2.15121032684481150e+00 -1.36245437350719256e-01 4.57210781163032598e-01
-6.82500000000000000e+01 1.01701510885201269e+01 -6.44119575704453329e-01 2.16152863609035606e+00 -6.44119575704453329e-01 4.07948735662349155e-02 -1.36898940422146537e-01 2.16152863609035606e+00 -1.36898940422146537e-01 4.59403798819914444e-01
-6.80000000000000000e+01 1.02184798513538198e+01 -6.47180444902935248e-01 2.17180026370951307e+00 -6.47180444902935248e-01 4.09887316271676030e-02 -1.37549486944637617e-01 2.17180026370951307e+00 -1.37549486944637617e-01 4.61586894925844093e-01
-6.77500000000000000e+01 1.02665826249522887e+01 -6.50227001227494439e-01 2.18202386036048424e+00 -6.50227001227494439e-01 4.11816831920022580e-02 -1.38196991458550911e-01 2.18202386036048424e+00 -1.38196991458550911e-01 4.63759782696396117e-01
-6.75000000000000000e+01 1.03144530350578787e+01 -6.53258840968874099e-01 2.19219807128065636e+00 -6.53258840968874099e-01 4.13737026920887110e-02 -1.38841368160921269e-01 2.19219807128065636e+00 -1.38841368160921269e-01 4.65922174195023742e-01
-6.72500000000000000e+01 1.03620846826807647e+01 -6.56275558851422414e-01 2.20232153645092810e+00 -6.56275558851422414e-01 4.15647644595702609e-02 -1.39482530915867403e-01 2.20232153645092810e+00 -1.39482530915867403e-01 4.68073780367984693e-01
-6.70000000000000000e+01 1.04094711448832182e+01 -6.59276748082763708e-01 2.21239289076239309e+00 -6.59276748082763708e-01 4.17548427305295192e-02 -1.40120393265148802e-01 2.21239289076239309e+00 -1.40120393265148802e-01 4.70214311079767022e-01
-6.67500000000000000e+01 1.04566059755748881e+01 -6.62262000404166162e-01 2.22241076418536654e+00 -6.62262000404166162e-01 4.19439116481784419e-02 -1.40754868438870695e-01 2.22241076418536654e+00 -1.40754868438870695e-01 4.72343475149013647e-01
-6.65000000000000000e+01 1.05034827063189962e+01 -6.65230906141603073e-01 2.23237378194073344e+00 -6.65230906141603073e-01 4.21319452660922356e-02 -1.41385869366336431e-01 2.23237378194073344e+00 -1.41385869366336431e-01 4.74460980384939834e-01
-6.62500000000000000e+01 1.05500948471494347e+01 -6.68183054257501574e-01 2.24228056467360704e+00 -6.68183054257501574e-01 4.23189175514868607e-02 -1.42013308687046008e-01 2.24228056467360704e+00 -1.42013308687046008e-01 4.76566533624242561e-01
-6.60000000000000000e+01 1.05964358873985596e+01 -6.71118032403171583e-01 2.25212972862926986e+00 -6.71118032403171583e-01 4.25048023885395559e-02 -1.42637098761839110e-01 2.25212972862926986e+00 -1.42637098761839110e-01 4.78659840768493883e-01
-6.57500000000000000e+01 1.06424992965357035e+01 -6.74035426971912099e-01 2.26191988583138626e+00 -6.74035426971912099e-01 4.26895735817522798e-02 -1.43257151684182127e-01 2.26191988583138626e+00 -1.43257151684182127e-01 4.80740606822017635e-01
-6.55000000000000000e+01 1.06882785250162726e+01 -6.76934823152787524e-01 2.27164964426246518e+00 -6.76934823152787524e-01 4.28732048593576526e-02 -1.43873379291597658e-01 2.27164964426246518e+00 -1.43873379291597658e-01 4.82808535930244753e-01
-6.52500000000000000e+01 1.07337670051412921e+01 -6.79815804985067329e-01 2.28131760804654693e+00 -6.79815804985067329e-01 4.30556698767667820e-02 -1.44485693177234836e-01 2.28131760804654693e+00 -1.44485693177234836e-01 4.84863331418540489e-01
-6.50000000000000000e+01 1.07789581519273554e+01 -6.82677955413323434e-01 2.29092237763410012e+00 -6.82677955413323434e-01 4.32369422200588743e-02 -1.45094004701579571e-01 2.29092237763410012e+00 -1.45094004701579571e-01 4.86904695831501977e-01
-6.47500000000000000e+01 1.08238453639868499e+01 -6.85520856343178164e-01 2.30046254998909872e+00 -6.85520856343178164e-01 4.34169954095119590e-02 -1.45698225004303017e-01 2.30046254998909872e+00 -1.45698225004303017e-01 4.88932330972718654e-01
-6.45000000000000000e+01 1.08684220244183400e+01 -6.88344088697696921e-01 2.30993671877826312e+00 -6.88344088697696921e-01 4.35958029031745034e-02 -1.46298265016247125e-01 2.30993671877826312e+00 -1.46298265016247125e-01 4.90945937944993471e-01
-6.42500000000000000e+01 1.09126815017070253e+01 -6.91147232474417006e-01 2.31934347456243906e+00 -6.91147232474417006e-01 4.37733381004772812e-02 -1.46894035471545309e-01 2.31934347456243906e+00 -1.46894035471545309e-01 4.92945217191017304e-01
-6.40000000000000000e+01 1.09566171506351289e+01 -6.93929866803007722e-01 2.32868140499009124e+00 -6.93929866803007722e-01 4.39495743458852492e-02 -1.47485446919877305e-01 2.32868140499009124e+00 -1.47485446919877305e-01 4.94929868534493722e-01
-6.37500000000000000e+01 1.10002223132021015e+01 -6.96691570003549754e-01 2.33794909499287584e+00 -6.96691570003549754e-01 4.41244849325885952e-02 -1.48072409738855715e-01 2.33794909499287584e+00 -1.48072409738855715e-01 4.96899591221705239e-01
-6.35000000000000000e+01 1.10434903195545751e+01 -6.99431919645433831e-01 2.34714512698329347e+00 -6.99431919645433831e-01 4.42980431062331009e-02 -1.48654834146544040e-01 2.34714512698329347e+00 -1.48654834146544040e-01 4.98854083963521822e-01
-6.32500000000000000e+01 1.10864144889258398e+01 -7.02150492606861465e-01 2.35626808105436014e+00 -7.02150492606861465e-01 4.44702220686885308e-02 -1.49232630214102935e-01 2.35626808105436014e+00 -1.49232630214102935e-01 5.00793044977838275e-01
-6.30000000000000000e+01 1.11289881305848013e+01 -7.04846865134946876e-01 2.36531653518129747e+00 -7.04846865134946876e-01 4.46409949818551838e-02 -1.49805707878563898e-01 2.36531653518129747e+00 -1.49805707878563898e-01 5.02716172032440456e-01
-6.27500000000000000e+01 1.11712045447942785e+01 -7.07520612906409774e-01 2.37428906542520313e+00 -7.07520612906409774e-01 4.48103349715077842e-02 -1.50373976955728683e-01 2.37428906542520313e+00 -1.50373976955728683e-01 5.04623162488293198e-01
-6.25000000000000000e+01 1.12130570237784362e+01 -7.10171311088847346e-01 2.38318424613866808e+00 -7.10171311088847346e-01 4.49782151311761622e-02 -1.50937347153192014e-01 2.38318424613866808e+00 -1.50937347153192014e-01 5.06513713343241356e-01
-6.22500000000000000e+01 1.12545388526993282e+01 -7.12798534402582562e-01 2.39200065017332575e+00 -7.12798534402582562e-01 4.51446085260623145e-02 -1.51495728083486464e-01 2.39200065017332575e+00 -1.51495728083486464e-01 5.08387521276121190e-01
-6.20000000000000000e+01 1.12956433106422853e+01 -7.15401857183073475e-01 2.40073684908928486e+00 -7.15401857183073475e-01 4.53094881969930904e-02 -1.52049029277346703e-01 2.40073684908928486e+00 -1.52049029277346703e-01 5.10244282691272866e-01
-6.17500000000000000e+01 1.13363636716101155e+01 -7.17980853443879963e-01 2.40939141336643292e+00 -7.17980853443879963e-01 4.54728271644081541e-02 -1.52597160197092407e-01 2.40939141336643292e+00 -1.52597160197092407e-01 5.12083693763450087e-01
-6.15000000000000000e+01 1.13766932055258838e+01 -7.20535096940174369e-01 2.41796291261756124e+00 -7.20535096940174369e-01 4.56345984323823436e-02 -1.53140030250126319e-01 2.41796291261756124e+00 -1.53140030250126319e-01 5.13905450483117199e-01
-6.12500000000000000e+01 1.14166251792441980e+01 -7.23064161232789937e-01 2.42644991580330238e+00 -7.23064161232789937e-01 4.57947749926821898e-02 -1.53677548802547137e-01 2.42644991580330238e+00 -1.53677548802547137e-01 5.15709248702130640e-01
-6.10000000000000000e+01 1.14561528575707392e+01 -7.25567619752792936e-01 2.43485099144881900e+00 -7.25567619752792936e-01 4.59533298288554923e-02 -1.54209625192873234e-01 2.43485099144881900e+00 -1.54209625192873234e-01 5.17494784179793554e-01
-6.07500000000000000e+01 1.14952695042900110e+01 -7.28045045866574037e-01 2.44316470786223361e+00 -7.28045045866574037e-01 4.61102359203538759e-02 -1.54736168745877117e-01 2.44316470786223361e+00 -1.54736168745877117e-01 5.19261752629280426e-01
-6.05000000000000000e+01 1.15339683832010316e+01 -7.30496012941442840e-01 2.45138963335475468e+00 -7.30496012941442840e-01 4.62654662466871897e-02 -1.55257088786526637e-01 2.45138963335475468e+00 -1.55257088786526637e-01 5.21009849764421551e-01
-6.02500000000000000e+01 1.15722427591608845e+01 -7.32920094411721235e-01 2.45952433646246948e+00 -7.32920094411721235e-01 4.64189937916094364e-02 -1.55772294654032112e-01 2.45952433646246948e+00 -1.55772294654032112e-01 5.22738771346841880e-01
-6.00000000000000000e+01 1.16100858991358873e+01 -7.35316863845317692e-01 2.46756738616975202e+00 -7.35316863845317692e-01 4.65707915473352260e-02 -1.56281695715995955e-01 2.46756738616975202e+00 -1.56281695715995955e-01 5.24448213233444149e-01
-5.97500000000000000e+01 1.16474910732603121e+01 -7.37685895010781079e-01 2.47551735213428481e+00 -7.37685895010781079e-01 4.67208325187866078e-02 -1.56785201382663969e-01 2.47551735213428481e+00 -1.56785201382663969e-01 5.26137871424233294e-01
-5.95000000000000000e+01 1.16844515559023545e+01 -7.40026761944812983e-01 2.48337280491361234e+00 -7.40026761944812983e-01 4.68690897278688998e-02 -1.57282721121274172e-01 2.48337280491361234e+00 -1.57282721121274172e-01 5.27807442110468150e-01
-5.92500000000000000e+01 1.17209606267372912e+01 -7.42339039020234903e-01 2.49113231619322795e+00 -7.42339039020234903e-01 4.70155362177753361e-02 -1.57774164470502437e-01 2.49113231619322795e+00 -1.57774164470502437e-01 5.29456621723137566e-01
-5.90000000000000000e+01 1.17570115718275563e+01 -7.44622301014395194e-01 2.49879445901612973e+00 -7.44622301014395194e-01 4.71601450573195941e-02 -1.58259441055001282e-01 2.49879445901612973e+00 -1.58259441055001282e-01 5.31085106981749933e-01
-5.87500000000000000e+01 1.17925976847096372e+01 -7.46876123178006002e-01 2.50635780801382424e+00 -7.46876123178006002e-01 4.73028893452955013e-02 -1.58738460600030357e-01 2.50635780801382424e+00 -1.58738460600030357e-01 5.32692594943429909e-01
-5.85000000000000000e+01 1.18277122674875113e+01 -7.49100081304395427e-01 2.51382093963872366e+00 -7.49100081304395427e-01 4.74437422148631383e-02 -1.59211132946175032e-01 2.51382093963872366e+00 -1.59211132946175032e-01 5.34278783052310691e-01
-5.82500000000000000e+01 1.18623486319325409e+01 -7.51293751799169240e-01 2.52118243239791218e+00 -7.51293751799169240e-01 4.75826768379607259e-02 -1.59677368064152003e-01 2.52118243239791218e+00 -1.59677368064152003e-01 5.35843369189218599e-01
-5.80000000000000000e+01 1.18965001005895168e+01 -7.53456711750260300e-01 2.52844086708822058e+00 -7.53456711750260300e-01 4.77196664297412365e-02 -1.60137076069697515e-01 2.52844086708822058e+00 -1.60137076069697515e-01 5.37386051721634783e-01
-5.77500000000000000e+01 1.19301600078887660e+01 -7.55588538998364534e-01 2.53559482703259187e+00 -7.55588538998364534e-01 4.78546842530333666e-02 -1.60590167238537307e-01 2.53559482703259187e+00 -1.60590167238537307e-01 5.38906529553931368e-01
-5.75000000000000000e+01 1.19633217012640518e+01 -7.57688812207740980e-01 2.54264289831767210e+00 -7.57688812207740980e-01 4.79877036228256240e-02 -1.61036552021434493e-01 2.54264289831767210e+00 -1.61036552021434493e-01 5.40404502177868507e-01
-5.72500000000000000e+01 1.19959785422760898e+01 -7.59757110937370084e-01 2.54958367003260244e+00 -7.59757110937370084e-01 4.81186979107730839e-02 -1.61476141059313100e-01 2.54958367003260244e+00 -1.61476141059313100e-01 5.41879669723346002e-01
-5.70000000000000000e+01 1.20281239077414952e+01 -7.61793015712453836e-01 2.55641573450895976e+00 -7.61793015712453836e-01 4.82476405497258010e-02 -1.61908845198454554e-01 2.55641573450895976e+00 -1.61908845198454554e-01 5.43331733009399964e-01
-5.67500000000000000e+01 1.20597511908669208e+01 -7.63796108096246318e-01 2.56313768756180194e+00 -7.63796108096246318e-01 4.83745050382781497e-02 -1.62334575505764273e-01 2.56313768756180194e+00 -1.62334575505764273e-01 5.44760393595433379e-01
-5.65000000000000000e+01 1.20908538023882013e+01 -7.65765970762200432e-01 2.56974812873177916e+00 -7.65765970762200432e-01 4.84992649453381969e-02 -1.62753243284105481e-01 2.56974812873177916e+00 -1.62753243284105481e-01 5.46165353832673728e-01
-5.62500000000000000e+01 1.21214251717142805e+01 -7.67702187566417282e-01 2.57624566152825896e+00 -7.67702187566417282e-01 4.86218939147162257e-02 -1.63164760087697341e-01 2.57624566152825896e+00 -1.63164760087697341e-01 5.47546316915845543e-01
-5.60000000000000000e+01 1.21514587480757026e+01 -7.69604343620386211e-01 2.58262889367342341e+00 -7.69604343620386211e-01 4.87423656697316549e-02 -1.63569037737574891e-01 2.58262889367342341e+00 -1.63569037737574891e-01 5.48902986935051129e-01
-5.57500000000000000e+01 1.21809480016774909e+01 -7.71472025364000280e-01 2.58889643734729757e+00 -7.71472025364000280e-01 4.88606540178374710e-02 -1.63965988337107460e-01 2.58889643734729757e+00 -1.63965988337107460e-01 5.50235068927846460e-01
-5.55000000000000000e+01 1.22098864248561210e+01 -7.73304820638832990e-01 2.59504690943364746e+00 -7.73304820638832990e-01 4.89767328552611278e-02 -1.64355524287572718e-01 2.59504690943364746e+00 -1.64355524287572718e-01 5.51542268931504931e-01
-5.52500000000000000e+01 1.22382675332404389e+01 -7.75102318761664577e-01 2.60107893176672134e+00 -7.75102318761664577e-01 4.90905761716612932e-02 -1.64737558303783643e-01 2.60107893176672134e+00 -1.64737558303783643e-01 5.52824294035457631e-01
-5.50000000000000000e+01 1.22660848669162501e+01 -7.76864110598240010e-01 2.60699113137876237e+00 -7.76864110598240010e-01 4.92021580547992374e-02 -1.65112003429764759e-01 2.60699113137876237e+00 -1.65112003429764759e-01 5.54080852433900151e-01
-5.47500000000000000e+01 1.22933319915943891e+01 -7.78589788637247593e-01 2.61278214074826920e+00 -7.78589788637247593e-01 4.93114526952242727e-02 -1.65478773054475420e-01 2.61278214074826920e+00 -1.65478773054475420e-01 5.55311653478555822e-01
-5.45000000000000000e+01 1.23200024997819959e+01 -7.80278947064501960e-01 2.61845059804893499e+00 -7.80278947064501960e-01 4.94184343909720158e-02 -1.65837780927576228e-01 2.61845059804893499e+00 -1.65837780927576228e-01 5.56516407731585061e-01
-5.42500000000000000e+01 1.23460900119568286e+01 -7.81931181837317135e-01 2.62399514739923001e+00 -7.81931181837317135e-01 4.95230775522748218e-02 -1.66188941175236249e-01 2.62399514739923001e+00 -1.66188941175236249e-01 5.57694827018630490e-01
-5.40000000000000000e+01 1.23715881777443091e+01 -7.83546090759055125e-01 2.62941443911256867e+00 -7.83546090759055125e-01 4.96253567062832010e-02 -1.66532168315977031e-01 2.62941443911256867e+00 -1.66532168315977031e-01 5.58846624481986964e-01
-5.37500000000000000e+01 1.23964906770971179e+01 -7.85123273553833601e-01 2.63470712994801559e+00 -7.85123273553833601e-01 4.97252465017974238e-02 -1.66867377276550960e-01 2.63470712994801559e+00 -1.66867377276550960e-01 5.59971514633884948e-01
-5.35000000000000000e+01 1.24207912214770833e+01 -7.86662331941380910e-01 2.63987188336147938e+00 -7.86662331941380910e-01 4.98227217140084153e-02 -1.67194483407850591e-01 2.63987188336147938e+00 -1.67194483407850591e-01 5.61069213409879364e-01
-5.32500000000000000e+01 1.24444835550390955e+01 -7.88162869712018210e-01 2.64490736975734020e+00 -7.88162869712018210e-01 4.99177572492466651e-02 -1.67513402500845066e-01 2.64490736975734020e+00 -1.67513402500845066e-01 5.62139438222329146e-01
-5.30000000000000000e+01 1.24675614558168810e+01 -7.89624492801759281e-01 2.64981226674046821e+00 -7.89624492801759281e-01 5.00103281497386518e-02 -1.67824050802541619e-01 2.64981226674046821e+00 -1.67824050802541619e-01 5.63181908013960064e-01
-5.27500000000000000e+01 1.24900187369102795e+01 -7.91046809367506598e-01 2.65458525936856260e+00 -7.91046809367506598e-01 5.01004095983693179e-02 -1.68126345031967467e-01 2.65458525936856260e+00 -1.68126345031967467e-01 5.64196343311496484e-01
-5.25000000000000000e+01 1.25118492476738759e+01 -7.92429429862332113e-01 2.65922504040478103e+00 -7.92429429862332113e-01 5.01879769234499160e-02 -1.68420202396169671e-01 2.65922504040478103e+00 -1.68420202396169671e-01 5.65182466279354534e-01
-5.22500000000000000e+01 1.25330468749066952e+01 -7.93771967110825538e-01 2.66373031057059251e+00 -7.93771967110825538e-01 5.02730056034901840e-02 -1.68705540606229498e-01 2.66373031057059251e+00 -1.68705540606229498e-01 5.66140000773381558e-01
-5.20000000000000000e+01 1.25536055440426857e+01 -7.95074036384493477e-01 2.66809977879879945e+00 -7.95074036384493477e-01 5.03554712719736716e-02 -1.68982277893287486e-01 2.66809977879879945e+00 -1.68982277893287486e-01 5.67068672394633766e-01
-5.17500000000000000e+01 1.25735192203418187e+01 -7.96335255477196191e-01 2.67233216248668715e+00 -7.96335255477196191e-01 5.04353497221354391e-02 -1.69250333024576344e-01 2.67233216248668715e+00 -1.69250333024576344e-01 5.67968208543179087e-01
-5.15000000000000000e+01 1.25927819100814329e+01 -7.97555244780601247e-01 2.67642618774923235e+00 -7.97555244780601247e-01 5.05126169117409360e-02 -1.69509625319457818e-01 2.67642618774923235e+00 -1.69509625319457818e-01 5.68838338471913119e-01
-5.12500000000000000e+01 1.26113876617476972e+01 -7.98733627359643150e-01 2.68038058967232784e+00 -7.98733627359643150e-01 5.05872489678651296e-02 -1.69760074665460586e-01 2.68038058967232784e+00 -1.69760074665460586e-01 5.69678793340379186e-01
-5.10000000000000000e+01 1.26293305672268072e+01 -7.99870029027967999e-01 2.68419411256595897e+00 -7.99870029027967999e-01 5.06592221916707733e-02 -1.70001601534314845e-01 2.68419411256595897e+00 -1.70001601534314845e-01 5.70489306268576968e-01
-5.07500000000000000e+01 1.26466047629957643e+01 -8.00964078423349712e-01 2.68786551021728570e+00 -8.00964078423349712e-01 5.07285130631848075e-02 -1.70234126997981183e-01 2.68786551021728570e+00 -1.70234126997981183e-01 5.71269612390752024e-01
-5.05000000000000000e+01 1.26632044313124048e+01 -8.02015407083060294e-01 2.69139354614356829e+00 -8.02015407083060294e-01 5.07950982460719236e-02 -1.70457572744669467e-01 2.69139354614356829e+00 -1.70457572744669467e-01 5.72019448909151684e-01
-5.02500000000000000e+01 1.26791238014044438e+01 -8.03023649519177263e-01 2.69477699384488156e+00 -8.03023649519177263e-01 5.08589545924040751e-02 -1.70671861094844335e-01 2.69477699384488156e+00 -1.70671861094844335e-01 5.72738555147736306e-01
-5.00000000000000000e+01 1.26943571506572734e+01 -8.03988443293811139e-01 2.69801463705656630e+00 -8.03988443293811139e-01 5.09200591474249925e-02 -1.70876915017213971e-01 2.69801463705656630e+00 -1.70876915017213971e-01 5.73426672605833909e-01
-4.97500000000000000e+01 1.27088988058002474e+01 -8.04909429094239015e-01 2.70110527000135825e+00 -8.04909429094239015e-01 5.09783891543086690e-02 -1.71072658144698547e-01 2.70110527000135825e+00 -1.71072658144698547e-01 5.74083545011726870e-01
-4.95000000000000000e+01 1.27227431440911616e+01 -8.05786250807922100e-01 2.70404769764113162e+00 -8.05786250807922100e-01 5.10339220589106010e-02 -1.71259014790374281e-01 2.70404769764113162e+00 -1.71259014790374281e-01 5.74708918376157341e-01
-4.92500000000000000e+01 1.27358845944987031e+01 -8.06618555597395814e-01 2.70684073592821539e+00 -8.06618555597395814e-01 5.10866355145108558e-02 -1.71435909963390254e-01 2.70684073592821539e+00 -1.71435909963390254e-01 5.75302541045740190e-01
-4.90000000000000000e+01 1.27483176388825772e+01 -8.07405993975012004e-01 2.70948321205621090e+00 -8.07405993975012004e-01 5.11365073865478470e-02 -1.71603269384854012e-01 2.70948321205621090e+00 -1.71603269384854012e-01 5.75864163756271474e-01
-4.87500000000000000e+01 1.27600368131710233e+01 -8.08148219877516172e-01 2.71197396471026009e+00 -8.08148219877516172e-01 5.11835157573416188e-02 -1.71761019503681833e-01 2.71197396471026009e+00 -1.71761019503681833e-01 5.76393539685919443e-01
-4.85000000000000000e+01 1.27710367085355117e+01 -8.08844890740446187e-01 2.71431184431670758e+00 -8.08844890740446187e-01 5.12276389308058411e-02 -1.71909087512411102e-01 2.71431184431670758e+00 -1.71909087512411102e-01 5.76890424508286759e-01
-4.82500000000000000e+01 1.27813119725622517e+01 -8.09495667572328825e-01 2.71649571329209172e+00 -8.09495667572328825e-01 5.12688554371470012e-02 -1.72047401362969948e-01 2.71649571329209172e+00 -1.72047401362969948e-01 5.77354576445330281e-01
-4.80000000000000000e+01 1.27908573104203374e+01 -8.10100215028663695e-01 2.71852444629141710e+00 -8.10100215028663695e-01 5.13071440375501078e-02 -1.72175889782401448e-01 2.71852444629141710e+00 -1.72175889782401448e-01 5.77785756320128185e-01
-4.77500000000000000e+01 1.27996674860262019e+01 -8.10658201485672691e-01 2.72039693045564501e+00 -8.10658201485672691e-01 5.13424837288496069e-02 -1.72294482288538053e-01 2.72039693045564501e+00 -1.72294482288538053e-01 5.78183727609480225e-01
-4.75000000000000000e+01 1.28077373232040959e+01 -8.11169299113799203e-01 2.72211206565833619e+00 -8.11169299113799203e-01 5.13748537481843182e-02 -1.72403109205622906e-01 2.72211206565833619e+00 -1.72403109205622906e-01 5.78548256496329127e-01
-4.72500000000000000e+01 1.28150617068423731e+01 -8.11633183950938752e-01 2.72366876475140218e+00 -8.11633183950938752e-01 5.14042335776355580e-02 -1.72501701679874081e-01 2.72366876475140218e+00 -1.72501701679874081e-01 5.78879111921991152e-01
-4.70000000000000000e+01 1.28216355840452412e+01 -8.12049535975386427e-01 2.72506595380989936e+00 -8.12049535975386427e-01 5.14306029488471317e-02 -1.72590191694988376e-01 2.72506595380989936e+00 -1.72590191694988376e-01 5.79176065638183357e-01
-4.67500000000000000e+01 1.28274539652797444e+01 -8.12418039178479101e-01 2.72630257237579920e+00 -8.12418039178479101e-01 5.14539418476260974e-02 -1.72668512087580661e-01 2.72630257237579920e+00 -1.72668512087580661e-01 5.79438892258835159e-01
-4.65000000000000000e+01 1.28325119255176947e+01 -8.12738381636918694e-01 2.72737757370069378e+00 -8.12738381636918694e-01 5.14742305185233381e-02 -1.72736596562555134e-01 2.72737757370069378e+00 -1.72736596562555134e-01 5.79667369311670511e-01
-4.62500000000000000e+01 1.28368046053722544e+01 -8.13010255584757591e-01 2.72828992498735978e+00 -8.13010255584757591e-01 5.14914494693926861e-02 -1.72794379708404749e-01 2.72828992498735978e+00 -1.72794379708404749e-01 5.79861277289549837e-01
-4.60000000000000000e+01 1.28403272122289014e+01 -8.13233357485027120e-01 2.72903860763013029e+00 -8.13233357485027120e-01 5.15055794759274668e-02 -1.72841797012435072e-01 2.72903860763013029e+00 -1.72841797012435072e-01 5.80020399701557943e-01
-4.57500000000000000e+01 1.28430750213705398e+01 -8.13407388100995665e-01 2.72962261745402213e+00 -8.13407388100995665e-01 5.15166015861735771e-02 -1.72878784875909103e-01 2.72962261745402213e+00 -1.72878784875909103e-01 5.80144523123827027e-01
-4.55000000000000000e+01 1.28450433770964096e+01 -8.13532052567034314e-01 2.73004096495254478e+00 -8.13532052567034314e-01 5.15244971250177208e-02 -1.72905280629108843e-01 2.73004096495254478e+00 -1.72905280629108843e-01 5.80233437250079698e-01
-4.52500000000000000e+01 1.28462276938345550e+01 -8.13607060459073939e-01 2.73029267552414057e+00 -8.13607060459073939e-01 5.15292476986497633e-02 -1.72921222546310011e-01 2.73029267552414057e+00 -1.72921222546310011e-01 5.80286934941881327e-01
-4.50000000000000000e+01 1.28466234572476026e+01 -8.13632125864638844e-01 2.73037678970720110e+00 -8.13632125864638844e-01 5.15308351989982663e-02 -1.72926549860666717e-01 2.73037678970720110e+00 -1.72926549860666717e-01 5.80304812278589988e-01
-4.47500000000000000e+01 1.28462262253314830e+01 -8.13606967452434438e-01 2.73029236341359116e+00 -8.13606967452434438e-01 5.15292418081377476e-02 -1.72921202779001443e-01 2.73029236341359116e+00 -1.72921202779001443e-01 5.80286868606987749e-01
-4.45000000000000000e+01 1.28450316295069502e+01 -8.13531308541476372e-01 2.73003846816062934e+00 -8.13531308541476372e-01 5.15244500026669772e-02 -1.72905122496497504e-01 2.73003846816062934e+00 -1.72905122496497504e-01 5.80232906590586350e-01
-4.42500000000000000e+01 1.28430353757034634e+01 -8.13404877169738749e-01 2.72961419130145710e+00 -8.13404877169738749e-01 5.15164425580567145e-02 -1.72878251211289191e-01 2.72961419130145710e+00 -1.72878251211289191e-01 5.80142732258587812e-01
-4.40000000000000000e+01 1.28402332454353107e+01 -8.13227406162309152e-01 2.72901863625375452e+00 -8.13227406162309152e-01 5.15052025529662838e-02 -1.72840532138947400e-01 2.72901863625375452e+00 -1.72840532138947400e-01 5.80016155054495886e-01
-4.37500000000000000e+01 1.28366210968695817e+01 -8.12998633199027987e-01 2.72825092272672087e+00 -8.12998633199027987e-01 5.14907133735274733e-02 -1.72791909526855275e-01 2.72825092272672087e+00 -1.72791909526855275e-01 5.79852987884357129e-01
-4.35000000000000000e+01 1.28321948658857767e+01 -8.12718300881597799e-01 2.72731018694628080e+00 -8.12718300881597799e-01 5.14729587175948647e-02 -1.72732328668471491e-01 2.72731018694628080e+00 -1.72732328668471491e-01 5.79653047164625734e-01
-4.32500000000000000e+01 1.28269505671267439e+01 -8.12386156800144810e-01 2.72619558187845090e+00 -8.12386156800144810e-01 5.14519225989614123e-02 -1.72661735917476966e-01 2.72619558187845090e+00 -1.72661735917476966e-01 5.79416152869636880e-01
-4.30000000000000000e+01 1.28208842950406918e+01 -8.12001953599212345e-01 2.72490627745079905e+00 -8.12001953599212345e-01 5.14275893515381555e-02 -1.72580078701800921e-01 2.72490627745079905e+00 -1.72580078701800921e-01 5.79142128578674975e-01
-4.27500000000000000e+01 1.28139922249140081e+01 -8.11565449043175291e-01 2.72344146077196125e+00 -8.11565449043175291e-01 5.13999436334971471e-02 -1.72487305537523838e-01 2.72344146077196125e+00 -1.72487305537523838e-01 5.78830801522629002e-01
-4.25000000000000000e+01 1.28062706138945632e+01 -8.11076406081049139e-01 2.72180033634912677e+00 -8.11076406081049139e-01 5.13689704313761361e-02 -1.72383366042651698e-01 2.72180033634912677e+00 -1.72383366042651698e-01 5.78482002630216541e-01
-4.22500000000000000e+01 1.27977158020052890e+01 -8.10534592910685303e-01 2.71998212630346670e+00 -8.10534592910685303e-01 5.13346550641442939e-02 -1.72268210950759865e-01 2.71998212630346670e+00 -1.72268210950759865e-01 5.78095566573769037e-01
-4.20000000000000000e+01 1.27883242131477388e+01 -8.09939783042330053e-01 2.71798607058341979e+00 -8.09939783042330053e-01 5.12969831872277099e-02 -1.72141792124501702e-01 2.71798607058341979e+00 -1.72141792124501702e-01 5.77671331814564426e-01
-4.17500000000000000e+01 1.27780923560953230e+01 -8.09291755361530862e-01 2.71581142717579649e+00 -8.09291755361530862e-01 5.12559407964934891e-02 -1.72004062568978405e-01 2.71581142717579649e+00 -1.72004062568978405e-01 5.77209140647692909e-01
-4.15000000000000000e+01 1.27670168254760039e+01 -8.08590294191374737e-01 2.71345747231463630e+00 -8.08590294191374737e-01 5.12115142321915989e-02 -1.71854976444967000e-01 2.71345747231463630e+00 -1.71854976444967000e-01 5.76708839246447780e-01
-4.12500000000000000e+01 1.27550943027441690e+01 -8.07835189354041083e-01 2.71092350068776611e+00 -8.07835189354041083e-01 5.11636901828532581e-02 -1.71694489082002494e-01 2.71092350068776611e+00 -1.71694489082002494e-01 5.76170277706226086e-01
-4.10000000000000000e+01 1.27423215571413682e+01 -8.07026236231649041e-01 2.70820882564098975e+00 -8.07026236231649041e-01 5.11124556891446938e-02 -1.71522556991310277e-01 2.70820882564098975e+00 -1.71522556991310277e-01 5.75593310087926802e-01
-4.07500000000000000e+01 1.27286954466457285e+01 -8.06163235826388602e-01 2.70531277937987724e+00 -8.06163235826388602e-01 5.10577981476754636e-02 -1.71339137878586012e-01 2.70531277937987724e+00 -1.71339137878586012e-01 5.74977794460838187e-01
-4.05000000000000000e+01 1.27142129189097304e+01 -8.05245994819913324e-01 2.70223471316907426e+00 -8.05245994819913324e-01 5.09997053147600854e-02 -1.71144190656618927e-01 2.70223471316907426e+00 -1.71144190656618927e-01 5.74323592944998129e-01
-4.02500000000000000e+01 1.26988710121860695e+01 -8.04274325631979980e-01 2.69897399752908207e+00 -8.04274325631979980e-01 5.09381653101319137e-02 -1.70937675457754734e-01 2.69897399752908207e+00 -1.70937675457754734e-01 5.73630571753017349e-01
-4.00000000000000000e+01 1.26826668562414042e+01 -8.03248046478319488e-01 2.69553002243046214e+00 -8.03248046478319488e-01 5.08731666206083816e-02 -1.70719553646195427e-01 2.69553002243046214e+00 -1.70719553646195427e-01 5.72898601231354943e-01
-3.97500000000000000e+01 1.26655976732576754e+01 -8.02166981427721359e-01 2.69190219748539850e+00 -8.02166981427721359e-01 5.08046981037063861e-02 -1.70489787830131800e-01 2.69190219748539850e+00 -1.70489787830131800e-01 5.72127555901032481e-01
-3.95000000000000000e+01 1.26476607787207609e+01 -8.01030960458316676e-01 2.68808995213657242e+00 -8.01030960458316676e-01 5.07327489912069371e-02 -1.70248341873705522e-01 2.68808995213657242e+00 -1.70248341873705522e-01 5.71317314497776230e-01
-3.92500000000000000e+01 1.26288535822962160e+01 -7.99839819513041839e-01 2.68409273584328467e+00 -7.99839819513041839e-01 5.06573088926679238e-02 -1.69995180908797394e-01 2.68409273584328467e+00 -1.69995180908797394e-01 5.70467760011575842e-01
-3.90000000000000000e+01 1.26091735886918279e+01 -7.98593400554267974e-01 2.67991001826478392e+00 -7.98593400554267974e-01 5.05783677988840136e-02 -1.69730271346637929e-01 2.67991001826478392e+00 -1.69730271346637929e-01 5.69578779725647411e-01
-3.87500000000000000e+01 1.25886183985067532e+01 -7.97291551617581140e-01 2.67554128944073799e+00 -7.97291551617581140e-01 5.04959160852928024e-02 -1.69453580889237676e-01 2.67554128944073799e+00 -1.69453580889237676e-01 5.68650265254790788e-01
-3.85000000000000000e+01 1.25671857090669779e+01 -7.95934126864694558e-01 2.67098605996879801e+00 -7.95934126864694558e-01 5.04099445153259607e-02 -1.69165078540633007e-01 2.67098605996879801e+00 -1.69165078540633007e-01 5.67682112583128395e-01
-3.82500000000000000e+01 1.25448733152468481e+01 -7.94520986635480653e-01 2.66624386117920764e+00 -7.94520986635480653e-01 5.03204442437046665e-02 -1.68864734617944851e-01 2.66624386117920764e+00 -1.68864734617944851e-01 5.66674222101215763e-01
-3.80000000000000000e+01 1.25216791102764535e+01 -7.93051997499105155e-01 2.66131424530639604e+00 -7.93051997499105155e-01 5.02274068196781262e-02 -1.68552520762246555e-01 2.66131424530639604e+00 -1.68552520762246555e-01 5.65626498642511688e-01
-3.77500000000000000e+01 1.24976010865345568e+01 -7.91527032304247924e-01 2.65619678565751061e+00 -7.91527032304247924e-01 5.01308241902042873e-02 -1.68228409949237517e-01 2.65619678565751061e+00 -1.68228409949237517e-01 5.64538851519197138e-01
-3.75000000000000000e+01 1.24726373363269314e+01 -7.89945970228397631e-01 2.65089107677783620e+00 -7.89945970228397631e-01 5.00306887030718822e-02 -1.67892376499720275e-01 2.65089107677783620e+00 -1.67892376499720275e-01 5.63411194557333572e-01
-3.72500000000000000e+01 1.24467860526497667e+01 -7.88308696826201305e-01 2.64539673461305158e+00 -7.88308696826201305e-01 4.99269931099626321e-02 -1.67544396089876507e-01 2.64539673461305158e+00 -1.67544396089876507e-01 5.62243446131347357e-01
-3.70000000000000000e+01 1.24200455299379655e+01 -7.86615104076858307e-01 2.63971339666826665e+00 -7.86615104076858307e-01 4.98197305694528525e-02 -1.67184445761339895e-01 2.63971339666826665e+00 -1.67184445761339895e-01 5.61035529197832172e-01
-3.67500000000000000e+01 1.23924141647980743e+01 -7.84865090430538759e-01 2.63384072216379828e+00 -7.84865090430538759e-01 4.97088946499534140e-02 -1.66812503931061812e-01 2.63384072216379828e+00 -1.66812503931061812e-01 5.59787371328656080e-01
-3.65000000000000000e+01 1.23638904567256613e+01 -7.83058560853819086e-01 2.62777839218763898e+00 -7.83058560853819086e-01 4.95944793325873087e-02 -1.66428550400968100e-01 2.62777839218763898e+00 -1.66428550400968100e-01 5.58498904743367275e-01
-3.62500000000000000e+01 1.23344730088068477e+01 -7.81195426874112253e-01 2.62152610984455903e+00 -7.81195426874112253e-01 4.94764790140036492e-02 -1.66032566367401963e-01 2.62152610984455903e+00 -1.66032566367401963e-01 5.57170066340883285e-01
-3.60000000000000000e+01 1.23041605284038091e+01 -7.79275606623084260e-01 2.61508360040179788e+00 -7.79275606623084260e-01 4.93548885091273995e-02 -1.65624534430351661e-01 2.61508360040179788e+00 -1.65624534430351661e-01 5.55800797730456320e-01
-3.57500000000000000e+01 1.22729518278240395e+01 -7.77299024879041234e-01 2.60845061143131085e+00 -7.77299024879041234e-01 4.92297030538439151e-02 -1.65204438602459286e-01 2.60845061143131085e+00 -1.65204438602459286e-01 5.54391045261905191e-01
-3.55000000000000000e+01 1.22408458249731069e+01 -7.75265613108271023e-01 2.60162691294850035e+00 -7.75265613108271023e-01 4.91009183076173486e-02 -1.64772264317807365e-01 2.60162691294850035e+00 -1.64772264317807365e-01 5.52940760055101288e-01
-3.52500000000000000e+01 1.22078415439907513e+01 -7.73175309505330310e-01 2.59461229754741174e+00 -7.73175309505330310e-01 4.89685303560421226e-02 -1.64327998440481376e-01 2.59461229754741174e+00 -1.64327998440481376e-01 5.51449898028702368e-01
-3.50000000000000000e+01 1.21739381158700617e+01 -7.71028059032259572e-01 2.58740658053232986e+00 -7.71028059032259572e-01 4.88325357133266719e-02 -1.63871629272904301e-01 2.58740658053232986e+00 -1.63871629272904301e-01 5.49918419928121960e-01
-3.47500000000000000e+01 1.21391347790595461e+01 -7.68823813456715133e-01 2.58000960004574242e+00 -7.68823813456715133e-01 4.86929313247084147e-02 -1.63403146563941115e-01 2.58000960004574242e+00 -1.63403146563941115e-01 5.48346291352725612e-01
-3.45000000000000000e+01 1.21034308800478811e+01 -7.66562531389003543e-01 2.57242121719261974e+00 -7.66562531389003543e-01 4.85497145687993972e-02 -1.62922541516769964e-01 2.57242121719261974e+00 -1.62922541516769964e-01 5.46733482782245650e-01
-3.42500000000000000e+01 1.20668258739311618e+01 -7.64244178318008061e-01 2.56464131616097646e+00 -7.64244178318008061e-01 4.84028832598615774e-02 -1.62429806796517723e-01 2.56464131616097646e+00 -1.62429806796517723e-01 5.45079969602404235e-01
-3.40000000000000000e+01 1.20293193249624064e+01 -7.61868726645990813e-01 2.55666980433865909e+00 -7.61868726645990813e-01 4.82524356500110899e-02 -1.61924936537656994e-01 2.55666980433865909e+00 -1.61924936537656994e-01 5.43385732129735732e-01
-3.37500000000000000e+01 1.19909109070831725e+01 -7.59436155722262973e-01 2.54850661242633780e+00 -7.59436155722262973e-01 4.80983704313506580e-02 -1.61407926351161968e-01 2.54850661242633780e+00 -1.61407926351161968e-01 5.41650755635600833e-01
-3.35000000000000000e+01 1.19516004044370607e+01 -7.56946451875707194e-01 2.54015169454664314e+00 -7.56946451875707194e-01 4.79406867380293769e-02 -1.60878773331420755e-01 2.54015169454664314e+00 -1.60878773331420755e-01 5.39875030369382336e-01
-3.32500000000000000e+01 1.19113877118649398e+01 -7.54399608446141512e-01 2.53160502834941692e+00 -7.54399608446141512e-01 4.77793841482291870e-02 -1.60337476062901413e-01 2.53160502834941692e+00 -1.60337476062901413e-01 5.38058551580855582e-01
-3.30000000000000000e+01 1.18702728353816767e+01 -7.51795625814513313e-01 2.52286661511303878e+00 -7.51795625814513313e-01 4.76144626860771289e-02 -1.59784034626569205e-01 2.52286661511303878e+00 -1.59784034626569205e-01 5.36201319541722565e-01
-3.27500000000000000e+01 1.18282558926342247e+01 -7.49134511431912342e-01 2.51393647984178381e+00 -7.49134511431912342e-01 4.74459228234828737e-02 -1.59218450606052858e-01 2.51393647984178381e+00 -1.59218450606052858e-01 5.34303339566305491e-01
-3.25000000000000000e+01 1.17853371133408924e+01 -7.46416279847390451e-01 2.50481467135918434e+00 -7.46416279847390451e-01 4.72737654819007022e-02 -1.58640727093557421e-01 2.50481467135918434e+00 -1.58640727093557421e-01 5.32364622031388346e-01
-3.22500000000000000e+01 1.17415168397115970e+01 -7.43640952734579419e-01 2.49550126239734960e+00 -7.43640952734579419e-01 4.70979920340152750e-02 -1.58050868695521374e-01 2.49550126239734960e+00 -1.58050868695521374e-01 5.30385182395201382e-01
-3.20000000000000000e+01 1.16967955268489394e+01 -7.40808558917091631e-01 2.48599634968220728e+00 -7.40808558917091631e-01 4.69186043053504004e-02 -1.57448881538015312e-01 2.48599634968220728e+00 -1.57448881538015312e-01 5.28365041215537956e-01
-3.17500000000000000e+01 1.16511737431299593e+01 -7.37919134392698850e-01 2.47630005401464270e+00 -7.37919134392698850e-01 4.67356045758003935e-02 -1.56834773271880862e-01 2.47630005401464270e+00 -1.56834773271880862e-01 5.26304224166998846e-01
-3.15000000000000000e+01 1.16046521705683965e+01 -7.34972722356275754e-01 2.46641252034749003e+00 -7.34972722356275754e-01 4.65489955810831427e-02 -1.56208553077606782e-01 2.46641252034749003e+00 -1.56208553077606782e-01 5.24202762057357052e-01
-3.12500000000000000e+01 1.15572316051572912e+01 -7.31969373221497910e-01 2.45633391785834876e+00 -7.31969373221497910e-01 4.63587805141143644e-02 -1.55570231669940828e-01 2.45633391785834876e+00 -1.55570231669940828e-01 5.22060690843032527e-01
-3.10000000000000000e+01 1.15089129571917788e+01 -7.28909144641286311e-01 2.44606444001819012e+00 -7.28909144641286311e-01 4.61649630263024566e-02 -1.54919821302234889e-01 2.44606444001819012e+00 -1.54919821302234889e-01 5.19878051643674399e-01
-3.07500000000000000e+01 1.14596972515719457e+01 -7.25792101526988365e-01 2.43560430465572297e+00 -7.25792101526988365e-01 4.59675472287632836e-02 -1.54257335770521531e-01 2.43560430465572297e+00 -1.54257335770521531e-01 5.17654890755841035e-01
-3.05000000000000000e+01 1.14095856280855994e+01 -7.22618316066286459e-01 2.42495375401749502e+00 -7.22618316066286459e-01 4.57665376934544288e-02 -1.53582790417320425e-01 2.42495375401749502e+00 -1.53582790417320425e-01 5.15391259665773260e-01
-3.02500000000000000e+01 1.13585793416707777e+01 -7.19387867739824549e-01 2.41411305482368332e+00 -7.19387867739824549e-01 4.55619394542282063e-02 -1.52896202135171938e-01 2.41411305482368332e+00 -1.52896202135171938e-01 5.13087215061252544e-01
-3.00000000000000000e+01 1.13066797626579234e+01 -7.16100843336545667e-01 2.40308249831956733e+00 -7.16100843336545667e-01 4.53537580078030855e-02 -1.52197589369896996e-01 2.40308249831956733e+00 -1.52197589369896996e-01 5.10742818842540247e-01
-2.97500000000000000e+01 1.12538883769915490e+01 -7.12757336967730915e-01 2.39186240032263919e+00 -7.12757336967730915e-01 4.51419993146527851e-02 -1.51486972123580810e-01 2.39186240032263919e+00 -1.51486972123580810e-01 5.08358138132390724e-01
-2.95000000000000000e+01 1.12002067864312824e+01 -7.09357450079732832e-01 2.38045310126533494e+00 -7.09357450079732832e-01 4.49266697998127948e-02 -1.50764371957279320e-01 2.38045310126533494e+00 -1.50764371957279320e-01 5.05933245285133060e-01
-2.92500000000000000e+01 1.11456367087321695e+01 -7.05901291465394487e-01 2.36885496623335401e+00 -7.05901291465394487e-01 4.47077763536035469e-02 -1.50029811993446005e-01 2.36885496623335401e+00 -1.50029811993446005e-01 5.03468217894815551e-01
-2.90000000000000000e+01 1.10901799778041354e+01 -7.02388977274148729e-01 2.35706838499954952e+00 -7.02388977274148729e-01 4.44853263322700782e-02 -1.49283316918078474e-01 2.35706838499954952e+00 -1.49283316918078474e-01 5.00963138802408392e-01
-2.87500000000000000e+01 1.10338385438504556e+01 -6.98820631020788841e-01 2.34509377205336245e+00 -6.98820631020788841e-01 4.42593275585374812e-02 -1.48524912982582413e-01 2.34509377205336245e+00 -1.48524912982582413e-01 4.98418096102059671e-01
-2.85000000000000000e+01 1.09766144734851760e+01 -6.95196383592904477e-01 2.33293156662577328e+00 -6.95196383592904477e-01 4.40297883220818961e-02 -1.47754628005352134e-01 2.33293156662577328e+00 -1.47754628005352134e-01 4.95833183146398515e-01
-2.82500000000000000e+01 1.09185099498293496e+01 -6.91516373256976791e-01 2.32058223270975850e+00 -6.91516373256976791e-01 4.37967173799165069e-02 -1.46972491373066033e-01 2.32058223270975850e+00 -1.46972491373066033e-01 4.93208498550882612e-01
-2.80000000000000000e+01 1.08595272725859981e+01 -6.87780745663126636e-01 2.30804625907622096e+00 -6.87780745663126636e-01 4.35601239566922732e-02 -1.46178534041695507e-01 2.30804625907622096e+00 -1.46178534041695507e-01 4.90544146197184394e-01
-2.77500000000000000e+01 1.07996688580937032e+01 -6.83989653848508516e-01 2.29532415928538258e+00 -6.83989653848508516e-01 4.33200177449129045e-02 -1.45372788537226599e-01 2.29532415928538258e+00 -1.45372788537226599e-01 4.87840235235612041e-01
-2.75000000000000000e+01 1.07389372393587941e+01 -6.80143258239348847e-01 2.28241647169362105e+00 -6.80143258239348847e-01 4.30764089050639024e-02 -1.44555288956092959e-01 2.28241647169362105e+00 -1.44555288956092959e-01 4.85096880086562821e-01
-2.72500000000000000e+01 1.06773350660659290e+01 -6.76241726651616415e-01 2.26932375945572407e+00 -6.76241726651616415e-01 4.28293080656551028e-02 -1.43726070965318586e-01 2.26932375945572407e+00 -1.43726070965318586e-01 4.82314200441001872e-01
-2.70000000000000000e+01 1.06148651045671514e+01 -6.72285234290329270e-01 2.25604661052255917e+00 -6.72285234290329270e-01 4.25787263231766772e-02 -1.42885171802370203e-01 2.25604661052255917e+00 -1.42885171802370203e-01 4.79492321259967158e-01
-2.67500000000000000e+01 1.05515302378491924e+01 -6.68273963747483601e-01 2.24258563763412644e+00 -6.68273963747483601e-01 4.23246752419680627e-02 -1.42032630274717436e-01 2.24258563763412644e+00 -1.42032630274717436e-01 4.76631372773092921e-01
-2.65000000000000000e+01 1.04873334654790877e+01 -6.64208104998610049e-01 2.22894147830799927e+00 -6.64208104998610049e-01 4.20671668539997767e-02 -1.41168486759100514e-01 2.22894147830799927e+00 -1.41168486759100514e-01 4.73731490476153150e-01
-2.62500000000000000e+01 1.04222779035279629e+01 -6.60087855397945455e-01 2.21511479482312623e+00 -6.60087855397945455e-01 4.18062136585676813e-02 -1.40292783200504506e-01 2.21511479482312623e+00 -1.40292783200504506e-01 4.70792815127618058e-01
-2.60000000000000000e+01 1.03563667844729519e+01 -6.55913419672222386e-01 2.20110627419898508e+00 -6.55913419672222386e-01 4.15418286218996111e-02 -1.39405563110838959e-01 2.20110627419898508e+00 -1.39405563110838959e-01 4.67815492744224681e-01
-2.57500000000000000e+01 1.02896034570772059e+01 -6.51685009913068658e-01 2.18691662817008003e+00 -6.51685009913068658e-01 4.12740251766740007e-02 -1.38506871567322803e-01 2.18691662817008003e+00 -1.38506871567322803e-01 4.64799674595555767e-01
-2.55000000000000000e+01 1.02219913862479554e+01 -6.47402845568018415e-01 2.17254659315577614e+00 -6.47402845568018415e-01 4.10028172214506048e-02 -1.37596755210573740e-01 2.17254659315577614e+00 -1.37596755210573740e-01 4.61745517197628852e-01
-2.52500000000000000e+01 1.01535341528725720e+01 -6.43067153430128102e-01 2.15799693022545469e+00 -6.43067153430128102e-01 4.07282191200128221e-02 -1.36675262242401396e-01 2.15799693022545469e+00 -1.36675262242401396e-01 4.58653182305490181e-01
-2.50000000000000000e+01 1.00842354536325765e+01 -6.38678167626198223e-01 2.14326842505898307e+00 -6.38678167626198223e-01 4.04502457006217092e-02 -1.35742442423303800e-01 2.14326842505898307e+00 -1.35742442423303800e-01 4.55522836904813766e-01
-2.47500000000000000e+01 1.00140991007956099e+01 -6.34236129603597099e-01 2.12836188790250302e+00 -6.34236129603597099e-01 4.01689122551815020e-02 -1.34798347069667174e-01 2.12836188790250302e+00 -1.34798347069667174e-01 4.52354653202504120e-01
-2.45000000000000000e+01 9.94312902198529969e+00 -6.29741288115685638e-01 2.11327815351951731e+00 -6.29741288115685638e-01 3.98842345383164723e-02 -1.33843029050667972e-01 2.11327815351951731e+00 -1.33843029050667972e-01 4.49148808616300521e-01
-2.42500000000000000e+01 9.87132925992903232e+00 -6.25193899205842674e-01 2.09801808113728105e+00 -6.25193899205842674e-01 3.95962287663592163e-02 -1.32876542784877844e-01 2.09801808113728105e+00 -1.32876542784877844e-01 4.45905485763383624e-01
-2.40000000000000000e+01 9.79870397218359912e+00 -6.20594226190089082e-01 2.08258255438849371e+00 -6.20594226190089082e-01 3.93049116162501322e-02 -1.31898944236570503e-01 2.08258255438849371e+00 -1.31898944236570503e-01 4.42624872447982320e-01
-2.37500000000000000e+01 9.72525743083871319e+00 -6.15942539638310360e-01 2.06697248124828592e+00 -6.15942539638310360e-01 3.90103002243482044e-02 -1.30910290911730953e-01 2.06697248124828592e+00 -1.30910290911730953e-01 4.39307161647981448e-01
-2.35000000000000000e+01 9.65099402219840030e+00 -6.11239117354077099e-01 2.05118879396649989e+00 -6.11239117354077099e-01 3.87124121851529085e-02 -1.29910641853766440e-01 2.05118879396649989e+00 -1.29910641853766440e-01 4.35952551500528862e-01
-2.32500000000000000e+01 9.57591824644026879e+00 -6.06484244353065693e-01 2.03523244899527578e+00 -6.06484244353065693e-01 3.84112655499375122e-02 -1.28900057638920290e-01 2.03523244899527578e+00 -1.28900057638920290e-01 4.32561245286644858e-01
-2.30000000000000000e+01 9.50003471725264959e+00 -6.01678212840076831e-01 2.01910442691192804e+00 -6.01678212840076831e-01 3.81068788252935803e-02 -1.27878600371387235e-01 2.01910442691192804e+00 -1.27878600371387235e-01 4.29133451414830613e-01
-2.27500000000000000e+01 9.42334816144963128e+00 -5.96821322184653669e-01 2.00280573233712733e+00 -5.96821322184653669e-01 3.77992709715867237e-02 -1.26846333678131584e-01 2.00280573233712733e+00 -1.26846333678131584e-01 4.25669383403678991e-01
-2.25000000000000000e+01 9.34586341856402747e+00 -5.91913878895302670e-01 1.98633739384839192e+00 -5.91913878895302670e-01 3.74884614013239470e-02 -1.25803322703408188e-01 1.98633739384839192e+00 -1.25803322703408188e-01 4.22169259863487745e-01
-2.22500000000000000e+01 9.26758544041825871e+00 -5.86956196592316237e-01 1.96970046388888309e+00 -5.86956196592316237e-01 3.71744699774323520e-02 -1.24749634102986146e-01 1.96970046388888309e+00 -1.24749634102986146e-01 4.18633304476875967e-01
-2.20000000000000000e+01 9.18851929067323603e+00 -5.81948595979200900e-01 1.95289601867152629e+00 -5.81948595979200900e-01 3.68573170114495641e-02 -1.23685336038076313e-01 1.95289601867152629e+00 -1.23685336038076313e-01 4.15061745978406005e-01
-2.17500000000000000e+01 9.10867014435520339e+00 -5.76891404812710618e-01 1.93592515807845000e+00 -5.76891404812710618e-01 3.65370232616258339e-02 -1.22610498168962384e-01 1.93592515807845000e+00 -1.22610498168962384e-01 4.11454818133210165e-01
-2.15000000000000000e+01 9.02804328736068662e+00 -5.71784957871493416e-01 1.91878900555576748e+00 -5.71784957871493416e-01 3.62136099309382578e-02 -1.21525191648336903e-01 1.91878900555576748e+00 -1.21525191648336903e-01 4.07812759714628659e-01
-2.12500000000000000e+01 8.94664411593948294e+00 -5.66629596923345469e-01 1.90148870800369219e+00 -5.66629596923345469e-01 3.58870986650168880e-02 -1.20429489114341912e-01 1.90148870800369219e+00 -1.20429489114341912e-01 4.04135814480854727e-01
-2.10000000000000000e+01 8.86447813615583868e+00 -5.61425670691087064e-01 1.88402543566202119e+00 -5.61425670691087064e-01 3.55575115499834477e-02 -1.19323464683315963e-01 1.88402543566202119e+00 -1.19323464683315963e-01 4.00424231150595777e-01
-2.07500000000000000e+01 8.78155096332780616e+00 -5.56173534817053117e-01 1.86640038199097602e+00 -5.56173534817053117e-01 3.52248711102024145e-02 -1.18207193942247379e-01 1.86640038199097602e+00 -1.18207193942247379e-01 3.96678263377747586e-01
-2.05000000000000000e+01 8.69786832144489175e+00 -5.50873551826211116e-01 1.84861476354743193e+00 -5.50873551826211116e-01 3.48892003059450909e-02 -1.17080753940935270e-01 1.84861476354743193e+00 -1.17080753940935270e-01 3.92898169725088620e-01
-2.02500000000000000e+01 8.61343604256400042e+00 -5.45526091087903287e-01 1.83066981985653432e+00 -5.45526091087903287e-01 3.45505225309666042e-02 -1.15944223183858469e-01 1.83066981985653432e+00 -1.15944223183858469e-01 3.89084213636993970e-01
-2.00000000000000000e+01 8.52826006618385968e+00 -5.40131528776226499e-01 1.81256681327874114e+00 -5.40131528776226499e-01 3.42088616099965465e-02 -1.14797681621754716e-01 1.81256681327874114e+00 -1.14797681621754716e-01 3.85236663411176627e-01
-1.97500000000000000e+01 8.44234643859787504e+00 -5.34690247829045728e-01 1.79430702887228066e+00 -5.34690247829045728e-01 3.38642417961431338e-02 -1.13641210642909551e-01 1.79430702887228066e+00 -1.13641210642909551e-01 3.81355792169455088e-01
-1.95000000000000000e+01 8.35570131222560342e+00 -5.29202637905653028e-01 1.77589177425106493e+00 -5.29202637905653028e-01 3.35166877682116227e-02 -1.12474893064157339e-01 1.77589177425106493e+00 -1.12474893064157339e-01 3.77441877827554673e-01
-1.92500000000000000e+01 8.26833094492287124e+00 -5.23669095343074709e-01 1.75732237943806546e+00 -5.23669095343074709e-01 3.31662246279369674e-02 -1.11298813121594925e-01 1.75732237943806546e+00 -1.11298813121594925e-01 3.73495203063944403e-01
-1.90000000000000000e+01 8.18024169927068101e+00 -5.18090023111034692e-01 1.73860019671417887e+00 -5.18090023111034692e-01 3.28128778971315122e-02 -1.10113056461009690e-01 1.73860019671417887e+00 -1.10113056461009690e-01 3.69516055287715472e-01
-1.87500000000000000e+01 8.09144004184297927e+00 -5.12465830765578834e-01 1.71972660046260173e+00 -5.12465830765578834e-01 3.24566735147478122e-02 -1.08917710128023010e-01 1.71972660046260173e+00 -1.08917710128023010e-01 3.65504726605505315e-01
-1.85000000000000000e+01 8.00193254245339425e+00 -5.06796934401368193e-01 1.70070298700873535e+00 -5.06796934401368193e-01 3.20976378338571275e-02 -1.07712862557950872e-01 1.70070298700873535e+00 -1.07712862557950872e-01 3.61461513787471433e-01
-1.82500000000000000e+01 7.91172587338107824e+00 -5.01083756602647035e-01 1.68153077445564625e+00 -5.01083756602647035e-01 3.17357976185440871e-02 -1.06498603565382821e-01 1.68153077445564625e+00 -1.06498603565382821e-01 3.57386718232320710e-01
-1.80000000000000000e+01 7.82082680857575507e+00 -4.95326726392896655e-01 1.66221140251511290e+00 -4.95326726392896655e-01 3.13711800407179345e-02 -1.05275024333481404e-01 1.66221140251511290e+00 -1.05275024333481404e-01 3.53280645931400794e-01
-1.77500000000000000e+01 7.72924222284208984e+00 -4.89526279183176705e-01 1.64274633233427303e+00 -4.89526279183176705e-01 3.10038126768408945e-02 -1.04042217403002998e-01 1.64274633233427303e+00 -1.04042217403002998e-01 3.49143607431856129e-01
-1.75000000000000000e+01 7.63697909100353645e+00 -4.83682856719168830e-01 1.62313704631791045e+00 -4.83682856719168830e-01 3.06337235045740994e-02 -1.02800276661042536e-01 1.62313704631791045e+00 -1.02800276661042536e-01 3.44975917798857612e-01
-1.72500000000000000e+01 7.54404448704577923e+00 -4.77796907026926565e-01 1.60338504794640557e+00 -4.77796907026926565e-01 3.02609408993417817e-02 -1.01549297329503407e-01 1.60338504794640557e+00 -1.01549297329503407e-01 3.40777896576910266e-01
-1.70000000000000000e+01 7.45044558323989836e+00 -4.71868884357342200e-01 1.58349186158937605e+00 -4.71868884357342200e-01 2.98854936308140633e-02 -1.00289375953294638e-01 1.58349186158937605e+00 -1.00289375953294638e-01 3.36549867750245313e-01
-1.67500000000000000e+01 7.35618964924545260e+00 -4.65899249129340498e-01 1.56345903231504879e+00 -4.65899249129340498e-01 2.95074108593092119e-02 -9.90206103882574906e-02 1.56345903231504879e+00 -9.90206103882574906e-02 3.32292159702304357e-01
-1.65000000000000000e+01 7.26128405119355236e+00 -4.59888467871806317e-01 1.54328812569537988e+00 -4.59888467871806317e-01 2.91267221321156247e-02 -9.77430997888229375e-02 1.54328812569537988e+00 -9.77430997888229375e-02 3.28005105174320633e-01
-1.62500000000000000e+01 7.16573625075015652e+00 -4.53837013164258896e-01 1.52298072760697067e+00 -4.53837013164258896e-01 2.87434573797345112e-02 -9.64569445954028132e-02 1.52298072760697067e+00 -9.64569445954028132e-02 3.23689041223006180e-01
-1.60000000000000000e+01 7.06955380415970858e+00 -4.47745363576281141e-01 1.50253844402780556e+00 -4.47745363576281141e-01 2.83576469120436700e-02 -9.51622465215162805e-02 1.50253844402780556e+00 -9.51622465215162805e-02 3.19344309177351293e-01
-1.57500000000000000e+01 6.97274436126928965e+00 -4.41614003605715011e-01 1.48196290082984850e+00 -4.41614003605715011e-01 2.79693214143831477e-02 -9.38591085406541709e-02 1.48196290082984850e+00 -9.38591085406541709e-02 3.14971254594543726e-01
-1.55000000000000000e+01 6.87531566453346699e+00 -4.35443423615634706e-01 1.46125574356753796e+00 -4.35443423615634706e-01 2.75785119435634496e-02 -9.25476348728833526e-02 1.46125574356753796e+00 -9.25476348728833526e-02 3.10570227215016093e-01
-1.52500000000000000e+01 6.77727554799999954e+00 -4.29234119770106337e-01 1.44041863726221164e+00 -4.29234119770106337e-01 2.71852499237969641e-02 -9.12279309711934855e-02 1.44041863726221164e+00 -9.12279309711934855e-02 3.06141580916628020e-01
-1.50000000000000000e+01 6.67863193627660490e+00 -4.22986593968749436e-01 1.41945326618250611e+00 -4.22986593968749436e-01 2.67895671425534242e-02 -8.99001035075887855e-02 1.41945326618250611e+00 -8.99001035075887855e-02 3.01685673667993592e-01
-1.47500000000000000e+01 6.57939284347894482e+00 -4.16701353780107864e-01 1.39836133362076631e+00 -4.16701353780107864e-01 2.63914957463400289e-02 -8.85642603589270050e-02 1.39836133362076631e+00 -8.85642603589270050e-02 2.97202867480959754e-01
-1.45000000000000000e+01 6.47956637216005582e+00 -4.10378912373846272e-01 1.37714456166551025e+00 -4.10378912373846272e-01 2.59910682364071326e-02 -8.72205105925086960e-02 1.37714456166551025e+00 -8.72205105925086960e-02 2.92693528362246769e-01
-1.42500000000000000e+01 6.37916071222138470e+00 -4.04019788451781436e-01 1.35580469096998368e+00 -4.04019788451781436e-01 2.55883174643801552e-02 -8.58689644514188249e-02 1.35580469096998368e+00 -8.58689644514188249e-02 2.88158026264258016e-01
-1.40000000000000000e+01 6.27818413980566969e+00 -3.97624506177763182e-01 1.33434348051685747e+00 -3.97624506177763182e-01 2.51832766278186730e-02 -8.45097333396239020e-02 1.33434348051685747e+00 -8.45097333396239020e-02 2.83596735035068992e-01
-1.37500000000000000e+01 6.17664501617183159e+00 -3.91193595106416769e-01 1.31276270737910128e+00 -3.91193595106416769e-01 2.47759792657033344e-02 -8.31429298068271788e-02 1.31276270737910128e+00 -8.31429298068271788e-02 2.79010032367604743e-01
-1.35000000000000000e+01 6.07455178655213412e+00 -3.84727590110761797e-01 1.29106416647708633e+00 -3.84727590110761797e-01 2.43664592538516515e-02 -8.17686675330849544e-02 1.29106416647708633e+00 -8.17686675330849544e-02 2.74398299748015106e-01
-1.32500000000000000e+01 5.97191297899176643e+00 -3.78227031308717987e-01 1.26924967033195735e+00 -3.78227031308717987e-01 2.39547508002633212e-02 -8.03870613131864586e-02 1.26924967033195735e+00 -8.03870613131864586e-02 2.69761922403257304e-01
-1.30000000000000000e+01 5.86873720317115399e+00 -3.71692463988516908e-01 1.24732104881532813e+00 -3.71692463988516908e-01 2.35408884403962015e-02 -7.89982270408010334e-02 1.24732104881532813e+00 -7.89982270408010334e-02 2.65101289247896943e-01
-1.27500000000000000e+01 5.76503314921113130e+00 -3.65124438533028672e-01 1.22528014889533798e+00 -3.65124438533028672e-01 2.31249070323736039e-02 -7.76022816923947895e-02 1.22528014889533798e+00 -7.76022816923947895e-02 2.60416792830135968e-01
-1.25000000000000000e+01 5.66080958646127819e+00 -3.58523510343021823e-01 1.20312883437912999e+00 -3.58523510343021823e-01 2.27068417521240212e-02 -7.61993433109206530e-02 1.20312883437912999e+00 -7.61993433109206530e-02 2.55708829277079774e-01
-1.22500000000000000e+01 5.55607536227161347e+00 -3.51890239759369339e-01 1.18086898565178822e+00 -3.51890239759369339e-01 2.22867280884540761e-02 -7.47895309892841476e-02 1.18086898565178822e+00 -7.47895309892841476e-02 2.50977798239251815e-01
-1.20000000000000000e+01 5.45083940074790263e+00 -3.45225191984217139e-01 1.15850249941179828e+00 -3.45225191984217139e-01 2.18646018380557992e-02 -7.33729648535888929e-02 1.15850249941179828e+00 -7.33729648535888929e-02 2.46224102834369268e-01
-1.17500000000000000e+01 5.34511070149082013e+00 -3.38528937001129626e-01 1.13603128840307144e+00 -3.38528937001129626e-01 2.14404991004490987e-02 -7.19497660461646260e-02 1.13603128840307144e+00 -7.19497660461646260e-02 2.41448149590388517e-01
-1.15000000000000000e+01 5.23889833831920448e+00 -3.31802049494227980e-01 1.11345728114359011e+00 -3.31802049494227980e-01 2.10144562728604330e-02 -7.05200567083811153e-02 1.11345728114359011e+00 -7.05200567083811153e-02 2.36650348387832304e-01
-1.12500000000000000e+01 5.13221145797768497e+00 -3.25045108766338464e-01 1.09078242165073114e+00 -3.25045108766338464e-01 2.05865100450387910e-02 -6.90839599632516732e-02 1.09078242165073114e+00 -6.90839599632516732e-02 2.31831112401410799e-01
-1.10000000000000000e+01 5.02505927882888948e+00 -3.18258698656164463e-01 1.06800866916331261e+00 -3.18258698656164463e-01 2.01566973940098537e-02 -6.76415998978292243e-02 1.06800866916331261e+00 -6.76415998978292243e-02 2.26990858040946653e-01
-1.07500000000000000e+01 4.91745108953055521e+00 -3.11443407454502219e-01 1.04513799786043182e+00 -3.11443407454502219e-01 1.97250555787695479e-02 -6.61931015453990218e-02 1.04513799786043182e+00 -6.61931015453990218e-02 2.22130004891617439e-01
-1.05000000000000000e+01 4.80939624769774632e+00 -3.04599827819512892e-01 1.02217239657713588e+00 -3.04599827819512892e-01 1.92916221349178907e-02 -6.47385908674709548e-02 1.02217239657713588e+00 -6.47385908674709548e-02 2.17248975653525661e-01
-1.02500000000000000e+01 4.70090417855049836e+00 -2.97728556691072621e-01 9.99113868516999237e-01 -2.97728556691072621e-01 1.88564348692343876e-02 -6.32781947355757629e-02 9.99113868516999237e-01 -6.32781947355757629e-02 2.12348196080610702e-01
-1.00000000000000000e+01 4.59198437354711864e+00 -2.90830195204213215e-01 9.75964430961648088e-01 -2.90830195204213215e-01 1.84195318541958558e-02 -6.18120409128679812e-02 9.75964430961648088e-01 -6.18120409128679812e-02 2.07428094918912204e-01
-9.75000000000000000e+00 4.48264638900345691e+00 -2.83905348601674545e-01 9.52726114977306082e-01 -2.83905348601674545e-01 1.79809514224380136e-02 -6.03402580355402035e-02 9.52726114977306082e-01 -6.03402580355402035e-02 2.02489103844200408e-01
-9.50000000000000000e+00 4.37289984469839688e+00 -2.76954626145584526e-01 9.29400965118410194e-01 -2.76954626145584526e-01 1.75407321611617713e-02 -5.88629755940518126e-02 9.29400965118410194e-01 -5.88629755940518126e-02 1.97531657398983540e-01
-9.25000000000000000e+00 4.26275442246588199e+00 -2.69978641028285837e-01 9.05991039128363984e-01 -2.69978641028285837e-01 1.70989129064855021e-02 -5.73803239141763913e-02 9.05991039128363984e-01 -5.73803239141763913e-02 1.92556192928907133e-01
-9.00000000000000000e+00 4.15221986477372251e+00 -2.62978010282325758e-01 8.82498407637483107e-01 -2.62978010282325758e-01 1.66555327377443212e-02 -5.58924341378712886e-02 8.82498407637483107e-01 -5.58924341378712886e-02 1.87563150518556265e-01
-8.75000000000000000e+00 4.04130597328953023e+00 -2.55953354689630597e-01 8.58925153858203561e-01 -2.55953354689630597e-01 1.62106309717377044e-02 -5.43994382039738739e-02 8.58925153858203561e-01 -5.43994382039738739e-02 1.82552972926676244e-01
-8.50000000000000000e+00 3.93002260743401655e+00 -2.48905298689879761e-01 8.35273373277605202e-01 -2.48905298689879761e-01 1.57642471569264218e-02 -5.29014688287276907e-02 8.35273373277605202e-01 -5.29014688287276907e-02 1.77526105520822569e-01
-8.25000000000000000e+00 3.81837968292200314e+00 -2.41834470288101677e-01 8.11545173347322235e-01 -2.41834470288101677e-01 1.53164210675801899e-02 -5.13986594861431528e-02 8.11545173347322235e-01 -5.13986594861431528e-02 1.72482996211455630e-01
-8.00000000000000000e+00 3.70638717029141684e+00 -2.34741500961508753e-01 7.87742673170901631e-01 -2.34741500961508753e-01 1.48671926978771254e-02 -4.98911443881966468e-02 7.87742673170901631e-01 -4.98911443881966468e-02 1.67424095385493049e-01
-7.75000000000000000e+00 3.59405509342057750e+00 -2.27627025565590779e-01 7.63868003188672984e-01 -2.27627025565590779e-01 1.44166022559562394e-02 -4.83790584648719144e-02 7.63868003188672984e-01 -4.83790584648719144e-02 1.62349855839332757e-01
-7.50000000000000000e+00 3.48139352803410729e+00 -2.20491682239487619e-01 7.39923304860198416e-01 -2.20491682239487619e-01 1.39646901579242779e-02 -4.68625373440482926e-02 7.39923304860198416e-01 -4.68625373440482926e-02 1.57260732711362206e-01
-7.25000000000000000e+00 3.36841260019774191e+00 -2.13336112310659298e-01 7.15910730344366142e-01 -2.13336112310659298e-01 1.35114970218180655e-02 -4.53417173312396019e-02 7.15910730344366142e-01 -4.53417173312396019e-02 1.52157183413966501e-01
-7.00000000000000000e+00 3.25512248480238320e+00 -2.06160960198874366e-01 6.91832442177195861e-01 -2.06160960198874366e-01 1.30570636615236785e-02 -4.38167353891882327e-02 6.91832442177195861e-01 -4.38167353891882327e-02 1.47039667565050297e-01
-6.75000000000000000e+00 3.14153340403770320e+00 -1.98966873319536663e-01 6.67690612947423490e-01 -1.98966873319536663e-01 1.26014310806537074e-02 -4.22877291173184705e-02 6.67690612947423490e-01 -4.22877291173184705e-02 1.41908646919087666e-01
-6.50000000000000000e+00 3.02765562585560888e+00 -1.91754501986370007e-01 6.43487424969931943e-01 -1.91754501986370007e-01 1.21446404663838586e-02 -4.07548367310534981e-02 6.43487424969931943e-01 -4.07548367310534981e-02 1.36764585297714236e-01
-6.25000000000000000e+00 2.91349946242391722e+00 -1.84524499313482582e-01 6.19225069957100249e-01 -1.84524499313482582e-01 1.16867331832502756e-02 -3.92181970410004771e-02 6.19225069957100249e-01 -3.92181970410004771e-02 1.31607948519876811e-01
-6.00000000000000000e+00 2.79907526857052957e+00 -1.77277521116829984e-01 5.94905748688133729e-01 -1.77277521116829984e-01 1.12277507669087569e-02 -3.76779494320078345e-02 5.94905748688133729e-01 -3.76779494320078345e-02 1.26439204331554089e-01
-5.75000000000000000e+00 2.68439344021847015e+00 -1.70014225815099312e-01 5.70531670676452385e-01 -1.70014225815099312e-01 1.07677349178573259e-02 -3.61342338420995307e-02 5.70531670676452385e-01 -3.61342338420995307e-02 1.21258822335064409e-01
-5.50000000000000000e+00 2.56946441281209870e+00 -1.62735274330034430e-01 5.46105053835204024e-01 -1.62735274330034430e-01 1.03067274951234022e-02 -3.45871907412905397e-02 5.46105053835204024e-01 -3.45871907412905397e-02 1.16067273917975153e-01
-5.25000000000000000e+00 2.45429865973483041e+00 -1.55441329986223509e-01 5.21628124140971816e-01 -1.55441329986223509e-01 9.84477050991689959e-03 -3.30369611102880045e-02 5.21628124140971816e-01 -3.30369611102880045e-02 1.10865032181628256e-01
-5.00000000000000000e+00 2.33890669071871349e+00 -1.48133058410370444e-01 4.97103115295751075e-01 -1.48133058410370444e-01 9.38190611925066725e-03 -3.14836864190827792e-02 4.97103115295751075e-01 -3.14836864190827792e-02 1.05652571869297954e-01
-4.75000000000000000e+00 2.22329905024618535e+00 -1.40811127430071403e-01 4.72532268387264309e-01 -1.40811127430071403e-01 8.91817661952955948e-03 -2.99275086054357174e-02 4.72532268387264309e-01 -2.99275086054357174e-02 1.00430369293995361e-01
-4.50000000000000000e+00 2.10748631594436020e+00 -1.33476206972117900e-01 4.47917831547688772e-01 -1.33476206972117900e-01 8.45362444010953895e-03 -2.83685700532633825e-02 4.47917831547688772e-01 -2.83685700532633825e-02 9.51989022659355255e-02
-4.25000000000000000e+00 1.99147909697218273e+00 -1.26128968960348559e-01 4.23262059610867603e-01 -1.26128968960348559e-01 7.98829213682817826e-03 -2.68070135709277853e-02 4.23262059610867603e-01 -2.68070135709277853e-02 8.99586500196823402e-02
-4.00000000000000000e+00 1.87528803240079611e+00 -1.18770087213070544e-01 3.98567213768078743e-01 -1.18770087213070544e-01 7.52222238550792708e-03 -2.52429823694347300e-02 3.98567213768078743e-01 -2.52429823694347300e-02 8.47100931409868196e-02
-3.75000000000000000e+00 1.75892378958747075e+00 -1.11400237340073677e-01 3.73835561222435608e-01 -1.11400237340073677e-01 7.05545797543356227e-03 -2.36766200405455103e-02 3.73835561222435608e-01 -2.36766200405455103e-02 7.94537134933346739e-02
-3.50000000000000000e+00 1.64239706254343787e+00 -1.04020096639258097e-01 3.49069374841991908e-01 -1.04020096639258097e-01 6.58804180280517585e-03 -2.21080705348065502e-02 3.49069374841991908e-01 -2.21080705348065502e-02 7.41899941442183269e-02
-3.25000000000000000e+00 1.52571857029597879e+00 -9.66303439928984931e-02 3.24270932811626000e-01 -9.66303439928984931e-02 6.12001686416813965e-03 -2.05374781395017275e-02 3.24270932811626000e-01 -2.05374781395017275e-02 6.89194192911497111e-02
-3.00000000000000000e+00 1.40889905524512882e+00 -8.92316597635668951e-02 2.99442518283780101e-01 -8.92316597635668951e-02 5.65142624982145018e-03 -1.89649874565321931e-02 2.99442518283780101e-01 -1.89649874565321931e-02 6.36424741874295347e-02
-2.75000000000000000e+00 1.29194928151533261e+00 -8.18247256897359915e-02 2.74586419028127249e-01 -8.18247256897359915e-02 5.18231313720583005e-03 -1.73907433802282518e-02 2.74586419028127249e-01 -1.73907433802282518e-02 5.83596450676887243e-02
-2.50000000000000000e+00 1.17488003330242163e+00 -7.44102247810860679e-02 2.49704927080243333e-01 -7.44102247810860679e-02 4.71272078427306673e-03 -1.58148910750982551e-02 2.49704927080243333e-01 -1.58148910750982551e-02 5.30714190732184121e-02
-2.25000000000000000e+00 1.05770211321625873e+00 -6.69888412135374867e-02 2.24800338389358506e-01 -6.69888412135374867e-02 4.24269252283796753e-03 -1.42375759535191843e-02 2.24800338389358506e-01 -1.42375759535191843e-02 4.77782841771042244e-02
-2.00000000000000000e+00 9.40426340619409218e-01 -5.95612602240316036e-02 1.99874952465264294e-01 -5.95612602240316036e-02 3.77227175191438080e-03 -1.26589436533737307e-02 1.99874952465264294e-01 -1.26589436533737307e-02 4.24807291091811590e-02
-1.75000000000000000e+00 8.23063549962197882e-01 -5.21281680050827076e-02 1.74931072024452294e-01 -5.21281680050827076e-02 3.30150193103671353e-03 -1.10791400156387519e-02 1.74931072024452294e-01 -1.10791400156387519e-02 3.71792432808251069e-02
-1.50000000000000000e+00 7.05624589114506984e-01 -4.46902515991236260e-02 1.49971002635560291e-01 -4.46902515991236260e-02 2.83042657356838206e-03 -9.49831106192984033e-03 1.49971002635560291e-01 -9.49831106192984033e-03 3.18743167095972488e-02
-1.25000000000000000e+00 5.88120317694680206e-01 -3.72481987926679137e-02 1.24997052364203248e-01 -3.72481987926679137e-02 2.35908923999864984e-03 -7.91660297200692635e-03 1.24997052364203248e-01 -7.91660297200692635e-03 2.65664399437576075e-02
-1.00000000000000000e+00 4.70561605395885707e-01 -2.98026980103113202e-02 1.00011531417264474e-01 -2.98026980103113202e-02 1.88753353122927806e-03 -6.33416206124571418e-03 1.00011531417264474e-01 -6.33416206124571418e-03 2.12561039866639538e-02
-7.50000000000000000e-01 3.52959330310306962e-01 -2.23544382085954473e-02 7.50167517867247891e-02 -2.23544382085954473e-02 1.41580308185245730e-03 -4.75113475807983649e-03 7.50167517867247891e-02 -4.75113475807983649e-03 1.59438002210725051e-02
-5.00000000000000000e-01 2.35324377251517364e-01 -1.49041087697565616e-02 5.00150268931059336e-02 -1.49041087697565616e-02 9.43941553421457757e-04 -3.16766758141859240e-03 5.00150268931059336e-02 -3.16766758141859240e-03 1.06300203333566014e-02
-2.50000000000000000e-01 1.17667636075403564e-01 -7.45239939538239193e-03 2.50086712286054259e-02 -7.45239939538239193e-03 4.71992627715457050e-04 -1.58390711804513385e-03 2.50086712286054259e-02 -1.58390711804513385e-03 5.31525623765983883e-03
0.00000000000000000e+00 -0.00000000000000000e+00 0.00000000000000000e+00 -0.00000000000000000e+00 0.00000000000000000e+00 -0.00000000000000000e+00 0.00000000000000000e+00 -0.00000000000000000e+00 0.00000000000000000e+00 -0.00000000000000000e+00
2.50000000000000000e-01 -1.17667636075403564e-01 7.45239939538239193e-03 -2.50086712286054259e-02 7.45239939538239193e-03 -4.71992627715457050e-04 1.58390711804513385e-03 -2.50086712286054259e-02 1.58390711804513385e-03 -5.31525623765983883e-03
5.00000000000000000e-01 -2.35324377251517364e-01 1.49041087697565616e-02 -5.00150268931059336e-02 1.49041087697565616e-02 -9.43941553421457757e-04 3.16766758141859240e-03 -5.00150268931059336e-02 3.16766758141859240e-03 -1.06300203333566014e-02
7.50000000000000000e-01 -3.52959330310306962e-01 2.23544382085954473e-02 -7.50167517867247891e-02 2.23544382085954473e-02 -1.41580308185245730e-03 4.75113475807983649e-03 -7.50167517867247891e-02 4.75113475807983649e-03 -1.59438002210725051e-02
1.00000000000000000e+00 -4.70561605395885707e-01 2.98026980103113202e-02 -1.00011531417264474e-01 2.98026980103113202e-02 -1.88753353122927806e-03 6.33416206124571418e-03 -1.00011531417264474e-01 6.33416206124571418e-03 -2.12561039866639538e-02
1.25000000000000000e+00 -5.88120317694680206e-01 3.72481987926679137e-02 -1.24997052364203248e-01 3.72481987926679137e-02 -2.35908923999864984e-03 7.91660297200692635e-03 -1.24997052364203248e-01 7.91660297200692635e-03 -2.65664399437576075e-02
1.50000000000000000e+00 -7.05624589114506984e-01 4.46902515991236260e-02 -1.49971002635560291e-01 4.46902515991236260e-02 -2.83042657356838206e-03 9.49831106192984033e-03 -1.49971002635560291e-01 9.49831106192984033e-03 -3.18743167095972488e-02
1.75000000000000000e+00 -8.23063549962197882e-01 5.21281680050827076e-02 -1.74931072024452294e-01 5.21281680050827076e-02 -3.30150193103671353e-03 1.10791400156387519e-02 -1.74931072024452294e-01 1.10791400156387519e-02 -3.71792432808251069e-02
2.00000000000000000e+00 -9.40426340619409218e-01 5.95612602240316036e-02 -1.99874952465264294e-01 5.95612602240316036e-02 -3.77227175191438080e-03 1.26589436533737307e-02 -1.99874952465264294e-01 1.26589436533737307e-02 -4.24807291091811590e-02
2.25000000000000000e+00 -1.05770211321625873e+00 6.69888412135374867e-02 -2.24800338389358506e-01 6.69888412135374867e-02 -4.24269252283796753e-03 1.42375759535191843e-02 -2.24800338389358506e-01 1.42375759535191843e-02 -4.77782841771042244e-02
2.50000000000000000e+00 -1.17488003330242163e+00 7.44102247810860679e-02 -2.49704927080243333e-01 7.44102247810860679e-02 -4.71272078427306673e-03 1.58148910750982551e-02 -2.49704927080243333e-01 1.58148910750982551e-02 -5.30714190732184121e-02
2.75000000000000000e+00 -1.29194928151533261e+00 8.18247256897359915e-02 -2.74586419028127249e-01 8.18247256897359915e-02 -5.18231313720583005e-03 1.73907433802282518e-02 -2.74586419028127249e-01 1.73907433802282518e-02 -5.83596450676887243e-02
3.00000000000000000e+00 -1.40889905524512882e+00 8.92316597635668951e-02 -2.99442518283780101e-01 8.92316597635668951e-02 -5.65142624982145018e-03 1.89649874565321931e-02 -2.99442518283780101e-01 1.89649874565321931e-02 -6.36424741874295347e-02
3.25000000000000000e+00 -1.52571857029597879e+00 9.66303439928984931e-02 -3.24270932811626000e-01 9.66303439928984931e-02 -6.12001686416813965e-03 2.05374781395017275e-02 -3.24270932811626000e-01 2.05374781395017275e-02 -6.89194192911497111e-02
3.50000000000000000e+00 -1.64239706254343787e+00 1.04020096639258097e-01 -3.49069374841991908e-01 1.04020096639258097e-01 -6.58804180280517585e-03 2.21080705348065502e-02 -3.49069374841991908e-01 2.21080705348065502e-02 -7.41899941442183269e-02
3.75000000000000000e+00 -1.75892378958747075e+00 1.11400237340073677e-01 -3.73835561222435608e-01 1.11400237340073677e-01 -7.05545797543356227e-03 2.36766200405455103e-02 -3.73835561222435608e-01 2.36766200405455103e-02 -7.94537134933346739e-02
4.00000000000000000e+00 -1.87528803240079611e+00 1.18770087213070544e-01 -3.98567213768078743e-01 1.18770087213070544e-01 -7.52222238550792708e-03 2.52429823694347300e-02 -3.98567213768078743e-01 2.52429823694347300e-02 -8.47100931409868196e-02
4.25000000000000000e+00 -1.99147909697218273e+00 1.26128968960348559e-01 -4.23262059610867603e-01 1.26128968960348559e-01 -7.98829213682817826e-03 2.68070135709277853e-02 -4.23262059610867603e-01 2.68070135709277853e-02 -8.99586500196823402e-02
4.50000000000000000e+00 -2.10748631594436020e+00 1.33476206972117900e-01 -4.47917831547688772e-01 1.33476206972117900e-01 -8.45362444010953895e-03 2.83685700532633825e-02 -4.47917831547688772e-01 2.83685700532633825e-02 -9.51989022659355255e-02
4.75000000000000000e+00 -2.22329905024618535e+00 1.40811127430071403e-01 -4.72532268387264309e-01 1.40811127430071403e-01 -8.91817661952955948e-03 2.99275086054357174e-02 -4.72532268387264309e-01 2.99275086054357174e-02 -1.00430369293995361e-01
5.00000000000000000e+00 -2.33890669071871349e+00 1.48133058410370444e-01 -4.97103115295751075e-01 1.48133058410370444e-01 -9.38190611925066725e-03 3.14836864190827792e-02 -4.97103115295751075e-01 3.14836864190827792e-02 -1.05652571869297954e-01
5.25000000000000000e+00 -2.45429865973483041e+00 1.55441329986223509e-01 -5.21628124140971816e-01 1.55441329986223509e-01 -9.84477050991689959e-03 3.30369611102880045e-02 -5.21628124140971816e-01 3.30369611102880045e-02 -1.10865032181628256e-01
5.50000000000000000e+00 -2.56946441281209870e+00 1.62735274330034430e-01 -5.46105053835204024e-01 1.62735274330034430e-01 -1.03067274951234022e-02 3.45871907412905397e-02 -5.46105053835204024e-01 3.45871907412905397e-02 -1.16067273917975153e-01
5.75000000000000000e+00 -2.68439344021847015e+00 1.70014225815099312e-01 -5.70531670676452385e-01 1.70014225815099312e-01 -1.07677349178573259e-02 3.61342338420995307e-02 -5.70531670676452385e-01 3.61342338420995307e-02 -1.21258822335064409e-01
6.00000000000000000e+00 -2.79907526857052957e+00 1.77277521116829984e-01 -5.94905748688133729e-01 1.77277521116829984e-01 -1.12277507669087569e-02 3.76779494320078345e-02 -5.94905748688133729e-01 3.76779494320078345e-02 -1.26439204331554089e-01
6.25000000000000000e+00 -2.91349946242391722e+00 1.84524499313482582e-01 -6.19225069957100249e-01 1.84524499313482582e-01 -1.16867331832502756e-02 3.92181970410004771e-02 -6.19225069957100249e-01 3.92181970410004771e-02 -1.31607948519876811e-01
6.50000000000000000e+00 -3.02765562585560888e+00 1.91754501986370007e-01 -6.43487424969931943e-01 1.91754501986370007e-01 -1.21446404663838586e-02 4.07548367310534981e-02 -6.43487424969931943e-01 4.07548367310534981e-02 -1.36764585297714236e-01
6.75000000000000000e+00 -3.14153340403770320e+00 1.98966873319536663e-01 -6.67690612947423490e-01 1.98966873319536663e-01 -1.26014310806537074e-02 4.22877291173184705e-02 -6.67690612947423490e-01 4.22877291173184705e-02 -1.41908646919087666e-01
7.00000000000000000e+00 -3.25512248480238320e+00 2.06160960198874366e-01 -6.91832442177195861e-01 2.06160960198874366e-01 -1.30570636615236785e-02 4.38167353891882327e-02 -6.91832442177195861e-01 4.38167353891882327e-02 -1.47039667565050297e-01
7.25000000000000000e+00 -3.36841260019774191e+00 2.13336112310659298e-01 -7.15910730344366142e-01 2.13336112310659298e-01 -1.35114970218180655e-02 4.53417173312396019e-02 -7.15910730344366142e-01 4.53417173312396019e-02 -1.52157183413966501e-01
7.50000000000000000e+00 -3.48139352803410729e+00 2.20491682239487619e-01 -7.39923304860198416e-01 2.20491682239487619e-01 -1.39646901579242779e-02 4.68625373440482926e-02 -7.39923304860198416e-01 4.68625373440482926e-02 -1.57260732711362206e-01
7.75000000000000000e+00 -3.59405509342057750e+00 2.27627025565590779e-01 -7.63868003188672984e-01 2.27627025565590779e-01 -1.44166022559562394e-02 4.83790584648719144e-02 -7.63868003188672984e-01 4.83790584648719144e-02 -1.62349855839332757e-01
8.00000000000000000e+00 -3.70638717029141684e+00 2.34741500961508753e-01 -7.87742673170901631e-01 2.34741500961508753e-01 -1.48671926978771254e-02 4.98911443881966468e-02 -7.87742673170901631e-01 4.98911443881966468e-02 -1.67424095385493049e-01
8.25000000000000000e+00 -3.81837968292200314e+00 2.41834470288101677e-01 -8.11545173347322235e-01 2.41834470288101677e-01 -1.53164210675801899e-02 5.13986594861431528e-02 -8.11545173347322235e-01 5.13986594861431528e-02 -1.72482996211455630e-01
8.50000000000000000e+00 -3.93002260743401655e+00 2.48905298689879761e-01 -8.35273373277605202e-01 2.48905298689879761e-01 -1.57642471569264218e-02 5.29014688287276907e-02 -8.35273373277605202e-01 5.29014688287276907e-02 -1.77526105520822569e-01
8.75000000000000000e+00 -4.04130597328953023e+00 2.55953354689630597e-01 -8.58925153858203561e-01 2.55953354689630597e-01 -1.62106309717377044e-02 5.43994382039738739e-02 -8.58925153858203561e-01 5.43994382039738739e-02 -1.82552972926676244e-01
9.00000000000000000e+00 -4.15221986477372251e+00 2.62978010282325758e-01 -8.82498407637483107e-01 2.62978010282325758e-01 -1.66555327377443212e-02 5.58924341378712886e-02 -8.82498407637483107e-01 5.58924341378712886e-02 -1.87563150518556265e-01
9.25000000000000000e+00 -4.26275442246588199e+00 2.69978641028285837e-01 -9.05991039128363984e-01 2.69978641028285837e-01 -1.70989129064855021e-02 5.73803239141763913e-02 -9.05991039128363984e-01 5.73803239141763913e-02 -1.92556192928907133e-01
9.50000000000000000e+00 -4.37289984469839688e+00 2.76954626145584526e-01 -9.29400965118410194e-01 2.76954626145584526e-01 -1.75407321611617713e-02 5.88629755940518126e-02 -9.29400965118410194e-01 5.88629755940518126e-02 -1.97531657398983540e-01
9.75000000000000000e+00 -4.48264638900345691e+00 2.83905348601674545e-01 -9.52726114977306082e-01 2.83905348601674545e-01 -1.79809514224380136e-02 6.03402580355402035e-02 -9.52726114977306082e-01 6.03402580355402035e-02 -2.02489103844200408e-01
1.00000000000000000e+01 -4.59198437354711864e+00 2.90830195204213215e-01 -9.75964430961648088e-01 2.90830195204213215e-01 -1.84195318541958558e-02 6.18120409128679812e-02 -9.75964430961648088e-01 6.18120409128679812e-02 -2.07428094918912204e-01
1.02500000000000000e+01 -4.70090417855049836e+00 2.97728556691072621e-01 -9.99113868516999237e-01 2.97728556691072621e-01 -1.88564348692343876e-02 6.32781947355757629e-02 -9.99113868516999237e-01 6.32781947355757629e-02 -2.12348196080610702e-01
1.05000000000000000e+01 -4.80939624769774632e+00 3.04599827819512892e-01 -1.02217239657713588e+00 3.04599827819512892e-01 -1.92916221349178907e-02 6.47385908674709548e-02 -1.02217239657713588e+00 6.47385908674709548e-02 -2.17248975653525661e-01
1.07500000000000000e+01 -4.91745108953055521e+00 3.11443407454502219e-01 -1.04513799786043182e+00 3.11443407454502219e-01 -1.97250555787695479e-02 6.61931015453990218e-02 -1.04513799786043182e+00 6.61931015453990218e-02 -2.22130004891617439e-01
1.10000000000000000e+01 -5.02505927882888948e+00 3.18258698656164463e-01 -1.06800866916331261e+00 3.18258698656164463e-01 -2.01566973940098537e-02 6.76415998978292243e-02 -1.06800866916331261e+00 6.76415998978292243e-02 -2.26990858040946653e-01
1.12500000000000000e+01 -5.13221145797768497e+00 3.25045108766338464e-01 -1.09078242165073114e+00 3.25045108766338464e-01 -2.05865100450387910e-02 6.90839599632516732e-02 -1.09078242165073114e+00 6.90839599632516732e-02 -2.31831112401410799e-01
1.15000000000000000e+01 -5.23889833831920448e+00 3.31802049494227980e-01 -1.11345728114359011e+00 3.31802049494227980e-01 -2.10144562728604330e-02 7.05200567083811153e-02 -1.11345728114359011e+00 7.05200567083811153e-02 -2.36650348387832304e-01
1.17500000000000000e+01 -5.34511070149082013e+00 3.38528937001129626e-01 -1.13603128840307144e+00 3.38528937001129626e-01 -2.14404991004490987e-02 7.19497660461646260e-02 -1.13603128840307144e+00 7.19497660461646260e-02 -2.41448149590388517e-01
1.20000000000000000e+01 -5.45083940074790263e+00 3.45225191984217139e-01 -1.15850249941179828e+00 3.45225191984217139e-01 -2.18646018380557992e-02 7.33729648535888929e-02 -1.15850249941179828e+00 7.33729648535888929e-02 -2.46224102834369268e-01
1.22500000000000000e+01 -5.55607536227161347e+00 3.51890239759369339e-01 -1.18086898565178822e+00 3.51890239759369339e-01 -2.22867280884540761e-02 7.47895309892841476e-02 -1.18086898565178822e+00 7.47895309892841476e-02 -2.50977798239251815e-01
1.25000000000000000e+01 -5.66080958646127819e+00 3.58523510343021823e-01 -1.20312883437912999e+00 3.58523510343021823e-01 -2.27068417521240212e-02 7.61993433109206530e-02 -1.20312883437912999e+00 7.61993433109206530e-02 -2.55708829277079774e-01
1.27500000000000000e+01 -5.76503314921113130e+00 3.65124438533028672e-01 -1.22528014889533798e+00 3.65124438533028672e-01 -2.31249070323736039e-02 7.76022816923947895e-02 -1.22528014889533798e+00 7.76022816923947895e-02 -2.60416792830135968e-01
1.30000000000000000e+01 -5.86873720317115399e+00 3.71692463988516908e-01 -1.24732104881532813e+00 3.71692463988516908e-01 -2.35408884403962015e-02 7.89982270408010334e-02 -1.24732104881532813e+00 7.89982270408010334e-02 -2.65101289247896943e-01
1.32500000000000000e+01 -5.97191297899176643e+00 3.78227031308717987e-01 -1.26924967033195735e+00 3.78227031308717987e-01 -2.39547508002633212e-02 8.03870613131864586e-02 -1.26924967033195735e+00 8.03870613131864586e-02 -2.69761922403257304e-01
1.35000000000000000e+01 -6.07455178655213412e+00 3.84727590110761797e-01 -1.29106416647708633e+00 3.84727590110761797e-01 -2.43664592538516515e-02 8.17686675330849544e-02 -1.29106416647708633e+00 8.17686675330849544e-02 -2.74398299748015106e-01
1.37500000000000000e+01 -6.17664501617183159e+00 3.91193595106416769e-01 -1.31276270737910128e+00 3.91193595106416769e-01 -2.47759792657033344e-02 8.31429298068271788e-02 -1.31276270737910128e+00 8.31429298068271788e-02 -2.79010032367604743e-01
1.40000000000000000e+01 -6.27818413980566969e+00 3.97624506177763182e-01 -1.33434348051685747e+00 3.97624506177763182e-01 -2.51832766278186730e-02 8.45097333396239020e-02 -1.33434348051685747e+00 8.45097333396239020e-02 -2.83596735035068992e-01
1.42500000000000000e+01 -6.37916071222138470e+00 4.04019788451781436e-01 -1.35580469096998368e+00 4.04019788451781436e-01 -2.55883174643801552e-02 8.58689644514188249e-02 -1.35580469096998368e+00 8.58689644514188249e-02 -2.88158026264258016e-01
1.45000000000000000e+01 -6.47956637216005582e+00 4.10378912373846272e-01 -1.37714456166551025e+00 4.10378912373846272e-01 -2.59910682364071326e-02 8.72205105925086960e-02 -1.37714456166551025e+00 8.72205105925086960e-02 -2.92693528362246769e-01
1.47500000000000000e+01 -6.57939284347894482e+00 4.16701353780107864e-01 -1.39836133362076631e+00 4.16701353780107864e-01 -2.63914957463400289e-02 8.85642603589270050e-02 -1.39836133362076631e+00 8.85642603589270050e-02 -2.97202867480959754e-01
1.50000000000000000e+01 -6.67863193627660490e+00 4.22986593968749436e-01 -1.41945326618250611e+00 4.22986593968749436e-01 -2.67895671425534242e-02 8.99001035075887855e-02 -1.41945326618250611e+00 8.99001035075887855e-02 -3.01685673667993592e-01
1.52500000000000000e+01 -6.77727554799999954e+00 4.29234119770106337e-01 -1.44041863726221164e+00 4.29234119770106337e-01 -2.71852499237969641e-02 9.12279309711934855e-02 -1.44041863726221164e+00 9.12279309711934855e-02 -3.06141580916628020e-01
1.55000000000000000e+01 -6.87531566453346699e+00 4.35443423615634706e-01 -1.46125574356753796e+00 4.35443423615634706e-01 -2.75785119435634496e-02 9.25476348728833526e-02 -1.46125574356753796e+00 9.25476348728833526e-02 -3.10570227215016093e-01
1.57500000000000000e+01 -6.97274436126928965e+00 4.41614003605715011e-01 -1.48196290082984850e+00 4.41614003605715011e-01 -2.79693214143831477e-02 9.38591085406541709e-02 -1.48196290082984850e+00 9.38591085406541709e-02 -3.14971254594543726e-01
1.60000000000000000e+01 -7.06955380415970858e+00 4.47745363576281141e-01 -1.50253844402780556e+00 4.47745363576281141e-01 -2.83576469120436700e-02 9.51622465215162805e-02 -1.50253844402780556e+00 9.51622465215162805e-02 -3.19344309177351293e-01
1.62500000000000000e+01 -7.16573625075015652e+00 4.53837013164258896e-01 -1.52298072760697067e+00 4.53837013164258896e-01 -2.87434573797345112e-02 9.64569445954028132e-02 -1.52298072760697067e+00 9.64569445954028132e-02 -3.23689041223006180e-01
1.65000000000000000e+01 -7.26128405119355236e+00 4.59888467871806317e-01 -1.54328812569537988e+00 4.59888467871806317e-01 -2.91267221321156247e-02 9.77430997888229375e-02 -1.54328812569537988e+00 9.77430997888229375e-02 -3.28005105174320633e-01
1.67500000000000000e+01 -7.35618964924545260e+00 4.65899249129340498e-01 -1.56345903231504879e+00 4.65899249129340498e-01 -2.95074108593092119e-02 9.90206103882574906e-02 -1.56345903231504879e+00 9.90206103882574906e-02 -3.32292159702304357e-01
1.70000000000000000e+01 -7.45044558323989836e+00 4.71868884357342200e-01 -1.58349186158937605e+00 4.71868884357342200e-01 -2.98854936308140633e-02 1.00289375953294638e-01 -1.58349186158937605e+00 1.00289375953294638e-01 -3.36549867750245313e-01
1.72500000000000000e+01 -7.54404448704577923e+00 4.77796907026926565e-01 -1.60338504794640557e+00 4.77796907026926565e-01 -3.02609408993417817e-02 1.01549297329503407e-01 -1.60338504794640557e+00 1.01549297329503407e-01 -3.40777896576910266e-01
1.75000000000000000e+01 -7.63697909100353645e+00 4.83682856719168830e-01 -1.62313704631791045e+00 4.83682856719168830e-01 -3.06337235045740994e-02 1.02800276661042536e-01 -1.62313704631791045e+00 1.02800276661042536e-01 -3.44975917798857612e-01
1.77500000000000000e+01 -7.72924222284208984e+00 4.89526279183176705e-01 -1.64274633233427303e+00 4.89526279183176705e-01 -3.10038126768408945e-02 1.04042217403002998e-01 -1.64274633233427303e+00 1.04042217403002998e-01 -3.49143607431856129e-01
1.80000000000000000e+01 -7.82082680857575507e+00 4.95326726392896655e-01 -1.66221140251511290e+00 4.95326726392896655e-01 -3.13711800407179345e-02 1.05275024333481404e-01 -1.66221140251511290e+00 1.05275024333481404e-01 -3.53280645931400794e-01
1.82500000000000000e+01 -7.91172587338107824e+00 5.01083756602647035e-01 -1.68153077445564625e+00 5.01083756602647035e-01 -3.17357976185440871e-02 1.06498603565382821e-01 -1.68153077445564625e+00 1.06498603565382821e-01 -3.57386718232320710e-01
1.85000000000000000e+01 -8.00193254245339425e+00 5.06796934401368193e-01 -1.70070298700873535e+00 5.06796934401368193e-01 -3.20976378338571275e-02 1.07712862557950872e-01 -1.70070298700873535e+00 1.07712862557950872e-01 -3.61461513787471433e-01
1.87500000000000000e+01 -8.09144004184297927e+00 5.12465830765578834e-01 -1.71972660046260173e+00 5.12465830765578834e-01 -3.24566735147478122e-02 1.08917710128023010e-01 -1.71972660046260173e+00 1.08917710128023010e-01 -3.65504726605505315e-01
1.90000000000000000e+01 -8.18024169927068101e+00 5.18090023111034692e-01 -1.73860019671417887e+00 5.18090023111034692e-01 -3.28128778971315122e-02 1.10113056461009690e-01 -1.73860019671417887e+00 1.10113056461009690e-01 -3.69516055287715472e-01
1.92500000000000000e+01 -8.26833094492287124e+00 5.23669095343074709e-01 -1.75732237943806546e+00 5.23669095343074709e-01 -3.31662246279369674e-02 1.11298813121594925e-01 -1.75732237943806546e+00 1.11298813121594925e-01 -3.73495203063944403e-01
1.95000000000000000e+01 -8.35570131222560342e+00 5.29202637905653028e-01 -1.77589177425106493e+00 5.29202637905653028e-01 -3.35166877682116227e-02 1.12474893064157339e-01 -1.77589177425106493e+00 1.12474893064157339e-01 -3.77441877827554673e-01
1.97500000000000000e+01 -8.44234643859787504e+00 5.34690247829045728e-01 -1.79430702887228066e+00 5.34690247829045728e-01 -3.38642417961431338e-02 1.13641210642909551e-01 -1.79430702887228066e+00 1.13641210642909551e-01 -3.81355792169455088e-01
2.00000000000000000e+01 -8.52826006618385968e+00 5.40131528776226499e-01 -1.81256681327874114e+00 5.40131528776226499e-01 -3.42088616099965465e-02 1.14797681621754716e-01 -1.81256681327874114e+00 1.14797681621754716e-01 -3.85236663411176627e-01
2.02500000000000000e+01 -8.61343604256400042e+00 5.45526091087903287e-01 -1.83066981985653432e+00 5.45526091087903287e-01 -3.45505225309666042e-02 1.15944223183858469e-01 -1.83066981985653432e+00 1.15944223183858469e-01 -3.89084213636993970e-01
2.05000000000000000e+01 -8.69786832144489175e+00 5.50873551826211116e-01 -1.84861476354743193e+00 5.50873551826211116e-01 -3.48892003059450909e-02 1.17080753940935270e-01 -1.84861476354743193e+00 1.17080753940935270e-01 -3.92898169725088620e-01
2.07500000000000000e+01 -8.78155096332780616e+00 5.56173534817053117e-01 -1.86640038199097602e+00 5.56173534817053117e-01 -3.52248711102024145e-02 1.18207193942247379e-01 -1.86640038199097602e+00 1.18207193942247379e-01 -3.96678263377747586e-01
2.10000000000000000e+01 -8.86447813615583868e+00 5.61425670691087064e-01 -1.88402543566202119e+00 5.61425670691087064e-01 -3.55575115499834477e-02 1.19323464683315963e-01 -1.88402543566202119e+00 1.19323464683315963e-01 -4.00424231150595777e-01
2.12500000000000000e+01 -8.94664411593948294e+00 5.66629596923345469e-01 -1.90148870800369219e+00 5.66629596923345469e-01 -3.58870986650168880e-02 1.20429489114341912e-01 -1.90148870800369219e+00 1.20429489114341912e-01 -4.04135814480854727e-01
2.15000000000000000e+01 -9.02804328736068662e+00 5.71784957871493416e-01 -1.91878900555576748e+00 5.71784957871493416e-01 -3.62136099309382578e-02 1.21525191648336903e-01 -1.91878900555576748e+00 1.21525191648336903e-01 -4.07812759714628659e-01
2.17500000000000000e+01 -9.10867014435520339e+00 5.76891404812710618e-01 -1.93592515807845000e+00 5.76891404812710618e-01 -3.65370232616258339e-02 1.22610498168962384e-01 -1.93592515807845000e+00 1.22610498168962384e-01 -4.11454818133210165e-01
2.20000000000000000e+01 -9.18851929067323603e+00 5.81948595979200900e-01 -1.95289601867152629e+00 5.81948595979200900e-01 -3.68573170114495641e-02 1.23685336038076313e-01 -1.95289601867152629e+00 1.23685336038076313e-01 -4.15061745978406005e-01
2.22500000000000000e+01 -9.26758544041825871e+00 5.86956196592316237e-01 -1.96970046388888309e+00 5.86956196592316237e-01 -3.71744699774323520e-02 1.24749634102986146e-01 -1.96970046388888309e+00 1.24749634102986146e-01 -4.18633304476875967e-01
2.25000000000000000e+01 -9.34586341856402747e+00 5.91913878895302670e-01 -1.98633739384839192e+00 5.91913878895302670e-01 -3.74884614013239470e-02 1.25803322703408188e-01 -1.98633739384839192e+00 1.25803322703408188e-01 -4.22169259863487745e-01
2.27500000000000000e+01 -9.42334816144963128e+00 5.96821322184653669e-01 -2.00280573233712733e+00 5.96821322184653669e-01 -3.77992709715867237e-02 1.26846333678131584e-01 -2.00280573233712733e+00 1.26846333678131584e-01 -4.25669383403678991e-01
2.30000000000000000e+01 -9.50003471725264959e+00 6.01678212840076831e-01 -2.01910442691192804e+00 6.01678212840076831e-01 -3.81068788252935803e-02 1.27878600371387235e-01 -2.01910442691192804e+00 1.27878600371387235e-01 -4.29133451414830613e-01
2.32500000000000000e+01 -9.57591824644026879e+00 6.06484244353065693e-01 -2.03523244899527578e+00 6.06484244353065693e-01 -3.84112655499375122e-02 1.28900057638920290e-01 -2.03523244899527578e+00 1.28900057638920290e-01 -4.32561245286644858e-01
2.35000000000000000e+01 -9.65099402219840030e+00 6.11239117354077099e-01 -2.05118879396649989e+00 6.11239117354077099e-01 -3.87124121851529085e-02 1.29910641853766440e-01 -2.05118879396649989e+00 1.29910641853766440e-01 -4.35952551500528862e-01
2.37500000000000000e+01 -9.72525743083871319e+00 6.15942539638310360e-01 -2.06697248124828592e+00 6.15942539638310360e-01 -3.90103002243482044e-02 1.30910290911730953e-01 -2.06697248124828592e+00 1.30910290911730953e-01 -4.39307161647981448e-01
2.40000000000000000e+01 -9.79870397218359912e+00 6.20594226190089082e-01 -2.08258255438849371e+00 6.20594226190089082e-01 -3.93049116162501322e-02 1.31898944236570503e-01 -2.08258255438849371e+00 1.31898944236570503e-01 -4.42624872447982320e-01
2.42500000000000000e+01 -9.87132925992903232e+00 6.25193899205842674e-01 -2.09801808113728105e+00 6.25193899205842674e-01 -3.95962287663592163e-02 1.32876542784877844e-01 -2.09801808113728105e+00 1.32876542784877844e-01 -4.45905485763383624e-01
2.45000000000000000e+01 -9.94312902198529969e+00 6.29741288115685638e-01 -2.11327815351951731e+00 6.29741288115685638e-01 -3.98842345383164723e-02 1.33843029050667972e-01 -2.11327815351951731e+00 1.33843029050667972e-01 -4.49148808616300521e-01
2.47500000000000000e+01 -1.00140991007956099e+01 6.34236129603597099e-01 -2.12836188790250302e+00 6.34236129603597099e-01 -4.01689122551815020e-02 1.34798347069667174e-01 -2.12836188790250302e+00 1.34798347069667174e-01 -4.52354653202504120e-01
2.50000000000000000e+01 -1.00842354536325765e+01 6.38678167626198223e-01 -2.14326842505898307e+00 6.38678167626198223e-01 -4.04502457006217092e-02 1.35742442423303800e-01 -2.14326842505898307e+00 1.35742442423303800e-01 -4.55522836904813766e-01
2.52500000000000000e+01 -1.01535341528725720e+01 6.43067153430128102e-01 -2.15799693022545469e+00 6.43067153430128102e-01 -4.07282191200128221e-02 1.36675262242401396e-01 -2.15799693022545469e+00 1.36675262242401396e-01 -4.58653182305490181e-01
2.55000000000000000e+01 -1.02219913862479554e+01 6.47402845568018415e-01 -2.17254659315577614e+00 6.47402845568018415e-01 -4.10028172214506048e-02 1.37596755210573740e-01 -2.17254659315577614e+00 1.37596755210573740e-01 -4.61745517197628852e-01
2.57500000000000000e+01 -1.02896034570772059e+01 6.51685009913068658e-01 -2.18691662817008003e+00 6.51685009913068658e-01 -4.12740251766740007e-02 1.38506871567322803e-01 -2.18691662817008003e+00 1.38506871567322803e-01 -4.64799674595555767e-01
2.60000000000000000e+01 -1.03563667844729519e+01 6.55913419672222386e-01 -2.20110627419898508e+00 6.55913419672222386e-01 -4.15418286218996111e-02 1.39405563110838959e-01 -2.20110627419898508e+00 1.39405563110838959e-01 -4.67815492744224681e-01
2.62500000000000000e+01 -1.04222779035279629e+01 6.60087855397945455e-01 -2.21511479482312623e+00 6.60087855397945455e-01 -4.18062136585676813e-02 1.40292783200504506e-01 -2.21511479482312623e+00 1.40292783200504506e-01 -4.70792815127618058e-01
2.65000000000000000e+01 -1.04873334654790877e+01 6.64208104998610049e-01 -2.22894147830799927e+00 6.64208104998610049e-01 -4.20671668539997767e-02 1.41168486759100514e-01 -2.22894147830799927e+00 1.41168486759100514e-01 -4.73731490476153150e-01
2.67500000000000000e+01 -1.05515302378491924e+01 6.68273963747483601e-01 -2.24258563763412644e+00 6.68273963747483601e-01 -4.23246752419680627e-02 1.42032630274717436e-01 -2.24258563763412644e+00 1.42032630274717436e-01 -4.76631372773092921e-01
2.70000000000000000e+01 -1.06148651045671514e+01 6.72285234290329270e-01 -2.25604661052255917e+00 6.72285234290329270e-01 -4.25787263231766772e-02 1.42885171802370203e-01 -2.25604661052255917e+00 1.42885171802370203e-01 -4.79492321259967158e-01
2.72500000000000000e+01 -1.06773350660659290e+01 6.76241726651616415e-01 -2.26932375945572407e+00 6.76241726651616415e-01 -4.28293080656551028e-02 1.43726070965318586e-01 -2.26932375945572407e+00 1.43726070965318586e-01 -4.82314200441001872e-01
2.75000000000000000e+01 -1.07389372393587941e+01 6.80143258239348847e-01 -2.28241647169362105e+00 6.80143258239348847e-01 -4.30764089050639024e-02 1.44555288956092959e-01 -2.28241647169362105e+00 1.44555288956092959e-01 -4.85096880086562821e-01
2.77500000000000000e+01 -1.07996688580937032e+01 6.83989653848508516e-01 -2.29532415928538258e+00 6.83989653848508516e-01 -4.33200177449129045e-02 1.45372788537226599e-01 -2.29532415928538258e+00 1.45372788537226599e-01 -4.87840235235612041e-01
2.80000000000000000e+01 -1.08595272725859981e+01 6.87780745663126636e-01 -2.30804625907622096e+00 6.87780745663126636e-01 -4.35601239566922732e-02 1.46178534041695507e-01 -2.30804625907622096e+00 1.46178534041695507e-01 -4.90544146197184394e-01
2.82500000000000000e+01 -1.09185099498293496e+01 6.91516373256976791e-01 -2.32058223270975850e+00 6.91516373256976791e-01 -4.37967173799165069e-02 1.46972491373066033e-01 -2.32058223270975850e+00 1.46972491373066033e-01 -4.93208498550882612e-01
2.85000000000000000e+01 -1.09766144734851760e+01 6.95196383592904477e-01 -2.33293156662577328e+00 6.95196383592904477e-01 -4.40297883220818961e-02 1.47754628005352134e-01 -2.33293156662577328e+00 1.47754628005352134e-01 -4.95833183146398515e-01
2.87500000000000000e+01 -1.10338385438504556e+01 6.98820631020788841e-01 -2.34509377205336245e+00 6.98820631020788841e-01 -4.42593275585374812e-02 1.48524912982582413e-01 -2.34509377205336245e+00 1.48524912982582413e-01 -4.98418096102059671e-01
2.90000000000000000e+01 -1.10901799778041354e+01 7.02388977274148729e-01 -2.35706838499954952e+00 7.02388977274148729e-01 -4.44853263322700782e-02 1.49283316918078474e-01 -2.35706838499954952e+00 1.49283316918078474e-01 -5.00963138802408392e-01
2.92500000000000000e+01 -1.11456367087321695e+01 7.05901291465394487e-01 -2.36885496623335401e+00 7.05901291465394487e-01 -4.47077763536035469e-02 1.50029811993446005e-01 -2.36885496623335401e+00 1.50029811993446005e-01 -5.03468217894815551e-01
2.95000000000000000e+01 -1.12002067864312824e+01 7.09357450079732832e-01 -2.38045310126533494e+00 7.09357450079732832e-01 -4.49266697998127948e-02 1.50764371957279320e-01 -2.38045310126533494e+00 1.50764371957279320e-01 -5.05933245285133060e-01
2.97500000000000000e+01 -1.12538883769915490e+01 7.12757336967730915e-01 -2.39186240032263919e+00 7.12757336967730915e-01 -4.51419993146527851e-02 1.51486972123580810e-01 -2.39186240032263919e+00 1.51486972123580810e-01 -5.08358138132390724e-01
3.00000000000000000e+01 -1.13066797626579234e+01 7.16100843336545667e-01 -2.40308249831956733e+00 7.16100843336545667e-01 -4.53537580078030855e-02 1.52197589369896996e-01 -2.40308249831956733e+00 1.52197589369896996e-01 -5.10742818842540247e-01
3.02500000000000000e+01 -1.13585793416707777e+01 7.19387867739824549e-01 -2.41411305482368332e+00 7.19387867739824549e-01 -4.55619394542282063e-02 1.52896202135171938e-01 -2.41411305482368332e+00 1.52896202135171938e-01 -5.13087215061252544e-01
3.05000000000000000e+01 -1.14095856280855994e+01 7.22618316066286459e-01 -2.42495375401749502e+00 7.22618316066286459e-01 -4.57665376934544288e-02 1.53582790417320425e-01 -2.42495375401749502e+00 1.53582790417320425e-01 -5.15391259665773260e-01
3.07500000000000000e+01 -1.14596972515719457e+01 7.25792101526988365e-01 -2.43560430465572297e+00 7.25792101526988365e-01 -4.59675472287632836e-02 1.54257335770521531e-01 -2.43560430465572297e+00 1.54257335770521531e-01 -5.17654890755841035e-01
3.10000000000000000e+01 -1.15089129571917788e+01 7.28909144641286311e-01 -2.44606444001819012e+00 7.28909144641286311e-01 -4.61649630263024566e-02 1.54919821302234889e-01 -2.44606444001819012e+00 1.54919821302234889e-01 -5.19878051643674399e-01
3.12500000000000000e+01 -1.15572316051572912e+01 7.31969373221497910e-01 -2.45633391785834876e+00 7.31969373221497910e-01 -4.63587805141143644e-02 1.55570231669940828e-01 -2.45633391785834876e+00 1.55570231669940828e-01 -5.22060690843032527e-01
3.15000000000000000e+01 -1.16046521705683965e+01 7.34972722356275754e-01 -2.46641252034749003e+00 7.34972722356275754e-01 -4.65489955810831427e-02 1.56208553077606782e-01 -2.46641252034749003e+00 1.56208553077606782e-01 -5.24202762057357052e-01
3.17500000000000000e+01 -1.16511737431299593e+01 7.37919134392698850e-01 -2.47630005401464270e+00 7.37919134392698850e-01 -4.67356045758003935e-02 1.56834773271880862e-01 -2.47630005401464270e+00 1.56834773271880862e-01 -5.26304224166998846e-01
3.20000000000000000e+01 -1.16967955268489394e+01 7.40808558917091631e-01 -2.48599634968220728e+00 7.40808558917091631e-01 -4.69186043053504004e-02 1.57448881538015312e-01 -2.48599634968220728e+00 1.57448881538015312e-01 -5.28365041215537956e-01
3.22500000000000000e+01 -1.17415168397115970e+01 7.43640952734579419e-01 -2.49550126239734960e+00 7.43640952734579419e-01 -4.70979920340152750e-02 1.58050868695521374e-01 -2.49550126239734960e+00 1.58050868695521374e-01 -5.30385182395201382e-01
3.25000000000000000e+01 -1.17853371133408924e+01 7.46416279847390451e-01 -2.50481467135918434e+00 7.46416279847390451e-01 -4.72737654819007022e-02 1.58640727093557421e-01 -2.50481467135918434e+00 1.58640727093557421e-01 -5.32364622031388346e-01
3.27500000000000000e+01 -1.18282558926342247e+01 7.49134511431912342e-01 -2.51393647984178381e+00 7.49134511431912342e-01 -4.74459228234828737e-02 1.59218450606052858e-01 -2.51393647984178381e+00 1.59218450606052858e-01 -5.34303339566305491e-01
3.30000000000000000e+01 -1.18702728353816767e+01 7.51795625814513313e-01 -2.52286661511303878e+00 7.51795625814513313e-01 -4.76144626860771289e-02 1.59784034626569205e-01 -2.52286661511303878e+00 1.59784034626569205e-01 -5.36201319541722565e-01
3.32500000000000000e+01 -1.19113877118649398e+01 7.54399608446141512e-01 -2.53160502834941692e+00 7.54399608446141512e-01 -4.77793841482291870e-02 1.60337476062901413e-01 -2.53160502834941692e+00 1.60337476062901413e-01 -5.38058551580855582e-01
3.35000000000000000e+01 -1.19516004044370607e+01 7.56946451875707194e-01 -2.54015169454664314e+00 7.56946451875707194e-01 -4.79406867380293769e-02 1.60878773331420755e-01 -2.54015169454664314e+00 1.60878773331420755e-01 -5.39875030369382336e-01
3.37500000000000000e+01 -1.19909109070831725e+01 7.59436155722262973e-01 -2.54850661242633780e+00 7.59436155722262973e-01 -4.80983704313506580e-02 1.61407926351161968e-01 -2.54850661242633780e+00 1.61407926351161968e-01 -5.41650755635600833e-01
3.40000000000000000e+01 -1.20293193249624064e+01 7.61868726645990813e-01 -2.55666980433865909e+00 7.61868726645990813e-01 -4.82524356500110899e-02 1.61924936537656994e-01 -2.55666980433865909e+00 1.61924936537656994e-01 -5.43385732129735732e-01
3.42500000000000000e+01 -1.20668258739311618e+01 7.64244178318008061e-01 -2.56464131616097646e+00 7.64244178318008061e-01 -4.84028832598615774e-02 1.62429806796517723e-01 -2.56464131616097646e+00 1.62429806796517723e-01 -5.45079969602404235e-01
3.45000000000000000e+01 -1.21034308800478811e+01 7.66562531389003543e-01 -2.57242121719261974e+00 7.66562531389003543e-01 -4.85497145687993972e-02 1.62922541516769964e-01 -2.57242121719261974e+00 1.62922541516769964e-01 -5.46733482782245650e-01
3.47500000000000000e+01 -1.21391347790595461e+01 7.68823813456715133e-01 -2.58000960004574242e+00 7.68823813456715133e-01 -4.86929313247084147e-02 1.63403146563941115e-01 -2.58000960004574242e+00 1.63403146563941115e-01 -5.48346291352725612e-01
3.50000000000000000e+01 -1.21739381158700617e+01 7.71028059032259572e-01 -2.58740658053232986e+00 7.71028059032259572e-01 -4.88325357133266719e-02 1.63871629272904301e-01 -2.58740658053232986e+00 1.63871629272904301e-01 -5.49918419928121960e-01
3.52500000000000000e+01 -1.22078415439907513e+01 7.73175309505330310e-01 -2.59461229754741174e+00 7.73175309505330310e-01 -4.89685303560421226e-02 1.64327998440481376e-01 -2.59461229754741174e+00 1.64327998440481376e-01 -5.51449898028702368e-01
3.55000000000000000e+01 -1.22408458249731069e+01 7.75265613108271023e-01 -2.60162691294850035e+00 7.75265613108271023e-01 -4.91009183076173486e-02 1.64772264317807365e-01 -2.60162691294850035e+00 1.64772264317807365e-01 -5.52940760055101288e-01
3.57500000000000000e+01 -1.22729518278240395e+01 7.77299024879041234e-01 -2.60845061143131085e+00 7.77299024879041234e-01 -4.92297030538439151e-02 1.65204438602459286e-01 -2.60845061143131085e+00 1.65204438602459286e-01 -5.54391045261905191e-01
3.60000000000000000e+01 -1.23041605284038091e+01 7.79275606623084260e-01 -2.61508360040179788e+00 7.79275606623084260e-01 -4.93548885091273995e-02 1.65624534430351661e-01 -2.61508360040179788e+00 1.65624534430351661e-01 -5.55800797730456320e-01
3.62500000000000000e+01 -1.23344730088068477e+01 7.81195426874112253e-01 -2.62152610984455903e+00 7.81195426874112253e-01 -4.94764790140036492e-02 1.66032566367401963e-01 -2.62152610984455903e+00 1.66032566367401963e-01 -5.57170066340883285e-01
3.65000000000000000e+01 -1.23638904567256613e+01 7.83058560853819086e-01 -2.62777839218763898e+00 7.83058560853819086e-01 -4.95944793325873087e-02 1.66428550400968100e-01 -2.62777839218763898e+00 1.66428550400968100e-01 -5.58498904743367275e-01
3.67500000000000000e+01 -1.23924141647980743e+01 7.84865090430538759e-01 -2.63384072216379828e+00 7.84865090430538759e-01 -4.97088946499534140e-02 1.66812503931061812e-01 -2.63384072216379828e+00 1.66812503931061812e-01 -5.59787371328656080e-01
3.70000000000000000e+01 -1.24200455299379655e+01 7.86615104076858307e-01 -2.63971339666826665e+00 7.86615104076858307e-01 -4.98197305694528525e-02 1.67184445761339895e-01 -2.63971339666826665e+00 1.67184445761339895e-01 -5.61035529197832172e-01
3.72500000000000000e+01 -1.24467860526497667e+01 7.88308696826201305e-01 -2.64539673461305158e+00 7.88308696826201305e-01 -4.99269931099626321e-02 1.67544396089876507e-01 -2.64539673461305158e+00 1.67544396089876507e-01 -5.62243446131347357e-01
3.75000000000000000e+01 -1.24726373363269314e+01 7.89945970228397631e-01 -2.65089107677783620e+00 7.89945970228397631e-01 -5.00306887030718822e-02 1.67892376499720275e-01 -2.65089107677783620e+00 1.67892376499720275e-01 -5.63411194557333572e-01
3.77500000000000000e+01 -1.24976010865345568e+01 7.91527032304247924e-01 -2.65619678565751061e+00 7.91527032304247924e-01 -5.01308241902042873e-02 1.68228409949237517e-01 -2.65619678565751061e+00 1.68228409949237517e-01 -5.64538851519197138e-01
3.80000000000000000e+01 -1.25216791102764535e+01 7.93051997499105155e-01 -2.66131424530639604e+00 7.93051997499105155e-01 -5.02274068196781262e-02 1.68552520762246555e-01 -2.66131424530639604e+00 1.68552520762246555e-01 -5.65626498642511688e-01
3.82500000000000000e+01 -1.25448733152468481e+01 7.94520986635480653e-01 -2.66624386117920764e+00 7.94520986635480653e-01 -5.03204442437046665e-02 1.68864734617944851e-01 -2.66624386117920764e+00 1.68864734617944851e-01 -5.66674222101215763e-01
3.85000000000000000e+01 -1.25671857090669779e+01 7.95934126864694558e-01 -2.67098605996879801e+00 7.95934126864694558e-01 -5.04099445153259607e-02 1.69165078540633007e-01 -2.67098605996879801e+00 1.69165078540633007e-01 -5.67682112583128395e-01
3.87500000000000000e+01 -1.25886183985067532e+01 7.97291551617581140e-01 -2.67554128944073799e+00 7.97291551617581140e-01 -5.04959160852928024e-02 1.69453580889237676e-01 -2.67554128944073799e+00 1.69453580889237676e-01 -5.68650265254790788e-01
3.90000000000000000e+01 -1.26091735886918279e+01 7.98593400554267974e-01 -2.67991001826478392e+00 7.98593400554267974e-01 -5.05783677988840136e-02 1.69730271346637929e-01 -2.67991001826478392e+00 1.69730271346637929e-01 -5.69578779725647411e-01
3.92500000000000000e+01 -1.26288535822962160e+01 7.99839819513041839e-01 -2.68409273584328467e+00 7.99839819513041839e-01 -5.06573088926679238e-02 1.69995180908797394e-01 -2.68409273584328467e+00 1.69995180908797394e-01 -5.70467760011575842e-01
3.95000000000000000e+01 -1.26476607787207609e+01 8.01030960458316676e-01 -2.68808995213657242e+00 8.01030960458316676e-01 -5.07327489912069371e-02 1.70248341873705522e-01 -2.68808995213657242e+00 1.70248341873705522e-01 -5.71317314497776230e-01
3.97500000000000000e+01 -1.26655976732576754e+01 8.02166981427721359e-01 -2.69190219748539850e+00 8.02166981427721359e-01 -5.08046981037063861e-02 1.70489787830131800e-01 -2.69190219748539850e+00 1.70489787830131800e-01 -5.72127555901032481e-01
4.00000000000000000e+01 -1.26826668562414042e+01 8.03248046478319488e-01 -2.69553002243046214e+00 8.03248046478319488e-01 -5.08731666206083816e-02 1.70719553646195427e-01 -2.69553002243046214e+00 1.70719553646195427e-01 -5.72898601231354943e-01
4.02500000000000000e+01 -1.26988710121860695e+01 8.04274325631979980e-01 -2.69897399752908207e+00 8.04274325631979980e-01 -5.09381653101319137e-02 1.70937675457754734e-01 -2.69897399752908207e+00 1.70937675457754734e-01 -5.73630571753017349e-01
4.05000000000000000e+01 -1.27142129189097304e+01 8.05245994819913324e-01 -2.70223471316907426e+00 8.05245994819913324e-01 -5.09997053147600854e-02 1.71144190656618927e-01 -2.70223471316907426e+00 1.71144190656618927e-01 -5.74323592944998129e-01
4.07500000000000000e+01 -1.27286954466457285e+01 8.06163235826388602e-01 -2.70531277937987724e+00 8.06163235826388602e-01 -5.10577981476754636e-02 1.71339137878586012e-01 -2.70531277937987724e+00 1.71339137878586012e-01 -5.74977794460838187e-01
4.10000000000000000e+01 -1.27423215571413682e+01 8.07026236231649041e-01 -2.70820882564098975e+00 8.07026236231649041e-01 -5.11124556891446938e-02 1.71522556991310277e-01 -2.70820882564098975e+00 1.71522556991310277e-01 -5.75593310087926802e-01
4.12500000000000000e+01 -1.27550943027441690e+01 8.07835189354041083e-01 -2.71092350068776611e+00 8.07835189354041083e-01 -5.11636901828532581e-02 1.71694489082002494e-01 -2.71092350068776611e+00 1.71694489082002494e-01 -5.76170277706226086e-01
4.15000000000000000e+01 -1.27670168254760039e+01 8.08590294191374737e-01 -2.71345747231463630e+00 8.08590294191374737e-01 -5.12115142321915989e-02 1.71854976444967000e-01 -2.71345747231463630e+00 1.71854976444967000e-01 -5.76708839246447780e-01
4.17500000000000000e+01 -1.27780923560953230e+01 8.09291755361530862e-01 -2.71581142717579649e+00 8.09291755361530862e-01 -5.12559407964934891e-02 1.72004062568978405e-01 -2.71581142717579649e+00 1.72004062568978405e-01 -5.77209140647692909e-01
4.20000000000000000e+01 -1.27883242131477388e+01 8.09939783042330053e-01 -2.71798607058341979e+00 8.09939783042330053e-01 -5.12969831872277099e-02 1.72141792124501702e-01 -2.71798607058341979e+00 1.72141792124501702e-01 -5.77671331814564426e-01
4.22500000000000000e+01 -1.27977158020052890e+01 8.10534592910685303e-01 -2.71998212630346670e+00 8.10534592910685303e-01 -5.13346550641442939e-02 1.72268210950759865e-01 -2.71998212630346670e+00 1.72268210950759865e-01 -5.78095566573769037e-01
4.25000000000000000e+01 -1.28062706138945632e+01 8.11076406081049139e-01 -2.72180033634912677e+00 8.11076406081049139e-01 -5.13689704313761361e-02 1.72383366042651698e-01 -2.72180033634912677e+00 1.72383366042651698e-01 -5.78482002630216541e-01
4.27500000000000000e+01 -1.28139922249140081e+01 8.11565449043175291e-01 -2.72344146077196125e+00 8.11565449043175291e-01 -5.13999436334971471e-02 1.72487305537523838e-01 -2.72344146077196125e+00 1.72487305537523838e-01 -5.78830801522629002e-01
4.30000000000000000e+01 -1.28208842950406918e+01 8.12001953599212345e-01 -2.72490627745079905e+00 8.12001953599212345e-01 -5.14275893515381555e-02 1.72580078701800921e-01 -2.72490627745079905e+00 1.72580078701800921e-01 -5.79142128578674975e-01
4.32500000000000000e+01 -1.28269505671267439e+01 8.12386156800144810e-01 -2.72619558187845090e+00 8.12386156800144810e-01 -5.14519225989614123e-02 1.72661735917476966e-01 -2.72619558187845090e+00 1.72661735917476966e-01 -5.79416152869636880e-01
4.35000000000000000e+01 -1.28321948658857767e+01 8.12718300881597799e-01 -2.72731018694628080e+00 8.12718300881597799e-01 -5.14729587175948647e-02 1.72732328668471491e-01 -2.72731018694628080e+00 1.72732328668471491e-01 -5.79653047164625734e-01
4.37500000000000000e+01 -1.28366210968695817e+01 8.12998633199027987e-01 -2.72825092272672087e+00 8.12998633199027987e-01 -5.14907133735274733e-02 1.72791909526855275e-01 -2.72825092272672087e+00 1.72791909526855275e-01 -5.79852987884357129e-01
4.40000000000000000e+01 -1.28402332454353107e+01 8.13227406162309152e-01 -2.72901863625375452e+00 8.13227406162309152e-01 -5.15052025529662838e-02 1.72840532138947400e-01 -2.72901863625375452e+00 1.72840532138947400e-01 -5.80016155054495886e-01
4.42500000000000000e+01 -1.28430353757034634e+01 8.13404877169738749e-01 -2.72961419130145710e+00 8.13404877169738749e-01 -5.15164425580567145e-02 1.72878251211289191e-01 -2.72961419130145710e+00 1.72878251211289191e-01 -5.80142732258587812e-01
4.45000000000000000e+01 -1.28450316295069502e+01 8.13531308541476372e-01 -2.73003846816062934e+00 8.13531308541476372e-01 -5.15244500026669772e-02 1.72905122496497504e-01 -2.73003846816062934e+00 1.72905122496497504e-01 -5.80232906590586350e-01
4.47500000000000000e+01 -1.28462262253314830e+01 8.13606967452434438e-01 -2.73029236341359116e+00 8.13606967452434438e-01 -5.15292418081377476e-02 1.72921202779001443e-01 -2.73029236341359116e+00 1.72921202779001443e-01 -5.80286868606987749e-01
4.50000000000000000e+01 -1.28466234572476026e+01 8.13632125864638844e-01 -2.73037678970720110e+00 8.13632125864638844e-01 -5.15308351989982663e-02 1.72926549860666717e-01 -2.73037678970720110e+00 1.72926549860666717e-01 -5.80304812278589988e-01
4.52500000000000000e+01 -1.28462276938345550e+01 8.13607060459073939e-01 -2.73029267552414057e+00 8.13607060459073939e-01 -5.15292476986497633e-02 1.72921222546310011e-01 -2.73029267552414057e+00 1.72921222546310011e-01 -5.80286934941881327e-01
4.55000000000000000e+01 -1.28450433770964096e+01 8.13532052567034314e-01 -2.73004096495254478e+00 8.13532052567034314e-01 -5.15244971250177208e-02 1.72905280629108843e-01 -2.73004096495254478e+00 1.72905280629108843e-01 -5.80233437250079698e-01
4.57500000000000000e+01 -1.28430750213705398e+01 8.13407388100995665e-01 -2.72962261745402213e+00 8.13407388100995665e-01 -5.15166015861735771e-02 1.72878784875909103e-01 -2.72962261745402213e+00 1.72878784875909103e-01 -5.80144523123827027e-01
4.60000000000000000e+01 -1.28403272122289014e+01 8.13233357485027120e-01 -2.72903860763013029e+00 8.13233357485027120e-01 -5.15055794759274668e-02 1.72841797012435072e-01 -2.72903860763013029e+00 1.72841797012435072e-01 -5.80020399701557943e-01
4.62500000000000000e+01 -1.28368046053722544e+01 8.13010255584757591e-01 -2.72828992498735978e+00 8.13010255584757591e-01 -5.14914494693926861e-02 1.72794379708404749e-01 -2.72828992498735978e+00 1.72794379708404749e-01 -5.79861277289549837e-01
4.65000000000000000e+01 -1.28325119255176947e+01 8.12738381636918694e-01 -2.72737757370069378e+00 8.12738381636918694e-01 -5.14742305185233381e-02 1.72736596562555134e-01 -2.72737757370069378e+00 1.72736596562555134e-01 -5.79667369311670511e-01
4.67500000000000000e+01 -1.28274539652797444e+01 8.12418039178479101e-01 -2.72630257237579920e+00 8.12418039178479101e-01 -5.14539418476260974e-02 1.72668512087580661e-01 -2.72630257237579920e+00 1.72668512087580661e-01 -5.79438892258835159e-01
4.70000000000000000e+01 -1.28216355840452412e+01 8.12049535975386427e-01 -2.72506595380989936e+00 8.12049535975386427e-01 -5.14306029488471317e-02 1.72590191694988376e-01 -2.72506595380989936e+00 1.72590191694988376e-01 -5.79176065638183357e-01
4.72500000000000000e+01 -1.28150617068423731e+01 8.11633183950938752e-01 -2.72366876475140218e+00 8.11633183950938752e-01 -5.14042335776355580e-02 1.72501701679874081e-01 -2.72366876475140218e+00 1.72501701679874081e-01 -5.78879111921991152e-01
4.75000000000000000e+01 -1.28077373232040959e+01 8.11169299113799203e-01 -2.72211206565833619e+00 8.11169299113799203e-01 -5.13748537481843182e-02 1.72403109205622906e-01 -2.72211206565833619e+00 1.72403109205622906e-01 -5.78548256496329127e-01
4.77500000000000000e+01 -1.27996674860262019e+01 8.10658201485672691e-01 -2.72039693045564501e+00 8.10658201485672691e-01 -5.13424837288496069e-02 1.72294482288538053e-01 -2.72039693045564501e+00 1.72294482288538053e-01 -5.78183727609480225e-01
4.80000000000000000e+01 -1.27908573104203374e+01 8.10100215028663695e-01 -2.71852444629141710e+00 8.10100215028663695e-01 -5.13071440375501078e-02 1.72175889782401448e-01 -2.71852444629141710e+00 1.72175889782401448e-01 -5.77785756320128185e-01
4.82500000000000000e+01 -1.27813119725622517e+01 8.09495667572328825e-01 -2.71649571329209172e+00 8.09495667572328825e-01 -5.12688554371470012e-02 1.72047401362969948e-01 -2.71649571329209172e+00 1.72047401362969948e-01 -5.77354576445330281e-01
4.85000000000000000e+01 -1.27710367085355117e+01 8.08844890740446187e-01 -2.71431184431670758e+00 8.08844890740446187e-01 -5.12276389308058411e-02 1.71909087512411102e-01 -2.71431184431670758e+00 1.71909087512411102e-01 -5.76890424508286759e-01
4.87500000000000000e+01 -1.27600368131710233e+01 8.08148219877516172e-01 -2.71197396471026009e+00 8.08148219877516172e-01 -5.11835157573416188e-02 1.71761019503681833e-01 -2.71197396471026009e+00 1.71761019503681833e-01 -5.76393539685919443e-01
4.90000000000000000e+01 -1.27483176388825772e+01 8.07405993975012004e-01 -2.70948321205621090e+00 8.07405993975012004e-01 -5.11365073865478470e-02 1.71603269384854012e-01 -2.70948321205621090e+00 1.71603269384854012e-01 -5.75864163756271474e-01
4.92500000000000000e+01 -1.27358845944987031e+01 8.06618555597395814e-01 -2.70684073592821539e+00 8.06618555597395814e-01 -5.10866355145108558e-02 1.71435909963390254e-01 -2.70684073592821539e+00 1.71435909963390254e-01 -5.75302541045740190e-01
4.95000000000000000e+01 -1.27227431440911616e+01 8.05786250807922100e-01 -2.70404769764113162e+00 8.05786250807922100e-01 -5.10339220589106010e-02 1.71259014790374281e-01 -2.70404769764113162e+00 1.71259014790374281e-01 -5.74708918376157341e-01
4.97500000000000000e+01 -1.27088988058002474e+01 8.04909429094239015e-01 -2.70110527000135825e+00 8.04909429094239015e-01 -5.09783891543086690e-02 1.71072658144698547e-01 -2.70110527000135825e+00 1.71072658144698547e-01 -5.74083545011726870e-01
5.00000000000000000e+01 -1.26943571506572734e+01 8.03988443293811139e-01 -2.69801463705656630e+00 8.03988443293811139e-01 -5.09200591474249925e-02 1.70876915017213971e-01 -2.69801463705656630e+00 1.70876915017213971e-01 -5.73426672605833909e-01
5.02500000000000000e+01 -1.26791238014044438e+01 8.03023649519177263e-01 -2.69477699384488156e+00 8.03023649519177263e-01 -5.08589545924040751e-02 1.70671861094844335e-01 -2.69477699384488156e+00 1.70671861094844335e-01 -5.72738555147736306e-01
5.05000000000000000e+01 -1.26632044313124048e+01 8.02015407083060294e-01 -2.69139354614356829e+00 8.02015407083060294e-01 -5.07950982460719236e-02 1.70457572744669467e-01 -2.69139354614356829e+00 1.70457572744669467e-01 -5.72019448909151684e-01
5.07500000000000000e+01 -1.26466047629957643e+01 8.00964078423349712e-01 -2.68786551021728570e+00 8.00964078423349712e-01 -5.07285130631848075e-02 1.70234126997981183e-01 -2.68786551021728570e+00 1.70234126997981183e-01 -5.71269612390752024e-01
5.10000000000000000e+01 -1.26293305672268072e+01 7.99870029027967999e-01 -2.68419411256595897e+00 7.99870029027967999e-01 -5.06592221916707733e-02 1.70001601534314845e-01 -2.68419411256595897e+00 1.70001601534314845e-01 -5.70489306268576968e-01
5.12500000000000000e+01 -1.26113876617476972e+01 7.98733627359643150e-01 -2.68038058967232784e+00 7.98733627359643150e-01 -5.05872489678651296e-02 1.69760074665460586e-01 -2.68038058967232784e+00 1.69760074665460586e-01 -5.69678793340379186e-01
5.15000000000000000e+01 -1.25927819100814329e+01 7.97555244780601247e-01 -2.67642618774923235e+00 7.97555244780601247e-01 -5.05126169117409360e-02 1.69509625319457818e-01 -2.67642618774923235e+00 1.69509625319457818e-01 -5.68838338471913119e-01
5.17500000000000000e+01 -1.25735192203418187e+01 7.96335255477196191e-01 -2.67233216248668715e+00 7.96335255477196191e-01 -5.04353497221354391e-02 1.69250333024576344e-01 -2.67233216248668715e+00 1.69250333024576344e-01 -5.67968208543179087e-01
5.20000000000000000e+01 -1.25536055440426857e+01 7.95074036384493477e-01 -2.66809977879879945e+00 7.95074036384493477e-01 -5.03554712719736716e-02 1.68982277893287486e-01 -2.66809977879879945e+00 1.68982277893287486e-01 -5.67068672394633766e-01
5.22500000000000000e+01 -1.25330468749066952e+01 7.93771967110825538e-01 -2.66373031057059251e+00 7.93771967110825538e-01 -5.02730056034901840e-02 1.68705540606229498e-01 -2.66373031057059251e+00 1.68705540606229498e-01 -5.66140000773381558e-01
5.25000000000000000e+01 -1.25118492476738759e+01 7.92429429862332113e-01 -2.65922504040478103e+00 7.92429429862332113e-01 -5.01879769234499160e-02 1.68420202396169671e-01 -2.65922504040478103e+00 1.68420202396169671e-01 -5.65182466279354534e-01
5.27500000000000000e+01 -1.24900187369102795e+01 7.91046809367506598e-01 -2.65458525936856260e+00 7.91046809367506598e-01 -5.01004095983693179e-02 1.68126345031967467e-01 -2.65458525936856260e+00 1.68126345031967467e-01 -5.64196343311496484e-01
5.30000000000000000e+01 -1.24675614558168810e+01 7.89624492801759281e-01 -2.64981226674046821e+00 7.89624492801759281e-01 -5.00103281497386518e-02 1.67824050802541619e-01 -2.64981226674046821e+00 1.67824050802541619e-01 -5.63181908013960064e-01
5.32500000000000000e+01 -1.24444835550390955e+01 7.88162869712018210e-01 -2.64490736975734020e+00 7.88162869712018210e-01 -4.99177572492466651e-02 1.67513402500845066e-01 -2.64490736975734020e+00 1.67513402500845066e-01 -5.62139438222329146e-01
5.35000000000000000e+01 -1.24207912214770833e+01 7.86662331941380910e-01 -2.63987188336147938e+00 7.86662331941380910e-01 -4.98227217140084153e-02 1.67194483407850591e-01 -2.63987188336147938e+00 1.67194483407850591e-01 -5.61069213409879364e-01
5.37500000000000000e+01 -1.23964906770971179e+01 7.85123273553833601e-01 -2.63470712994801559e+00 7.85123273553833601e-01 -4.97252465017974238e-02 1.66867377276550960e-01 -2.63470712994801559e+00 1.66867377276550960e-01 -5.59971514633884948e-01
5.40000000000000000e+01 -1.23715881777443091e+01 7.83546090759055125e-01 -2.62941443911256867e+00 7.83546090759055125e-01 -4.96253567062832010e-02 1.66532168315977031e-01 -2.62941443911256867e+00 1.66532168315977031e-01 -5.58846624481986964e-01
5.42500000000000000e+01 -1.23460900119568286e+01 7.81931181837317135e-01 -2.62399514739923001e+00 7.81931181837317135e-01 -4.95230775522748218e-02 1.66188941175236249e-01 -2.62399514739923001e+00 1.66188941175236249e-01 -5.57694827018630490e-01
5.45000000000000000e+01 -1.23200024997819959e+01 7.80278947064501960e-01 -2.61845059804893499e+00 7.80278947064501960e-01 -4.94184343909720158e-02 1.65837780927576228e-01 -2.61845059804893499e+00 1.65837780927576228e-01 -5.56516407731585061e-01
5.47500000000000000e+01 -1.22933319915943891e+01 7.78589788637247593e-01 -2.61278214074826920e+00 7.78589788637247593e-01 -4.93114526952242727e-02 1.65478773054475420e-01 -2.61278214074826920e+00 1.65478773054475420e-01 -5.55311653478555822e-01
5.50000000000000000e+01 -1.22660848669162501e+01 7.76864110598240010e-01 -2.60699113137876237e+00 7.76864110598240010e-01 -4.92021580547992374e-02 1.65112003429764759e-01 -2.60699113137876237e+00 1.65112003429764759e-01 -5.54080852433900151e-01
5.52500000000000000e+01 -1.22382675332404389e+01 7.75102318761664577e-01 -2.60107893176672134e+00 7.75102318761664577e-01 -4.90905761716612932e-02 1.64737558303783643e-01 -2.60107893176672134e+00 1.64737558303783643e-01 -5.52824294035457631e-01
5.55000000000000000e+01 -1.22098864248561210e+01 7.73304820638832990e-01 -2.59504690943364746e+00 7.73304820638832990e-01 -4.89767328552611278e-02 1.64355524287572718e-01 -2.59504690943364746e+00 1.64355524287572718e-01 -5.51542268931504931e-01
5.57500000000000000e+01 -1.21809480016774909e+01 7.71472025364000280e-01 -2.58889643734729757e+00 7.71472025364000280e-01 -4.88606540178374710e-02 1.63965988337107460e-01 -2.58889643734729757e+00 1.63965988337107460e-01 -5.50235068927846460e-01
5.60000000000000000e+01 -1.21514587480757026e+01 7.69604343620386211e-01 -2.58262889367342341e+00 7.69604343620386211e-01 -4.87423656697316549e-02 1.63569037737574891e-01 -2.58262889367342341e+00 1.63569037737574891e-01 -5.48902986935051129e-01
5.62500000000000000e+01 -1.21214251717142805e+01 7.67702187566417282e-01 -2.57624566152825896e+00 7.67702187566417282e-01 -4.86218939147162257e-02 1.63164760087697341e-01 -2.57624566152825896e+00 1.63164760087697341e-01 -5.47546316915845543e-01
5.65000000000000000e+01 -1.20908538023882013e+01 7.65765970762200432e-01 -2.56974812873177916e+00 7.65765970762200432e-01 -4.84992649453381969e-02 1.62753243284105481e-01 -2.56974812873177916e+00 1.62753243284105481e-01 -5.46165353832673728e-01
5.67500000000000000e+01 -1.20597511908669208e+01 7.63796108096246318e-01 -2.56313768756180194e+00 7.63796108096246318e-01 -4.83745050382781497e-02 1.62334575505764273e-01 -2.56313768756180194e+00 1.62334575505764273e-01 -5.44760393595433379e-01
5.70000000000000000e+01 -1.20281239077414952e+01 7.61793015712453836e-01 -2.55641573450895976e+00 7.61793015712453836e-01 -4.82476405497258010e-02 1.61908845198454554e-01 -2.55641573450895976e+00 1.61908845198454554e-01 -5.43331733009399964e-01
5.72500000000000000e+01 -1.19959785422760898e+01 7.59757110937370084e-01 -2.54958367003260244e+00 7.59757110937370084e-01 -4.81186979107730839e-02 1.61476141059313100e-01 -2.54958367003260244e+00 1.61476141059313100e-01 -5.41879669723346002e-01
5.75000000000000000e+01 -1.19633217012640518e+01 7.57688812207740980e-01 -2.54264289831767210e+00 7.57688812207740980e-01 -4.79877036228256240e-02 1.61036552021434493e-01 -2.54264289831767210e+00 1.61036552021434493e-01 -5.40404502177868507e-01
5.77500000000000000e+01 -1.19301600078887660e+01 7.55588538998364534e-01 -2.53559482703259187e+00 7.55588538998364534e-01 -4.78546842530333666e-02 1.60590167238537307e-01 -2.53559482703259187e+00 1.60590167238537307e-01 -5.38906529553931368e-01
5.80000000000000000e+01 -1.18965001005895168e+01 7.53456711750260300e-01 -2.52844086708822058e+00 7.53456711750260300e-01 -4.77196664297412365e-02 1.60137076069697515e-01 -2.52844086708822058e+00 1.60137076069697515e-01 -5.37386051721634783e-01
5.82500000000000000e+01 -1.18623486319325409e+01 7.51293751799169240e-01 -2.52118243239791218e+00 7.51293751799169240e-01 -4.75826768379607259e-02 1.59677368064152003e-01 -2.52118243239791218e+00 1.59677368064152003e-01 -5.35843369189218599e-01
5.85000000000000000e+01 -1.18277122674875113e+01 7.49100081304395427e-01 -2.51382093963872366e+00 7.49100081304395427e-01 -4.74437422148631383e-02 1.59211132946175032e-01 -2.51382093963872366e+00 1.59211132946175032e-01 -5.34278783052310691e-01
5.87500000000000000e+01 -1.17925976847096372e+01 7.46876123178006002e-01 -2.50635780801382424e+00 7.46876123178006002e-01 -4.73028893452955013e-02 1.58738460600030357e-01 -2.50635780801382424e+00 1.58738460600030357e-01 -5.32692594943429909e-01
5.90000000000000000e+01 -1.17570115718275563e+01 7.44622301014395194e-01 -2.49879445901612973e+00 7.44622301014395194e-01 -4.71601450573195941e-02 1.58259441055001282e-01 -2.49879445901612973e+00 1.58259441055001282e-01 -5.31085106981749933e-01
5.92500000000000000e+01 -1.17209606267372912e+01 7.42339039020234903e-01 -2.49113231619322795e+00 7.42339039020234903e-01 -4.70155362177753361e-02 1.57774164470502437e-01 -2.49113231619322795e+00 1.57774164470502437e-01 -5.29456621723137566e-01
5.95000000000000000e+01 -1.16844515559023545e+01 7.40026761944812983e-01 -2.48337280491361234e+00 7.40026761944812983e-01 -4.68690897278688998e-02 1.57282721121274172e-01 -2.48337280491361234e+00 1.57282721121274172e-01 -5.27807442110468150e-01
5.97500000000000000e+01 -1.16474910732603121e+01 7.37685895010781079e-01 -2.47551735213428481e+00 7.37685895010781079e-01 -4.67208325187866078e-02 1.56785201382663969e-01 -2.47551735213428481e+00 1.56785201382663969e-01 -5.26137871424233294e-01
6.00000000000000000e+01 -1.16100858991358873e+01 7.35316863845317692e-01 -2.46756738616975202e+00 7.35316863845317692e-01 -4.65707915473352260e-02 1.56281695715995955e-01 -2.46756738616975202e+00 1.56281695715995955e-01 -5.24448213233444149e-01
6.02500000000000000e+01 -1.15722427591608845e+01 7.32920094411721235e-01 -2.45952433646246948e+00 7.32920094411721235e-01 -4.64189937916094364e-02 1.55772294654032112e-01 -2.45952433646246948e+00 1.55772294654032112e-01 -5.22738771346841880e-01
6.05000000000000000e+01 -1.15339683832010316e+01 7.30496012941442840e-01 -2.45138963335475468e+00 7.30496012941442840e-01 -4.62654662466871897e-02 1.55257088786526637e-01 -2.45138963335475468e+00 1.55257088786526637e-01 -5.21009849764421551e-01
6.07500000000000000e+01 -1.14952695042900110e+01 7.28045045866574037e-01 -2.44316470786223361e+00 7.28045045866574037e-01 -4.61102359203538759e-02 1.54736168745877117e-01 -2.44316470786223361e+00 1.54736168745877117e-01 -5.19261752629280426e-01
6.10000000000000000e+01 -1.14561528575707392e+01 7.25567619752792936e-01 -2.43485099144881900e+00 7.25567619752792936e-01 -4.59533298288554923e-02 1.54209625192873234e-01 -2.43485099144881900e+00 1.54209625192873234e-01 -5.17494784179793554e-01
6.12500000000000000e+01 -1.14166251792441980e+01 7.23064161232789937e-01 -2.42644991580330238e+00 7.23064161232789937e-01 -4.57947749926821898e-02 1.53677548802547137e-01 -2.42644991580330238e+00 1.53677548802547137e-01 -5.15709248702130640e-01
6.15000000000000000e+01 -1.13766932055258838e+01 7.20535096940174369e-01 -2.41796291261756124e+00 7.20535096940174369e-01 -4.56345984323823436e-02 1.53140030250126319e-01 -2.41796291261756124e+00 1.53140030250126319e-01 -5.13905450483117199e-01
6.17500000000000000e+01 -1.13363636716101155e+01 7.17980853443879963e-01 -2.40939141336643292e+00 7.17980853443879963e-01 -4.54728271644081541e-02 1.52597160197092407e-01 -2.40939141336643292e+00 1.52597160197092407e-01 -5.12083693763450087e-01
6.20000000000000000e+01 -1.12956433106422853e+01 7.15401857183073475e-01 -2.40073684908928486e+00 7.15401857183073475e-01 -4.53094881969930904e-02 1.52049029277346703e-01 -2.40073684908928486e+00 1.52049029277346703e-01 -5.10244282691272866e-01
6.22500000000000000e+01 -1.12545388526993282e+01 7.12798534402582562e-01 -2.39200065017332575e+00 7.12798534402582562e-01 -4.51446085260623145e-02 1.51495728083486464e-01 -2.39200065017332575e+00 1.51495728083486464e-01 -5.08387521276121190e-01
6.25000000000000000e+01 -1.12130570237784362e+01 7.10171311088847346e-01 -2.38318424613866808e+00 7.10171311088847346e-01 -4.49782151311761622e-02 1.50937347153192014e-01 -2.38318424613866808e+00 1.50937347153192014e-01 -5.06513713343241356e-01
6.27500000000000000e+01 -1.11712045447942785e+01 7.07520612906409774e-01 -2.37428906542520313e+00 7.07520612906409774e-01 -4.48103349715077842e-02 1.50373976955728683e-01 -2.37428906542520313e+00 1.50373976955728683e-01 -5.04623162488293198e-01
6.30000000000000000e+01 -1.11289881305848013e+01 7.04846865134946876e-01 -2.36531653518129747e+00 7.04846865134946876e-01 -4.46409949818551838e-02 1.49805707878563898e-01 -2.36531653518129747e+00 1.49805707878563898e-01 -5.02716172032440456e-01
6.32500000000000000e+01 -1.10864144889258398e+01 7.02150492606861465e-01 -2.35626808105436014e+00 7.02150492606861465e-01 -4.44702220686885308e-02 1.49232630214102935e-01 -2.35626808105436014e+00 1.49232630214102935e-01 -5.00793044977838275e-01
6.35000000000000000e+01 -1.10434903195545751e+01 6.99431919645433831e-01 -2.34714512698329347e+00 6.99431919645433831e-01 -4.42980431062331009e-02 1.48654834146544040e-01 -2.34714512698329347e+00 1.48654834146544040e-01 -4.98854083963521822e-01
6.37500000000000000e+01 -1.10002223132021015e+01 6.96691570003549754e-01 -2.33794909499287584e+00 6.96691570003549754e-01 -4.41244849325885952e-02 1.48072409738855715e-01 -2.33794909499287584e+00 1.48072409738855715e-01 -4.96899591221705239e-01
6.40000000000000000e+01 -1.09566171506351289e+01 6.93929866803007722e-01 -2.32868140499009124e+00 6.93929866803007722e-01 -4.39495743458852492e-02 1.47485446919877305e-01 -2.32868140499009124e+00 1.47485446919877305e-01 -4.94929868534493722e-01
6.42500000000000000e+01 -1.09126815017070253e+01 6.91147232474417006e-01 -2.31934347456243906e+00 6.91147232474417006e-01 -4.37733381004772812e-02 1.46894035471545309e-01 -2.31934347456243906e+00 1.46894035471545309e-01 -4.92945217191017304e-01
6.45000000000000000e+01 -1.08684220244183400e+01 6.88344088697696921e-01 -2.30993671877826312e+00 6.88344088697696921e-01 -4.35958029031745034e-02 1.46298265016247125e-01 -2.30993671877826312e+00 1.46298265016247125e-01 -4.90945937944993471e-01
6.47500000000000000e+01 -1.08238453639868499e+01 6.85520856343178164e-01 -2.30046254998909872e+00 6.85520856343178164e-01 -4.34169954095119590e-02 1.45698225004303017e-01 -2.30046254998909872e+00 1.45698225004303017e-01 -4.88932330972718654e-01
6.50000000000000000e+01 -1.07789581519273554e+01 6.82677955413323434e-01 -2.29092237763410012e+00 6.82677955413323434e-01 -4.32369422200588743e-02 1.45094004701579571e-01 -2.29092237763410012e+00 1.45094004701579571e-01 -4.86904695831501977e-01
6.52500000000000000e+01 -1.07337670051412921e+01 6.79815804985067329e-01 -2.28131760804654693e+00 6.79815804985067329e-01 -4.30556698767667820e-02 1.44485693177234836e-01 -2.28131760804654693e+00 1.44485693177234836e-01 -4.84863331418540489e-01
6.55000000000000000e+01 -1.06882785250162726e+01 6.76934823152787524e-01 -2.27164964426246518e+00 6.76934823152787524e-01 -4.28732048593576526e-02 1.43873379291597658e-01 -2.27164964426246518e+00 1.43873379291597658e-01 -4.82808535930244753e-01
6.57500000000000000e+01 -1.06424992965357035e+01 6.74035426971912099e-01 -2.26191988583138626e+00 6.74035426971912099e-01 -4.26895735817522798e-02 1.43257151684182127e-01 -2.26191988583138626e+00 1.43257151684182127e-01 -4.80740606822017635e-01
6.60000000000000000e+01 -1.05964358873985596e+01 6.71118032403171583e-01 -2.25212972862926986e+00 6.71118032403171583e-01 -4.25048023885395559e-02 1.42637098761839110e-01 -2.25212972862926986e+00 1.42637098761839110e-01 -4.78659840768493883e-01
6.62500000000000000e+01 -1.05500948471494347e+01 6.68183054257501574e-01 -2.24228056467360704e+00 6.68183054257501574e-01 -4.23189175514868607e-02 1.42013308687046008e-01 -2.24228056467360704e+00 1.42013308687046008e-01 -4.76566533624242561e-01
6.65000000000000000e+01 -1.05034827063189962e+01 6.65230906141603073e-01 -2.23237378194073344e+00 6.65230906141603073e-01 -4.21319452660922356e-02 1.41385869366336431e-01 -2.23237378194073344e+00 1.41385869366336431e-01 -4.74460980384939834e-01
6.67500000000000000e+01 -1.04566059755748881e+01 6.62262000404166162e-01 -2.22241076418536654e+00 6.62262000404166162e-01 -4.19439116481784419e-02 1.40754868438870695e-01 -2.22241076418536654e+00 1.40754868438870695e-01 -4.72343475149013647e-01
6.70000000000000000e+01 -1.04094711448832182e+01 6.59276748082763708e-01 -2.21239289076239309e+00 6.59276748082763708e-01 -4.17548427305295192e-02 1.40120393265148802e-01 -2.21239289076239309e+00 1.40120393265148802e-01 -4.70214311079767022e-01
6.72500000000000000e+01 -1.03620846826807647e+01 6.56275558851422414e-01 -2.20232153645092810e+00 6.56275558851422414e-01 -4.15647644595702609e-02 1.39482530915867403e-01 -2.20232153645092810e+00 1.39482530915867403e-01 -4.68073780367984693e-01
6.75000000000000000e+01 -1.03144530350578787e+01 6.53258840968874099e-01 -2.19219807128065636e+00 6.53258840968874099e-01 -4.13737026920887110e-02 1.38841368160921269e-01 -2.19219807128065636e+00 1.38841368160921269e-01 -4.65922174195023742e-01
6.77500000000000000e+01 -1.02665826249522887e+01 6.50227001227494439e-01 -2.18202386036048424e+00 6.50227001227494439e-01 -4.11816831920022580e-02 1.38196991458550911e-01 -2.18202386036048424e+00 1.38196991458550911e-01 -4.63759782696396117e-01
6.80000000000000000e+01 -1.02184798513538198e+01 6.47180444902935248e-01 -2.17180026370951307e+00 6.47180444902935248e-01 -4.09887316271676030e-02 1.37549486944637617e-01 -2.17180026370951307e+00 1.37549486944637617e-01 -4.61586894925844093e-01
6.82500000000000000e+01 -1.01701510885201269e+01 6.44119575704453329e-01 -2.16152863609035606e+00 6.44119575704453329e-01 -4.07948735662349155e-02 1.36898940422146537e-01 -2.16152863609035606e+00 1.36898940422146537e-01 -4.59403798819914444e-01
6.85000000000000000e+01 -1.01216026852035430e+01 6.41044795725942862e-01 -2.15121032684481150e+00 6.41044795725942862e-01 -4.06001344755464524e-02 1.36245437350719256e-01 -2.15121032684481150e+00 1.36245437350719256e-01 -4.57210781163032598e-01
6.87500000000000000e+01 -1.00728409638890462e+01 6.37956505397673790e-01 -2.14084667973190745e+00 6.37956505397673790e-01 -4.04045397160799694e-02 1.35589062836416363e-01 -2.14084667973190745e+00 1.35589062836416363e-01 -4.55008127553081454e-01
6.90000000000000000e+01 -1.00238722200435344e+01 6.34855103438743740e-01 -2.13043903276834090e+00 6.34855103438743740e-01 -4.02081145404373091e-02 1.34929901621611864e-01 -2.13043903276834090e+00 1.34929901621611864e-01 -4.52796122367488785e-01
6.92500000000000000e+01 -9.97470272137633707e+00 6.31740986810243932e-01 -2.11998871807131328e+00 6.31740986810243932e-01 -4.00108840898781570e-02 1.34268038075039231e-01 -2.11998871807131328e+00 1.34268038075039231e-01 -4.50575048729823902e-01
6.95000000000000000e+01 -9.92533870711113764e+00 6.28614550669146732e-01 -2.10949706170378493e+00 6.28614550669146732e-01 -3.98128733913995711e-02 1.33603556181990712e-01 -2.10949706170378493e+00 1.33603556181990712e-01 -4.48345188476908685e-01
6.97500000000000000e+01 -9.87578638726929547e+00 6.25476188322915072e-01 -2.09896538352215423e+00 6.25476188322915072e-01 -3.96141073548611916e-02 1.32936539534670217e-01 -2.09896538352215423e+00 1.32936539534670217e-01 -4.46106822126444369e-01
7.00000000000000000e+01 -9.82605194196468901e+00 6.22326291184842062e-01 -2.08839499702638998e+00 6.22326291184842062e-01 -3.94146107701567189e-02 1.32267071322701435e-01 -2.08839499702638998e+00 1.32267071322701435e-01 -4.43860228845157856e-01
