mode,zone_name,time_s,cg_x_m,cg_y_m,cg_z_m,q0,q1,q2,q3,theta_x_rad,theta_y_rad,theta_z_rad,vx_m_s,vy_m_s,vz_m_s,omega_x_rad_s,omega_y_rad_s,omega_z_rad_s,Fmag_x_N,Fmag_y_N,Fmag_z_N,Tmag_x_Nm,Tmag_y_Nm,Tmag_z_Nm,radial_displacement_m,estimated_wall_clearance_m,source_s_eff_mm,phase_rad,ramp,m_global_x,m_global_y,m_global_z,B_x_T,B_y_T,B_z_T
LOAD_ONLY_FROZEN,robot_component_fluid,2.5000000000000001e-05,0.0012060186937156341,0,0,0.98901586336191682,0.053211388006659838,0.070948517342213108,0.11824752890368848,0.106814150222053,0.14241886696273731,0.23736477827122879,0,0,0,0,0,0,-4.9488618007604958e-08,0,0,2.1926899343739412e-10,1.7239766441099995e-09,5.1796850554085366e-09,0,0.00089999999999999998,31.699771242759283,0.015707963267948967,0.0018437500000000006,0.00099886209297775992,0.00025960864783681705,-0.00012869097716542105,-0.010989446360463069,-4.3684310780858422e-05,0.00047975032203907193
LOAD_ONLY_FROZEN,robot_component_fluid,2.5000000000000001e-05,0.0012060186937156341,0,0,0.98901586336191682,0.053211388006659838,0.070948517342213108,0.11824752890368848,0.106814150222053,0.14241886696273731,0.23736477827122879,0,0,0,0,0,0,-4.9488618007604958e-08,0,0,2.1926899343739412e-10,1.7239766441099995e-09,5.1796850554085366e-09,0,0.00089999999999999998,31.699771242759283,0.015707963267948967,0.0018437500000000006,0.00099886209297775992,0.00025960864783681705,-0.00012869097716542105,-0.010989446360463069,-4.3684310780858422e-05,0.00047975032203907193
LOAD_ONLY_FROZEN,robot_component_fluid,5.0000000000000002e-05,0.0012060186937156341,0,0,0.98901586336191682,0.053211388006659838,0.070948517342213108,0.11824752890368848,0.106814150222053,0.14241886696273731,0.23736477827122879,0,0,0,0,0,0,-1.9459884760596365e-07,0,0,8.2110769839775732e-10,6.7801587403527814e-09,2.0050832262831198e-08,0,0.00089999999999999998,31.699621242759285,0.031415926535897934,0.0072500000000000012,0.00099886209297775992,0.00025960864783681705,-0.00012869097716542105,-0.01098919421323837,-8.735721865496036e-05,0.00047956152897948173
LOAD_ONLY_FROZEN,robot_component_fluid,5.0000000000000002e-05,0.0012060186937156341,0,0,0.98901586336191682,0.053211388006659838,0.070948517342213108,0.11824752890368848,0.106814150222053,0.14241886696273731,0.23736477827122879,0,0,0,0,0,0,-1.9459884760596365e-07,0,0,8.2110769839775732e-10,6.7801587403527814e-09,2.0050832262831198e-08,0,0.00089999999999999998,31.699621242759285,0.031415926535897934,0.0072500000000000012,0.00099886209297775992,0.00025960864783681705,-0.00012869097716542105,-0.01098919421323837,-8.735721865496036e-05,0.00047956152897948173
LOAD_ONLY_FROZEN,robot_component_fluid,7.5000000000000007e-05,0.0012060186937156341,0,0,0.98901586336191682,0.053211388006659838,0.070948517342213108,0.11824752890368848,0.106814150222053,0.14241886696273731,0.23736477827122879,0,0,0,0,0,0,-4.302972881372324e-07,0,0,1.7242762488105805e-09,1.4996504642768059e-08,4.3635821244313485e-08,0,0.00089999999999999998,31.699471242759284,0.047123889803846901,0.016031250000000004,0.00099886209297775992,0.00025960864783681705,-0.00012869097716542105,-0.010988774246403809,-0.00013100732490320291,0.0004792469534531385
LOAD_ONLY_FROZEN,robot_component_fluid,7.5000000000000007e-05,0.0012060186937156341,0,0,0.98901586336191682,0.053211388006659838,0.070948517342213108,0.11824752890368848,0.106814150222053,0.14241886696273731,0.23736477827122879,0,0,0,0,0,0,-4.302972881372324e-07,0,0,1.7242762488105805e-09,1.4996504642768059e-08,4.3635821244313485e-08,0,0.00089999999999999998,31.699471242759284,0.047123889803846901,0.016031250000000004,0.00099886209297775992,0.00025960864783681705,-0.00012869097716542105,-0.010988774246403809,-0.00013100732490320291,0.0004792469534531385
LOAD_ONLY_FROZEN,robot_component_fluid,0.0001,0.0012060186937156341,0,0,0.98901586336191682,0.053211388006659838,0.070948517342213108,0.11824752890368848,0.106814150222053,0.14241886696273731,0.23736477827122879,0,0,0,0,0,0,-7.5155058691647476e-07,0,0,2.8512379980428484e-09,2.6202921621180705e-08,7.4989706491596089e-08,0,0.00089999999999999998,31.699321242759286,0.062831853071795868,0.028000000000000004,0.00099886209297775992,0.00025960864783681705,-0.00012869097716542105,-0.010988186877472795,-0.00017462323917778741,0.00047880671473333921
LOAD_ONLY_FROZEN,robot_component_fluid,0.0001,0.0012060186937156341,0,0,0.98901586336191682,0.053211388006659838,0.070948517342213108,0.11824752890368848,0.106814150222053,0.14241886696273731,0.23736477827122879,0,0,0,0,0,0,-7.5155058691647476e-07,0,0,2.8512379980428484e-09,2.6202921621180705e-08,7.4989706491596089e-08,0,0.00089999999999999998,31.699321242759286,0.062831853071795868,0.028000000000000004,0.00099886209297775992,0.00025960864783681705,-0.00012869097716542105,-0.010988186877472795,-0.00017462323917778741,0.00047880671473333921
LOAD_ONLY_FROZEN,robot_component_fluid,0.000125,0.0012060186937156341,0,0,0.98901586336191682,0.053211388006659838,0.070948517342213108,0.11824752890368848,0.106814150222053,0.14241886696273731,0.23736477827122879,0,0,0,0,0,0,-1.1533254392330621e-06,0,0,4.1282634150016386e-09,4.0231067576635238e-08,1.1320062377759532e-07,0,0.00089999999999999998,31.699171242759284,0.078539816339744828,0.04296875,0.00099886209297775992,0.00025960864783681705,-0.00012869097716542105,-0.010987432690371479,-0.00021819358367787341,0.0004782409796305485
LOAD_ONLY_FROZEN,robot_component_fluid,0.000125,0.0012060186937156341,0,0,0.98901586336191682,0.053211388006659838,0.070948517342213108,0.11824752890368848,0.106814150222053,0.14241886696273731,0.23736477827122879,0,0,0,0,0,0,-1.1533254392330621e-06,0,0,4.1282634150016386e-09,4.0231067576635238e-08,1.1320062377759532e-07,0,0.00089999999999999998,31.699171242759284,0.078539816339744828,0.04296875,0.00099886209297775992,0.00025960864783681705,-0.00012869097716542105,-0.010987432690371479,-0.00021819358367787341,0.0004782409796305485
LOAD_ONLY_FROZEN,robot_component_fluid,0.00015000000000000001,0.0012060186937156341,0,0,0.98901586336191682,0.053211388006659838,0.070948517342213108,0.11824752890368848,0.106814150222053,0.14241886696273731,0.23736477827122879,0,0,0,0,0,0,-1.6305885883520739e-06,0,0,5.4855288247220659e-09,5.6914151810437433e-08,1.5739015464311121e-07,0,0.00089999999999999998,31.699021242759283,0.094247779607693802,0.060750000000000019,0.00099886209297775992,0.00025960864783681705,-0.00012869097716542105,-0.010986512434846865,-0.00026170699731325266,0.00047754996232065677
LOAD_ONLY_FROZEN,robot_component_fluid,0.00015000000000000001,0.0012060186937156341,0,0,0.98901586336191682,0.053211388006659838,0.070948517342213108,0.11824752890368848,0.106814150222053,0.14241886696273731,0.23736477827122879,0,0,0,0,0,0,-1.6305885883520739e-06,0,0,5.4855288247220659e-09,5.6914151810437433e-08,1.5739015464311121e-07,0,0.00089999999999999998,31.699021242759283,0.094247779607693802,0.060750000000000019,0.00099886209297775992,0.00025960864783681705,-0.00012869097716542105,-0.010986512434846865,-0.00026170699731325266,0.00047754996232065677
LOAD_ONLY_FROZEN,robot_component_fluid,0.00017500000000000003,0.0012060186937156341,0,0,0.98901586336191682,0.053211388006659838,0.070948517342213108,0.11824752890368848,0.106814150222053,0.14241886696273731,0.23736477827122879,0,0,0,0,0,0,-2.1783068255156962e-06,0,0,6.8572098863894119e-09,7.6086735025928701e-08,2.0671364848921354e-07,0,0.00089999999999999998,31.698871242759285,0.10995574287564278,0.081156250000000013,0.00099886209297775992,0.00025960864783681705,-0.00012869097716542105,-0.010985427025706936,-0.0003051521398520839,0.00047673392412475341
LOAD_ONLY_FROZEN,robot_component_fluid,0.00017500000000000003,0.0012060186937156341,0,0,0.98901586336191682,0.053211388006659838,0.070948517342213108,0.11824752890368848,0.106814150222053,0.14241886696273731,0.23736477827122879,0,0,0,0,0,0,-2.1783068255156962e-06,0,0,6.8572098863894119e-09,7.6086735025928701e-08,2.0671364848921354e-07,0,0.00089999999999999998,31.698871242759285,0.10995574287564278,0.081156250000000013,0.00099886209297775992,0.00025960864783681705,-0.00012869097716542105,-0.010985427025706936,-0.0003051521398520839,0.00047673392412475341
LOAD_ONLY_FROZEN,robot_component_fluid,0.00020000000000000004,0.0012060186937156341,0,0,0.98901586336191682,0.053211388006659838,0.070948517342213108,0.11824752890368848,0.106814150222053,0.14241886696273731,0.23736477827122879,0,0,0,0,0,0,-2.7914469899446236e-06,0,0,8.1815697070733689e-09,9.7584528743194045e-08,2.6036050184928849e-07,0,0.00089999999999999998,31.698721242759284,0.12566370614359176,0.10400000000000004,0.00099886209297775992,0.00025960864783681705,-0.00012869097716542105,-0.010984177541893533,-0.00034851769604875602,0.00047579317324085066
LOAD_ONLY_FROZEN,robot_component_fluid,0.00020000000000000004,0.0012060186937156341,0,0,0.98901586336191682,0.053211388006659838,0.070948517342213108,0.11824752890368848,0.106814150222053,0.14241886696273731,0.23736477827122879,0,0,0,0,0,0,-2.7914469899446236e-06,0,0,8.1815697070733689e-09,9.7584528743194045e-08,2.6036050184928849e-07,0,0.00089999999999999998,31.698721242759284,0.12566370614359176,0.10400000000000004,0.00099886209297775992,0.00025960864783681705,-0.00012869097716542105,-0.010984177541893533,-0.00034851769604875602,0.00047579317324085066
LOAD_ONLY_FROZEN,robot_component_fluid,0.00022500000000000005,0.0012060186937156341,0,0,0.98901586336191682,0.053211388006659838,0.070948517342213108,0.11824752890368848,0.106814150222053,0.14241886696273731,0.23736477827122879,0,0,0,0,0,0,-3.4649759688394583e-06,0,0,9.4010414950097593e-09,1.2124419430751614e-07,3.175543944590973e-07,0,0.00089999999999999998,31.698571242759286,0.14137166941154072,0.12909375000000003,0.00099886209297775992,0.00025960864783681705,-0.00012869097716542105,-0.010982765225389084,-0.00039179237974798134,0.00047472806442808992
LOAD_ONLY_FROZEN,robot_component_fluid,0.00022500000000000005,0.0012060186937156341,0,0,0.98901586336191682,0.053211388006659838,0.070948517342213108,0.11824752890368848,0.106814150222053,0.14241886696273731,0.23736477827122879,0,0,0,0,0,0,-3.4649759688394583e-06,0,0,9.4010414950097593e-09,1.2124419430751614e-07,3.175543944590973e-07,0,0.00089999999999999998,31.698571242759286,0.14137166941154072,0.12909375000000003,0.00099886209297775992,0.00025960864783681705,-0.00012869097716542105,-0.010982765225389084,-0.00039179237974798134,0.00047472806442808992
LOAD_ONLY_FROZEN,robot_component_fluid,0.00025000000000000006,0.0012060186937156341,0,0,0.98901586336191682,0.053211388006659838,0.070948517342213108,0.11824752890368848,0.106814150222053,0.14241886696273731,0.23736477827122879,0,0,0,0,0,0,-4.1938606973821125e-06,0,0,1.0462305662039323e-08,1.4690314167253599e-07,3.7755348178831383e-07,0,0.00089999999999999998,31.698421242759284,0.15707963267948971,0.15625000000000006,0.00099886209297775992,0.00025960864783681705,-0.00012869097716542105,-0.010981191479958245,-0.00043496493796126251,0.00047353899864405419
LOAD_ONLY_FROZEN,robot_component_fluid,0.00025000000000000006,0.0012060186937156341,0,0,0.98901586336191682,0.053211388006659838,0.070948517342213108,0.11824752890368848,0.106814150222053,0.14241886696273731,0.23736477827122879,0,0,0,0,0,0,-4.1938606973821125e-06,0,0,1.0462305662039323e-08,1.4690314167253599e-07,3.7755348178831383e-07,0,0.00089999999999999998,31.698421242759284,0.15707963267948971,0.15625000000000006,0.00099886209297775992,0.00025960864783681705,-0.00012869097716542105,-0.010981191479958245,-0.00043496493796126251,0.00047353899864405419
LOAD_ONLY_FROZEN,robot_component_fluid,0.00027500000000000007,0.0012060186937156341,0,0,0.98901586336191682,0.053211388006659838,0.070948517342213108,0.11824752890368848,0.106814150222053,0.14241886696273731,0.23736477827122879,0,0,0,0,0,0,-4.9730681587372022e-06,0,0,1.1316361290791296e-08,1.7439932813876483e-07,4.3965054374277495e-07,0,0.00089999999999999998,31.698271242759283,0.17278759594743867,0.18528125000000006,0.00099886209297775992,0.00025960864783681705,-0.00012869097716542105,-0.010979457869725864,-0.000478024154911927,0.00047222642263590377
LOAD_ONLY_FROZEN,robot_component_fluid,0.00027500000000000007,0.0012060186937156341,0,0,0.98901586336191682,0.053211388006659838,0.070948517342213108,0.11824752890368848,0.106814150222053,0.14241886696273731,0.23736477827122879,0,0,0,0,0,0,-4.9730681587372022e-06,0,0,1.1316361290791296e-08,1.7439932813876483e-07,4.3965054374277495e-07,0,0.00089999999999999998,31.698271242759283,0.17278759594743867,0.18528125000000006,0.00099886209297775992,0.00025960864783681705,-0.00012869097716542105,-0.010979457869725864,-0.000478024154911927,0.00047222642263590377
LOAD_ONLY_FROZEN,robot_component_fluid,0.00030000000000000008,0.0012060186937156341,0,0,0.98901586336191682,0.053211388006659838,0.070948517342213108,0.11824752890368848,0.106814150222053,0.14241886696273731,0.23736477827122879,0,0,0,0,0,0,-5.7975653840534579e-06,0,0,1.1918591888368633e-08,2.0357105722732086e-07,5.0317308929299908e-07,0,0.00089999999999999998,31.698121242759285,0.18849555921538766,0.21600000000000016,0.00099886209297775992,0.00025960864783681705,-0.00012869097716542105,-0.010977566117592808,-0.00052095885604497576,0.00047079082848614363
LOAD_ONLY_FROZEN,robot_component_fluid,0.00030000000000000008,0.0012060186937156341,0,0,0.98901586336191682,0.053211388006659838,0.070948517342213108,0.11824752890368848,0.106814150222053,0.14241886696273731,0.23736477827122879,0,0,0,0,0,0,-5.7975653840534579e-06,0,0,1.1918591888368633e-08,2.0357105722732086e-07,5.0317308929299908e-07,0,0.00089999999999999998,31.698121242759285,0.18849555921538766,0.21600000000000016,0.00099886209297775992,0.00025960864783681705,-0.00012869097716542105,-0.010977566117592808,-0.00052095885604497576,0.00047079082848614363
LOAD_ONLY_FROZEN,robot_component_fluid,0.00032500000000000009,0.0012060186937156341,0,0,0.98901586336191682,0.053211388006659838,0.070948517342213108,0.11824752890368848,0.106814150222053,0.14241886696273731,0.23736477827122879,0,0,0,0,0,0,-6.6623194524651104e-06,0,0,1.22288253546371e-08,2.3425677786753661e-07,5.67483416831309e-07,0,0.00089999999999999998,31.697971242759284,0.20420352248333662,0.24821875000000004,0.00099886209297775992,0.00025960864783681705,-0.00012869097716542105,-0.010975518103491275,-0.00056375791199805294,0.0004692327531139154
LOAD_ONLY_FROZEN,robot_component_fluid,0.00032500000000000009,0.0012060186937156341,0,0,0.98901586336191682,0.053211388006659838,0.070948517342213108,0.11824752890368848,0.106814150222053,0.14241886696273731,0.23736477827122879,0,0,0,0,0,0,-6.6623194524651104e-06,0,0,1.22288253546371e-08,2.3425677786753661e-07,5.67483416831309e-07,0,0.00089999999999999998,31.697971242759284,0.20420352248333662,0.24821875000000004,0.00099886209297775992,0.00025960864783681705,-0.00012869097716542105,-0.010975518103491275,-0.00056375791199805294,0.0004692327531139154
LOAD_ONLY_FROZEN,robot_component_fluid,0.0003500000000000001,0.0012060186937156341,0,0,0.98901586336191682,0.053211388006659838,0.070948517342213108,0.11824752890368848,0.106814150222053,0.14241886696273731,0.23736477827122879,0,0,0,0,0,0,-7.5622974910933057e-06,0,0,1.2211388099728391e-08,2.6629488407541999e-07,6.3197863010704763e-07,0,0.00089999999999999998,31.697821242759286,0.21991148575128561,0.28175000000000011,0.00099886209297775992,0.00025960864783681705,-0.00012869097716542105,-0.010973315862481547,-0.00060641024252991926,0.0004675527777328004
LOAD_ONLY_FROZEN,robot_component_fluid,0.0003500000000000001,0.0012060186937156341,0,0,0.98901586336191682,0.053211388006659838,0.070948517342213108,0.11824752890368848,0.106814150222053,0.14241886696273731,0.23736477827122879,0,0,0,0,0,0,-7.5622974910933057e-06,0,0,1.2211388099728391e-08,2.6629488407541999e-07,6.3197863010704763e-07,0,0.00089999999999999998,31.697821242759286,0.21991148575128561,0.28175000000000011,0.00099886209297775992,0.00025960864783681705,-0.00012869097716542105,-0.010973315862481547,-0.00060641024252991926,0.0004675527777328004
LOAD_ONLY_FROZEN,robot_component_fluid,0.00037500000000000012,0.0012060186937156341,0,0,0.98901586336191682,0.053211388006659838,0.070948517342213108,0.11824752890368848,0.106814150222053,0.14241886696273731,0.23736477827122879,0,0,0,0,0,0,-8.4924666750474973e-06,0,0,1.1835153252021406e-08,2.9952351529784311e-07,6.9609060963677228e-07,0,0.00089999999999999998,31.697671242759284,0.23561944901923457,0.31640625000000017,0.00099886209297775992,0.00025960864783681705,-0.00012869097716542105,-0.010970961582692153,-0.00064890482040287525,0.00046575152726619818
LOAD_ONLY_FROZEN,robot_component_fluid,0.00037500000000000012,0.0012060186937156341,0,0,0.98901586336191682,0.053211388006659838,0.070948517342213108,0.11824752890368848,0.106814150222053,0.14241886696273731,0.23736477827122879,0,0,0,0,0,0,-8.4924666750474973e-06,0,0,1.1835153252021406e-08,2.9952351529784311e-07,6.9609060963677228e-07,0,0.00089999999999999998,31.697671242759284,0.23561944901923457,0.31640625000000017,0.00099886209297775992,0.00025960864783681705,-0.00012869097716542105,-0.010970961582692153,-0.00064890482040287525,0.00046575152726619818
LOAD_ONLY_FROZEN,robot_component_fluid,0.00040000000000000013,0.0012060186937156341,0,0,0.98901586336191682,0.053211388006659838,0.070948517342213108,0.11824752890368848,0.106814150222053,0.14241886696273731,0.23736477827122879,0,0,0,0,0,0,-9.4477942274268418e-06,0,0,1.1073582904651198e-08,3.3378035759482776e-07,7.592859395339214e-07,0,0.00089999999999999998,31.697521242759283,0.25132741228718353,0.3520000000000002,0.00099886209297775992,0.00025960864783681705,-0.00012869097716542105,-0.010968457603105688,-0.00069123067521567236,0.00046382966972142938
LOAD_ONLY_FROZEN,robot_component_fluid,0.00040000000000000013,0.0012060186937156341,0,0,0.98901586336191682,0.053211388006659838,0.070948517342213108,0.11824752890368848,0.106814150222053,0.14241886696273731,0.23736477827122879,0,0,0,0,0,0,-9.4477942274268418e-06,0,0,1.1073582904651198e-08,3.3378035759482776e-07,7.592859395339214e-07,0,0.00089999999999999998,31.697521242759283,0.25132741228718353,0.3520000000000002,0.00099886209297775992,0.00025960864783681705,-0.00012869097716542105,-0.010968457603105688,-0.00069123067521567236,0.00046382966972142938
LOAD_ONLY_FROZEN,robot_component_fluid,0.00042500000000000014,0.0012060186937156341,0,0,0.98901586336191682,0.053211388006659838,0.070948517342213108,0.11824752890368848,0.106814150222053,0.14241886696273731,0.23736477827122879,0,0,0,0,0,0,-1.0423247419321615e-05,0,0,9.9047643554944978e-09,3.6890244582936104e-07,8.2106578975007907e-07,0,0.00089999999999999998,31.697371242759285,0.26703537555513251,0.38834375000000015,0.00099886209297775992,0.00025960864783681705,-0.00012869097716542105,-0.010965806411192641,-0.00073337689718352863,0.00046178791552379254
LOAD_ONLY_FROZEN,robot_component_fluid,0.00042500000000000014,0.0012060186937156341,0,0,0.98901586336191682,0.053211388006659838,0.070948517342213108,0.11824752890368848,0.106814150222053,0.14241886696273731,0.23736477827122879,0,0,0,0,0,0,-1.0423247419321615e-05,0,0,9.9047643554944978e-09,3.6890244582936104e-07,8.2106578975007907e-07,0,0.00089999999999999998,31.697371242759285,0.26703537555513251,0.38834375000000015,0.00099886209297775992,0.00025960864783681705,-0.00012869097716542105,-0.010965806411192641,-0.00073337689718352863,0.00046178791552379254
LOAD_ONLY_FROZEN,robot_component_fluid,0.00045000000000000015,0.0012060186937156341,0,0,0.98901586336191682,0.053211388006659838,0.070948517342213108,0.11824752890368848,0.106814150222053,0.14241886696273731,0.23736477827122879,0,0,0,0,0,0,-1.1413793569814583e-05,0,0,8.3114403025779651e-09,4.0472596703087793e-07,8.8096575376762316e-07,0,0.00089999999999999998,31.697221242759284,0.2827433388230815,0.42525000000000013,0.00099886209297775992,0.00025960864783681705,-0.00012869097716542105,-0.010963010640395758,-0.00077533264086196375,0.00045962701681187676
LOAD_ONLY_FROZEN,robot_component_fluid,0.00045000000000000015,0.0012060186937156341,0,0,0.98901586336191682,0.053211388006659838,0.070948517342213108,0.11824752890368848,0.106814150222053,0.14241886696273731,0.23736477827122879,0,0,0,0,0,0,-1.1413793569814583e-05,0,0,8.3114403025779651e-09,4.0472596703087793e-07,8.8096575376762316e-07,0,0.00089999999999999998,31.697221242759284,0.2827433388230815,0.42525000000000013,0.00099886209297775992,0.00025960864783681705,-0.00012869097716542105,-0.010963010640395758,-0.00077533264086196375,0.00045962701681187676
LOAD_ONLY_FROZEN,robot_component_fluid,0.00047500000000000016,0.0012060186937156341,0,0,0.98901586336191682,0.053211388006659838,0.070948517342213108,0.11824752890368848,0.106814150222053,0.14241886696273731,0.23736477827122879,0,0,0,0,0,0,-1.2414400045982447e-05,0,0,6.2810329639332981e-09,4.4108606509486574e-07,9.3855564183105253e-07,0,0.00089999999999999998,31.697071242759286,0.29845130209103043,0.46253125000000023,0.00099886209297775992,0.00025960864783681705,-0.00012869097716542105,-0.010960073067467642,-0.00081708712881126437,0.00045734776669551132
LOAD_ONLY_FROZEN,robot_component_fluid,0.00047500000000000016,0.0012060186937156341,0,0,0.98901586336191682,0.053211388006659838,0.070948517342213108,0.11824752890368848,0.106814150222053,0.14241886696273731,0.23736477827122879,0,0,0,0,0,0,-1.2414400045982447e-05,0,0,6.2810329639332981e-09,4.4108606509486574e-07,9.3855564183105253e-07,0,0.00089999999999999998,31.697071242759286,0.29845130209103043,0.46253125000000023,0.00099886209297775992,0.00025960864783681705,-0.00012869097716542105,-0.010960073067467642,-0.00081708712881126437,0.00045734776669551132
LOAD_ONLY_FROZEN,robot_component_fluid,0.00050000000000000012,0.0012060186937156341,0,0,0.98901586336191682,0.053211388006659838,0.070948517342213108,0.11824752890368848,0.106814150222053,0.14241886696273731,0.23736477827122879,0,0,0,0,0,0,-1.3420034262897189e-05,0,0,3.8056620980635058e-09,4.7781664697703327e-07,9.9343922985161179e-07,0,0.00089999999999999998,31.696921242759284,0.31415926535897942,0.50000000000000011,0.00099886209297775992,0.00025960864783681705,-0.00012869097716542105,-0.010956996609664425,-0.00085862965519850132,0.00045495099847779705
LOAD_ONLY_FROZEN,robot_component_fluid,0.00050000000000000012,0.0012060186937156341,0,0,0.98901586336191682,0.053211388006659838,0.070948517342213108,0.11824752890368848,0.106814150222053,0.14241886696273731,0.23736477827122879,0,0,0,0,0,0,-1.3420034262897189e-05,0,0,3.8056620980635058e-09,4.7781664697703327e-07,9.9343922985161179e-07,0,0.00089999999999999998,31.696921242759284,0.31415926535897942,0.50000000000000011,0.00099886209297775992,0.00025960864783681705,-0.00012869097716542105,-0.010956996609664425,-0.00085862965519850132,0.00045495099847779705
LOAD_ONLY_FROZEN,robot_component_fluid,0.00052500000000000008,0.0012060186937156341,0,0,0.98901586336191682,0.053211388006659838,0.070948517342213108,0.11824752890368848,0.106814150222053,0.14241886696273731,0.23736477827122879,0,0,0,0,0,0,-1.4425663683627529e-05,0,0,8.8215690837180691e-10,5.1475019053614303e-07,1.045253964166859e-06,0,0.00089999999999999998,31.696771242759283,0.32986722862692835,0.53746875000000005,0.00099886209297775992,0.00025960864783681705,-0.00012869097716542105,-0.010953784321798518,-0.00089994958933411703,0.00045243758484273634
LOAD_ONLY_FROZEN,robot_component_fluid,0.00052500000000000008,0.0012060186937156341,0,0,0.98901586336191682,0.053211388006659838,0.070948517342213108,0.11824752890368848,0.106814150222053,0.14241886696273731,0.23736477827122879,0,0,0,0,0,0,-1.4425663683627529e-05,0,0,8.8215690837180691e-10,5.1475019053614303e-07,1.045253964166859e-06,0,0.00089999999999999998,31.696771242759283,0.32986722862692835,0.53746875000000005,0.00099886209297775992,0.00025960864783681705,-0.00012869097716542105,-0.010953784321798518,-0.00089994958933411703,0.00045243758484273634
LOAD_ONLY_FROZEN,robot_component_fluid,0.00055000000000000003,0.0012060186937156341,0,0,0.98901586336191682,0.053211388006659838,0.070948517342213108,0.11824752890368848,0.106814150222053,0.14241886696273731,0.23736477827122879,0,0,0,0,0,0,-1.542625581924027e-05,0,0,-2.4879381778833335e-09,5.5171755417496438e-07,1.0936706223834357e-06,0,0.00089999999999999998,31.696621242759285,0.34557519189487729,0.57475000000000009,0.00099886209297775992,0.00025960864783681705,-0.00012869097716542105,-0.010950439393153556,-0.00094103637914023399,0.00044980843701003927
LOAD_ONLY_FROZEN,robot_component_fluid,0.00055000000000000003,0.0012060186937156341,0,0,0.98901586336191682,0.053211388006659838,0.070948517342213108,0.11824752890368848,0.106814150222053,0.14241886696273731,0.23736477827122879,0,0,0,0,0,0,-1.542625581924027e-05,0,0,-2.4879381778833335e-09,5.5171755417496438e-07,1.0936706223834357e-06,0,0.00089999999999999998,31.696621242759285,0.34557519189487729,0.57475000000000009,0.00099886209297775992,0.00025960864783681705,-0.00012869097716542105,-0.010950439393153556,-0.00094103637914023399,0.00044980843701003927
LOAD_ONLY_FROZEN,robot_component_fluid,0.00057499999999999999,0.0012060186937156341,0,0,0.98901586336191682,0.053211388006659838,0.070948517342213108,0.11824752890368848,0.106814150222053,0.14241886696273731,0.23736477827122879,0,0,0,0,0,0,-1.6416778228801731e-05,0,0,-6.2983638583193886e-09,5.8854778842390471e-07,1.1383929305774753e-06,0,0.00089999999999999998,31.696471242759284,0.36128315516282622,0.6116562499999999,0.00099886209297775992,0.00025960864783681705,-0.00012869097716542105,-0.010946965144264882,-0.00098187955454794528,0.00044706450385874515
LOAD_ONLY_FROZEN,robot_component_fluid,0.00057499999999999999,0.0012060186937156341,0,0,0.98901586336191682,0.053211388006659838,0.070948517342213108,0.11824752890368848,0.106814150222053,0.14241886696273731,0.23736477827122879,0,0,0,0,0,0,-1.6416778228801731e-05,0,0,-6.2983638583193886e-09,5.8854778842390471e-07,1.1383929305774753e-06,0,0.00089999999999999998,31.696471242759284,0.36128315516282622,0.6116562499999999,0.00099886209297775992,0.00025960864783681705,-0.00012869097716542105,-0.010946965144264882,-0.00098187955454794528,0.00044706450385874515
LOAD_ONLY_FROZEN,robot_component_fluid,0.00059999999999999995,0.0012060186937156341,0,0,0.98901586336191682,0.053211388006659838,0.070948517342213108,0.11824752890368848,0.106814150222053,0.14241886696273731,0.23736477827122879,0,0,0,0,0,0,-1.739219851937916e-05,0,0,-1.0538152426846329e-08,6.250679496067163e-07,1.1791571371726822e-06,0,0.00089999999999999998,31.696321242759286,0.37699111843077515,0.64800000000000002,0.00099886209297775992,0.00025960864783681705,-0.00012869097716542105,-0.010943365023568944,-0.0010224687308209733,0.00044420677102135223
LOAD_ONLY_FROZEN,robot_component_fluid,0.00059999999999999995,0.0012060186937156341,0,0,0.98901586336191682,0.053211388006659838,0.070948517342213108,0.11824752890368848,0.106814150222053,0.14241886696273731,0.23736477827122879,0,0,0,0,0,0,-1.739219851937916e-05,0,0,-1.0538152426846329e-08,6.250679496067163e-07,1.1791571371726822e-06,0,0.00089999999999999998,31.696321242759286,0.37699111843077515,0.64800000000000002,0.00099886209297775992,0.00025960864783681705,-0.00012869097716542105,-0.010943365023568944,-0.0010224687308209733,0.00044420677102135223
LOAD_ONLY_FROZEN,robot_component_fluid,0.0006249999999999999,0.0012060186937156341,0,0,0.98901586336191682,0.053211388006659838,0.070948517342213108,0.11824752890368848,0.106814150222053,0.14241886696273731,0.23736477827122879,0,0,0,0,0,0,-1.8347484346042083e-05,0,0,-1.5191640355579983e-08,6.6110291572231168e-07,1.215731543861066e-06,0,0.00089999999999999998,31.696171242759284,0.39269908169872408,0.68359374999999989,0.00099886209297775992,0.00025960864783681705,-0.00012869097716542105,-0.010939642603925204,-0.0010627936118032186,0.00044123625995020244
LOAD_ONLY_FROZEN,robot_component_fluid,0.0006249999999999999,0.0012060186937156341,0,0,0.98901586336191682,0.053211388006659838,0.070948517342213108,0.11824752890368848,0.106814150222053,0.14241886696273731,0.23736477827122879,0,0,0,0,0,0,-1.8347484346042083e-05,0,0,-1.5191640355579983e-08,6.6110291572231168e-07,1.215731543861066e-06,0,0.00089999999999999998,31.696171242759284,0.39269908169872408,0.68359374999999989,0.00099886209297775992,0.00025960864783681705,-0.00012869097716542105,-0.010939642603925204,-0.0010627936118032186,0.00044123625995020244
LOAD_ONLY_FROZEN,robot_component_fluid,0.00064999999999999986,0.0012060186937156341,0,0,0.98901586336191682,0.053211388006659838,0.070948517342213108,0.11824752890368848,0.106814150222053,0.14241886696273731,0.23736477827122879,0,0,0,0,0,0,-1.9277603411863748e-05,0,0,-2.0238486967921246e-08,6.9647520467117479e-07,1.2479159939755652e-06,0,0.00089999999999999998,31.696021242759283,0.40840704496667302,0.71824999999999972,0.00099886209297775992,0.00025960864783681705,-0.00012869097716542105,-0.010935801579014252,-0.0011028439930878533,0.00043815402695791724
LOAD_ONLY_FROZEN,robot_component_fluid,0.00064999999999999986,0.0012060186937156341,0,0,0.98901586336191682,0.053211388006659838,0.070948517342213108,0.11824752890368848,0.106814150222053,0.14241886696273731,0.23736477827122879,0,0,0,0,0,0,-1.9277603411863748e-05,0,0,-2.0238486967921246e-08,6.9647520467117479e-07,1.2479159939755652e-06,0,0.00089999999999999998,31.696021242759283,0.40840704496667302,0.71824999999999972,0.00099886209297775992,0.00025960864783681705,-0.00012869097716542105,-0.010935801579014252,-0.0011028439930878533,0.00043815402695791724
LOAD_ONLY_FROZEN,robot_component_fluid,0.00067499999999999982,0.0012060186937156341,0,0,0.98901586336191682,0.053211388006659838,0.070948517342213108,0.11824752890368848,0.106814150222053,0.14241886696273731,0.23736477827122879,0,0,0,0,0,0,-2.0177523467922543e-05,0,0,-2.5653699176390607e-08,7.3100479494914562e-07,1.275541318767241e-06,0,0.00089999999999999998,31.695871242759285,0.42411500823462195,0.75178124999999985,0.00099886209297775992,0.00025960864783681705,-0.00012869097716542105,-0.010931845759615953,-0.0011426097651057495,0.00043496116223371993
LOAD_ONLY_FROZEN,robot_component_fluid,0.00067499999999999982,0.0012060186937156341,0,0,0.98901586336191682,0.053211388006659838,0.070948517342213108,0.11824752890368848,0.106814150222053,0.14241886696273731,0.23736477827122879,0,0,0,0,0,0,-2.0177523467922543e-05,0,0,-2.5653699176390607e-08,7.3100479494914562e-07,1.275541318767241e-06,0,0.00089999999999999998,31.695871242759285,0.42411500823462195,0.75178124999999985,0.00099886209297775992,0.00025960864783681705,-0.00012869097716542105,-0.010931845759615953,-0.0011426097651057495,0.00043496116223371993
LOAD_ONLY_FROZEN,robot_component_fluid,0.00069999999999999978,0.0012060186937156341,0,0,0.98901586336191682,0.053211388006659838,0.070948517342213108,0.11824752890368848,0.106814150222053,0.14241886696273731,0.23736477827122879,0,0,0,0,0,0,-2.1042212313303307e-05,0,0,-3.1407662251806839e-08,7.6450894892553438e-07,1.2984687420822965e-06,0,0.00089999999999999998,31.695721242759284,0.43982297150257094,0.78399999999999959,0.00099886209297775992,0.00025960864783681705,-0.00012869097716542105,-0.010927779069771579,-0.0011820809161311801,0.00043165878883752706
LOAD_ONLY_FROZEN,robot_component_fluid,0.00069999999999999978,0.0012060186937156341,0,0,0.98901586336191682,0.053211388006659838,0.070948517342213108,0.11824752890368848,0.106814150222053,0.14241886696273731,0.23736477827122879,0,0,0,0,0,0,-2.1042212313303307e-05,0,0,-3.1407662251806839e-08,7.6450894892553438e-07,1.2984687420822965e-06,0,0.00089999999999999998,31.695721242759284,0.43982297150257094,0.78399999999999959,0.00099886209297775992,0.00025960864783681705,-0.00012869097716542105,-0.010927779069771579,-0.0011820809161311801,0.00043165878883752706
LOAD_ONLY_FROZEN,robot_component_fluid,0.00072499999999999973,0.0012060186937156341,0,0,0.98901586336191682,0.053211388006659838,0.070948517342213108,0.11824752890368848,0.106814150222053,0.14241886696273731,0.23736477827122879,0,0,0,0,0,0,-2.1866637795098839e-05,0,0,-3.7466176583497998e-08,7.9680203881661273e-07,1.3165892439758312e-06,0,0.00089999999999999998,31.695571242759286,0.45553093477051987,0.81471874999999971,0.00099886209297775992,0.00025960864783681705,-0.00012869097716542105,-0.010923605542833994,-0.0012212475352028744,0.0004282480616737193
LOAD_ONLY_FROZEN,robot_component_fluid,0.00072499999999999973,0.0012060186937156341,0,0,0.98901586336191682,0.053211388006659838,0.070948517342213108,0.11824752890368848,0.106814150222053,0.14241886696273731,0.23736477827122879,0,0,0,0,0,0,-2.1866637795098839e-05,0,0,-3.7466176583497998e-08,7.9680203881661273e-07,1.3165892439758312e-06,0,0.00089999999999999998,31.695571242759286,0.45553093477051987,0.81471874999999971,0.00099886209297775992,0.00025960864783681705,-0.00012869097716542105,-0.010923605542833994,-0.0012212475352028744,0.0004282480616737193
LOAD_ONLY_FROZEN,robot_component_fluid,0.00074999999999999969,0.0012060186937156341,0,0,0.98901586336191682,0.053211388006659838,0.070948517342213108,0.11824752890368848,0.106814150222053,0.14241886696273731,0.23736477827122879,0,0,0,0,0,0,-2.2645767808411205e-05,0,0,-4.3790500383443706e-08,8.2769537545955168e-07,1.3298228838398682e-06,0,0.00089999999999999998,31.695421242759284,0.4712388980384688,0.84374999999999967,0.00099886209297775992,0.00025960864783681705,-0.00012869097716542105,-0.010919329317410086,-0.00126009981495866,0.00042473016644654021
LOAD_ONLY_FROZEN,robot_component_fluid,0.00074999999999999969,0.0012060186937156341,0,0,0.98901586336191682,0.053211388006659838,0.070948517342213108,0.11824752890368848,0.106814150222053,0.14241886696273731,0.23736477827122879,0,0,0,0,0,0,-2.2645767808411205e-05,0,0,-4.3790500383443706e-08,8.2769537545955168e-07,1.3298228838398682e-06,0,0.00089999999999999998,31.695421242759284,0.4712388980384688,0.84374999999999967,0.00099886209297775992,0.00025960864783681705,-0.00012869097716542105,-0.010919329317410086,-0.00126009981495866,0.00042473016644654021
LOAD_ONLY_FROZEN,robot_component_fluid,0.00077499999999999965,0.0012060186937156341,0,0,0.98901586336191682,0.053211388006659838,0.070948517342213108,0.11824752890368848,0.106814150222053,0.14241886696273731,0.23736477827122879,0,0,0,0,0,0,-2.3374570296353223e-05,0,0,-5.0337398280592644e-08,8.5699703998589687e-07,1.3381180836627929e-06,0,0.00089999999999999998,31.695271242759283,0.48694686130641773,0.87090624999999944,0.00099886209297775992,0.00025960864783681705,-0.00012869097716542105,-0.010914954633199707,-0.0012986280543820785,0.00042110631859909299
LOAD_ONLY_FROZEN,robot_component_fluid,0.00077499999999999965,0.0012060186937156341,0,0,0.98901586336191682,0.053211388006659838,0.070948517342213108,0.11824752890368848,0.106814150222053,0.14241886696273731,0.23736477827122879,0,0,0,0,0,0,-2.3374570296353223e-05,0,0,-5.0337398280592644e-08,8.5699703998589687e-07,1.3381180836627929e-06,0,0.00089999999999999998,31.695271242759283,0.48694686130641773,0.87090624999999944,0.00099886209297775992,0.00025960864783681705,-0.00012869097716542105,-0.010914954633199707,-0.0012986280543820785,0.00042110631859909299
LOAD_ONLY_FROZEN,robot_component_fluid,0.0007999999999999996,0.0012060186937156341,0,0,0.98901586336191682,0.053211388006659838,0.070948517342213108,0.11824752890368848,0.106814150222053,0.14241886696273731,0.23736477827122879,0,0,0,0,0,0,-2.4048013250049804e-05,0,0,-5.705919574508847e-08,8.8451171848768738e-07,1.3414508720758017e-06,0,0.00089999999999999998,31.695121242759285,0.50265482457436672,0.89599999999999957,0.00099886209297775992,0.00025960864783681705,-0.00012869097716542105,-0.010910485826735561,-0.0013368226614595112,0.00041737776223793051
LOAD_ONLY_FROZEN,robot_component_fluid,0.0007999999999999996,0.0012060186937156341,0,0,0.98901586336191682,0.053211388006659838,0.070948517342213108,0.11824752890368848,0.106814150222053,0.14241886696273731,0.23736477827122879,0,0,0,0,0,0,-2.4048013250049804e-05,0,0,-5.705919574508847e-08,8.8451171848768738e-07,1.3414508720758017e-06,0,0.00089999999999999998,31.695121242759285,0.50265482457436672,0.89599999999999957,0.00099886209297775992,0.00025960864783681705,-0.00012869097716542105,-0.010910485826735561,-0.0013368226614595112,0.00041737776223793051
LOAD_ONLY_FROZEN,robot_component_fluid,0.00082499999999999956,0.0012060186937156341,0,0,0.98901586336191682,0.053211388006659838,0.070948517342213108,0.11824752890368848,0.106814150222053,0.14241886696273731,0.23736477827122879,0,0,0,0,0,0,-2.4661064708639346e-05,0,0,-6.3903839275790724e-08,9.1004053976339401e-07,1.3398240898792464e-06,0,0.00089999999999999998,31.694971242759284,0.5183627878423156,0.91884374999999952,0.00099886209297775992,0.00025960864783681705,-0.00012869097716542105,-0.010905927327028515,-0.0013746741557465235,0.00041354576904525367
LOAD_ONLY_FROZEN,robot_component_fluid,0.00082499999999999956,0.0012060186937156341,0,0,0.98901586336191682,0.053211388006659838,0.070948517342213108,0.11824752890368848,0.106814150222053,0.14241886696273731,0.23736477827122879,0,0,0,0,0,0,-2.4661064708639346e-05,0,0,-6.3903839275790724e-08,9.1004053976339401e-07,1.3398240898792464e-06,0,0.00089999999999999998,31.694971242759284,0.5183627878423156,0.91884374999999952,0.00099886209297775992,0.00025960864783681705,-0.00012869097716542105,-0.010905927327028515,-0.0013746741557465235,0.00041354576904525367
LOAD_ONLY_FROZEN,robot_component_fluid,0.00084999999999999952,0.0012060186937156341,0,0,0.98901586336191682,0.053211388006659838,0.070948517342213108,0.11824752890368848,0.106814150222053,0.14241886696273731,0.23736477827122879,0,0,0,0,0,0,-2.5208692759275207e-05,0,0,-7.0814962278309811e-08,9.3338091622500461e-07,1.3332665577778527e-06,0,0.00089999999999999998,31.694821242759286,0.53407075111026459,0.9392499999999997,0.00099886209297775992,0.00025960864783681705,-0.00012869097716542105,-0.010901283651122896,-0.0014121731708422799,0.00040961163718073823
LOAD_ONLY_FROZEN,robot_component_fluid,0.00084999999999999952,0.0012060186937156341,0,0,0.98901586336191682,0.053211388006659838,0.070948517342213108,0.11824752890368848,0.106814150222053,0.14241886696273731,0.23736477827122879,0,0,0,0,0,0,-2.5208692759275207e-05,0,0,-7.0814962278309811e-08,9.3338091622500461e-07,1.3332665577778527e-06,0,0.00089999999999999998,31.694821242759286,0.53407075111026459,0.9392499999999997,0.00099886209297775992,0.00025960864783681705,-0.00012869097716542105,-0.010901283651122896,-0.0014121731708422799,0.00040961163718073823
LOAD_ONLY_FROZEN,robot_component_fluid,0.00087499999999999948,0.0012060186937156341,0,0,0.98901586336191682,0.053211388006659838,0.070948517342213108,0.11824752890368848,0.106814150222053,0.14241886696273731,0.23736477827122879,0,0,0,0,0,0,-2.5685865537126992e-05,0,0,-7.7731956554793845e-08,9.5432638804183487e-07,1.3218322070885957e-06,0,0.00089999999999999998,31.694671242759284,0.54977871437821346,0.95703124999999956,0.00099886209297775992,0.00025960864783681705,-0.00012869097716542105,-0.010896559399566486,-0.0014493104567710549,0.00040557669017503181
LOAD_ONLY_FROZEN,robot_component_fluid,0.00087499999999999948,0.0012060186937156341,0,0,0.98901586336191682,0.053211388006659838,0.070948517342213108,0.11824752890368848,0.106814150222053,0.14241886696273731,0.23736477827122879,0,0,0,0,0,0,-2.5685865537126992e-05,0,0,-7.7731956554793845e-08,9.5432638804183487e-07,1.3218322070885957e-06,0,0.00089999999999999998,31.694671242759284,0.54977871437821346,0.95703124999999956,0.00099886209297775992,0.00025960864783681705,-0.00012869097716542105,-0.010896559399566486,-0.0014493104567710549,0.00040557669017503181
LOAD_ONLY_FROZEN,robot_component_fluid,0.00089999999999999943,0.0012060186937156341,0,0,0.98901586336191682,0.053211388006659838,0.070948517342213108,0.11824752890368848,0.106814150222053,0.14241886696273731,0.23736477827122879,0,0,0,0,0,0,-2.608755122538206e-05,0,0,-8.4590049320937565e-08,9.726664705910644e-07,1.3055991742185485e-06,0,0.00089999999999999998,31.694521242759283,0.56548667764616245,0.97199999999999975,0.00099886209297775992,0.00025960864783681705,-0.00012869097716542105,-0.010891759251799936,-0.0014860768822700318,0.00040144227581695408
LOAD_ONLY_FROZEN,robot_component_fluid,0.00089999999999999943,0.0012060186937156341,0,0,0.98901586336191682,0.053211388006659838,0.070948517342213108,0.11824752890368848,0.106814150222053,0.14241886696273731,0.23736477827122879,0,0,0,0,0,0,-2.608755122538206e-05,0,0,-8.4590049320937565e-08,9.726664705910644e-07,1.3055991742185485e-06,0,0.00089999999999999998,31.694521242759283,0.56548667764616245,0.97199999999999975,0.00099886209297775992,0.00025960864783681705,-0.00012869097716542105,-0.010891759251799936,-0.0014860768822700318,0.00040144227581695408
LOAD_ONLY_FROZEN,robot_component_fluid,0.00092499999999999939,0.0012060186937156341,0,0,0.98901586336191682,0.053211388006659838,0.070948517342213108,0.11824752890368848,0.106814150222053,0.14241886696273731,0.23736477827122879,0,0,0,0,0,0,-2.6408718055246876e-05,0,0,-9.1320385660125168e-08,9.881865052795666e-07,1.2846688597421859e-06,0,0.00089999999999999998,31.694371242759285,0.58119464091411133,0.98396874999999973,0.00099886209297775992,0.00025960864783681705,-0.00012869097716542105,-0.01088688796147046,-0.0015224634369827325,0.00039720976503644238
LOAD_ONLY_FROZEN,robot_component_fluid,0.00092499999999999939,0.0012060186937156341,0,0,0.98901586336191682,0.053211388006659838,0.070948517342213108,0.11824752890368848,0.106814150222053,0.14241886696273731,0.23736477827122879,0,0,0,0,0,0,-2.6408718055246876e-05,0,0,-9.1320385660125168e-08,9.881865052795666e-07,1.2846688597421859e-06,0,0.00089999999999999998,31.694371242759285,0.58119464091411133,0.98396874999999973,0.00099886209297775992,0.00025960864783681705,-0.00012869097716542105,-0.01088688796147046,-0.0015224634369827325,0.00039720976503644238
LOAD_ONLY_FROZEN,robot_component_fluid,0.00094999999999999935,0.0012060186937156341,0,0,0.98901586336191682,0.053211388006659838,0.070948517342213108,0.11824752890368848,0.106814150222053,0.14241886696273731,0.23736477827122879,0,0,0,0,0,0,-2.664433430594841e-05,0,0,-9.7850116319297795e-08,1.0006675137964081e-06,1.2591649529384762e-06,0,0.00089999999999999998,31.694221242759284,0.59690260418206031,0.9927499999999998,0.00099886209297775992,0.00025960864783681705,-0.00012869097716542105,-0.010881950351674682,-0.0015584612335576083,0.00039288055078527543
LOAD_ONLY_FROZEN,robot_component_fluid,0.00094999999999999935,0.0012060186937156341,0,0,0.98901586336191682,0.053211388006659838,0.070948517342213108,0.11824752890368848,0.106814150222053,0.14241886696273731,0.23736477827122879,0,0,0,0,0,0,-2.664433430594841e-05,0,0,-9.7850116319297795e-08,1.0006675137964081e-06,1.2591649529384762e-06,0,0.00089999999999999998,31.694221242759284,0.59690260418206031,0.9927499999999998,0.00099886209297775992,0.00025960864783681705,-0.00012869097716542105,-0.010881950351674682,-0.0015584612335576083,0.00039288055078527543
LOAD_ONLY_FROZEN,robot_component_fluid,0.0009749999999999993,0.0012060186937156341,0,0,0.98901586336191682,0.053211388006659838,0.070948517342213108,0.11824752890368848,0.106814150222053,0.14241886696273731,0.23736477827122879,0,0,0,0,0,0,-2.6789368304735526e-05,0,0,-1.0410249074605058e-07,1.0098860558504208e-06,1.2292324226775058e-06,0,0.00089999999999999998,31.694071242759286,0.6126105674500093,0.99815624999999986,0.00099886209297775992,0.00025960864783681705,-0.00012869097716542105,-0.010876951310135613,-0.0015940615096514618,0.0003884560469175989
LOAD_ONLY_FROZEN,robot_component_fluid,0.0009749999999999993,0.0012060186937156341,0,0,0.98901586336191682,0.053211388006659838,0.070948517342213108,0.11824752890368848,0.106814150222053,0.14241886696273731,0.23736477827122879,0,0,0,0,0,0,-2.6789368304735526e-05,0,0,-1.0410249074605058e-07,1.0098860558504208e-06,1.2292324226775058e-06,0,0.00089999999999999998,31.694071242759286,0.6126105674500093,0.99815624999999986,0.00099886209297775992,0.00025960864783681705,-0.00012869097716542105,-0.010876951310135613,-0.0015940615096514618,0.0003884560469175989
LOAD_ONLY_FROZEN,robot_component_fluid,0.00099999999999999937,0.0012060186937156341,0,0,0.98901586336191682,0.053211388006659838,0.070948517342213108,0.11824752890368848,0.106814150222053,0.14241886696273731,0.23736477827122879,0,0,0,0,0,0,-2.6838788426880416e-05,0,0,-1.0999695526163434e-07,1.0156140904425622e-06,1.1950364755744379e-06,0,0.00089999999999999998,31.693921242759284,0.62831853071795829,1,0.00099886209297775992,0.00025960864783681705,-0.00012869097716542105,-0.010871895784318767,-0.0016292556298375652,0.00038393768707226404
LOAD_ONLY_FROZEN,robot_component_fluid,0.00099999999999999937,0.0012060186937156341,0,0,0.98901586336191682,0.053211388006659838,0.070948517342213108,0.11824752890368848,0.106814150222053,0.14241886696273731,0.23736477827122879,0,0,0,0,0,0,-2.6838788426880416e-05,0,0,-1.0999695526163434e-07,1.0156140904425622e-06,1.1950364755744379e-06,0,0.00089999999999999998,31.693921242759284,0.62831853071795829,1,0.00099886209297775992,0.00025960864783681705,-0.00012869097716542105,-0.010871895784318767,-0.0016292556298375652,0.00038393768707226404
LOAD_ONLY_FROZEN,robot_component_fluid,0.0010249999999999994,0.0012060186937156341,0,0,0.98901586336191682,0.053211388006659838,0.070948517342213108,0.11824752890368848,0.106814150222053,0.14241886696273731,0.23736477827122879,0,0,0,0,0,0,-2.6838724414094354e-05,0,0,-1.1566975172418756e-07,1.0195623815081213e-06,1.1589707703862594e-06,0,0.00089999999999999998,31.693771242759283,0.64402649398590728,1,0.00099886209297775992,0.00025960864783681705,-0.00012869097716542105,-0.010866788776492503,-0.0016640350874184864,0.00037932692355897163
LOAD_ONLY_FROZEN,robot_component_fluid,0.0010249999999999994,0.0012060186937156341,0,0,0.98901586336191682,0.053211388006659838,0.070948517342213108,0.11824752890368848,0.106814150222053,0.14241886696273731,0.23736477827122879,0,0,0,0,0,0,-2.6838724414094354e-05,0,0,-1.1566975172418756e-07,1.0195623815081213e-06,1.1589707703862594e-06,0,0.00089999999999999998,31.693771242759283,0.64402649398590728,1,0.00099886209297775992,0.00025960864783681705,-0.00012869097716542105,-0.010866788776492503,-0.0016640350874184864,0.00037932692355897163
LOAD_ONLY_FROZEN,robot_component_fluid,0.0010499999999999995,0.0012060186937156341,0,0,0.98901586336191682,0.053211388006659838,0.070948517342213108,0.11824752890368848,0.106814150222053,0.14241886696273731,0.23736477827122879,0,0,0,0,0,0,-2.6838660400561588e-05,0,0,-1.213117141027237e-07,1.023595527782092e-06,1.1233155690638334e-06,0,0.00089999999999999998,31.693621242759285,0.65973445725385627,1,0.00099886209297775992,0.00025960864783681705,-0.00012869097716542105,-0.010861635338737697,-0.0016983915061438023,0.00037462522625018971
LOAD_ONLY_FROZEN,robot_component_fluid,0.0010499999999999995,0.0012060186937156341,0,0,0.98901586336191682,0.053211388006659838,0.070948517342213108,0.11824752890368848,0.106814150222053,0.14241886696273731,0.23736477827122879,0,0,0,0,0,0,-2.6838660400561588e-05,0,0,-1.213117141027237e-07,1.023595527782092e-06,1.1233155690638334e-06,0,0.00089999999999999998,31.693621242759285,0.65973445725385627,1,0.00099886209297775992,0.00025960864783681705,-0.00012869097716542105,-0.010861635338737697,-0.0016983915061438023,0.00037462522625018971
LOAD_ONLY_FROZEN,robot_component_fluid,0.0010749999999999996,0.0012060186937156341,0,0,0.98901586336191682,0.053211388006659838,0.070948517342213108,0.11824752890368848,0.106814150222053,0.14241886696273731,0.23736477827122879,0,0,0,0,0,0,-2.6838596386282121e-05,0,0,-1.2692139558021853e-07,1.0277127005404932e-06,1.0880804295947997e-06,0,0.00089999999999999998,31.693471242759284,0.67544242052180525,1,0.00099886209297775992,0.00025960864783681705,-0.00012869097716542105,-0.010856440567911909,-0.0017323166418330624,0.00036983408148078949
LOAD_ONLY_FROZEN,robot_component_fluid,0.0010749999999999996,0.0012060186937156341,0,0,0.98901586336191682,0.053211388006659838,0.070948517342213108,0.11824752890368848,0.106814150222053,0.14241886696273731,0.23736477827122879,0,0,0,0,0,0,-2.6838596386282121e-05,0,0,-1.2692139558021853e-07,1.0277127005404932e-06,1.0880804295947997e-06,0,0.00089999999999999998,31.693471242759284,0.67544242052180525,1,0.00099886209297775992,0.00025960864783681705,-0.00012869097716542105,-0.010856440567911909,-0.0017323166418330624,0.00036983408148078949
LOAD_ONLY_FROZEN,robot_component_fluid,0.0010999999999999996,0.0012060186937156341,0,0,0.98901586336191682,0.053211388006659838,0.070948517342213108,0.11824752890368848,0.106814150222053,0.14241886696273731,0.23736477827122879,0,0,0,0,0,0,-2.6838532371255965e-05,0,0,-1.3249736254197513e-07,1.0319130608142705e-06,1.0532747868267388e-06,0,0.00089999999999999998,31.693321242759286,0.69115038378975424,1,0.00099886209297775992,0.00025960864783681705,-0.00012869097716542105,-0.010851209600573225,-0.0017658023839044969,0.00036495499095730798
LOAD_ONLY_FROZEN,robot_component_fluid,0.0010999999999999996,0.0012060186937156341,0,0,0.98901586336191682,0.053211388006659838,0.070948517342213108,0.11824752890368848,0.106814150222053,0.14241886696273731,0.23736477827122879,0,0,0,0,0,0,-2.6838532371255965e-05,0,0,-1.3249736254197513e-07,1.0319130608142705e-06,1.0532747868267388e-06,0,0.00089999999999999998,31.693321242759286,0.69115038378975424,1,0.00099886209297775992,0.00025960864783681705,-0.00012869097716542105,-0.010851209600573225,-0.0017658023839044969,0.00036495499095730798
FREE_6DOF,robot_component_fluid,2.5000000000000001e-05,0.0012060186937156341,0,0,1,0,0,0,0,0,0,0,0,0,0,0,0,-5.152658756282562e-08,0,0,8.2865940090075199e-12,-9.8299597743776328e-10,1.0030963271407357e-10,0,0.00089999999999999998,31.699771242759283,0.015707963267948967,0.0018437500000000006,0.0010399958044715794,9.0847819973349232e-06,3.1131721660494084e-06,-0.010989446360463069,-4.3684310780858422e-05,0.00047975032203907193
FREE_6DOF,robot_component_fluid,2.5000000000000001e-05,0.0012060186928114741,1.0843411277919159e-28,-5.8100150714244967e-29,1,0,0,0,0,0,0,-7.233280813088125e-08,8.6747290223353284e-24,-4.6480120571395975e-24,0,0,0,-5.1526587562085266e-08,0,0,8.2865940090075199e-12,-9.8299597743776328e-10,1.0030963271407357e-10,1.2301863406504083e-28,0.00089999999999999998,31.699771241855125,0.015707963267948967,0.0018437500000000006,0.0010399958044715794,9.0847819973349232e-06,3.1131721660494084e-06,-0.010989446360463069,-4.3684310780858422e-05,0.00047975032203907193
FREE_6DOF,robot_component_fluid,5.0000000000000002e-05,0.0012060186928114741,1.0843411277919159e-28,-5.8100150714244967e-29,1,0,0,0,0,0,0,-7.2332808129841953e-08,8.6747290223353284e-24,-4.6480120571395975e-24,0,0,0,-2.026125392935545e-07,0,0,3.3557857548628073e-11,-3.8639109296553618e-09,6.5128873250804316e-11,1.2301863406504083e-28,0.00089999999999999998,31.699621241855127,0.031415926535897934,0.0072500000000000012,0.0010399958044715794,9.0847819973349232e-06,3.1131721660494084e-06,-0.01098919421323837,-8.735721865496036e-05,0.00047956152897948173
FREE_6DOF,robot_component_fluid,5.0000000000000002e-05,0.001206033816803839,4.1161304032709615e-10,-1.4546419613364506e-09,1,0,0,0,0,0,0,0.0012099917219993528,3.2929043226167697e-05,-0.00011637135690691605,0,0,0,-2.0261258799150013e-07,0,0,3.3557857548628073e-11,-3.8639109296553618e-09,6.5128873250804316e-11,1.511756769671653e-09,0.00089999848824323029,31.699636365847489,0.031415926535897934,0.0072500000000000012,0.0010399958044715794,9.0847819973349232e-06,3.1131721660494084e-06,-0.01098919421323837,-8.735721865496036e-05,0.00047956152897948173
FREE_6DOF,robot_component_fluid,5.0000000000000002e-05,0.0012060338168038383,4.1161304032709615e-10,-1.4546419613364506e-09,1,0,0,0,0,0,0,0.0012099917219309906,3.2929043226167697e-05,-0.00011637135690691605,0,0,0,-2.0261258799150013e-07,0,0,3.3557857548628073e-11,-3.8639109296553618e-09,6.5128873250804316e-11,1.511756769671653e-09,0.00089999848824323029,31.699636365847489,0.031415926535897934,0.0072500000000000012,0.0010399958044715794,9.0847819973349232e-06,3.1131721660494084e-06,-0.01098919421323837,-8.735721865496036e-05,0.00047956152897948173
FREE_6DOF,robot_component_fluid,7.5000000000000007e-05,0.0012060338168038383,4.1161304032709615e-10,-1.4546419613364506e-09,1,0,0,0,0,0,0,0.0012099917219309906,3.2929043226167697e-05,-0.00011637135690691605,0,0,0,-4.4801728390518764e-07,0,0,7.6336042440773731e-11,-8.5386407962886582e-09,-5.838012109824022e-10,1.511756769671653e-09,0.00089999848824323029,31.699486365847488,0.047123889803846901,0.016031250000000004,0.0010399958044715794,9.0847819973349232e-06,3.1131721660494084e-06,-0.010988774246403809,-0.00013100732490320291,0.0004792469534531385
FREE_6DOF,robot_component_fluid,7.5000000000000007e-05,0.0012060961806445441,1.1147975529837823e-09,-8.2949040437845144e-09,1,0,0,0,0,0,0,0.0037791155345139604,2.33257177863672e-05,-0.00043084960968892898,0,0,0,-4.4801772793301084e-07,0,0,7.6336042440773731e-11,-8.5386407962886582e-09,-5.838012109824022e-10,8.3694806696551569e-09,0.00089999163051933037,31.699548729688193,0.047123889803846901,0.016031250000000004,0.0010399958044715794,9.0847819973349232e-06,3.1131721660494084e-06,-0.010988774246403809,-0.00013100732490320291,0.0004792469534531385
FREE_6DOF,robot_component_fluid,7.5000000000000007e-05,0.0012060961806445363,1.1147975529837823e-09,-8.2949040437845144e-09,1,0,0,0,0,0,0,0.0037791155338906361,2.33257177863672e-05,-0.00043084960968892898,0,0,0,-4.4801772793301084e-07,0,0,7.6336042440773731e-11,-8.5386407962886582e-09,-5.838012109824022e-10,8.3694806696551569e-09,0.00089999163051933037,31.699548729688185,0.047123889803846901,0.016031250000000004,0.0010399958044715794,9.0847819973349232e-06,3.1131721660494084e-06,-0.010988774246403809,-0.00013100732490320291,0.0004792469534531385
FREE_6DOF,robot_component_fluid,0.0001,0.0012060961806445363,1.1147975529837823e-09,-8.2949040437845144e-09,1,0,0,0,0,0,0,0.0037791155338906361,2.33257177863672e-05,-0.00043084960968892898,0,0,0,-7.8250083294850461e-07,0,0,1.3701763123905348e-10,-1.4900622576498142e-08,-2.2899003058489418e-09,8.3694806696551569e-09,0.00089999163051933037,31.699398729688188,0.062831853071795868,0.028000000000000004,0.0010399958044715794,9.0847819973349232e-06,3.1131721660494084e-06,-0.010988186877472795,-0.00017462323917778741,0.00047880671473333921
FREE_6DOF,robot_component_fluid,0.0001,0.0012062235487665688,6.5452584191348454e-10,-2.3567287002950908e-08,1,0,0,0,0,0,0,0.0064103342287090623,-6.0147454671991028e-05,-0.00079094102704438222,0,0,0,-7.8250241685880681e-07,0,0,1.3701763123905348e-10,-1.4900622576498142e-08,-2.2899003058489418e-09,2.357637420718443e-08,0.00089997642362579279,31.699526097810221,0.062831853071795868,0.028000000000000004,0.0010399958044715794,9.0847819973349232e-06,3.1131721660494084e-06,-0.010988186877472795,-0.00017462323917778741,0.00047880671473333921
FREE_6DOF,robot_component_fluid,0.0001,0.0012062235487665411,6.5452584191348454e-10,-2.3567287002950908e-08,1,0,0,0,0,0,0,0.0064103342264855753,-6.0147454671991028e-05,-0.00079094102704438222,0,0,0,-7.8250241685880649e-07,0,0,1.3701763123905348e-10,-1.4900622576498142e-08,-2.2899003058489418e-09,2.357637420718443e-08,0.00089997642362579279,31.699526097810192,0.062831853071795868,0.028000000000000004,0.0010399958044715794,9.0847819973349232e-06,3.1131721660494084e-06,-0.010988186877472795,-0.00017462323917778741,0.00047880671473333921
FREE_6DOF,robot_component_fluid,0.000125,0.0012062235487665411,6.5452584191348454e-10,-2.3567287002950908e-08,1,0,0,0,0,0,0,0.0064103342264855753,-6.0147454671991028e-05,-0.00079094102704438222,0,0,0,-1.200823949015434e-06,0,0,2.1587453738348236e-10,-2.2841086725280074e-08,-5.4614132411605415e-09,2.357637420718443e-08,0.00089997642362579279,31.699376097810191,0.078539816339744828,0.04296875,0.0010399958044715794,9.0847819973349232e-06,3.1131721660494084e-06,-0.010987432690371479,-0.00021819358367787341,0.0004782409796305485
FREE_6DOF,robot_component_fluid,0.000125,0.0012064144763131942,-1.6866712453217282e-09,-4.626443226483689e-08,1,0,0,0,0,0,0,0.0088638695057771145,-0.00012714831230682601,-0.0010248305939064969,0,0,0,-1.2008275926331882e-06,0,0,2.1587453738348236e-10,-2.2841086725280074e-08,-5.4614132411605415e-09,4.6295167703308684e-08,0.00089995370483229669,31.699567025356846,0.078539816339744828,0.04296875,0.0010399958044715794,9.0847819973349232e-06,3.1131721660494084e-06,-0.010987432690371479,-0.00021819358367787341,0.0004782409796305485
FREE_6DOF,robot_component_fluid,0.000125,0.0012064144763131303,-1.6866712453217282e-09,-4.626443226483689e-08,1,0,0,0,0,0,0,0.0088638695006622199,-0.00012714831230682601,-0.0010248305939064969,0,0,0,-1.2008275926331869e-06,0,0,2.1587453738348236e-10,-2.2841086725280074e-08,-5.4614132411605415e-09,4.6295167703308684e-08,0.00089995370483229669,31.699567025356782,0.078539816339744828,0.04296875,0.0010399958044715794,9.0847819973349232e-06,3.1131721660494084e-06,-0.010987432690371479,-0.00021819358367787341,0.0004782409796305485
FREE_6DOF,robot_component_fluid,0.00015000000000000001,0.0012064144763131303,-1.6866712453217282e-09,-4.626443226483689e-08,1,0,0,0,0,0,0,0.0088638695006622199,-0.00012714831230682601,-0.0010248305939064969,0,0,0,-1.6977478365526422e-06,0,0,3.1305545659304064e-10,-3.2249311363654772e-08,-1.0471119611121462e-08,4.6295167703308684e-08,0.00089995370483229669,31.69941702535678,0.094247779607693802,0.060750000000000019,0.0010399958044715794,9.0847819973349232e-06,3.1131721660494084e-06,-0.010986512434846865,-0.00026170699731325266,0.00047754996232065677
FREE_6DOF,robot_component_fluid,0.00015000000000000001,0.0012066644816769946,-5.3898403952357211e-09,-7.2911681974551698e-08,1,0,0,0,0,0,0,0.011136559608498128,-0.0001691052196862934,-0.0011069493828706881,0,0,0,-1.697754581906315e-06,0,0,3.1305545659304064e-10,-3.2249311363654772e-08,-1.0471119611121462e-08,7.3110626777810363e-08,0.00089992688937322221,31.699667030720644,0.094247779607693802,0.060750000000000019,0.0010399958044715794,9.0847819973349232e-06,3.1131721660494084e-06,-0.010986512434846865,-0.00026170699731325266,0.00047754996232065677
FREE_6DOF,robot_component_fluid,0.00015000000000000001,0.0012066644816768762,-5.3898403952357211e-09,-7.2911681974551698e-08,1,0,0,0,0,0,0,0.011136559599029029,-0.0001691052196862934,-0.0011069493828706881,0,0,0,-1.6977545819063121e-06,0,0,3.1305545659304064e-10,-3.2249311363654772e-08,-1.0471119611121462e-08,7.3110626777810363e-08,0.00089992688937322221,31.699667030720526,0.094247779607693802,0.060750000000000019,0.0010399958044715794,9.0847819973349232e-06,3.1131721660494084e-06,-0.010986512434846865,-0.00026170699731325266,0.00047754996232065677
FREE_6DOF,robot_component_fluid,0.00017500000000000003,0.0012066644816768762,-5.3898403952357211e-09,-7.2911681974551698e-08,1,0,0,0,0,0,0,0.011136559599029029,-0.0001691052196862934,-0.0011069493828706881,0,0,0,-2.2680340220509216e-06,0,0,4.285873670692191e-10,-4.3012877959626026e-08,-1.7656088815057732e-08,7.3110626777810363e-08,0.00089992688937322221,31.699517030720529,0.10995574287564278,0.081156250000000013,0.0010399958044715794,9.0847819973349232e-06,3.1131721660494084e-06,-0.010985427025706936,-0.0003051521398520839,0.00047673392412475341
FREE_6DOF,robot_component_fluid,0.00017500000000000003,0.0012069704045456172,-1.0046242547269056e-08,-1.0049142834205737e-07,1,0,0,0,0,0,0,0.013337269900249766,-0.00020340695247637351,-0.0010994303265297654,0,0,0,-2.2680450485769612e-06,0,0,4.285873670692191e-10,-4.3012877959626026e-08,-1.7656088815057732e-08,1.0099234703454223e-07,0.0008998990076529654,31.699822953589269,0.10995574287564278,0.081156250000000013,0.0010399958044715794,9.0847819973349232e-06,3.1131721660494084e-06,-0.010985427025706936,-0.0003051521398520839,0.00047673392412475341
FREE_6DOF,robot_component_fluid,0.00017500000000000003,0.0012069704045454238,-1.0046242547269056e-08,-1.0049142834205737e-07,1,0,0,0,0,0,0,0.013337269884770775,-0.00020340695247637351,-0.0010994303265297654,0,0,0,-2.2680450485769544e-06,0,0,4.285873670692191e-10,-4.3012877959626026e-08,-1.7656088815057732e-08,1.0099234703454223e-07,0.0008998990076529654,31.699822953589074,0.10995574287564278,0.081156250000000013,0.0010399958044715794,9.0847819973349232e-06,3.1131721660494084e-06,-0.010985427025706936,-0.0003051521398520839,0.00047673392412475341
FREE_6DOF,robot_component_fluid,0.00020000000000000004,0.0012069704045454238,-1.0046242547269056e-08,-1.0049142834205737e-07,1,0,0,0,0,0,0,0.013337269884770775,-0.00020340695247637351,-0.0010994303265297654,0,0,0,-2.9064443314847923e-06,0,0,5.6237717592451134e-10,-5.5017928134735506e-08,-2.7317480661814982e-08,1.0099234703454223e-07,0.0008998990076529654,31.699672953589072,0.12566370614359176,0.10400000000000004,0.0010399958044715794,9.0847819973349232e-06,3.1131721660494084e-06,-0.010984177541893533,-0.00034851769604875602,0.00047579317324085066
FREE_6DOF,robot_component_fluid,0.00020000000000000004,0.0012073319850226265,-1.546336076707131e-08,-1.2773810384528814e-07,1,0,0,0,0,0,0,0.015589168291432606,-0.0002299625051078068,-0.0010803037137286969,0,0,0,-2.906461032270249e-06,0,0,5.6237717592451134e-10,-5.5017928134735506e-08,-2.7317480661814982e-08,1.2867065982655959e-07,0.00089987132934017341,31.700034534066276,0.12566370614359176,0.10400000000000004,0.0010399958044715794,9.0847819973349232e-06,3.1131721660494084e-06,-0.010984177541893533,-0.00034851769604875602,0.00047579317324085066
FREE_6DOF,robot_component_fluid,0.00020000000000000004,0.0012073319850223333,-1.546336076707131e-08,-1.2773810384528814e-07,1,0,0,0,0,0,0,0.015589168267988113,-0.0002299625051078068,-0.0010803037137286969,0,0,0,-2.9064610322702358e-06,0,0,5.6237717592451134e-10,-5.5017928134735506e-08,-2.7317480661814982e-08,1.2867065982655959e-07,0.00089987132934017341,31.700034534065981,0.12566370614359176,0.10400000000000004,0.0010399958044715794,9.0847819973349232e-06,3.1131721660494084e-06,-0.010984177541893533,-0.00034851769604875602,0.00047579317324085066
FREE_6DOF,robot_component_fluid,0.00022500000000000005,0.0012073319850223333,-1.546336076707131e-08,-1.2773810384528814e-07,1,0,0,0,0,0,0,0.015589168267988113,-0.0002299625051078068,-0.0010803037137286969,0,0,0,-3.607740956720978e-06,0,0,7.1421350909767518e-10,-6.8149421249825633e-08,-3.9720391633918396e-08,1.2867065982655959e-07,0.00089987132934017341,31.699884534065983,0.14137166941154072,0.12909375000000003,0.0010399958044715794,9.0847819973349232e-06,3.1131721660494084e-06,-0.010982765225389084,-0.00039179237974798134,0.00047472806442808992
FREE_6DOF,robot_component_fluid,0.00022500000000000005,0.001207750297674601,-2.1376067447742219e-08,-1.5489160271994957e-07,1,0,0,0,0,0,0,0.017875843913419336,-0.00024305402934586613,-0.001091976196244215,0,0,0,-3.6077649393446894e-06,0,0,7.1421350909767518e-10,-6.8149421249825633e-08,-3.9720391633918396e-08,1.5635966504404233e-07,0.00089984364033495595,31.700302846718252,0.14137166941154072,0.12909375000000003,0.0010399958044715794,9.0847819973349232e-06,3.1131721660494084e-06,-0.010982765225389084,-0.00039179237974798134,0.00047472806442808992
FREE_6DOF,robot_component_fluid,0.00022500000000000005,0.0012077502976741801,-2.1376067447742219e-08,-1.5489160271994957e-07,1,0,0,0,0,0,0,0.017875843879752627,-0.00024305402934586613,-0.001091976196244215,0,0,0,-3.6077649393446657e-06,0,0,7.1421350909767518e-10,-6.8149421249825633e-08,-3.9720391633918396e-08,1.5635966504404233e-07,0.00089984364033495595,31.700302846717832,0.14137166941154072,0.12909375000000003,0.0010399958044715794,9.0847819973349232e-06,3.1131721660494084e-06,-0.010982765225389084,-0.00039179237974798134,0.00047472806442808992
FREE_6DOF,robot_component_fluid,0.00025000000000000006,0.0012077502976741801,-2.1376067447742219e-08,-1.5489160271994957e-07,1,0,0,0,0,0,0,0.017875843879752627,-0.00024305402934586613,-0.001091976196244215,0,0,0,-4.3666864435513669e-06,0,0,8.8376864187280037e-10,-8.2291392423274128e-08,-5.5093746860240886e-08,1.5635966504404233e-07,0.00089984364033495595,31.700152846717831,0.15707963267948971,0.15625000000000006,0.0010399958044715794,9.0847819973349232e-06,3.1131721660494084e-06,-0.010981191479958245,-0.00043496493796126251,0.00047353899864405419
FREE_6DOF,robot_component_fluid,0.00025000000000000006,0.0012082255101385272,-2.7491092140015278e-08,-1.825202815670442e-07,1,0,0,0,0,0,0,0.020141153268012271,-0.00024614794603597894,-0.001118318111523356,0,0,0,-4.3667194188166219e-06,0,0,8.8376864187280037e-10,-8.2291392423274128e-08,-5.5093746860240886e-08,1.8457901649527746e-07,0.00089981542098350467,31.700628059182176,0.15707963267948971,0.15625000000000006,0.0010399958044715794,9.0847819973349232e-06,3.1131721660494084e-06,-0.010981191479958245,-0.00043496493796126251,0.00047353899864405419
FREE_6DOF,robot_component_fluid,0.00025000000000000006,0.0012082255101379484,-2.7491092140015278e-08,-1.825202815670442e-07,1,0,0,0,0,0,0,0.02014115322172173,-0.00024614794603597894,-0.001118318111523356,0,0,0,-4.3667194188165829e-06,0,0,8.8376864187280037e-10,-8.2291392423274128e-08,-5.5093746860240886e-08,1.8457901649527746e-07,0.00089981542098350467,31.7006280591816,0.15707963267948971,0.15625000000000006,0.0010399958044715794,9.0847819973349232e-06,3.1131721660494084e-06,-0.010981191479958245,-0.00043496493796126251,0.00047353899864405419
FREE_6DOF,robot_component_fluid,0.00027500000000000007,0.0012082255101379484,-2.7491092140015278e-08,-1.825202815670442e-07,1,0,0,0,0,0,0,0.02014115322172173,-0.00024614794603597894,-0.001118318111523356,0,0,0,-5.178043544487618e-06,0,0,1.0706005669820324e-09,-9.7327210635471013e-08,-7.3630237798618017e-08,1.8457901649527746e-07,0.00089981542098350467,31.700478059181599,0.17278759594743867,0.18528125000000006,0.0010399958044715794,9.0847819973349232e-06,3.1131721660494084e-06,-0.010979457869725864,-0.000478024154911927,0.00047222642263590377
FREE_6DOF,robot_component_fluid,0.00027500000000000007,0.0012087567451963643,-3.3455892816473677e-08,-2.1082077793743753e-07,1,0,0,0,0,0,0,0.022357651451560767,-0.00023103610808069273,-0.0011457215981081096,0,0,0,-5.1780872550820619e-06,0,0,1.0706005669820324e-09,-9.7327210635471013e-08,-7.3630237798618017e-08,2.1345888872167802e-07,0.00089978654111127826,31.701009294240013,0.17278759594743867,0.18528125000000006,0.0010399958044715794,9.0847819973349232e-06,3.1131721660494084e-06,-0.010979457869725864,-0.000478024154911927,0.00047222642263590377
FREE_6DOF,robot_component_fluid,0.00027500000000000007,0.0012087567451955974,-3.3455892816473677e-08,-2.1082077793743753e-07,1,0,0,0,0,0,0,0.022357651390200017,-0.00023103610808069273,-0.0011457215981081096,0,0,0,-5.1780872550819967e-06,0,0,1.0706005669820324e-09,-9.7327210635471013e-08,-7.3630237798618017e-08,2.1345888872167802e-07,0.00089978654111127826,31.701009294239245,0.17278759594743867,0.18528125000000006,0.0010399958044715794,9.0847819973349232e-06,3.1131721660494084e-06,-0.010979457869725864,-0.000478024154911927,0.00047222642263590377
FREE_6DOF,robot_component_fluid,0.00030000000000000008,0.0012087567451955974,-3.3455892816473677e-08,-2.1082077793743753e-07,1,0,0,0,0,0,0,0.022357651390200017,-0.00023103610808069273,-0.0011457215981081096,0,0,0,-6.0365751053074922e-06,0,0,1.2741551971424946e-09,-1.1313983657466987e-07,-9.5486305582676353e-08,2.1345888872167802e-07,0.00089978654111127826,31.700859294239248,0.18849555921538766,0.21600000000000016,0.0010399958044715794,9.0847819973349232e-06,3.1131721660494084e-06,-0.010977566117592808,-0.00052095885604497576,0.00047079082848614363
FREE_6DOF,robot_component_fluid,0.00030000000000000008,0.0012093427590946541,-3.8794492944703054e-08,-2.3976287568005424e-07,1,0,0,0,0,0,0,0.024523460534341662,-0.00019605190217765708,-0.0011696462213012233,0,0,0,-6.036631315668155e-06,0,0,1.2741551971424946e-09,-1.1313983657466987e-07,-9.5486305582676353e-08,2.428811422017069e-07,0.00089975711885779822,31.701445308138304,0.18849555921538766,0.21600000000000016,0.0010399958044715794,9.0847819973349232e-06,3.1131721660494084e-06,-0.010977566117592808,-0.00052095885604497576,0.00047079082848614363
FREE_6DOF,robot_component_fluid,0.00030000000000000008,0.0012093427590936677,-3.8794492944703054e-08,-2.3976287568005424e-07,1,0,0,0,0,0,0,0.024523460455433795,-0.00019605190217765708,-0.0011696462213012233,0,0,0,-6.0366313156680601e-06,0,0,1.2741551971424946e-09,-1.1313983657466987e-07,-9.5486305582676353e-08,2.428811422017069e-07,0.00089975711885779822,31.70144530813732,0.18849555921538766,0.21600000000000016,0.0010399958044715794,9.0847819973349232e-06,3.1131721660494084e-06,-0.010977566117592808,-0.00052095885604497576,0.00047079082848614363
FREE_6DOF,robot_component_fluid,0.00032500000000000009,0.0012093427590936677,-3.8794492944703054e-08,-2.3976287568005424e-07,1,0,0,0,0,0,0,0.024523460455433795,-0.00019605190217765708,-0.0011696462213012233,0,0,0,-6.9370440188938324e-06,0,0,1.4937686987566655e-09,-1.2961207988154735e-07,-1.207821699402016e-07,2.428811422017069e-07,0.00089975711885779822,31.701295308137318,0.20420352248333662,0.24821875000000004,0.0010399958044715794,9.0847819973349232e-06,3.1131721660494084e-06,-0.010975518103491275,-0.00056375791199805294,0.0004692327531139154
FREE_6DOF,robot_component_fluid,0.00032500000000000009,0.0012099822673261873,-4.3096169809868505e-08,-2.6918920916342546e-07,1,0,0,0,0,0,0,0.026637198146127642,-0.00014808224703557901,-0.0011844604573684728,0,0,0,-6.937114507640618e-06,0,0,1.4937686987566655e-09,-1.2961207988154735e-07,-1.207821699402016e-07,2.7261714946479694e-07,0.00089972738285053514,31.701934816369835,0.20420352248333662,0.24821875000000004,0.0010399958044715794,9.0847819973349232e-06,3.1131721660494084e-06,-0.010975518103491275,-0.00056375791199805294,0.0004692327531139154
FREE_6DOF,robot_component_fluid,0.00032500000000000009,0.0012099822673249504,-4.3096169809868505e-08,-2.6918920916342546e-07,1,0,0,0,0,0,0,0.026637198047175834,-0.00014808224703557901,-0.0011844604573684728,0,0,0,-6.9371145076404817e-06,0,0,1.4937686987566655e-09,-1.2961207988154735e-07,-1.207821699402016e-07,2.7261714946479694e-07,0.00089972738285053514,31.701934816368599,0.20420352248333662,0.24821875000000004,0.0010399958044715794,9.0847819973349232e-06,3.1131721660494084e-06,-0.010975518103491275,-0.00056375791199805294,0.0004692327531139154
FREE_6DOF,robot_component_fluid,0.0003500000000000001,0.0012099822673249504,-4.3096169809868505e-08,-2.6918920916342546e-07,1,0,0,0,0,0,0,0.026637198047175834,-0.00014808224703557901,-0.0011844604573684728,0,0,0,-7.8742131861578981e-06,0,0,1.728669953392498e-09,-1.4662685545284376e-07,-1.4960190354376382e-07,2.7261714946479694e-07,0.00089972738285053514,31.701784816368601,0.21991148575128561,0.28175000000000011,0.0010399958044715794,9.0847819973349232e-06,3.1131721660494084e-06,-0.010973315862481547,-0.00060641024252991926,0.0004675527777328004
FREE_6DOF,robot_component_fluid,0.0003500000000000001,0.0012106739694320459,-4.6101450514119434e-08,-2.9891030001609929e-07,1,0,0,0,0,0,0,0.028698970520452192,-9.2340209304495394e-05,-0.0011932268108454333,0,0,0,-7.8742997237215172e-06,0,0,1.728669953392498e-09,-1.4662685545284376e-07,-1.4960190354376382e-07,3.0244455887851628e-07,0.00089969755544112146,31.702476518475699,0.21991148575128561,0.28175000000000011,0.0010399958044715794,9.0847819973349232e-06,3.1131721660494084e-06,-0.010973315862481547,-0.00060641024252991926,0.0004675527777328004
FREE_6DOF,robot_component_fluid,0.0003500000000000001,0.0012106739694305274,-4.6101450514119434e-08,-2.9891030001609929e-07,1,0,0,0,0,0,0,0.028698970398971121,-9.2340209304495394e-05,-0.0011932268108454333,0,0,0,-7.8742997237213274e-06,0,0,1.728669953392498e-09,-1.4662685545284376e-07,-1.4960190354376382e-07,3.0244455887851628e-07,0.00089969755544112146,31.702476518474178,0.21991148575128561,0.28175000000000011,0.0010399958044715794,9.0847819973349232e-06,3.1131721660494084e-06,-0.010973315862481547,-0.00060641024252991926,0.0004675527777328004
FREE_6DOF,robot_component_fluid,0.00037500000000000012,0.0012106739694305274,-4.6101450514119434e-08,-2.9891030001609929e-07,1,0,0,0,0,0,0,0.028698970398971124,-9.2340209304495394e-05,-0.0011932268108454333,0,0,0,-8.8428454634756638e-06,0,0,1.9779831435548862e-09,-1.6406743846830475e-07,-1.819935516081205e-07,3.0244455887851628e-07,0.00089969755544112146,31.702326518474177,0.23561944901923457,0.31640625000000017,0.0010399958044715794,9.0847819973349232e-06,3.1131721660494084e-06,-0.010970961582692153,-0.00064890482040287525,0.00046575152726619818
FREE_6DOF,robot_component_fluid,0.00037500000000000012,0.0012114166666559836,-4.7672354745548632e-08,-3.2888504883088719e-07,1,0,0,0,0,0,0,0.030716807637526444,-3.3332129209840376e-05,-0.0012047530943375994,0,0,0,-8.8429498055163206e-06,0,0,1.9779831435548862e-09,-1.6406743846830475e-07,-1.819935516081205e-07,3.3232217613556948e-07,0.00089966767782386436,31.703069215699635,0.23561944901923457,0.31640625000000017,0.0010399958044715794,9.0847819973349232e-06,3.1131721660494084e-06,-0.010970961582692153,-0.00064890482040287525,0.00046575152726619818
FREE_6DOF,robot_component_fluid,0.00037500000000000012,0.0012114166666541528,-4.7672354745548632e-08,-3.2888504883088719e-07,1,0,0,0,0,0,0,0.030716807491051521,-3.3332129209840376e-05,-0.0012047530943375994,0,0,0,-8.8429498055160631e-06,0,0,1.9779831435548862e-09,-1.6406743846830475e-07,-1.819935516081205e-07,3.3232217613556948e-07,0.00089966767782386436,31.703069215697802,0.23561944901923457,0.31640625000000017,0.0010399958044715794,9.0847819973349232e-06,3.1131721660494084e-06,-0.010970961582692153,-0.00064890482040287525,0.00046575152726619818
FREE_6DOF,robot_component_fluid,0.00040000000000000013,0.0012114166666541528,-4.7672354745548632e-08,-3.2888504883088719e-07,1,0,0,0,0,0,0,0.030716807491051525,-3.3332129209840376e-05,-0.0012047530943375994,0,0,0,-9.8377036288147058e-06,0,0,2.2407304591640384e-09,-1.8181771780980082e-07,-2.1796929650324596e-07,3.3232217613556948e-07,0.00089966767782386436,31.702919215697801,0.25132741228718353,0.3520000000000002,0.0010399958044715794,9.0847819973349232e-06,3.1131721660494084e-06,-0.010968457603105688,-0.00069123067521567236,0.00046382966972142938
FREE_6DOF,robot_component_fluid,0.00040000000000000013,0.0012122092237558332,-4.7839464013761537e-08,-3.5911575823334209e-07,1,0,0,0,0,0,0,0.032687760643378645,1.9963387752807786e-05,-0.0012137036578587922,0,0,0,-9.8378274955871848e-06,0,0,2.2407304591640384e-09,-1.8181771780980082e-07,-2.1796929650324596e-07,3.6228820313202612e-07,0.00089963771179686798,31.703711772799483,0.25132741228718353,0.3520000000000002,0.0010399958044715794,9.0847819973349232e-06,3.1131721660494084e-06,-0.010968457603105688,-0.00069123067521567236,0.00046382966972142938
FREE_6DOF,robot_component_fluid,0.00040000000000000013,0.0012122092237536596,-4.7839464013761537e-08,-3.5911575823334209e-07,1,0,0,0,0,0,0,0.032687760469494988,1.9963387752807786e-05,-0.0012137036578587922,0,0,0,-9.8378274955868426e-06,0,0,2.2407304591640384e-09,-1.8181771780980082e-07,-2.1796929650324596e-07,3.6228820313202612e-07,0.00089963771179686798,31.703711772797309,0.25132741228718353,0.3520000000000002,0.0010399958044715794,9.0847819973349232e-06,3.1131721660494084e-06,-0.010968457603105688,-0.00069123067521567236,0.00046382966972142938
FREE_6DOF,robot_component_fluid,0.00042500000000000014,0.0012122092237536596,-4.7839464013761537e-08,-3.5911575823334209e-07,1,0,0,0,0,0,0,0.032687760469494988,1.9963387752807786e-05,-0.0012137036578587922,0,0,0,-1.0853550334447543e-05,0,0,2.5158349210687455e-09,-1.9976244754692311e-07,-2.5750566710675467e-07,3.6228820313202612e-07,0.00089963771179686798,31.703561772797311,0.26703537555513251,0.38834375000000015,0.0010399958044715794,9.0847819973349232e-06,3.1131721660494084e-06,-0.010965806411192641,-0.00073337689718352863,0.00046178791552379254
FREE_6DOF,robot_component_fluid,0.00042500000000000014,0.0012130504018988189,-4.6769740307800667e-08,-3.8949956054145166e-07,1,0,0,0,0,0,0,0.03460649114324256,6.5614508724061519e-05,-0.0012170005267899719,0,0,0,-1.0853695366287533e-05,0,0,2.5158349210687455e-09,-1.9976244754692311e-07,-2.5750566710675467e-07,3.9229748440493868e-07,0.00089960770251559503,31.70440295094247,0.26703537555513251,0.38834375000000015,0.0010399958044715794,9.0847819973349232e-06,3.1131721660494084e-06,-0.010965806411192641,-0.00073337689718352863,0.00046178791552379254
FREE_6DOF,robot_component_fluid,0.00042500000000000014,0.0012130504018962739,-4.6769740307800667e-08,-3.8949956054145166e-07,1,0,0,0,0,0,0,0.034606490939647468,6.5614508724061519e-05,-0.0012170005267899719,0,0,0,-1.0853695366287094e-05,0,0,2.5158349210687455e-09,-1.9976244754692311e-07,-2.5750566710675467e-07,3.9229748440493868e-07,0.00089960770251559503,31.704402950939926,0.26703537555513251,0.38834375000000015,0.0010399958044715794,9.0847819973349232e-06,3.1131721660494084e-06,-0.010965806411192641,-0.00073337689718352863,0.00046178791552379254
FREE_6DOF,robot_component_fluid,0.00045000000000000015,0.0012130504018962739,-4.6769740307800667e-08,-3.8949956054145166e-07,1,0,0,0,0,0,0,0.034606490939647475,6.5614508724061519e-05,-0.0012170005267899719,0,0,0,-1.1885148034130166e-05,0,0,2.8021233178436917e-09,-2.1778749616953948e-07,-3.0054379257510383e-07,3.9229748440493868e-07,0.00089960770251559503,31.704252950939924,0.2827433388230815,0.42525000000000013,0.0010399958044715794,9.0847819973349232e-06,3.1131721660494084e-06,-0.010963010640395758,-0.00077533264086196375,0.00045962701681187676
FREE_6DOF,robot_component_fluid,0.00045000000000000015,0.0012139390118504044,-4.4778583252976074e-08,-4.1991819754885029e-07,1,0,0,0,0,0,0,0.036482305390802806,9.3678055661905769e-05,-0.0012164904338019193,0,0,0,-1.1885315794891143e-05,0,0,2.8021233178436917e-09,-2.1778749616953948e-07,-3.0054379257510383e-07,4.222989629999332e-07,0.00089957770103700008,31.705141560894052,0.2827433388230815,0.42525000000000013,0.0010399958044715794,9.0847819973349232e-06,3.1131721660494084e-06,-0.010963010640395758,-0.00077533264086196375,0.00045962701681187676
FREE_6DOF,robot_component_fluid,0.00045000000000000015,0.0012139390118474608,-4.4778583252976074e-08,-4.1991819754885029e-07,1,0,0,0,0,0,0,0.036482305155300952,9.3678055661905769e-05,-0.0012164904338019193,0,0,0,-1.1885315794890587e-05,0,0,2.8021233178436917e-09,-2.1778749616953948e-07,-3.0054379257510383e-07,4.222989629999332e-07,0.00089957770103700008,31.705141560891111,0.2827433388230815,0.42525000000000013,0.0010399958044715794,9.0847819973349232e-06,3.1131721660494084e-06,-0.010963010640395758,-0.00077533264086196375,0.00045962701681187676
FREE_6DOF,robot_component_fluid,0.00047500000000000016,0.0012139390118474608,-4.4778583252976074e-08,-4.1991819754885029e-07,1,0,0,0,0,0,0,0.036482305155300952,9.3678055661905769e-05,-0.0012164904338019193,0,0,0,-1.2927258961631839e-05,0,0,3.0983292520497438e-09,-2.3578009325470014e-07,-3.469897001693504e-07,4.222989629999332e-07,0.00089957770103700008,31.704991560891113,0.29845130209103043,0.46253125000000023,0.0010399958044715794,9.0847819973349232e-06,3.1131721660494084e-06,-0.010960073067467642,-0.00081708712881126437,0.00045734776669551132
FREE_6DOF,robot_component_fluid,0.00047500000000000016,0.0012148740162313512,-4.238554322272463e-08,-4.50251774787797e-07,1,0,0,0,0,0,0,0.038318045555916558,9.7765146758209368e-05,-0.0012101957453138153,0,0,0,-1.2927450945114907e-05,0,0,3.0983292520497438e-09,-2.3578009325470014e-07,-3.469897001693504e-07,4.5224240731475694e-07,0.0008995477575926852,31.705926565275004,0.29845130209103043,0.46253125000000023,0.0010399958044715794,9.0847819973349232e-06,3.1131721660494084e-06,-0.010960073067467642,-0.00081708712881126437,0.00045734776669551132
FREE_6DOF,robot_component_fluid,0.00047500000000000016,0.0012148740162279824,-4.238554322272463e-08,-4.50251774787797e-07,1,0,0,0,0,0,0,0.038318045286410946,9.7765146758209368e-05,-0.0012101957453138153,0,0,0,-1.2927450945114214e-05,0,0,3.0983292520497438e-09,-2.3578009325470014e-07,-3.469897001693504e-07,4.5224240731475694e-07,0.0008995477575926852,31.705926565271636,0.29845130209103043,0.46253125000000023,0.0010399958044715794,9.0847819973349232e-06,3.1131721660494084e-06,-0.010960073067467642,-0.00081708712881126437,0.00045734776669551132
FREE_6DOF,robot_component_fluid,0.00050000000000000012,0.0012148740162279824,-4.238554322272463e-08,-4.50251774787797e-07,1,0,0,0,0,0,0,0.038318045286410946,9.7765146758209368e-05,-0.0012101957453138153,0,0,0,-1.3974645115016915e-05,0,0,3.403096292074608e-09,-2.5362907326288499e-07,-3.9671465672849059e-07,4.5224240731475694e-07,0.0008995477575926852,31.705776565271634,0.31415926535897942,0.50000000000000011,0.0010399958044715794,9.0847819973349232e-06,3.1131721660494084e-06,-0.010956996609664425,-0.00085862965519850132,0.00045495099847779705
FREE_6DOF,robot_component_fluid,0.00050000000000000012,0.0012158544190503393,-4.006037624989343e-08,-4.8052608659914936e-07,1,0,0,0,0,0,0,0.040114180502145345,8.8248211068286343e-05,-0.0012117491995943732,0,0,0,-1.3974862713764295e-05,0,0,3.403096292074608e-09,-2.5362907326288499e-07,-3.9671465672849059e-07,4.8219306677675924e-07,0.00089951780693322322,31.706756968093988,0.31415926535897942,0.50000000000000011,0.0010399958044715794,9.0847819973349232e-06,3.1131721660494084e-06,-0.010956996609664425,-0.00085862965519850132,0.00045495099847779705
FREE_6DOF,robot_component_fluid,0.00050000000000000012,0.0012158544190465212,-4.006037624989343e-08,-4.8052608659914936e-07,1,0,0,0,0,0,0,0.040114180196681129,8.8248211068286343e-05,-0.0012117491995943732,0,0,0,-1.3974862713763448e-05,0,0,3.403096292074608e-09,-2.5362907326288499e-07,-3.9671465672849059e-07,4.8219306677675924e-07,0.00089951780693322322,31.706756968090172,0.31415926535897942,0.50000000000000011,0.0010399958044715794,9.0847819973349232e-06,3.1131721660494084e-06,-0.010956996609664425,-0.00085862965519850132,0.00045495099847779705
FREE_6DOF,robot_component_fluid,0.00052500000000000008,0.0012158544190465212,-4.006037624989343e-08,-4.8052608659914936e-07,1,0,0,0,0,0,0,0.040114180196681136,8.8248211068286343e-05,-0.0012117491995943732,0,0,0,-1.50220682024489e-05,0,0,3.7149812256183203e-09,-2.7122511616685934e-07,-4.4955555334159115e-07,4.8219306677675924e-07,0.00089951780693322322,31.706606968090171,0.32986722862692835,0.53746875000000005,0.0010399958044715794,9.0847819973349232e-06,3.1131721660494084e-06,-0.010953784321798518,-0.00089994958933411703,0.00045243758484273634
FREE_6DOF,robot_component_fluid,0.00052500000000000008,0.0012168792121773999,-3.7976701004868577e-08,-5.1102916890825817e-07,1,0,0,0,0,0,0,0.041869270273616976,7.8445808533701808e-05,-0.0012284973851343398,0,0,0,-1.502231268193991e-05,0,0,3.7149812256183203e-09,-2.7122511616685934e-07,-4.4955555334159115e-07,5.1243832925951022e-07,0.00089948756167074044,31.707631761221048,0.32986722862692835,0.53746875000000005,0.0010399958044715794,9.0847819973349232e-06,3.1131721660494084e-06,-0.010953784321798518,-0.00089994958933411703,0.00045243758484273634
FREE_6DOF,robot_component_fluid,0.00052500000000000008,0.0012168792121731099,-3.7976701004868577e-08,-5.1102916890825817e-07,1,0,0,0,0,0,0,0.041869269930417688,7.8445808533701808e-05,-0.0012284973851343398,0,0,0,-1.5022312681938887e-05,0,0,3.7149812256183203e-09,-2.7122511616685934e-07,-4.4955555334159115e-07,5.1243832925951022e-07,0.00089948756167074044,31.70763176121676,0.32986722862692835,0.53746875000000005,0.0010399958044715794,9.0847819973349232e-06,3.1131721660494084e-06,-0.010953784321798518,-0.00089994958933411703,0.00045243758484273634
FREE_6DOF,robot_component_fluid,0.00055000000000000003,0.0012168792121731099,-3.7976701004868577e-08,-5.1102916890825817e-07,1,0,0,0,0,0,0,0.041869269930417688,7.8445808533701808e-05,-0.0012284973851343398,0,0,0,-1.606428959336407e-05,0,0,4.032457410843645e-09,-2.8846098462529555e-07,-5.0531533272913145e-07,5.1243832925951022e-07,0.00089948756167074044,31.707481761216762,0.34557519189487729,0.57475000000000009,0.0010399958044715794,9.0847819973349232e-06,3.1131721660494084e-06,-0.010950439393153556,-0.00094103637914023399,0.00044980843701003927
FREE_6DOF,robot_component_fluid,0.00055000000000000003,0.0012179472844454301,-3.5999171134322897e-08,-5.420655796777129e-07,1,0,0,0,0,0,0,0.043576511855202726,7.9756581109952354e-05,-0.0012544154764220494,0,0,0,-1.6064562053093104e-05,0,0,4.032457410843645e-09,-2.8846098462529555e-07,-5.0531533272913145e-07,5.4325963681622177e-07,0.00089945674036318371,31.70854983348908,0.34557519189487729,0.57475000000000009,0.0010399958044715794,9.0847819973349232e-06,3.1131721660494084e-06,-0.010950439393153556,-0.00094103637914023399,0.00044980843701003927
FREE_6DOF,robot_component_fluid,0.00055000000000000003,0.0012179472844406492,-3.5999171134322897e-08,-5.420655796777129e-07,1,0,0,0,0,0,0,0.043576511472724892,7.9756581109952354e-05,-0.0012544154764220494,0,0,0,-1.6064562053091884e-05,0,0,4.032457410843645e-09,-2.8846098462529555e-07,-5.0531533272913145e-07,5.4325963681622177e-07,0.00089945674036318371,31.708549833484302,0.34557519189487729,0.57475000000000009,0.0010399958044715794,9.0847819973349232e-06,3.1131721660494084e-06,-0.010950439393153556,-0.00094103637914023399,0.00044980843701003927
FREE_6DOF,robot_component_fluid,0.00057499999999999999,0.0012179472844406492,-3.5999171134322897e-08,-5.420655796777129e-07,1,0,0,0,0,0,0,0.043576511472724899,7.9756581109952354e-05,-0.0012544154764220494,0,0,0,-1.7096070255884518e-05,0,0,4.3539182211755235e-09,-3.0523175742282038e-07,-5.6376345880426108e-07,5.4325963681622177e-07,0.00089945674036318371,31.7083998334843,0.36128315516282622,0.6116562499999999,0.0010399958044715794,9.0847819973349232e-06,3.1131721660494084e-06,-0.010946965144264882,-0.00098187955454794528,0.00044706450385874515
FREE_6DOF,robot_component_fluid,0.00057499999999999999,0.0012190575539058693,-3.3869353563469366e-08,-5.736564178375143e-07,1,0,0,0,0,0,0,0.045245045744869074,9.0628824558329615e-05,-0.0012728515763620657,0,0,0,-1.7096371644439965e-05,0,0,4.3539182211755235e-09,-3.0523175742282038e-07,-5.6376345880426108e-07,5.7465539137554089e-07,0.00089942534460862443,31.709510102949519,0.36128315516282622,0.6116562499999999,0.0010399958044715794,9.0847819973349232e-06,3.1131721660494084e-06,-0.010946965144264882,-0.00098187955454794528,0.00044706450385874515
FREE_6DOF,robot_component_fluid,0.00057499999999999999,0.0012190575539005805,-3.3869353563469366e-08,-5.736564178375143e-07,1,0,0,0,0,0,0,0.045245045321781086,9.0628824558329615e-05,-0.0012728515763620657,0,0,0,-1.7096371644438528e-05,0,0,4.3539182211755235e-09,-3.0523175742282038e-07,-5.6376345880426108e-07,5.7465539137554089e-07,0.00089942534460862443,31.709510102944229,0.36128315516282622,0.6116562499999999,0.0010399958044715794,9.0847819973349232e-06,3.1131721660494084e-06,-0.010946965144264882,-0.00098187955454794528,0.00044706450385874515
FREE_6DOF,robot_component_fluid,0.00059999999999999995,0.0012190575539005805,-3.3869353563469366e-08,-5.736564178375143e-07,1,0,0,0,0,0,0,0.045245045321781086,9.0628824558329615e-05,-0.0012728515763620657,0,0,0,-1.8112170751341515e-05,0,0,4.6776805797060713e-09,-3.2143505890819001e-07,-6.2463642784612421e-07,5.7465539137554089e-07,0.00089942534460862443,31.709360102944231,0.37699111843077515,0.64800000000000002,0.0010399958044715794,9.0847819973349232e-06,3.1131721660494084e-06,-0.010943365023568944,-0.0010224687308209733,0.00044420677102135223
FREE_6DOF,robot_component_fluid,0.00059999999999999995,0.0012202090397049011,-3.1442542730054156e-08,-6.0549162536949978e-07,1,0,0,0,0,0,0,0.046873819023886105,0.00010351604211488702,-0.001273965026196768,0,0,0,-1.811250187588154e-05,0,0,4.6776805797060713e-09,-3.2143505890819001e-07,-6.2463642784612421e-07,6.0630746481131991e-07,0.00089939369253518866,31.710511588748552,0.37699111843077515,0.64800000000000002,0.0010399958044715794,9.0847819973349232e-06,3.1131721660494084e-06,-0.010943365023568944,-0.0010224687308209733,0.00044420677102135223
FREE_6DOF,robot_component_fluid,0.00059999999999999995,0.0012202090396990909,-3.1442542730054156e-08,-6.0549162536949978e-07,1,0,0,0,0,0,0,0.046873818559054863,0.00010351604211488702,-0.001273965026196768,0,0,0,-1.8112501875879877e-05,0,0,4.6776805797060713e-09,-3.2143505890819001e-07,-6.2463642784612421e-07,6.0630746481131991e-07,0.00089939369253518866,31.710511588742744,0.37699111843077515,0.64800000000000002,0.0010399958044715794,9.0847819973349232e-06,3.1131721660494084e-06,-0.010943365023568944,-0.0010224687308209733,0.00044420677102135223
FREE_6DOF,robot_component_fluid,0.0006249999999999999,0.0012202090396990909,-3.1442542730054156e-08,-6.0549162536949978e-07,1,0,0,0,0,0,0,0.046873818559054863,0.00010351604211488702,-0.001273965026196768,0,0,0,-1.9107351225215109e-05,0,0,5.0019885791421127e-09,-3.3697128417285828e-07,-6.8763832068006642e-07,6.0630746481131991e-07,0.00089939369253518866,31.710361588742742,0.39269908169872408,0.68359374999999989,0.0010399958044715794,9.0847819973349232e-06,3.1131721660494084e-06,-0.010939642603925204,-0.0010627936118032186,0.00044123625995020244
FREE_6DOF,robot_component_fluid,0.0006249999999999999,0.0012214008004732234,-2.880320307564645e-08,-6.3717266541938937e-07,1,0,0,0,0,0,0,0.048467043371543526,0.00010763113023772952,-0.0012605181777944011,0,0,0,-1.9107712726956834e-05,0,0,5.0019885791421127e-09,-3.3697128417285828e-07,-6.8763832068006642e-07,6.3782335333936001e-07,0.00089936217664666064,31.711553349516873,0.39269908169872408,0.68359374999999989,0.0010399958044715794,9.0847819973349232e-06,3.1131721660494084e-06,-0.010939642603925204,-0.0010627936118032186,0.00044123625995020244
FREE_6DOF,robot_component_fluid,0.0006249999999999999,0.0012214008004668799,-2.880320307564645e-08,-6.3717266541938937e-07,1,0,0,0,0,0,0,0.048467042864068895,0.00010763113023772952,-0.0012605181777944011,0,0,0,-1.9107712726954917e-05,0,0,5.0019885791421127e-09,-3.3697128417285828e-07,-6.8763832068006642e-07,6.3782335333936001e-07,0.00089936217664666064,31.711553349510531,0.39269908169872408,0.68359374999999989,0.0010399958044715794,9.0847819973349232e-06,3.1131721660494084e-06,-0.010939642603925204,-0.0010627936118032186,0.00044123625995020244
FREE_6DOF,robot_component_fluid,0.00064999999999999986,0.0012214008004668799,-2.880320307564645e-08,-6.3717266541938937e-07,1,0,0,0,0,0,0,0.048467042864068895,0.00010763113023772952,-0.0012605181777944011,0,0,0,-2.0076371363837026e-05,0,0,5.325017183220792e-09,-3.5174381972324076e-07,-7.5244139522349685e-07,6.3782335333936001e-07,0.00089936217664666064,31.71140334951053,0.40840704496667302,0.71824999999999972,0.0010399958044715794,9.0847819973349232e-06,3.1131721660494084e-06,-0.010935801579014252,-0.0011028439930878533,0.00043815402695791724
FREE_6DOF,robot_component_fluid,0.00064999999999999986,0.0012226321305602197,-2.6118529405129058e-08,-6.6846462014138644e-07,1,0,0,0,0,0,0,0.050039364603109204,0.00010714276340366183,-0.0012428381999653607,0,0,0,-2.0076763771472207e-05,0,0,5.325017183220792e-09,-3.5174381972324076e-07,-7.5244139522349685e-07,6.6897468259946473e-07,0.00089933102531740048,31.71263467960387,0.40840704496667302,0.71824999999999972,0.0010399958044715794,9.0847819973349232e-06,3.1131721660494084e-06,-0.010935801579014252,-0.0011028439930878533,0.00043815402695791724
FREE_6DOF,robot_component_fluid,0.00064999999999999986,0.001222632130553334,-2.6118529405129058e-08,-6.6846462014138644e-07,1,0,0,0,0,0,0,0.050039364052249007,0.00010714276340366183,-0.0012428381999653607,0,0,0,-2.0076763771470012e-05,0,0,5.325017183220792e-09,-3.5174381972324076e-07,-7.5244139522349685e-07,6.6897468259946473e-07,0.00089933102531740048,31.712634679596981,0.40840704496667302,0.71824999999999972,0.0010399958044715794,9.0847819973349232e-06,3.1131721660494084e-06,-0.010935801579014252,-0.0011028439930878533,0.00043815402695791724
FREE_6DOF,robot_component_fluid,0.00067499999999999982,0.001222632130553334,-2.6118529405129058e-08,-6.6846462014138644e-07,1,0,0,0,0,0,0,0.050039364052249007,0.00010714276340366183,-0.0012428381999653607,0,0,0,-2.1013990432665807e-05,0,0,5.6448760055148798e-09,-3.656592594114333e-07,-8.1868671872145458e-07,6.6897468259946473e-07,0.00089933102531740048,31.712484679596983,0.42411500823462195,0.75178124999999985,0.0010399958044715794,9.0847819973349232e-06,3.1131721660494084e-06,-0.010931845759615953,-0.0011426097651057495,0.00043496116223371993
FREE_6DOF,robot_component_fluid,0.00067499999999999982,0.0012239025470583275,-2.3548152626658379e-08,-6.9940325313561492e-07,1,0,0,0,0,0,0,0.051593956347233114,9.8487378873992462e-05,-0.0012322524395729179,0,0,0,-2.1014414161190907e-05,0,0,5.6448760055148798e-09,-3.656592594114333e-07,-8.1868671872145458e-07,6.9979956129509638e-07,0.00089930020043870493,31.713755096101977,0.42411500823462195,0.75178124999999985,0.0010399958044715794,9.0847819973349232e-06,3.1131721660494084e-06,-0.010931845759615953,-0.0011426097651057495,0.00043496116223371993
FREE_6DOF,robot_component_fluid,0.00067499999999999982,0.001223902547050892,-2.3548152626658379e-08,-6.9940325313561492e-07,1,0,0,0,0,0,0,0.051593955752404781,9.8487378873992462e-05,-0.0012322524395729179,0,0,0,-2.1014414161188423e-05,0,0,5.6448760055148798e-09,-3.656592594114333e-07,-8.1868671872145458e-07,6.9979956129509638e-07,0.00089930020043870493,31.713755096094541,0.42411500823462195,0.75178124999999985,0.0010399958044715794,9.0847819973349232e-06,3.1131721660494084e-06,-0.010931845759615953,-0.0011426097651057495,0.00043496116223371993
FREE_6DOF,robot_component_fluid,0.00069999999999999978,0.001223902547050892,-2.3548152626658379e-08,-6.9940325313561492e-07,1,0,0,0,0,0,0,0.051593955752404788,9.8487378873992462e-05,-0.0012322524395729179,0,0,0,-2.1914967259894715e-05,0,0,5.9596131615532217e-09,-3.7862761540099215e-07,-8.8598483896261189e-07,6.9979956129509638e-07,0.00089930020043870493,31.71360509609454,0.43982297150257094,0.78399999999999959,0.0010399958044715794,9.0847819973349232e-06,3.1131721660494084e-06,-0.010927779069771579,-0.0011820809161311801,0.00043165878883752706
FREE_6DOF,robot_component_fluid,0.00069999999999999978,0.001225211420395878,-2.123056147030156e-08,-7.3013596196120495e-07,1,0,0,0,0,0,0,0.053115911846486112,8.6919913634552872e-05,-0.0012263642664742851,0,0,0,-2.191542248396619e-05,0,0,5.9596131615532217e-09,-3.7862761540099215e-07,-8.8598483896261189e-07,7.3044456305003625e-07,0.00089926955543694997,31.714913969439529,0.43982297150257094,0.78399999999999959,0.0010399958044715794,9.0847819973349232e-06,3.1131721660494084e-06,-0.010927779069771579,-0.0011820809161311801,0.00043165878883752706
FREE_6DOF,robot_component_fluid,0.00069999999999999978,0.00122521142038789,-2.123056147030156e-08,-7.3013596196120495e-07,1,0,0,0,0,0,0,0.053115911207444466,8.6919913634552872e-05,-0.0012263642664742851,0,0,0,-2.1915422483963405e-05,0,0,5.9596131615532217e-09,-3.7862761540099215e-07,-8.8598483896261189e-07,7.3044456305003625e-07,0.00089926955543694997,31.714913969431539,0.43982297150257094,0.78399999999999959,0.0010399958044715794,9.0847819973349232e-06,3.1131721660494084e-06,-0.010927779069771579,-0.0011820809161311801,0.00043165878883752706
FREE_6DOF,robot_component_fluid,0.00072499999999999973,0.00122521142038789,-2.123056147030156e-08,-7.3013596196120495e-07,1,0,0,0,0,0,0,0.053115911207444466,8.6919913634552872e-05,-0.0012263642664742851,0,0,0,-2.2774060089402806e-05,0,0,6.2672191901926691e-09,-3.9056252395656036e-07,-9.5391649373456634e-07,7.3044456305003625e-07,0.00089926955543694997,31.714763969431541,0.45553093477051987,0.81471874999999971,0.0010399958044715794,9.0847819973349232e-06,3.1131721660494084e-06,-0.010923605542833994,-0.0012212475352028744,0.0004282480616737193
FREE_6DOF,robot_component_fluid,0.00072499999999999973,0.0012265575573193784,-1.8955390254850944e-08,-7.6097517464559321e-07,1,0,0,0,0,0,0,0.05457504331163452,9.5093783601496196e-05,-0.0012407727482767748,0,0,0,-2.277454657349913e-05,0,0,6.2672191901926691e-09,-3.9056252395656036e-07,-9.5391649373456634e-07,7.6121122117754198e-07,0.00089923878877882244,31.716110106363029,0.45553093477051987,0.81471874999999971,0.0010399958044715794,9.0847819973349232e-06,3.1131721660494084e-06,-0.010923605542833994,-0.0012212475352028744,0.0004282480616737193
FREE_6DOF,robot_component_fluid,0.00072499999999999973,0.0012265575573108419,-1.8955390254850944e-08,-7.6097517464559321e-07,1,0,0,0,0,0,0,0.054575042628710185,9.5093783601496196e-05,-0.0012407727482767748,0,0,0,-2.2774546573496047e-05,0,0,6.2672191901926691e-09,-3.9056252395656036e-07,-9.5391649373456634e-07,7.6121122117754198e-07,0.00089923878877882244,31.716110106354492,0.45553093477051987,0.81471874999999971,0.0010399958044715794,9.0847819973349232e-06,3.1131721660494084e-06,-0.010923605542833994,-0.0012212475352028744,0.0004282480616737193
FREE_6DOF,robot_component_fluid,0.00074999999999999969,0.0012265575573108419,-1.8955390254850944e-08,-7.6097517464559321e-07,1,0,0,0,0,0,0,0.054575042628710185,9.5093783601496196e-05,-0.0012407727482767748,0,0,0,-2.3586026386101099e-05,0,0,6.5656310401956661e-09,-4.0138144585858596e-07,-1.0220333577468532e-06,7.6121122117754198e-07,0.00089923878877882244,31.71596010635449,0.4712388980384688,0.84374999999999967,0.0010399958044715794,9.0847819973349232e-06,3.1131721660494084e-06,-0.010919329317410086,-0.00126009981495866,0.00042473016644654021
FREE_6DOF,robot_component_fluid,0.00074999999999999969,0.0012279396268515567,-1.6344107943456198e-08,-7.9235635582767919e-07,1,0,0,0,0,0,0,0.055990520628465046,0.0001138088013100831,-0.0012697217462901015,0,0,0,-2.3586543604898377e-05,0,0,6.5656310401956661e-09,-4.0138144585858596e-07,-1.0220333577468532e-06,7.9252490464652729e-07,0.00089920747509535342,31.717342175895208,0.4712388980384688,0.84374999999999967,0.0010399958044715794,9.0847819973349232e-06,3.1131721660494084e-06,-0.010919329317410086,-0.00126009981495866,0.00042473016644654021
FREE_6DOF,robot_component_fluid,0.00074999999999999969,0.0012279396268424806,-1.6344107943456198e-08,-7.9235635582767919e-07,1,0,0,0,0,0,0,0.055990519902395459,0.0001138088013100831,-0.0012697217462901015,0,0,0,-2.3586543604894982e-05,0,0,6.5656310401956661e-09,-4.0138144585858596e-07,-1.0220333577468532e-06,7.9252490464652729e-07,0.00089920747509535342,31.717342175886131,0.4712388980384688,0.84374999999999967,0.0010399958044715794,9.0847819973349232e-06,3.1131721660494084e-06,-0.010919329317410086,-0.00126009981495866,0.00042473016644654021
FREE_6DOF,robot_component_fluid,0.00077499999999999965,0.0012279396268424806,-1.6344107943456198e-08,-7.9235635582767919e-07,1,0,0,0,0,0,0,0.055990519902395466,0.0001138088013100831,-0.0012697217462901015,0,0,0,-2.4345622939504184e-05,0,0,6.8527361179922541e-09,-4.1100586125709239e-07,-1.0898588262212375e-06,7.9252490464652729e-07,0.00089920747509535342,31.717192175886129,0.48694686130641773,0.87090624999999944,0.0010399958044715794,9.0847819973349232e-06,3.1131721660494084e-06,-0.010914954633199707,-0.0012986280543820785,0.00042110631859909299
FREE_6DOF,robot_component_fluid,0.00077499999999999965,0.0012293568790741776,-1.3261033363085979e-08,-8.2427131893825471e-07,1,0,0,0,0,0,0,0.057389658633362817,0.00013283716511953446,-0.0012834753025559385,0,0,0,-2.4346170342147082e-05,0,0,6.8527361179922541e-09,-4.1100586125709239e-07,-1.0898588262212375e-06,8.2437798504694857e-07,0.000899175622014953,31.718609428117826,0.48694686130641773,0.87090624999999944,0.0010399958044715794,9.0847819973349232e-06,3.1131721660494084e-06,-0.010914954633199707,-0.0012986280543820785,0.00042110631859909299
FREE_6DOF,robot_component_fluid,0.00077499999999999965,0.001229356879064572,-1.3261033363085979e-08,-8.2427131893825471e-07,1,0,0,0,0,0,0,0.057389657864921277,0.00013283716511953446,-0.0012834753025559385,0,0,0,-2.4346170342143366e-05,0,0,6.8527361179922541e-09,-4.1100586125709239e-07,-1.0898588262212375e-06,8.2437798504694857e-07,0.000899175622014953,31.71860942810822,0.48694686130641773,0.87090624999999944,0.0010399958044715794,9.0847819973349232e-06,3.1131721660494084e-06,-0.010914954633199707,-0.0012986280543820785,0.00042110631859909299
FREE_6DOF,robot_component_fluid,0.0007999999999999996,0.001229356879064572,-1.3261033363085979e-08,-8.2427131893825471e-07,1,0,0,0,0,0,0,0.057389657864921284,0.00013283716511953446,-0.0012834753025559385,0,0,0,-2.5047606120830439e-05,0,0,7.1263763926359655e-09,-4.1936145879134404e-07,-1.1568888343214867e-06,8.2437798504694857e-07,0.000899175622014953,31.718459428108222,0.50265482457436672,0.89599999999999957,0.0010399958044715794,9.0847819973349232e-06,3.1131721660494084e-06,-0.010910485826735561,-0.0013368226614595112,0.00041737776223793051
FREE_6DOF,robot_component_fluid,0.0007999999999999996,0.0012308087900909962,-9.5890706988227136e-09,-8.5632292909368006e-07,1,0,0,0,0,0,0,0.058763224249014256,0.00016091984802152684,-0.0012806535098780945,0,0,0,-2.5048183010649652e-05,0,0,7.1263763926359655e-09,-4.1936145879134404e-07,-1.1568888343214867e-06,8.5637661643020512e-07,0.00089914362338356973,31.719911339134647,0.50265482457436672,0.89599999999999957,0.0010399958044715794,9.0847819973349232e-06,3.1131721660494084e-06,-0.010910485826735561,-0.0013368226614595112,0.00041737776223793051
FREE_6DOF,robot_component_fluid,0.0007999999999999996,0.0012308087900808735,-9.5890706988227136e-09,-8.5632292909368006e-07,1,0,0,0,0,0,0,0.058763223439178738,0.00016091984802152684,-0.0012806535098780945,0,0,0,-2.5048183010645637e-05,0,0,7.1263763926359655e-09,-4.1936145879134404e-07,-1.1568888343214867e-06,8.5637661643020512e-07,0.00089914362338356973,31.719911339124526,0.50265482457436672,0.89599999999999957,0.0010399958044715794,9.0847819973349232e-06,3.1131721660494084e-06,-0.010910485826735561,-0.0013368226614595112,0.00041737776223793051
FREE_6DOF,robot_component_fluid,0.00082499999999999956,0.0012308087900808735,-9.5890706988227136e-09,-8.5632292909368006e-07,1,0,0,0,0,0,0,0.058763223439178745,0.00016091984802152684,-0.0012806535098780945,0,0,0,-2.5686731750163902e-05,0,0,7.3843525539998319e-09,-4.2637831881529269e-07,-1.2225927115690745e-06,8.5637661643020512e-07,0.00089914362338356973,31.719761339124524,0.5183627878423156,0.91884374999999952,0.0010399958044715794,9.0847819973349232e-06,3.1131721660494084e-06,-0.010905927327028515,-0.0013746741557465235,0.00041354576904525367
FREE_6DOF,robot_component_fluid,0.00082499999999999956,0.0012322946282322569,-5.1271572144637326e-09,-8.8832638427916027e-07,1,0,0,0,0,0,0,0.060103828671474256,0.00019603323072719158,-0.0012796229049603235,0,0,0,-2.5687337109710697e-05,0,0,7.3843525539998319e-09,-4.2637831881529269e-07,-1.2225927115690745e-06,8.8834118037361535e-07,0.00089911165881962631,31.721247177275906,0.5183627878423156,0.91884374999999952,0.0010399958044715794,9.0847819973349232e-06,3.1131721660494084e-06,-0.010905927327028515,-0.0013746741557465235,0.00041354576904525367
FREE_6DOF,robot_component_fluid,0.00082499999999999956,0.0012322946282216343,-5.1271572144637326e-09,-8.8832638427916027e-07,1,0,0,0,0,0,0,0.060103827821673061,0.00019603323072719158,-0.0012796229049603235,0,0,0,-2.5687337109706371e-05,0,0,7.3843525539998319e-09,-4.2637831881529269e-07,-1.2225927115690745e-06,8.8834118037361535e-07,0.00089911165881962631,31.721247177265283,0.5183627878423156,0.91884374999999952,0.0010399958044715794,9.0847819973349232e-06,3.1131721660494084e-06,-0.010905927327028515,-0.0013746741557465235,0.00041354576904525367
FREE_6DOF,robot_component_fluid,0.00084999999999999952,0.0012322946282216343,-5.1271572144637326e-09,-8.8832638427916027e-07,1,0,0,0,0,0,0,0.060103827821673068,0.00019603323072719158,-0.0012796229049603235,0,0,0,-2.6257754904415864e-05,0,0,7.6244282203010406e-09,-4.3199109058180668e-07,-1.2864140703670792e-06,8.8834118037361535e-07,0.00089911165881962631,31.721097177265285,0.53407075111026459,0.9392499999999997,0.0010399958044715794,9.0847819973349232e-06,3.1131721660494084e-06,-0.010901283651122896,-0.0014121731708422799,0.00040961163718073823
FREE_6DOF,robot_component_fluid,0.00084999999999999952,0.0012338135298403542,2.975222889973327e-10,-9.2040137043823156e-07,1,0,0,0,0,0,0,0.061408301675924017,0.00023794112954969365,-0.0012863759877653779,0,0,0,-2.6258387411360406e-05,0,0,7.6244282203010406e-09,-4.3199109058180668e-07,-1.2864140703670792e-06,9.2040141852568174e-07,0.00089907959858147432,31.722616078884005,0.53407075111026459,0.9392499999999997,0.0010399958044715794,9.0847819973349232e-06,3.1131721660494084e-06,-0.010901283651122896,-0.0014121731708422799,0.00040961163718073823
FREE_6DOF,robot_component_fluid,0.00084999999999999952,0.0012338135298292554,2.975222889973327e-10,-9.2040137043823156e-07,1,0,0,0,0,0,0,0.06140830078801341,0.00023794112954969365,-0.0012863759877653779,0,0,0,-2.6258387411355791e-05,0,0,7.6244282203010406e-09,-4.3199109058180668e-07,-1.2864140703670792e-06,9.2040141852568174e-07,0.00089907959858147432,31.722616078872907,0.53407075111026459,0.9392499999999997,0.0010399958044715794,9.0847819973349232e-06,3.1131721660494084e-06,-0.010901283651122896,-0.0014121731708422799,0.00040961163718073823
FREE_6DOF,robot_component_fluid,0.00087499999999999948,0.0012338135298292554,2.975222889973327e-10,-9.2040137043823156e-07,1,0,0,0,0,0,0,0.061408300788013417,0.00023794112954969365,-0.0012863759877653779,0,0,0,-2.6755429918402511e-05,0,0,7.8443341910901527e-09,-4.3613916325185373e-07,-1.3477717277319924e-06,9.2040141852568174e-07,0.00089907959858147432,31.722466078872905,0.54977871437821346,0.95703124999999956,0.0010399958044715794,9.0847819973349232e-06,3.1131721660494084e-06,-0.010896559399566486,-0.0014493104567710549,0.00040557669017503181
FREE_6DOF,robot_component_fluid,0.00087499999999999948,0.0012353646678882025,6.8934070392837221e-09,-9.5275747281735345e-07,1,0,0,0,0,0,0,0.0626827439277437,0.00028972965047321741,-0.001302112202564372,0,0,0,-2.6756088006652614e-05,0,0,7.8443341910901527e-09,-4.3613916325185373e-07,-1.3477717277319924e-06,9.5278241013880979e-07,0.00089904721758986121,31.724017216931852,0.54977871437821346,0.95703124999999956,0.0010399958044715794,9.0847819973349232e-06,3.1131721660494084e-06,-0.010896559399566486,-0.0014493104567710549,0.00040557669017503181
FREE_6DOF,robot_component_fluid,0.00087499999999999948,0.0012353646678766547,6.8934070392837221e-09,-9.5275747281735345e-07,1,0,0,0,0,0,0,0.062682743003922167,0.00028972965047321741,-0.001302112202564372,0,0,0,-2.6756088006647708e-05,0,0,7.8443341910901527e-09,-4.3613916325185373e-07,-1.3477717277319924e-06,9.5278241013880979e-07,0.00089904721758986121,31.724017216920306,0.54977871437821346,0.95703124999999956,0.0010399958044715794,9.0847819973349232e-06,3.1131721660494084e-06,-0.010896559399566486,-0.0014493104567710549,0.00040557669017503181
FREE_6DOF,robot_component_fluid,0.00089999999999999943,0.0012353646678766547,6.8934070392837221e-09,-9.5275747281735345e-07,1,0,0,0,0,0,0,0.062682743003922167,0.00028972965047321741,-0.001302112202564372,0,0,0,-2.7174510433702586e-05,0,0,8.0417727418930688e-09,-4.3876683060795265e-07,-1.4060606593122162e-06,9.5278241013880979e-07,0.00089904721758986121,31.723867216920304,0.56548667764616245,0.97199999999999975,0.0010399958044715794,9.0847819973349232e-06,3.1131721660494084e-06,-0.010891759251799936,-0.0014860768822700318,0.00040144227581695408
FREE_6DOF,robot_component_fluid,0.00089999999999999943,0.0012369474031083193,1.4840944510158692e-08,-9.8575605093882969e-07,1,0,0,0,0,0,0,0.063936075529246059,0.00034607334719678008,-0.0013377740471537251,0,0,0,-2.7175192354799996e-05,0,0,8.0417727418930688e-09,-4.3876683060795265e-07,-1.4060606593122162e-06,9.8586776273315181e-07,0.00089901413223726677,31.725449952151969,0.56548667764616245,0.97199999999999975,0.0010399958044715794,9.0847819973349232e-06,3.1131721660494084e-06,-0.010891759251799936,-0.0014860768822700318,0.00040144227581695408
FREE_6DOF,robot_component_fluid,0.00089999999999999943,0.0012369474030963533,1.4840944510158692e-08,-9.8575605093882969e-07,1,0,0,0,0,0,0,0.06393607457196808,0.00034607334719678008,-0.0013377740471537251,0,0,0,-2.7175192354794839e-05,0,0,8.0417727418930688e-09,-4.3876683060795265e-07,-1.4060606593122162e-06,9.8586776273315181e-07,0.00089901413223726677,31.725449952140004,0.56548667764616245,0.97199999999999975,0.0010399958044715794,9.0847819973349232e-06,3.1131721660494084e-06,-0.010891759251799936,-0.0014860768822700318,0.00040144227581695408
FREE_6DOF,robot_component_fluid,0.00092499999999999939,0.0012369474030963533,1.4840944510158692e-08,-9.8575605093882969e-07,1,0,0,0,0,0,0,0.06393607457196808,0.00034607334719678008,-0.0013377740471537251,0,0,0,-2.7509749449077471e-05,0,0,8.2144219567504833e-09,-4.3982344936430812e-07,-1.4606529847527044e-06,9.8586776273315181e-07,0.00089901413223726677,31.725299952140006,0.58119464091411133,0.98396874999999973,0.0010399958044715794,9.0847819973349232e-06,3.1131721660494084e-06,-0.01088688796147046,-0.0015224634369827325,0.00039720976503644238
FREE_6DOF,robot_component_fluid,0.00092499999999999939,0.0012385612326866581,2.4228291655675013e-08,-1.019745998098556e-06,1,0,0,0,0,0,0,0.065170292652417777,0.00040491442444452535,-0.0013814217256243792,0,0,0,-2.7510453249516819e-05,0,0,8.2144219567504833e-09,-4.3982344936430812e-07,-1.4606529847527044e-06,1.020033779222322e-06,0.0008989799662207777,31.72691378173031,0.58119464091411133,0.98396874999999973,0.0010399958044715794,9.0847819973349232e-06,3.1131721660494084e-06,-0.01088688796147046,-0.0015224634369827325,0.00039720976503644238
FREE_6DOF,robot_component_fluid,0.00092499999999999939,0.0012385612326743082,2.4228291655675013e-08,-1.019745998098556e-06,1,0,0,0,0,0,0,0.065170291664425672,0.00040491442444452535,-0.0013814217256243792,0,0,0,-2.7510453249511429e-05,0,0,8.2144219567504833e-09,-4.3982344936430812e-07,-1.4606529847527044e-06,1.020033779222322e-06,0.0008989799662207777,31.726913781717958,0.58119464091411133,0.98396874999999973,0.0010399958044715794,9.0847819973349232e-06,3.1131721660494084e-06,-0.01088688796147046,-0.0015224634369827325,0.00039720976503644238
FREE_6DOF,robot_component_fluid,0.00094999999999999935,0.0012385612326743082,2.4228291655675013e-08,-1.019745998098556e-06,1,0,0,0,0,0,0,0.065170291664425672,0.00040491442444452535,-0.0013814217256243792,0,0,0,-2.775589928598245e-05,0,0,8.3599400949600158e-09,-4.3926359097902289e-07,-1.5108989834475428e-06,1.020033779222322e-06,0.0008989799662207777,31.726763781717956,0.59690260418206031,0.9927499999999998,0.0010399958044715794,9.0847819973349232e-06,3.1131721660494084e-06,-0.010881950351674682,-0.0015584612335576083,0.00039288055078527543
FREE_6DOF,robot_component_fluid,0.00094999999999999935,0.0012402056834200283,3.5050354349719013e-08,-1.054786983616605e-06,1,0,0,0,0,0,0,0.066385767993190403,0.00046085059107899435,-0.0014218571158195279,0,0,0,-2.7756622757153625e-05,0,0,8.3599400949600158e-09,-4.3926359097902289e-07,-1.5108989834475428e-06,1.0553691809727327e-06,0.00089894463081902727,31.728408232463678,0.59690260418206031,0.9927499999999998,0.0010399958044715794,9.0847819973349232e-06,3.1131721660494084e-06,-0.010881950351674682,-0.0015584612335576083,0.00039288055078527543
FREE_6DOF,robot_component_fluid,0.00094999999999999935,0.0012402056834073334,3.5050354349719013e-08,-1.054786983616605e-06,1,0,0,0,0,0,0,0.066385766977584609,0.00046085059107899435,-0.0014218571158195279,0,0,0,-2.7756622757148042e-05,0,0,8.3599400949600158e-09,-4.3926359097902289e-07,-1.5108989834475428e-06,1.0553691809727327e-06,0.00089894463081902727,31.728408232450981,0.59690260418206031,0.9927499999999998,0.0010399958044715794,9.0847819973349232e-06,3.1131721660494084e-06,-0.010881950351674682,-0.0015584612335576083,0.00039288055078527543
FREE_6DOF,robot_component_fluid,0.0009749999999999993,0.0012402056834073334,3.5050354349719013e-08,-1.054786983616605e-06,1,0,0,0,0,0,0,0.066385766977584609,0.00046085059107899435,-0.0014218571158195279,0,0,0,-2.7907711525963849e-05,0,0,8.4759699883901458e-09,-4.3704718688660407e-07,-1.556128139706166e-06,1.0553691809727327e-06,0.00089894463081902727,31.728258232450983,0.6126105674500093,0.99815624999999986,0.0010399958044715794,9.0847819973349232e-06,3.1131721660494084e-06,-0.010876951310135613,-0.0015940615096514618,0.0003884560469175989
FREE_6DOF,robot_component_fluid,0.0009749999999999993,0.0012418803808802558,4.7138679366231096e-08,-1.090735504473433e-06,1,0,0,0,0,0,0,0.067590030856202271,0.00050621541024197252,-0.0014540245527267048,0,0,0,-2.79084522291853e-05,0,0,8.4759699883901458e-09,-4.3704718688660407e-07,-1.556128139706166e-06,1.0917536332943009e-06,0.0008989082463667057,31.729932929923908,0.6126105674500093,0.99815624999999986,0.0010399958044715794,9.0847819973349232e-06,3.1131721660494084e-06,-0.010876951310135613,-0.0015940615096514618,0.0003884560469175989
FREE_6DOF,robot_component_fluid,0.0009749999999999993,0.0012418803808672584,4.7138679366231096e-08,-1.090735504473433e-06,1,0,0,0,0,0,0,0.067590029816406189,0.00050621541024197252,-0.0014540245527267048,0,0,0,-2.7908452229179551e-05,0,0,8.4759699883901458e-09,-4.3704718688660407e-07,-1.556128139706166e-06,1.0917536332943009e-06,0.0008989082463667057,31.729932929910909,0.6126105674500093,0.99815624999999986,0.0010399958044715794,9.0847819973349232e-06,3.1131721660494084e-06,-0.010876951310135613,-0.0015940615096514618,0.0003884560469175989
FREE_6DOF,robot_component_fluid,0.00099999999999999937,0.0012418803808672584,4.7138679366231096e-08,-1.090735504473433e-06,1,0,0,0,0,0,0,0.067590029816406202,0.00050621541024197252,-0.0014540245527267048,0,0,0,-2.7959937023396576e-05,0,0,8.5601434658021197e-09,-4.3313966708160785e-07,-1.5956502163444877e-06,1.0917536332943009e-06,0.0008989082463667057,31.729782929910908,0.62831853071795829,1,0.0010399958044715794,9.0847819973349232e-06,3.1131721660494084e-06,-0.010871895784318767,-0.0016292556298375652,0.00038393768707226404
FREE_6DOF,robot_component_fluid,0.00099999999999999937,0.0012435851304747499,6.0253769276193648e-08,-1.1272408840435301e-06,1,0,0,0,0,0,0,0.068789938782927149,0.00054299178255503178,-0.0014664058128810518,0,0,0,-2.7960692320437768e-05,0,0,8.5601434658021197e-09,-4.3313966708160785e-07,-1.5956502163444877e-06,1.1288500907433317e-06,0.00089887114990925665,31.731487679518398,0.62831853071795829,1,0.0010399958044715794,9.0847819973349232e-06,3.1131721660494084e-06,-0.010871895784318767,-0.0016292556298375652,0.00038393768707226404
FREE_6DOF,robot_component_fluid,0.00099999999999999937,0.0012435851304614964,6.0253769276193648e-08,-1.1272408840435301e-06,1,0,0,0,0,0,0,0.068789937722644329,0.00054299178255503178,-0.0014664058128810518,0,0,0,-2.7960692320431899e-05,0,0,8.5601434658021197e-09,-4.3313966708160785e-07,-1.5956502163444877e-06,1.1288500907433317e-06,0.00089887114990925665,31.731487679505147,0.62831853071795829,1,0.0010399958044715794,9.0847819973349232e-06,3.1131721660494084e-06,-0.010871895784318767,-0.0016292556298375652,0.00038393768707226404
FREE_6DOF,robot_component_fluid,0.0010249999999999994,0.0012435851304614964,6.0253769276193648e-08,-1.1272408840435301e-06,1,0,0,0,0,0,0,0.068789937722644329,0.00054299178255503178,-0.0014664058128810518,0,0,0,-2.7960625866281577e-05,0,0,8.6265301237338127e-09,-4.2832859337775653e-07,-1.6318671023632034e-06,1.1288500907433317e-06,0.00089887114990925665,31.731337679505145,0.64402649398590728,1,0.0010399958044715794,9.0847819973349232e-06,3.1131721660494084e-06,-0.010866788776492503,-0.0016640350874184864,0.00037932692355897163
FREE_6DOF,robot_component_fluid,0.0010249999999999994,0.0012453197164306914,7.4134806730436287e-08,-1.1637340145903768e-06,1,0,0,0,0,0,0,0.069976939812963851,0.00056749121378437989,-0.0014530446308666726,0,0,0,-2.796139428836719e-05,0,0,8.6265301237338127e-09,-4.2832859337775653e-07,-1.6318671023632034e-06,1.1660929749739488e-06,0.00089883390702502597,31.733072265474341,0.64402649398590728,1,0.0010399958044715794,9.0847819973349232e-06,3.1131721660494084e-06,-0.010866788776492503,-0.0016640350874184864,0.00037932692355897163
FREE_6DOF,robot_component_fluid,0.0010249999999999994,0.0012453197164172076,7.4134806730436287e-08,-1.1637340145903768e-06,1,0,0,0,0,0,0,0.069976938734256144,0.00056749121378437989,-0.0014530446308666726,0,0,0,-2.796139428836121e-05,0,0,8.6265301237338127e-09,-4.2832859337775653e-07,-1.6318671023632034e-06,1.1660929749739488e-06,0.00089883390702502597,31.733072265460855,0.64402649398590728,1,0.0010399958044715794,9.0847819973349232e-06,3.1131721660494084e-06,-0.010866788776492503,-0.0016640350874184864,0.00037932692355897163
FREE_6DOF,robot_component_fluid,0.0010499999999999995,0.0012453197164172076,7.4134806730436287e-08,-1.1637340145903768e-06,1,0,0,0,0,0,0,0.069976938734256144,0.00056749121378437989,-0.0014530446308666726,0,0,0,-2.7961327842424847e-05,0,0,8.6907736751668639e-09,-4.2342280436375033e-07,-1.6676444515527397e-06,1.1660929749739488e-06,0.00089883390702502597,31.732922265460857,0.65973445725385627,1,0.0010399958044715794,9.0847819973349232e-06,3.1131721660494084e-06,-0.010861635338737697,-0.0016983915061438023,0.00037462522625018971
FREE_6DOF,robot_component_fluid,0.0010499999999999995,0.0012470836938302814,8.8545077335110604e-08,-1.199673724531425e-06,1,0,0,0,0,0,0,0.071141254311633456,0.00058533043458956627,-0.0014221321644171685,0,0,0,-2.796210918743763e-05,0,0,8.6907736751668639e-09,-4.2342280436375033e-07,-1.6676444515527397e-06,1.2029369376868357e-06,0.00089879706306231319,31.734686242873931,0.65973445725385627,1,0.0010399958044715794,9.0847819973349232e-06,3.1131721660494084e-06,-0.010861635338737697,-0.0016983915061438023,0.00037462522625018971
FREE_6DOF,robot_component_fluid,0.0010499999999999995,0.0012470836938165708,8.8545077335110604e-08,-1.199673724531425e-06,1,0,0,0,0,0,0,0.071141253214784594,0.00058533043458956627,-0.0014221321644171685,0,0,0,-2.7962109187431561e-05,0,0,8.6907736751668639e-09,-4.2342280436375033e-07,-1.6676444515527397e-06,1.2029369376868357e-06,0.00089879706306231319,31.734686242860221,0.65973445725385627,1,0.0010399958044715794,9.0847819973349232e-06,3.1131721660494084e-06,-0.010861635338737697,-0.0016983915061438023,0.00037462522625018971
FREE_6DOF,robot_component_fluid,0.0010749999999999996,0.0012470836938165708,8.8545077335110604e-08,-1.199673724531425e-06,1,0,0,0,0,0,0,0.071141253214784608,0.00058533043458956627,-0.0014221321644171685,0,0,0,-2.7962042749861554e-05,0,0,8.7528619575764455e-09,-4.1842386168901428e-07,-1.7029736436961779e-06,1.2029369376868357e-06,0.00089879706306231319,31.734536242860219,0.67544242052180525,1,0.0010399958044715794,9.0847819973349232e-06,3.1131721660494084e-06,-0.010856440567911909,-0.0017323166418330624,0.00036983408148078949
FREE_6DOF,robot_component_fluid,0.0010749999999999996,0.0012488766275980721,1.0351041176049276e-07,-1.2348396954507856e-06,1,0,0,0,0,0,0,0.072293449305317725,0.00061189631944100654,-0.001391145509131669,0,0,0,-2.7962836820054109e-05,0,0,8.7528619575764455e-09,-4.1842386168901428e-07,-1.7029736436961779e-06,1.2391704801212041e-06,0.00089876082951987875,31.736329176641721,0.67544242052180525,1,0.0010399958044715794,9.0847819973349232e-06,3.1131721660494084e-06,-0.010856440567911909,-0.0017323166418330624,0.00036983408148078949
FREE_6DOF,robot_component_fluid,0.0010749999999999996,0.0012488766275841384,1.0351041176049276e-07,-1.2348396954507856e-06,1,0,0,0,0,0,0,0.072293448190605306,0.00061189631944100654,-0.001391145509131669,0,0,0,-2.7962836820047939e-05,0,0,8.7528619575764455e-09,-4.1842386168901428e-07,-1.7029736436961779e-06,1.2391704801212041e-06,0.00089876082951987875,31.736329176627788,0.67544242052180525,1,0.0010399958044715794,9.0847819973349232e-06,3.1131721660494084e-06,-0.010856440567911909,-0.0017323166418330624,0.00036983408148078949
FREE_6DOF,robot_component_fluid,0.0010999999999999996,0.0012488766275841384,1.0351041176049276e-07,-1.2348396954507856e-06,1,0,0,0,0,0,0,0.072293448190605319,0.00061189631944100654,-0.001391145509131669,0,0,0,-2.7962770390994427e-05,0,0,8.8127833640016536e-09,-4.1333334311303614e-07,-1.7378461971579942e-06,1.2391704801212041e-06,0.00089876082951987875,31.73617917662779,0.69115038378975424,1,0.0010399958044715794,9.0847819973349232e-06,3.1131721660494084e-06,-0.010851209600573225,-0.0017658023839044969,0.00036495499095730798
FREE_6DOF,robot_component_fluid,0.0010999999999999996,0.0012506984203173332,1.1921897827347108e-07,-1.2692622321186641e-06,1,0,0,0,0,0,0,0.073449970464965167,0.00064478900159725986,-0.0013626574242986183,0,0,0,-2.7963577138147836e-05,0,0,8.8127833640016536e-09,-4.1333334311303614e-07,-1.7378461971579942e-06,1.2748489238585972e-06,0.00089872515107614136,31.738000969360986,0.69115038378975424,1,0.0010399958044715794,9.0847819973349232e-06,3.1131721660494084e-06,-0.010851209600573225,-0.0017658023839044969,0.00036495499095730798
FREE_6DOF,robot_component_fluid,0.0010999999999999996,0.0012506984203031768,1.1921897827347108e-07,-1.2692622321186641e-06,1,0,0,0,0,0,0,0.073449969332456885,0.00064478900159725986,-0.0013626574242986183,0,0,0,-2.7963577138141575e-05,0,0,8.8127833640016536e-09,-4.1333334311303614e-07,-1.7378461971579942e-06,1.2748489238585972e-06,0.00089872515107614136,31.738000969346828,0.69115038378975424,1,0.0010399958044715794,9.0847819973349232e-06,3.1131721660494084e-06,-0.010851209600573225,-0.0017658023839044969,0.00036495499095730798
FREE_6DOF,robot_component_fluid,0.0011249999999999997,0.0012506984203031768,1.1921897827347108e-07,-1.2692622321186641e-06,1,0,0,0,0,0,0,0.073449969332456899,0.00064478900159725986,-0.0013626574242986183,0,0,0,-2.79635107177542e-05,0,0,8.8705268377087638e-09,-4.0815284136705765e-07,-1.7722537704230374e-06,1.2748489238585972e-06,0.00089872515107614136,31.737850969346827,0.70685834705770334,1,0.0010399958044715794,9.0847819973349232e-06,3.1131721660494084e-06,-0.010845947607868991,-0.0017988407568101565,0.00035998947067871645
FREE_6DOF,robot_component_fluid,0.0011249999999999997,0.001252549186057061,1.3573020938748772e-07,-1.3029620252773034e-06,1,0,0,0,0,0,0,0.074611290978281619,0.00067610948752407172,-0.001333326028392535,0,0,0,-2.7964330187219423e-05,0,0,8.8705268377087638e-09,-4.0815284136705765e-07,-1.7722537704230374e-06,1.310012491946204e-06,0.00089868998750805378,31.739701735100709,0.70685834705770334,1,0.0010399958044715794,9.0847819973349232e-06,3.1131721660494084e-06,-0.010845947607868991,-0.0017988407568101565,0.00035998947067871645
FREE_6DOF,robot_component_fluid,0.0011249999999999997,0.0012525491860426814,1.3573020938748772e-07,-1.3029620252773034e-06,1,0,0,0,0,0,0,0.074611289827913818,0.00067610948752407172,-0.001333326028392535,0,0,0,-2.796433018721305e-05,0,0,8.8705268377087638e-09,-4.0815284136705765e-07,-1.7722537704230374e-06,1.310012491946204e-06,0.00089868998750805378,31.739701735086332,0.70685834705770334,1,0.0010399958044715794,9.0847819973349232e-06,3.1131721660494084e-06,-0.010845947607868991,-0.0017988407568101565,0.00035998947067871645
FREE_6DOF,robot_component_fluid,0.0011499999999999998,0.0012525491860426814,1.3573020938748772e-07,-1.3029620252773034e-06,1,0,0,0,0,0,0,0.074611289827913832,0.00067610948752407172,-0.001333326028392535,0,0,0,-2.7964263775642064e-05,0,0,8.9260818666869697e-09,-4.0288396302954625e-07,-1.806188163539324e-06,1.310012491946204e-06,0.00089868998750805378,31.73955173508633,0.72256631032565233,1,0.0010399958044715794,9.0847819973349232e-06,3.1131721660494084e-06,-0.010840659790394693,-0.0018314239213783141,0.00035493904987052868
FREE_6DOF,robot_component_fluid,0.0011499999999999998,0.0012544288828299529,1.530360925308574e-07,-1.3359024190193695e-06,1,0,0,0,0,0,0,0.075764453153799441,0.00070836116394550096,-0.0013019054709727659,0,0,0,-2.7965095943572539e-05,0,0,8.9260818666869697e-09,-4.0288396302954625e-07,-1.806188163539324e-06,1.3446394753832404e-06,0.00089865536052461672,31.7414314318736,0.72256631032565233,1,0.0010399958044715794,9.0847819973349232e-06,3.1131721660494084e-06,-0.010840659790394693,-0.0018314239213783141,0.00035493904987052868
FREE_6DOF,robot_component_fluid,0.0011499999999999998,0.0012544288828153507,1.530360925308574e-07,-1.3359024190193695e-06,1,0,0,0,0,0,0,0.07576445198560558,0.00070836116394550096,-0.0013019054709727659,0,0,0,-2.7965095943566081e-05,0,0,8.9260818666869697e-09,-4.0288396302954625e-07,-1.806188163539324e-06,1.3446394753832404e-06,0.00089865536052461672,31.741431431858999,0.72256631032565233,1,0.0010399958044715794,9.0847819973349232e-06,3.1131721660494084e-06,-0.010840659790394693,-0.0018314239213783141,0.00035493904987052868
FREE_6DOF,robot_component_fluid,0.0011749999999999998,0.0012544288828153507,1.530360925308574e-07,-1.3359024190193695e-06,1,0,0,0,0,0,0,0.07576445198560558,0.00070836116394550096,-0.0013019054709727659,0,0,0,-2.7965029540961495e-05,0,0,8.9794384779959647e-09,-3.9752832741732938e-07,-1.8396413194656441e-06,1.3446394753832404e-06,0.00089865536052461672,31.741281431859001,0.73827427359360132,1,0.0010399958044715794,9.0847819973349232e-06,3.1131721660494084e-06,-0.010835351373028192,-0.0018635441760641179,0.00034980526993404274
FREE_6DOF,robot_component_fluid,0.0011749999999999998,0.0012563372337515632,1.7122502440941891e-07,-1.3680667906036134e-06,1,0,0,0,0,0,0,0.076903622911381558,0.00074675338633942005,-0.0012712442557667434,0,0,0,-2.7965874279463689e-05,0,0,8.9794384779959647e-09,-3.9752832741732938e-07,-1.8396413194656441e-06,1.3787402774041515e-06,0.00089862125972259581,31.743189782795213,0.73827427359360132,1,0.0010399958044715794,9.0847819973349232e-06,3.1131721660494084e-06,-0.010835351373028192,-0.0018635441760641179,0.00034980526993404274
FREE_6DOF,robot_component_fluid,0.0011749999999999998,0.0012563372337367402,1.7122502440941891e-07,-1.3680667906036134e-06,1,0,0,0,0,0,0,0.076903621725541188,0.00074675338633942005,-0.0012712442557667434,0,0,0,-2.796587427945712e-05,0,0,8.9794384779959647e-09,-3.9752832741732938e-07,-1.8396413194656441e-06,1.3787402774041515e-06,0.00089862125972259581,31.743189782780391,0.73827427359360132,1,0.0010399958044715794,9.0847819973349232e-06,3.1131721660494084e-06,-0.010835351373028192,-0.0018635441760641179,0.00034980526993404274
FREE_6DOF,robot_component_fluid,0.0011999999999999999,0.0012563372337367402,1.7122502440941891e-07,-1.3680667906036134e-06,1,0,0,0,0,0,0,0.076903621725541188,0.00074675338633942005,-0.0012712442557667434,0,0,0,-2.7965807885967533e-05,0,0,9.0305872319848416e-09,-3.9208756549422315e-07,-1.8726053253251173e-06,1.3787402774041515e-06,0.00089862125972259581,31.743039782780389,0.7539822368615503,1,0.0010399958044715794,9.0847819973349232e-06,3.1131721660494084e-06,-0.010830027599744628,-0.001895193958109646,0.00034458968341246298
FREE_6DOF,robot_component_fluid,0.0011999999999999999,0.0012582738945017601,1.9019434725283595e-07,-1.3995435094619413e-06,1,0,0,0,0,0,0,0.078029239476037751,0.00077079244113394357,-0.0012468932528994802,0,0,0,-2.7966665037286636e-05,0,0,9.0305872319848416e-09,-3.9208756549422315e-07,-1.8726053253251173e-06,1.4124078464112196e-06,0.0008985875921535887,31.744976443545408,0.7539822368615503,1,0.0010399958044715794,9.0847819973349232e-06,3.1131721660494084e-06,-0.010830027599744628,-0.001895193958109646,0.00034458968341246298
FREE_6DOF,robot_component_fluid,0.0011999999999999999,0.0012582738944867191,1.9019434725283595e-07,-1.3995435094619413e-06,1,0,0,0,0,0,0,0.078029238272772319,0.00077079244113394357,-0.0012468932528994802,0,0,0,-2.7966665037279982e-05,0,0,9.0305872319848416e-09,-3.9208756549422315e-07,-1.8726053253251173e-06,1.4124078464112196e-06,0.0008985875921535887,31.744976443530369,0.7539822368615503,1,0.0010399958044715794,9.0847819973349232e-06,3.1131721660494084e-06,-0.010830027599744628,-0.001895193958109646,0.00034458968341246298
FREE_6DOF,robot_component_fluid,0.001225,0.0012582738944867191,1.9019434725283595e-07,-1.3995435094619413e-06,1,0,0,0,0,0,0,0.078029238272772319,0.00077079244113394357,-0.0012468932528994802,0,0,0,-2.7966598653052203e-05,0,0,9.0795192164017109e-09,-3.8656331879893604e-07,-1.9050724135660026e-06,1.4124078464112196e-06,0.0008985875921535887,31.744826443530371,0.76969020012949929,1,0.0010399958044715794,9.0847819973349232e-06,3.1131721660494084e-06,-0.010824693728417217,-0.0019263658446146551,0.00033929385297559717
FREE_6DOF,robot_component_fluid,0.001225,0.0012602382750477206,2.0924794089485014e-07,-1.4306949950983319e-06,1,0,0,0,0,0,0,0.079121206607344369,0.00075349505022719097,-0.0012452255980117625,0,0,0,-2.7967467950709461e-05,0,0,9.0795192164017109e-09,-3.8656331879893604e-07,-1.9050724135660026e-06,1.4459159276279346e-06,0.00089855408407237209,31.746790824091374,0.76969020012949929,1,0.0010399958044715794,9.0847819973349232e-06,3.1131721660494084e-06,-0.010824693728417217,-0.0019263658446146551,0.00033929385297559717
FREE_6DOF,robot_component_fluid,0.001225,0.0012602382750324665,2.0924794089485014e-07,-1.4306949950983319e-06,1,0,0,0,0,0,0,0.079121205387027951,0.00075349505022719097,-0.0012452255980117625,0,0,0,-2.7967467950702708e-05,0,0,9.0795192164017109e-09,-3.8656331879893604e-07,-1.9050724135660026e-06,1.4459159276279346e-06,0.00089855408407237209,31.746790824076118,0.76969020012949929,1,0.0010399958044715794,9.0847819973349232e-06,3.1131721660494084e-06,-0.010824693728417217,-0.0019263658446146551,0.00033929385297559717
FREE_6DOF,robot_component_fluid,0.00125,0.0012602382750324665,2.0924794089485014e-07,-1.4306949950983319e-06,1,0,0,0,0,0,0,0.079121205387027965,0.00075349505022719097,-0.0012452255980117625,0,0,0,-2.7967401575880474e-05,0,0,9.1262260404134517e-09,-3.8095723839396702e-07,-1.9370349630312154e-06,1.4459159276279346e-06,0.00089855408407237209,31.746640824076117,0.78539816339744828,1,0.0010399958044715794,9.0847819973349232e-06,3.1131721660494084e-06,-0.010819355025609188,-0.0019570525535194745,0.00033391935042476788
FREE_6DOF,robot_component_fluid,0.00125,0.0012622295562160224,2.2764104001364404e-07,-1.4618869922425413e-06,1,0,0,0,0,0,0,0.080181289297434968,0.00071795287927631951,-0.0012501341735249888,0,0,0,-2.7968282652088062e-05,0,0,9.1262260404134517e-09,-3.8095723839396702e-07,-1.9370349630312154e-06,1.4795046539928279e-06,0.00089852049534600714,31.748632105259674,0.78539816339744828,1,0.0010399958044715794,9.0847819973349232e-06,3.1131721660494084e-06,-0.010819355025609188,-0.0019570525535194745,0.00033391935042476788
FREE_6DOF,robot_component_fluid,0.00125,0.0012622295562005616,2.2764104001364404e-07,-1.4618869922425413e-06,1,0,0,0,0,0,0,0.080181288060583875,0.00071795287927631951,-0.0012501341735249888,0,0,0,-2.7968282652081218e-05,0,0,9.1262260404134517e-09,-3.8095723839396702e-07,-1.9370349630312154e-06,1.4795046539928279e-06,0.00089852049534600714,31.748632105244212,0.78539816339744828,1,0.0010399958044715794,9.0847819973349232e-06,3.1131721660494084e-06,-0.010819355025609188,-0.0019570525535194745,0.00033391935042476788
FREE_6DOF,robot_component_fluid,0.0012750000000000001,0.0012622295562005616,2.2764104001364404e-07,-1.4618869922425413e-06,1,0,0,0,0,0,0,0.080181288060583875,0.00071795287927631951,-0.0012501341735249888,0,0,0,-2.7968216286804039e-05,0,0,9.1706998285549465e-09,-3.7527098383716461e-07,-1.9684854999381617e-06,1.4795046539928279e-06,0.00089852049534600714,31.748482105244211,0.80110612666539738,1,0.0010399958044715794,9.0847819973349232e-06,3.1131721660494084e-06,-0.010814016761362148,-0.0019872469445016317,0.00032846775571952362
FREE_6DOF,robot_component_fluid,0.0012750000000000001,0.0012642471219300468,2.4547046774605295e-07,-1.4928929449129615e-06,1,0,0,0,0,0,0,0.081223970298235748,0.00070840133931639529,-0.0012303420401086188,0,0,0,-2.7969108863753762e-05,0,0,9.1706998285549465e-09,-3.7527098383716461e-07,-1.9684854999381617e-06,1.5129392239962452e-06,0.0008984870607760037,31.750499670973696,0.80110612666539738,1,0.0010399958044715794,9.0847819973349232e-06,3.1131721660494084e-06,-0.010814016761362148,-0.0019872469445016317,0.00032846775571952362
FREE_6DOF,robot_component_fluid,0.0012750000000000001,0.0012642471219143844,2.4547046774605295e-07,-1.4928929449129615e-06,1,0,0,0,0,0,0,0.081223969045239958,0.00070840133931639529,-0.0012303420401086188,0,0,0,-2.796910886374683e-05,0,0,9.1706998285549465e-09,-3.7527098383716461e-07,-1.9684854999381617e-06,1.5129392239962452e-06,0.0008984870607760037,31.750499670958032,0.80110612666539738,1,0.0010399958044715794,9.0847819973349232e-06,3.1131721660494084e-06,-0.010814016761362148,-0.0019872469445016317,0.00032846775571952362
FREE_6DOF,robot_component_fluid,0.0013000000000000002,0.0012642471219143844,2.4547046774605295e-07,-1.4928929449129615e-06,1,0,0,0,0,0,0,0.081223969045239972,0.00070840133931639529,-0.0012303420401086188,0,0,0,-2.7969042508151031e-05,0,0,9.2129332146269766e-09,-3.6950622217754233e-07,-1.9994166987706366e-06,1.5129392239962452e-06,0.0008984870607760037,31.750349670958034,0.81681408993334637,1,0.0010399958044715794,9.0847819973349232e-06,3.1131721660494084e-06,-0.010808684203986079,-0.0020169420197879372,0.00032294065602766873
FREE_6DOF,robot_component_fluid,0.0013000000000000002,0.0012662904374606771,2.6326952831716776e-07,-1.5232745359825624e-06,1,0,0,0,0,0,0,0.082241274658158128,0.00071552350637279127,-0.0012001852454594584,0,0,0,-2.7969946344104333e-05,0,0,9.2129332146269766e-09,-3.6950622217754233e-07,-1.9994166987706366e-06,1.5458577413569577e-06,0.00089845414225864304,31.752392986504329,0.81681408993334637,1,0.0010399958044715794,9.0847819973349232e-06,3.1131721660494084e-06,-0.010808684203986079,-0.0020169420197879372,0.00032294065602766873
FREE_6DOF,robot_component_fluid,0.0013000000000000002,0.0012662904374448169,2.6326952831716776e-07,-1.5232745359825624e-06,1,0,0,0,0,0,0,0.082241273389356995,0.00071552350637279127,-0.0012001852454594584,0,0,0,-2.7969946344097317e-05,0,0,9.2129332146269766e-09,-3.6950622217754233e-07,-1.9994166987706366e-06,1.5458577413569577e-06,0.00089845414225864304,31.752392986488466,0.81681408993334637,1,0.0010399958044715794,9.0847819973349232e-06,3.1131721660494084e-06,-0.010808684203986079,-0.0020169420197879372,0.00032294065602766873
FREE_6DOF,robot_component_fluid,0.0013250000000000002,0.0012662904374448169,2.6326952831716776e-07,-1.5232745359825624e-06,1,0,0,0,0,0,0,0.082241273389357009,0.00071552350637279127,-0.0012001852454594584,0,0,0,-2.7969879998316447e-05,0,0,9.2529193355618405e-09,-3.6366462697688317e-07,-2.0298213830846861e-06,1.5458577413569577e-06,0.00089845414225864304,31.752242986488465,0.83252205320129535,1,0.0010399958044715794,9.0847819973349232e-06,3.1131721660494084e-06,-0.010803362614856166,-0.002046130924883904,0.00031733964480007014
FREE_6DOF,robot_component_fluid,0.0013250000000000002,0.0012683589761349901,2.8133020117046732e-07,-1.5531600121202571e-06,1,0,0,0,0,0,0,0.083241821824515436,0.00072933032189117597,-0.0011906528455561188,0,0,0,-2.7970794855170461e-05,0,0,9.2529193355618405e-09,-3.6366462697688317e-07,-2.0298213830846861e-06,1.5784336239893056e-06,0.0008984215663760107,31.75431152517864,0.83252205320129535,1,0.0010399958044715794,9.0847819973349232e-06,3.1131721660494084e-06,-0.010803362614856166,-0.002046130924883904,0.00031733964480007014
FREE_6DOF,robot_component_fluid,0.0013250000000000002,0.0012683589761189368,2.8133020117046732e-07,-1.5531600121202571e-06,1,0,0,0,0,0,0,0.083241820540243205,0.00072933032189117597,-0.0011906528455561188,0,0,0,-2.7970794855163363e-05,0,0,9.2529193355618405e-09,-3.6366462697688317e-07,-2.0298213830846861e-06,1.5784336239893056e-06,0.0008984215663760107,31.754311525162585,0.83252205320129535,1,0.0010399958044715794,9.0847819973349232e-06,3.1131721660494084e-06,-0.010803362614856166,-0.002046130924883904,0.00031733964480007014
FREE_6DOF,robot_component_fluid,0.0013500000000000003,0.0012683589761189368,2.8133020117046732e-07,-1.5531600121202571e-06,1,0,0,0,0,0,0,0.083241820540243219,0.00072933032189117597,-0.0011906528455561188,0,0,0,-2.7970728519328232e-05,0,0,9.2906518252755443e-09,-3.577478773585975e-07,-2.0596925262304465e-06,1.5784336239893056e-06,0.0008984215663760107,31.754161525162587,0.84823001646924434,1,0.0010399958044715794,9.0847819973349232e-06,3.1131721660494084e-06,-0.010798057243221691,-0.0020748069492224825,0.00031166632087163319
FREE_6DOF,robot_component_fluid,0.0013500000000000003,0.001270452336795931,3.0000546449354811e-07,-1.5830056399789485e-06,1,0,0,0,0,0,0,0.084227033619290986,0.00076469074395528491,-0.0011969973831391974,0,0,0,-2.7971654214554831e-05,0,0,9.2906518252755443e-09,-3.577478773585975e-07,-2.0596925262304465e-06,1.6111828372134398e-06,0.00089838881716278651,31.756254885839581,0.84823001646924434,1,0.0010399958044715794,9.0847819973349232e-06,3.1131721660494084e-06,-0.010798057243221691,-0.0020748069492224825,0.00031166632087163319
FREE_6DOF,robot_component_fluid,0.0013500000000000003,0.0012704523367796873,3.0000546449354811e-07,-1.5830056399789485e-06,1,0,0,0,0,0,0,0.084227032319803899,0.00076469074395528491,-0.0011969973831391974,0,0,0,-2.7971654214547655e-05,0,0,9.2906518252755443e-09,-3.577478773585975e-07,-2.0596925262304465e-06,1.6111828372134398e-06,0.00089838881716278651,31.756254885823338,0.84823001646924434,1,0.0010399958044715794,9.0847819973349232e-06,3.1131721660494084e-06,-0.010798057243221691,-0.0020748069492224825,0.00031166632087163319
FREE_6DOF,robot_component_fluid,0.0013750000000000004,0.0012704523367796873,3.0000546449354811e-07,-1.5830056399789485e-06,1,0,0,0,0,0,0,0.084227032319803913,0.00076469074395528491,-0.0011969973831391974,0,0,0,-2.7971587888786999e-05,0,0,9.3261248085251438e-09,-3.5175765708521881e-07,-2.0890232519921411e-06,1.6111828372134398e-06,0.00089838881716278651,31.756104885823337,0.86393797973719333,1,0.0010399958044715794,9.0847819973349232e-06,3.1131721660494084e-06,-0.010792773321032055,-0.0021029635267342441,0.00030592228758976274
FREE_6DOF,robot_component_fluid,0.0013750000000000004,0.0012725701801364101,3.1979411792410536e-07,-1.6129359950229498e-06,1,0,0,0,0,0,0,0.085200436218018663,0.00081840153048929611,-0.0011974310203809039,0,0,0,-2.7972524267247181e-05,0,0,9.3261248085251438e-09,-3.5175765708521881e-07,-2.0890232519921411e-06,1.6443329352352977e-06,0.00089835566706476463,31.758222729180059,0.86393797973719333,1,0.0010399958044715794,9.0847819973349232e-06,3.1131721660494084e-06,-0.010792773321032055,-0.0021029635267342441,0.00030592228758976274
FREE_6DOF,robot_component_fluid,0.0013750000000000004,0.001272570180119979,3.1979411792410536e-07,-1.6129359950229498e-06,1,0,0,0,0,0,0,0.085200434903534503,0.00081840153048929611,-0.0011974310203809039,0,0,0,-2.7972524267239917e-05,0,0,9.3261248085251438e-09,-3.5175765708521881e-07,-2.0890232519921411e-06,1.6443329352352977e-06,0.00089835566706476463,31.758222729163627,0.86393797973719333,1,0.0010399958044715794,9.0847819973349232e-06,3.1131721660494084e-06,-0.010792773321032055,-0.0021029635267342441,0.00030592228758976274
FREE_6DOF,robot_component_fluid,0.0014000000000000004,0.001272570180119979,3.1979411792410536e-07,-1.6129359950229498e-06,1,0,0,0,0,0,0,0.085200434903534503,0.00081840153048929611,-0.0011974310203809039,0,0,0,-2.7972457951680737e-05,0,0,9.359332894789571e-09,-3.4569565366585454e-07,-2.1178068351485041e-06,1.6443329352352977e-06,0.00089835566706476463,31.758072729163626,0.87964594300514243,1,0.0010399958044715794,9.0847819973349232e-06,3.1131721660494084e-06,-0.010787516057785143,-0.0021305942363412534,0.00030010915197156072
FREE_6DOF,robot_component_fluid,0.0014000000000000004,0.0012747123770357604,3.4090551723017394e-07,-1.6427921783786667e-06,1,0,0,0,0,0,0,0.086175318358973352,0.00087051041399619237,-0.0011910636480764656,0,0,0,-2.7973404951175966e-05,0,0,9.359332894789571e-09,-3.4569565366585454e-07,-2.1178068351485041e-06,1.6777910218558501e-06,0.00089832220897814415,31.76021492607941,0.87964594300514243,1,0.0010399958044715794,9.0847819973349232e-06,3.1131721660494084e-06,-0.010787516057785143,-0.0021305942363412534,0.00030010915197156072
FREE_6DOF,robot_component_fluid,0.0014000000000000004,0.001274712377019143,3.4090551723017394e-07,-1.6427921783786667e-06,1,0,0,0,0,0,0,0.086175317029579424,0.00087051041399619237,-0.0011910636480764656,0,0,0,-2.7973404951168618e-05,0,0,9.359332894789571e-09,-3.4569565366585454e-07,-2.1178068351485041e-06,1.6777910218558501e-06,0.00089832220897814415,31.76021492606279,0.87964594300514243,1,0.0010399958044715794,9.0847819973349232e-06,3.1131721660494084e-06,-0.010787516057785143,-0.0021305942363412534,0.00030010915197156072
FREE_6DOF,robot_component_fluid,0.0014250000000000005,0.001274712377019143,3.4090551723017394e-07,-1.6427921783786667e-06,1,0,0,0,0,0,0,0.086175317029579437,0.00087051041399619237,-0.0011910636480764656,0,0,0,-2.7973338645937225e-05,0,0,9.3902711721919105e-09,-3.3956355749482541e-07,-2.1460367019560401e-06,1.6777910218558501e-06,0.00089832220897814415,31.760064926062793,0.89535390627309142,1,0.0010399958044715794,9.0847819973349232e-06,3.1131721660494084e-06,-0.010782290635403015,-0.0021576928023769788,0.00029422852389093048
FREE_6DOF,robot_component_fluid,0.0014250000000000005,0.0012768790012027968,3.631536145528421e-07,-1.6723900315941932e-06,1,0,0,0,0,0,0,0.087154617662730222,0.00090933737181725903,-0.0011767646091656522,0,0,0,-2.7974296293886453e-05,0,0,9.3902711721919105e-09,-3.3956355749482541e-07,-2.1460367019560401e-06,1.7113646500785332e-06,0.00089828863534992145,31.762231550246447,0.89535390627309142,1,0.0010399958044715794,9.0847819973349232e-06,3.1131721660494084e-06,-0.010782290635403015,-0.0021576928023769788,0.00029422852389093048
FREE_6DOF,robot_component_fluid,0.0014250000000000005,0.0012768790011859926,3.631536145528421e-07,-1.6723900315941932e-06,1,0,0,0,0,0,0,0.087154616318388042,0.00090933737181725903,-0.0011767646091656522,0,0,0,-2.7974296293879026e-05,0,0,9.3902711721919105e-09,-3.3956355749482541e-07,-2.1460367019560401e-06,1.7113646500785332e-06,0.00089828863534992145,31.762231550229643,0.89535390627309142,1,0.0010399958044715794,9.0847819973349232e-06,3.1131721660494084e-06,-0.010782290635403015,-0.0021576928023769788,0.00029422852389093048
FREE_6DOF,robot_component_fluid,0.0014500000000000006,0.0012768790011859926,3.631536145528421e-07,-1.6723900315941932e-06,1,0,0,0,0,0,0,0.087154616318388042,0.00090933737181725903,-0.0011767646091656522,0,0,0,-2.7974229999102121e-05,0,0,9.4189352014807549e-09,-3.3336306102264691e-07,-2.1737064305576376e-06,1.7113646500785332e-06,0.00089828863534992145,31.762081550229642,0.9110618695410404,1,0.0010399958044715794,9.0847819973349232e-06,3.1131721660494084e-06,-0.010777102203139979,-0.0021842530949347117,0.00028828201529668281
FREE_6DOF,robot_component_fluid,0.0014500000000000006,0.0012790701146011142,3.8619915514374473e-07,-1.701776993881996e-06,1,0,0,0,0,0,0,0.088134456891342527,0.00093430587545494949,-0.0011741923738585664,0,0,0,-2.7975198317651454e-05,0,0,9.4189352014807549e-09,-3.3336306102264691e-07,-2.1737064305576376e-06,1.7450486309383429e-06,0.00089825495136906168,31.764272663644764,0.9110618695410404,1,0.0010399958044715794,9.0847819973349232e-06,3.1131721660494084e-06,-0.010777102203139979,-0.0021842530949347117,0.00028828201529668281
FREE_6DOF,robot_component_fluid,0.0014500000000000006,0.0012790701145841228,3.8619915514374473e-07,-1.701776993881996e-06,1,0,0,0,0,0,0,0.088134455532020997,0.00093430587545494949,-0.0011741923738585664,0,0,0,-2.7975198317643946e-05,0,0,9.4189352014807549e-09,-3.3336306102264691e-07,-2.1737064305576376e-06,1.7450486309383429e-06,0.00089825495136906168,31.764272663627771,0.9110618695410404,1,0.0010399958044715794,9.0847819973349232e-06,3.1131721660494084e-06,-0.010777102203139979,-0.0021842530949347117,0.00028828201529668281
FREE_6DOF,robot_component_fluid,0.0014750000000000006,0.0012790701145841228,3.8619915514374473e-07,-1.701776993881996e-06,1,0,0,0,0,0,0,0.088134455532021011,0.00093430587545494949,-0.0011741923738585664,0,0,0,-2.7975132033448545e-05,0,0,9.4453210100878573e-09,-3.2709585796042696e-07,-2.2008097513191579e-06,1.7450486309383429e-06,0.00089825495136906168,31.764122663627774,0.92676983280898939,1,0.0010399958044715794,9.0847819973349232e-06,3.1131721660494084e-06,-0.010771955872528032,-0.0022102691301470571,0.0002822712394626613
FREE_6DOF,robot_component_fluid,0.0014750000000000006,0.0012812855194468547,4.0967965168027779e-07,-1.7313793855101355e-06,1,0,0,0,0,0,0,0.089097933486537662,0.00094413384746769595,-0.0011939989563925948,0,0,0,-2.7976110929902343e-05,0,0,9.4453210100878573e-09,-3.2709585796042696e-07,-2.2008097513191579e-06,1.7791885772931234e-06,0.00089822081142270683,31.766338068490505,0.92676983280898939,1,0.0010399958044715794,9.0847819973349232e-06,3.1131721660494084e-06,-0.010771955872528032,-0.0022102691301470571,0.0002822712394626613
FREE_6DOF,robot_component_fluid,0.0014750000000000006,0.0012812855194296775,4.0967965168027779e-07,-1.7313793855101355e-06,1,0,0,0,0,0,0,0.089097932112366926,0.00094413384746769595,-0.0011939989563925948,0,0,0,-2.7976110929894761e-05,0,0,9.4453210100878573e-09,-3.2709585796042696e-07,-2.2008097513191579e-06,1.7791885772931234e-06,0.00089822081142270683,31.766338068473328,0.92676983280898939,1,0.0010399958044715794,9.0847819973349232e-06,3.1131721660494084e-06,-0.010771955872528032,-0.0022102691301470571,0.0002822712394626613
FREE_6DOF,robot_component_fluid,0.0015000000000000007,0.0012812855194296775,4.0967965168027779e-07,-1.7313793855101355e-06,1,0,0,0,0,0,0,0.089097932112366926,0.00094413384746769595,-0.0011939989563925948,0,0,0,-2.7976044656406886e-05,0,0,9.4694250862788423e-09,-3.20763642518664e-07,-2.2273405470967253e-06,1.7791885772931234e-06,0.00089822081142270683,31.766188068473326,0.94247779607693838,1,0.0010399958044715794,9.0847819973349232e-06,3.1131721660494084e-06,-0.010766856712364515,-0.0022357350703991613,0.00027619781027081848
FREE_6DOF,robot_component_fluid,0.0015000000000000007,0.0012835247498994269,4.3328987492978638e-07,-1.7615190838954653e-06,1,0,0,0,0,0,0,0.090040505467589502,0.00094468401249298993,-0.0012171769144337984,0,0,0,-2.7977033919651776e-05,0,0,9.4694250862788423e-09,-3.20763642518664e-07,-2.2273405470967253e-06,1.8140257987814257e-06,0.00089818597420121852,31.768427298943077,0.94247779607693838,1,0.0010399958044715794,9.0847819973349232e-06,3.1131721660494084e-06,-0.010766856712364515,-0.0022357350703991613,0.00027619781027081848
FREE_6DOF,robot_component_fluid,0.0015000000000000007,0.0012835247498820678,4.3328987492978638e-07,-1.7615190838954653e-06,1,0,0,0,0,0,0,0.090040504078865907,0.00094468401249298993,-0.0012171769144337984,0,0,0,-2.7977033919644102e-05,0,0,9.4694250862788423e-09,-3.20763642518664e-07,-2.2273405470967253e-06,1.8140257987814257e-06,0.00089818597420121852,31.768427298925719,0.94247779607693838,1,0.0010399958044715794,9.0847819973349232e-06,3.1131721660494084e-06,-0.010766856712364515,-0.0022357350703991613,0.00027619781027081848
FREE_6DOF,robot_component_fluid,0.0015250000000000007,0.0012835247498820678,4.3328987492978638e-07,-1.7615190838954653e-06,1,0,0,0,0,0,0,0.090040504078865907,0.00094468401249298993,-0.0012171769144337984,0,0,0,-2.7976967656987326e-05,0,0,9.4912443734132973e-09,-3.143681086813479e-07,-2.2532928534375331e-06,1.8140257987814257e-06,0.00089818597420121852,31.768277298925717,0.95818575934488737,1,0.0010399958044715794,9.0847819973349232e-06,3.1131721660494084e-06,-0.010761809743746893,-0.0022606452244784197,0.00027006334152809662
FREE_6DOF,robot_component_fluid,0.0015250000000000007,0.0012857873397099744,4.5690956159838232e-07,-1.7922072556900927e-06,1,0,0,0,0,0,0,0.090966682153667003,0.00094489092099468383,-0.0012378768291363873,0,0,0,-2.7977967075806876e-05,0,0,9.4912443734132973e-09,-3.143681086813479e-07,-2.2532928534375331e-06,1.8495332370163666e-06,0.00089815046676298364,31.770539888753621,0.95818575934488737,1,0.0010399958044715794,9.0847819973349232e-06,3.1131721660494084e-06,-0.010761809743746893,-0.0022606452244784197,0.00027006334152809662
FREE_6DOF,robot_component_fluid,0.0015250000000000007,0.0012857873396924372,4.5690956159838232e-07,-1.7922072556900927e-06,1,0,0,0,0,0,0,0.090966680750687048,0.00094489092099468383,-0.0012378768291363873,0,0,0,-2.7977967075799124e-05,0,0,9.4912443734132973e-09,-3.143681086813479e-07,-2.2532928534375331e-06,1.8495332370163666e-06,0.00089815046676298364,31.770539888736085,0.95818575934488737,1,0.0010399958044715794,9.0847819973349232e-06,3.1131721660494084e-06,-0.010761809743746893,-0.0022606452244784197,0.00027006334152809662
FREE_6DOF,robot_component_fluid,0.0015500000000000008,0.0012857873396924372,4.5690956159838232e-07,-1.7922072556900927e-06,1,0,0,0,0,0,0,0.090966680750687048,0.00094489092099468383,-0.0012378768291363873,0,0,0,-2.7977900824094633e-05,0,0,9.5107762643299997e-09,-3.0791094951617548e-07,-2.2786608587170706e-06,1.8495332370163666e-06,0.00089815046676298364,31.770389888736087,0.97389372261283647,1,0.0010399958044715794,9.0847819973349232e-06,3.1131721660494084e-06,-0.01075681993515938,-0.0022849940476635075,0.00026386944631787813
FREE_6DOF,robot_component_fluid,0.0015500000000000008,0.0012880728507120888,4.806495825914187e-07,-1.8233277176803538e-06,1,0,0,0,0,0,0,0.091874200821442903,0.00095431075844822598,-0.0012517601300844939,0,0,0,-2.7978910199754833e-05,0,0,9.5107762643299997e-09,-3.0791094951617548e-07,-2.2786608587170706e-06,1.8856160763280401e-06,0.00089811438392367192,31.772675399755741,0.97389372261283647,1,0.0010399958044715794,9.0847819973349232e-06,3.1131721660494084e-06,-0.01075681993515938,-0.0022849940476635075,0.00026386944631787813
FREE_6DOF,robot_component_fluid,0.0015500000000000008,0.0012880728506943768,4.806495825914187e-07,-1.8233277176803538e-06,1,0,0,0,0,0,0,0.091874199404485574,0.00095431075844822598,-0.0012517601300844939,0,0,0,-2.7978910199747003e-05,0,0,9.5107762643299997e-09,-3.0791094951617548e-07,-2.2786608587170706e-06,1.8856160763280401e-06,0.00089811438392367192,31.772675399738027,0.97389372261283647,1,0.0010399958044715794,9.0847819973349232e-06,3.1131721660494084e-06,-0.01075681993515938,-0.0022849940476635075,0.00026386944631787813
FREE_6DOF,robot_component_fluid,0.0015750000000000009,0.0012880728506943768,4.806495825914187e-07,-1.8233277176803538e-06,1,0,0,0,0,0,0,0.091874199404485588,0.00095431075844822598,-0.0012517601300844939,0,0,0,-2.7978843959113704e-05,0,0,9.5280185958725262e-09,-3.0139385652160303e-07,-2.3034389042157468e-06,1.8856160763280401e-06,0.00089811438392367192,31.772525399738026,0.98960168588078545,1,0.0010399958044715794,9.0847819973349232e-06,3.1131721660494084e-06,-0.010751892197616146,-0.00230877614175563,0.00025761773638668782
FREE_6DOF,robot_component_fluid,0.0015750000000000009,0.0012903808828716181,5.0478180616329513e-07,-1.8545202852921234e-06,1,0,0,0,0,0,0,0.092768374774810328,0.00097626712730188763,-0.0012436452788570774,0,0,0,-2.7979863109793361e-05,0,0,9.5280185958725262e-09,-3.0139385652160303e-07,-2.3034389042157468e-06,1.9219911967523311e-06,0.0008980780088032477,31.774833431915265,0.98960168588078545,1,0.0010399958044715794,9.0847819973349232e-06,3.1131721660494084e-06,-0.010751892197616146,-0.00230877614175563,0.00025761773638668782
FREE_6DOF,robot_component_fluid,0.0015750000000000009,0.0012903808828537346,5.0478180616329513e-07,-1.8545202852921234e-06,1,0,0,0,0,0,0,0.092768373344130864,0.00097626712730188763,-0.0012436452788570774,0,0,0,-2.7979863109785467e-05,0,0,9.5280185958725262e-09,-3.0139385652160303e-07,-2.3034389042157468e-06,1.9219911967523311e-06,0.0008980780088032477,31.774833431897385,0.98960168588078545,1,0.0010399958044715794,9.0847819973349232e-06,3.1131721660494084e-06,-0.010751892197616146,-0.00230877614175563,0.00025761773638668782
FREE_6DOF,robot_component_fluid,0.0016000000000000009,0.0012903808828537346,5.0478180616329513e-07,-1.8545202852921234e-06,1,0,0,0,0,0,0,0.092768373344130878,0.00097626712730188763,-0.0012436452788570774,0,0,0,-2.7979796880340192e-05,0,0,9.5429696435699174e-09,-2.948185190113691e-07,-2.3276214841379651e-06,1.9219911967523311e-06,0.0008980780088032477,31.774683431897387,1.0053096491487343,1,0.0010399958044715794,9.0847819973349232e-06,3.1131721660494084e-06,-0.010747031379865732,-0.0023319862550549735,0.00025130982156674071
FREE_6DOF,robot_component_fluid,0.0016000000000000009,0.0012927112864243924,5.296515897732185e-07,-1.8853786950881544e-06,1,0,0,0,0,0,0,0.093663912308478481,0.0010133155614919897,-0.0012250275048254053,0,0,0,-2.7980825734768366e-05,0,0,9.5429696435699174e-09,-2.948185190113691e-07,-2.3276214841379651e-06,1.9583624869879452e-06,0.00089804163751301203,31.777013835468043,1.0053096491487343,1,0.0010399958044715794,9.0847819973349232e-06,3.1131721660494084e-06,-0.010747031379865732,-0.0023319862550549735,0.00025130982156674071
FREE_6DOF,robot_component_fluid,0.0016000000000000009,0.0012927112864063385,5.296515897732185e-07,-1.8853786950881544e-06,1,0,0,0,0,0,0,0.093663910864176927,0.0010133155614919897,-0.0012250275048254053,0,0,0,-2.798082573476039e-05,0,0,9.5429696435699174e-09,-2.948185190113691e-07,-2.3276214841379651e-06,1.9583624869879452e-06,0.00089804163751301203,31.777013835449988,1.0053096491487343,1,0.0010399958044715794,9.0847819973349232e-06,3.1131721660494084e-06,-0.010747031379865732,-0.0023319862550549735,0.00025130982156674071
FREE_6DOF,robot_component_fluid,0.001625000000000001,0.0012927112864063385,5.296515897732185e-07,-1.8853786950881544e-06,1,0,0,0,0,0,0,0.093663910864176941,0.0010133155614919897,-0.0012250275048254053,0,0,0,-2.7980759516619197e-05,0,0,9.5556281164864262e-09,-2.8818662353702664e-07,-2.3512032455767683e-06,1.9583624869879452e-06,0.00089804163751301203,31.776863835449987,1.0210176124166834,1,0.0010399958044715794,9.0847819973349232e-06,3.1131721660494084e-06,-0.010742242263661177,-0.0023546192822853909,0.00024494730923484088
FREE_6DOF,robot_component_fluid,0.001625000000000001,0.001295064066429461,5.5565056931647901e-07,-1.9159356012658883e-06,1,0,0,0,0,0,0,0.094558490985620622,0.0010666028019688607,-0.0012195249893932932,0,0,0,-2.7981798071853844e-05,0,0,9.5556281164864262e-09,-2.8818662353702664e-07,-2.3512032455767683e-06,1.994882649024701e-06,0.0008980051173509753,31.779216615473111,1.0210176124166834,1,0.0010399958044715794,9.0847819973349232e-06,3.1131721660494084e-06,-0.010742242263661177,-0.0023546192822853909,0.00024494730923484088
FREE_6DOF,robot_component_fluid,0.001625000000000001,0.001295064066411237,5.5565056931647901e-07,-1.9159356012658883e-06,1,0,0,0,0,0,0,0.094558489527701128,0.0010666028019688607,-0.0012195249893932932,0,0,0,-2.7981798071845794e-05,0,0,9.5556281164864262e-09,-2.8818662353702664e-07,-2.3512032455767683e-06,1.994882649024701e-06,0.0008980051173509753,31.779216615454885,1.0210176124166834,1,0.0010399958044715794,9.0847819973349232e-06,3.1131721660494084e-06,-0.010742242263661177,-0.0023546192822853909,0.00024494730923484088
FREE_6DOF,robot_component_fluid,0.0016500000000000011,0.001295064066411237,5.5565056931647901e-07,-1.9159356012658883e-06,1,0,0,0,0,0,0,0.094558489527701142,0.0010666028019688607,-0.0012195249893932932,0,0,0,-2.798173186512478e-05,0,0,9.5659931522537542e-09,-2.8149985334893487e-07,-2.3741789884272126e-06,1.994882649024701e-06,0.0008980051173509753,31.779066615454887,1.0367255756846325,1,0.0010399958044715794,9.0847819973349232e-06,3.1131721660494084e-06,-0.010737529559100373,-0.0023766702644704039,0.00023853180380805088
FREE_6DOF,robot_component_fluid,0.0016500000000000011,0.0012974389268799907,5.8302015645214854e-07,-1.9465322558484099e-06,1,0,0,0,0,0,0,0.09543034797257674,0.0011229641688847052,-0.0012282073772084054,0,0,0,-2.7982779985310325e-05,0,0,9.5659931522537542e-09,-2.8149985334893487e-07,-2.3741789884272126e-06,2.0319695681500222e-06,0.00089796803043184993,31.781441475923643,1.0367255756846325,1,0.0010399958044715794,9.0847819973349232e-06,3.1131721660494084e-06,-0.010737529559100373,-0.0023766702644704039,0.00023853180380805088
FREE_6DOF,robot_component_fluid,0.0016500000000000011,0.0012974389268615987,5.8302015645214854e-07,-1.9465322558484099e-06,1,0,0,0,0,0,0,0.095430346501230015,0.0011229641688847052,-0.0012282073772084054,0,0,0,-2.7982779985302218e-05,0,0,9.5659931522537542e-09,-2.8149985334893487e-07,-2.3741789884272126e-06,2.0319695681500222e-06,0.00089796803043184993,31.78144147590525,1.0367255756846325,1,0.0010399958044715794,9.0847819973349232e-06,3.1131721660494084e-06,-0.010737529559100373,-0.0023766702644704039,0.00023853180380805088
FREE_6DOF,robot_component_fluid,0.0016750000000000011,0.0012974389268615987,5.8302015645214854e-07,-1.9465322558484099e-06,1,0,0,0,0,0,0,0.095430346501230015,0.0011229641688847052,-0.0012282073772084054,0,0,0,-2.7982713790115933e-05,0,0,9.5740643122984941e-09,-2.7475988789606527e-07,-2.3965436652516846e-06,2.0319695681500222e-06,0.00089796803043184993,31.781291475905249,1.0524335389525814,1,0.0010399958044715794,9.0847819973349232e-06,3.1131721660494084e-06,-0.010732897900040979,-0.0023981343887636494,0.00023206490627645891
FREE_6DOF,robot_component_fluid,0.0016750000000000011,0.0012998352143875095,6.1185565018013084e-07,-1.9775164284617342e-06,1,0,0,0,0,0,0,0.096272655571653334,0.0011838753293538767,-0.0012505264318575023,0,0,0,-2.7983771181754045e-05,0,0,9.5740643122984941e-09,-2.7475988789606527e-07,-2.3965436652516846e-06,2.0700093143494314e-06,0.0008979299906856506,31.783687763431161,1.0524335389525814,1,0.0010399958044715794,9.0847819973349232e-06,3.1131721660494084e-06,-0.010732897900040979,-0.0023981343887636494,0.00023206490627645891
FREE_6DOF,robot_component_fluid,0.0016750000000000011,0.0012998352143689551,6.1185565018013084e-07,-1.9775164284617342e-06,1,0,0,0,0,0,0,0.096272654087291368,0.0011838753293538767,-0.0012505264318575023,0,0,0,-2.7983771181745869e-05,0,0,9.5740643122984941e-09,-2.7475988789606527e-07,-2.3965436652516846e-06,2.0700093143494314e-06,0.0008979299906856506,31.783687763412605,1.0524335389525814,1,0.0010399958044715794,9.0847819973349232e-06,3.1131721660494084e-06,-0.010732897900040979,-0.0023981343887636494,0.00023206490627645891
FREE_6DOF,robot_component_fluid,0.0017000000000000012,0.0012998352143689551,6.1185565018013084e-07,-1.9775164284617342e-06,1,0,0,0,0,0,0,0.096272654087291382,0.0011838753293538767,-0.0012505264318575023,0,0,0,-2.7983704998205474e-05,0,0,9.5798415772768799e-09,-2.6796840236488338e-07,-2.4182923811004467e-06,2.0700093143494314e-06,0.0008979299906856506,31.783537763412603,1.0681415022205305,1,0.0010399958044715794,9.0847819973349232e-06,3.1131721660494084e-06,-0.010728351839594207,-0.0024190069882369576,0.0002255482137732835
FREE_6DOF,robot_component_fluid,0.0017000000000000012,0.0013022525162311252,6.4231520109054354e-07,-2.0091376453236056e-06,1,0,0,0,0,0,0,0.097111494886308727,0.0012528887434791363,-0.0012791709170921622,0,0,0,-2.7984771474124206e-05,0,0,9.5798415772768799e-09,-2.6796840236488338e-07,-2.4182923811004467e-06,2.1093133706039195e-06,0.00089789068662939607,31.785955065274774,1.0681415022205305,1,0.0010399958044715794,9.0847819973349232e-06,3.1131721660494084e-06,-0.010728351839594207,-0.0024190069882369576,0.0002255482137732835
FREE_6DOF,robot_component_fluid,0.0017000000000000012,0.0013022525162124112,6.4231520109054354e-07,-2.0091376453236056e-06,1,0,0,0,0,0,0,0.097111493389194295,0.0012528887434791363,-0.0012791709170921622,0,0,0,-2.7984771474115946e-05,0,0,9.5798415772768799e-09,-2.6796840236488338e-07,-2.4182923811004467e-06,2.1093133706039195e-06,0.00089789068662939607,31.785955065256061,1.0681415022205305,1,0.0010399958044715794,9.0847819973349232e-06,3.1131721660494084e-06,-0.010728351839594207,-0.0024190069882369576,0.0002255482137732835
FREE_6DOF,robot_component_fluid,0.0017250000000000013,0.0013022525162124112,6.4231520109054354e-07,-2.0091376453236056e-06,1,0,0,0,0,0,0,0.097111493389194309,0.0012528887434791363,-0.0012791709170921622,0,0,0,-2.7984705302330505e-05,0,0,9.5833253427280509e-09,-2.611270672574777e-07,-2.4394203932906442e-06,2.1093133706039195e-06,0.00089789068662939607,31.785805065256064,1.0838494654884794,1,0.0010399958044715794,9.0847819973349232e-06,3.1131721660494084e-06,-0.010723895845701626,-0.002439283541629225,0.00021898331918246712
FREE_6DOF,robot_component_fluid,0.0017250000000000013,0.0013046910511550441,6.7431667220296229e-07,-2.0413197536100194e-06,1,0,0,0,0,0,0,0.097971302021438986,0.0013072289455143609,-0.0012953977458209003,0,0,0,-2.7985780953959152e-05,0,0,9.5833253427280509e-09,-2.611270672574777e-07,-2.4394203932906442e-06,2.1498114593818102e-06,0.00089785018854061818,31.788243600198694,1.0838494654884794,1,0.0010399958044715794,9.0847819973349232e-06,3.1131721660494084e-06,-0.010723895845701626,-0.002439283541629225,0.00021898331918246712
FREE_6DOF,robot_component_fluid,0.0017250000000000013,0.0013046910511361693,6.7431667220296229e-07,-2.0413197536100194e-06,1,0,0,0,0,0,0,0.097971300511443732,0.0013072289455143609,-0.0012953977458209003,0,0,0,-2.7985780953950831e-05,0,0,9.5833253427280509e-09,-2.611270672574777e-07,-2.4394203932906442e-06,2.1498114593818102e-06,0.00089785018854061818,31.788243600179822,1.0838494654884794,1,0.0010399958044715794,9.0847819973349232e-06,3.1131721660494084e-06,-0.010723895845701626,-0.002439283541629225,0.00021898331918246712
FREE_6DOF,robot_component_fluid,0.0017500000000000013,0.0013046910511361693,6.7431667220296229e-07,-2.0413197536100194e-06,1,0,0,0,0,0,0,0.097971300511443746,0.0013072289455143609,-0.0012953977458209003,0,0,0,-2.7985714794030488e-05,0,0,9.5845164149564867e-09,-2.5423754800900812e-07,-2.4599231111471326e-06,2.1498114593818102e-06,0.00089785018854061818,31.78809360017982,1.0995574287564285,1,0.0010399958044715794,9.0847819973349232e-06,3.1131721660494084e-06,-0.010719534296799107,-0.002458959673059328,0.00021237181078381635
FREE_6DOF,robot_component_fluid,0.0017500000000000013,0.0013071512117922564,7.0738975052704325e-07,-2.0737475322382816e-06,1,0,0,0,0,0,0,0.098841551975526576,0.0013386173204121168,-0.0012988245444400435,0,0,0,-2.7986799789363659e-05,0,0,9.5845164149564867e-09,-2.5423754800900812e-07,-2.4599231111471326e-06,2.1910794341180499e-06,0.00089780892056588193,31.790553760835905,1.0995574287564285,1,0.0010399958044715794,9.0847819973349232e-06,3.1131721660494084e-06,-0.010719534296799107,-0.002458959673059328,0.00021237181078381635
FREE_6DOF,robot_component_fluid,0.0017500000000000013,0.0013071512117732176,7.0738975052704325e-07,-2.0737475322382816e-06,1,0,0,0,0,0,0,0.098841550452414662,0.0013386173204121168,-0.0012988245444400435,0,0,0,-2.7986799789355264e-05,0,0,9.5845164149564867e-09,-2.5423754800900812e-07,-2.4599231111471326e-06,2.1910794341180499e-06,0.00089780892056588193,31.790553760816866,1.0995574287564285,1,0.0010399958044715794,9.0847819973349232e-06,3.1131721660494084e-06,-0.010719534296799107,-0.002458959673059328,0.00021237181078381635
FREE_6DOF,robot_component_fluid,0.0017750000000000014,0.0013071512117732176,7.0738975052704325e-07,-2.0737475322382816e-06,1,0,0,0,0,0,0,0.098841550452414675,0.0013386173204121168,-0.0012988245444400435,0,0,0,-2.7986733641412241e-05,0,0,9.5834160071533661e-09,-2.4730150464446062e-07,-2.479796095708418e-06,2.1910794341180499e-06,0.00089780892056588193,31.790403760816869,1.1152653920243776,1,0.0010399958044715794,9.0847819973349232e-06,3.1131721660494084e-06,-0.010715271477571887,-0.002478031151706292,0.00020571527193566412
FREE_6DOF,robot_component_fluid,0.0017750000000000014,0.0013096331692001215,7.4116330786557088e-07,-2.1062066088315167e-06,1,0,0,0,0,0,0,0.099715043699890343,0.001363267266670089,-0.0012979015830187561,0,0,0,-2.7987828050575704e-05,0,0,9.5834160071533661e-09,-2.4730150464446062e-07,-2.479796095708418e-06,2.232807499094311e-06,0.00089776719250090568,31.792885718243774,1.1152653920243776,1,0.0010399958044715794,9.0847819973349232e-06,3.1131721660494084e-06,-0.010715271477571887,-0.002478031151706292,0.00020571527193566412
FREE_6DOF,robot_component_fluid,0.0017750000000000014,0.0013096331691809173,7.4116330786557088e-07,-2.1062066088315167e-06,1,0,0,0,0,0,0,0.099715042163563347,0.001363267266670089,-0.0012979015830187561,0,0,0,-2.7987828050567233e-05,0,0,9.5834160071533661e-09,-2.4730150464446062e-07,-2.479796095708418e-06,2.232807499094311e-06,0.00089776719250090568,31.792885718224568,1.1152653920243776,1,0.0010399958044715794,9.0847819973349232e-06,3.1131721660494084e-06,-0.010715271477571887,-0.002478031151706292,0.00020571527193566412
FREE_6DOF,robot_component_fluid,0.0018000000000000015,0.0013096331691809173,7.4116330786557088e-07,-2.1062066088315167e-06,1,0,0,0,0,0,0,0.099715042163563361,0.001363267266670089,-0.0012979015830187561,0,0,0,-2.798776191471463e-05,0,0,9.5800257357658342e-09,-2.4032059147459568e-07,-2.4990350594010357e-06,2.232807499094311e-06,0.00089776719250090568,31.792735718224566,1.1309733552923265,1,0.0010399958044715794,9.0847819973349232e-06,3.1131721660494084e-06,-0.010711111574804609,-0.0024964938914599426,0.0001990152807949337
FREE_6DOF,robot_component_fluid,0.0018000000000000015,0.0013121370251766387,7.7561086657731856e-07,-2.1386472782323474e-06,1,0,0,0,0,0,0,0.10059343749416065,0.0013925374302697238,-0.001297351969047716,0,0,0,-2.7988865777198025e-05,0,0,9.5800257357658342e-09,-2.4032059147459568e-07,-2.4990350594010357e-06,2.2749471196147498e-06,0.00089772505288038523,31.79523957422029,1.1309733552923265,1,0.0010399958044715794,9.0847819973349232e-06,3.1131721660494084e-06,-0.010711111574804609,-0.0024964938914599426,0.0001990152807949337
FREE_6DOF,robot_component_fluid,0.0018000000000000015,0.0013121370251572687,7.7561086657731856e-07,-2.1386472782323474e-06,1,0,0,0,0,0,0,0.10059343594456312,0.0013925374302697238,-0.001297351969047716,0,0,0,-2.798886577718949e-05,0,0,9.5800257357658342e-09,-2.4032059147459568e-07,-2.4990350594010357e-06,2.2749471196147498e-06,0.00089772505288038523,31.79523957420092,1.1309733552923265,1,0.0010399958044715794,9.0847819973349232e-06,3.1131721660494084e-06,-0.010711111574804609,-0.0024964938914599426,0.0001990152807949337
FREE_6DOF,robot_component_fluid,0.0018250000000000015,0.0013121370251572687,7.7561086657731856e-07,-2.1386472782323474e-06,1,0,0,0,0,0,0,0.10059343594456313,0.0013925374302697238,-0.001297351969047716,0,0,0,-2.7988799653540921e-05,0,0,9.5743476171224073e-09,-2.332964568308896e-07,-2.5176358656857158e-06,2.2749471196147498e-06,0.00089772505288038523,31.795089574200919,1.1466813185602756,1,0.0010399958044715794,9.0847819973349232e-06,3.1131721660494084e-06,-0.010707058673330163,-0.0025143439505452866,0.0001922734100744007
FREE_6DOF,robot_component_fluid,0.0018250000000000015,0.0013146628537812996,8.1088278312608557e-07,-2.1712889961999906e-06,1,0,0,0,0,0,0,0.1014728539779131,0.0014292158936316274,-0.001313985468363765,0,0,0,-2.7989912996525105e-05,0,0,9.5743476171224073e-09,-2.332964568308896e-07,-2.5176358656857158e-06,2.3177633168616396e-06,0.00089768223668313838,31.797615402824949,1.1466813185602756,1,0.0010399958044715794,9.0847819973349232e-06,3.1131721660494084e-06,-0.010707058673330163,-0.0025143439505452866,0.0001922734100744007
FREE_6DOF,robot_component_fluid,0.0018250000000000015,0.0013146628537617634,8.1088278312608557e-07,-2.1712889961999906e-06,1,0,0,0,0,0,0,0.10147285241500688,0.0014292158936316274,-0.001313985468363765,0,0,0,-2.7989912996516496e-05,0,0,9.5743476171224073e-09,-2.332964568308896e-07,-2.5176358656857158e-06,2.3177633168616396e-06,0.00089768223668313838,31.797615402805413,1.1466813185602756,1,0.0010399958044715794,9.0847819973349232e-06,3.1131721660494084e-06,-0.010707058673330163,-0.0025143439505452866,0.0001922734100744007
FREE_6DOF,robot_component_fluid,0.0018500000000000016,0.0013146628537617634,8.1088278312608557e-07,-2.1712889961999906e-06,1,0,0,0,0,0,0,0.10147285241500689,0.0014292158936316274,-0.001313985468363765,0,0,0,-2.7989846885185991e-05,0,0,9.5663840643218666e-09,-2.2623074283917836e-07,-2.5355945286786182e-06,2.3177633168616396e-06,0.00089768223668313838,31.797465402805415,1.1623892818282244,1,0.0010399958044715794,9.0847819973349232e-06,3.1131721660494084e-06,-0.010703116752080934,-0.0025315775311238247,0.00018549122683686231
FREE_6DOF,robot_component_fluid,0.0018500000000000016,0.0013172107614701078,8.4730466208549177e-07,-2.2044973066675356e-06,1,0,0,0,0,0,0,0.10235976425253426,0.0014845344231208697,-0.0013426793690398675,0,0,0,-2.7990969750052817e-05,0,0,9.5663840643218666e-09,-2.2623074283917836e-07,-2.5355945286786182e-06,2.361722584364266e-06,0.00089763827741563568,31.800013310513759,1.1623892818282244,1,0.0010399958044715794,9.0847819973349232e-06,3.1131721660494084e-06,-0.010703116752080934,-0.0025315775311238247,0.00018549122683686231
FREE_6DOF,robot_component_fluid,0.0018500000000000016,0.0013172107614504043,8.4730466208549177e-07,-2.2044973066675356e-06,1,0,0,0,0,0,0,0.10235976267626126,0.0014845344231208697,-0.0013426793690398675,0,0,0,-2.7990969750044133e-05,0,0,9.5663840643218666e-09,-2.2623074283917836e-07,-2.5355945286786182e-06,2.361722584364266e-06,0.00089763827741563568,31.800013310494055,1.1623892818282244,1,0.0010399958044715794,9.0847819973349232e-06,3.1131721660494084e-06,-0.010703116752080934,-0.0025315775311238247,0.00018549122683686231
FREE_6DOF,robot_component_fluid,0.0018750000000000017,0.0013172107614504043,8.4730466208549177e-07,-2.2044973066675356e-06,1,0,0,0,0,0,0,0.10235976267626128,0.0014845344231208697,-0.0013426793690398675,0,0,0,-2.7990903651146263e-05,0,0,9.5561378843921381e-09,-2.1912508523161898e-07,-2.5529072127509536e-06,2.361722584364266e-06,0.00089763827741563568,31.799863310494054,1.1780972450961735,1,0.0010399958044715794,9.0847819973349232e-06,3.1131721660494084e-06,-0.010699289680246079,-0.0025481909788749981,0.00017867029232583324
FREE_6DOF,robot_component_fluid,0.0018750000000000017,0.0013197808086147904,8.8520519716006817e-07,-2.2385910276124385e-06,1,0,0,0,0,0,0,0.10324401047462996,0.0015475083828452385,-0.0013848183065523927,0,0,0,-2.7992036058887781e-05,0,0,9.5561378843921381e-09,-2.1912508523161898e-07,-2.5529072127509536e-06,2.4072552897410172e-06,0.00089759274471025896,31.80243335765844,1.1780972450961735,1,0.0010399958044715794,9.0847819973349232e-06,3.1131721660494084e-06,-0.010699289680246079,-0.0025481909788749981,0.00017867029232583324
FREE_6DOF,robot_component_fluid,0.0018750000000000017,0.0013197808085949195,8.8520519716006817e-07,-2.2385910276124385e-06,1,0,0,0,0,0,0,0.1032440088849607,0.0015475083828452385,-0.0013848183065523927,0,0,0,-2.7992036058879023e-05,0,0,9.5561378843921381e-09,-2.1912508523161898e-07,-2.5529072127509536e-06,2.4072552897410172e-06,0.00089759274471025896,31.80243335763857,1.1780972450961735,1,0.0010399958044715794,9.0847819973349232e-06,3.1131721660494084e-06,-0.010699289680246079,-0.0025481909788749981,0.00017867029232583324
FREE_6DOF,robot_component_fluid,0.0019000000000000017,0.0013197808085949195,8.8520519716006817e-07,-2.2385910276124385e-06,1,0,0,0,0,0,0,0.10324400888496071,0.0015475083828452385,-0.0013848183065523927,0,0,0,-2.7991969972528662e-05,0,0,9.5436122757248429e-09,-2.1198111319650043e-07,-2.5695702321102392e-06,2.4072552897410172e-06,0.00089759274471025896,31.802283357638572,1.1938052083641226,1,0.0010399958044715794,9.0847819973349232e-06,3.1131721660494084e-06,-0.010695581213538219,-0.0025641807825609363,0.00017181216183230794
FREE_6DOF,robot_component_fluid,0.0019000000000000017,0.0013223727865752468,9.2457936176177537e-07,-2.2740124660317699e-06,1,0,0,0,0,0,0,0.1041142295412347,0.0016024247852913353,-0.0014488967669941267,0,0,0,-2.7993111825568934e-05,0,0,9.5436122757248429e-09,-2.1198111319650043e-07,-2.5695702321102392e-06,2.4547870970541833e-06,0.00089754521290294584,31.804875335618899,1.1938052083641226,1,0.0010399958044715794,9.0847819973349232e-06,3.1131721660494084e-06,-0.010695581213538219,-0.0025641807825609363,0.00017181216183230794
FREE_6DOF,robot_component_fluid,0.0019000000000000017,0.0013223727865552103,9.2457936176177537e-07,-2.2740124660317699e-06,1,0,0,0,0,0,0,0.10411422793830619,0.0016024247852913353,-0.0014488967669941267,0,0,0,-2.7993111825560101e-05,0,0,9.5436122757248429e-09,-2.1198111319650043e-07,-2.5695702321102392e-06,2.4547870970541833e-06,0.00089754521290294584,31.804875335598862,1.1938052083641226,1,0.0010399958044715794,9.0847819973349232e-06,3.1131721660494084e-06,-0.010695581213538219,-0.0025641807825609363,0.00017181216183230794
FREE_6DOF,robot_component_fluid,0.0019250000000000018,0.0013223727865552103,9.2457936176177537e-07,-2.2740124660317699e-06,1,0,0,0,0,0,0,0.10411422793830619,0.0016024247852913353,-0.0014488967669941267,0,0,0,-2.7993045751871056e-05,0,0,9.5288108257903051e-09,-2.0480044926534432e-07,-2.585580050366424e-06,2.4547870970541833e-06,0.00089754521290294584,31.80472533559886,1.2095131716320715,1,0.0010399958044715794,9.0847819973349232e-06,3.1131721660494084e-06,-0.010691994990572906,-0.0025795435735776456,0.00016491838459704105
FREE_6DOF,robot_component_fluid,0.0019250000000000018,0.0013249863888672555,9.6536924822038987e-07,-2.3109504138340759e-06,1,0,0,0,0,0,0,0.10497395702529917,0.0016607661313978253,-0.001506139057190332,0,0,0,-2.7994196909564493e-05,0,0,9.5288108257903051e-09,-2.0480044926534432e-07,-2.585580050366424e-06,2.5044819026316576e-06,0.00089749551809736828,31.807338937910906,1.2095131716320715,1,0.0010399958044715794,9.0847819973349232e-06,3.1131721660494084e-06,-0.010691994990572906,-0.0025795435735776456,0.00016491838459704105
FREE_6DOF,robot_component_fluid,0.0019250000000000018,0.0013249863888470555,9.6536924822038987e-07,-2.3109504138340759e-06,1,0,0,0,0,0,0,0.10497395540930882,0.0016607661313978253,-0.001506139057190332,0,0,0,-2.79941969095556e-05,0,0,9.5288108257903051e-09,-2.0480044926534432e-07,-2.585580050366424e-06,2.5044819026316576e-06,0.00089749551809736828,31.807338937890705,1.2095131716320715,1,0.0010399958044715794,9.0847819973349232e-06,3.1131721660494084e-06,-0.010691994990572906,-0.0025795435735776456,0.00016491838459704105
FREE_6DOF,robot_component_fluid,0.0019500000000000019,0.0013249863888470555,9.6536924822038987e-07,-2.3109504138340759e-06,1,0,0,0,0,0,0,0.10497395540930883,0.0016607661313978253,-0.001506139057190332,0,0,0,-2.7994130848640086e-05,0,0,9.5117375091369478e-09,-1.9758470923665315e-07,-2.6009332800860801e-06,2.5044819026316576e-06,0.00089749551809736828,31.807188937890704,1.2252211349000206,1,0.0010399958044715794,9.0847819973349232e-06,3.1131721660494084e-06,-0.01068853452936409,-0.0025942761254957262,0.00015799050374771877
FREE_6DOF,robot_component_fluid,0.0019500000000000019,0.0013276214316836413,1.0076870270767452e-06,-2.3489828081563794e-06,1,0,0,0,0,0,0,0.10582947151756675,0.0017246561771106046,-0.0015364524885939424,0,0,0,-2.7995291224414899e-05,0,0,9.5117375091369478e-09,-1.9758470923665315e-07,-2.6009332800860801e-06,2.5560033993625673e-06,0.00089744399660063746,31.809823980727291,1.2252211349000206,1,0.0010399958044715794,9.0847819973349232e-06,3.1131721660494084e-06,-0.01068853452936409,-0.0025942761254957262,0.00015799050374771877
FREE_6DOF,robot_component_fluid,0.0019500000000000019,0.0013276214316632797,1.0076870270767452e-06,-2.3489828081563794e-06,1,0,0,0,0,0,0,0.10582946988863608,0.0017246561771106046,-0.0015364524885939424,0,0,0,-2.7995291224405934e-05,0,0,9.5117375091369478e-09,-1.9758470923665315e-07,-2.6009332800860801e-06,2.5560033993625673e-06,0.00089744399660063746,31.809823980706931,1.2252211349000206,1,0.0010399958044715794,9.0847819973349232e-06,3.1131721660494084e-06,-0.01068853452936409,-0.0025942761254957262,0.00015799050374771877
FREE_6DOF,robot_component_fluid,0.0019750000000000019,0.0013276214316632797,1.0076870270767452e-06,-2.3489828081563794e-06,1,0,0,0,0,0,0,0.10582946988863609,0.0017246561771106046,-0.0015364524885939424,0,0,0,-2.7995225176375229e-05,0,0,9.4923966856780284e-09,-1.9033550213557902e-07,-2.6156266823377574e-06,2.5560033993625673e-06,0.00089744399660063746,31.809673980706933,1.2409290981679695,1,0.0010399958044715794,9.0847819973349232e-06,3.1131721660494084e-06,-0.010685203223938618,-0.0026083753535936418,0.00015103005627031284
FREE_6DOF,robot_component_fluid,0.0019750000000000019,0.001330277674679086,1.051426602894349e-06,-2.3876196328559038e-06,1,0,0,0,0,0,0,0.10666997137586903,0.0017745098882977059,-0.0015544934873680059,0,0,0,-2.7996394658785877e-05,0,0,9.4923966856780284e-09,-1.9033550213557902e-07,-2.6156266823377574e-06,2.6088743573566188e-06,0.0008973911256426433,31.812330223722736,1.2409290981679695,1,0.0010399958044715794,9.0847819973349232e-06,3.1131721660494084e-06,-0.010685203223938618,-0.0026083753535936418,0.00015103005627031284
FREE_6DOF,robot_component_fluid,0.0019750000000000019,0.0013302776746585646,1.051426602894349e-06,-2.3876196328559038e-06,1,0,0,0,0,0,0,0.10666996973415452,0.0017745098882977059,-0.0015544934873680059,0,0,0,-2.7996394658776844e-05,0,0,9.4923966856780284e-09,-1.9033550213557902e-07,-2.6156266823377574e-06,2.6088743573566188e-06,0.0008973911256426433,31.812330223702215,1.2409290981679695,1,0.0010399958044715794,9.0847819973349232e-06,3.1131721660494084e-06,-0.010685203223938618,-0.0026083753535936418,0.00015103005627031284
FREE_6DOF,robot_component_fluid,0.0020000000000000018,0.0013302776746585646,1.051426602894349e-06,-2.3876196328559038e-06,1,0,0,0,0,0,0,0.10666996973415453,0.0017745098882977059,-0.0015544934873680059,0,0,0,-2.7996328623740959e-05,0,0,9.4707930992679628e-09,-1.8305443020870322e-07,-2.6296571662316189e-06,2.6088743573566188e-06,0.0008973911256426433,31.812180223702214,1.2566370614359184,1,0.0010399958044715794,9.0847819973349232e-06,3.1131721660494084e-06,-0.010682004341072832,-0.0026218383143865511,0.00014403857301382986
FREE_6DOF,robot_component_fluid,0.0020000000000000018,0.0013329546748059285,1.0961848135722744e-06,-2.4267742562089948e-06,1,0,0,0,0,0,0,0.10749004205495204,0.0018061469659363338,-0.0015778763808792708,0,0,0,-2.7997507012161252e-05,0,0,9.4707930992679628e-09,-1.8305443020870322e-07,-2.6296571662316189e-06,2.6628658314126912e-06,0.00089733713416858727,31.814857223849579,1.2566370614359184,1,0.0010399958044715794,9.0847819973349232e-06,3.1131721660494084e-06,-0.010682004341072832,-0.0026218383143865511,0.00014403857301382986
FREE_6DOF,robot_component_fluid,0.0020000000000000018,0.0013329546747852508,1.0961848135722744e-06,-2.4267742562089948e-06,1,0,0,0,0,0,0,0.1074900404007353,0.0018061469659363338,-0.0015778763808792708,0,0,0,-2.7997507012152148e-05,0,0,9.4707930992679628e-09,-1.8305443020870322e-07,-2.6296571662316189e-06,2.6628658314126912e-06,0.00089733713416858727,31.814857223828902,1.2566370614359184,1,0.0010399958044715794,9.0847819973349232e-06,3.1131721660494084e-06,-0.010682004341072832,-0.0026218383143865511,0.00014403857301382986
