mode,zone_name,time_s,cg_x_m,cg_y_m,cg_z_m,q0,q1,q2,q3,theta_x_rad,theta_y_rad,theta_z_rad,vx_m_s,vy_m_s,vz_m_s,omega_x_rad_s,omega_y_rad_s,omega_z_rad_s,Fmag_x_N,Fmag_y_N,Fmag_z_N,Tmag_x_Nm,Tmag_y_Nm,Tmag_z_Nm,radial_displacement_m,estimated_wall_clearance_m,source_s_eff_mm,phase_rad,ramp,m_global_x,m_global_y,m_global_z,B_x_T,B_y_T,B_z_T
LOAD_ONLY_FROZEN,robot_component_fluid,2.5000000000000001e-05,0.0012060186937156341,0,0,0.98901586336191682,0.053211388006659838,0.070948517342213108,0.11824752890368848,0.106814150222053,0.14241886696273731,0.23736477827122879,0,0,0,0,0,0,-4.9488618007604958e-08,0,0,2.1926899343739412e-10,1.7239766441099995e-09,5.1796850554085366e-09,0,0.00089999999999999998,31.699771242759283,0.015707963267948967,0.0018437500000000006,0.00099886209297775992,0.00025960864783681705,-0.00012869097716542105,-0.010989446360463069,-4.3684310780858422e-05,0.00047975032203907193
LOAD_ONLY_FROZEN,robot_component_fluid,2.5000000000000001e-05,0.0012060186937156341,0,0,0.98901586336191682,0.053211388006659838,0.070948517342213108,0.11824752890368848,0.106814150222053,0.14241886696273731,0.23736477827122879,0,0,0,0,0,0,-4.9488618007604958e-08,0,0,2.1926899343739412e-10,1.7239766441099995e-09,5.1796850554085366e-09,0,0.00089999999999999998,31.699771242759283,0.015707963267948967,0.0018437500000000006,0.00099886209297775992,0.00025960864783681705,-0.00012869097716542105,-0.010989446360463069,-4.3684310780858422e-05,0.00047975032203907193
LOAD_ONLY_FROZEN,robot_component_fluid,5.0000000000000002e-05,0.0012060186937156341,0,0,0.98901586336191682,0.053211388006659838,0.070948517342213108,0.11824752890368848,0.106814150222053,0.14241886696273731,0.23736477827122879,0,0,0,0,0,0,-1.9459884760596365e-07,0,0,8.2110769839775732e-10,6.7801587403527814e-09,2.0050832262831198e-08,0,0.00089999999999999998,31.699621242759285,0.031415926535897934,0.0072500000000000012,0.00099886209297775992,0.00025960864783681705,-0.00012869097716542105,-0.01098919421323837,-8.735721865496036e-05,0.00047956152897948173
LOAD_ONLY_FROZEN,robot_component_fluid,5.0000000000000002e-05,0.0012060186937156341,0,0,0.98901586336191682,0.053211388006659838,0.070948517342213108,0.11824752890368848,0.106814150222053,0.14241886696273731,0.23736477827122879,0,0,0,0,0,0,-1.9459884760596365e-07,0,0,8.2110769839775732e-10,6.7801587403527814e-09,2.0050832262831198e-08,0,0.00089999999999999998,31.699621242759285,0.031415926535897934,0.0072500000000000012,0.00099886209297775992,0.00025960864783681705,-0.00012869097716542105,-0.01098919421323837,-8.735721865496036e-05,0.00047956152897948173
LOAD_ONLY_FROZEN,robot_component_fluid,7.5000000000000007e-05,0.0012060186937156341,0,0,0.98901586336191682,0.053211388006659838,0.070948517342213108,0.11824752890368848,0.106814150222053,0.14241886696273731,0.23736477827122879,0,0,0,0,0,0,-4.302972881372324e-07,0,0,1.7242762488105805e-09,1.4996504642768059e-08,4.3635821244313485e-08,0,0.00089999999999999998,31.699471242759284,0.047123889803846901,0.016031250000000004,0.00099886209297775992,0.00025960864783681705,-0.00012869097716542105,-0.010988774246403809,-0.00013100732490320291,0.0004792469534531385
LOAD_ONLY_FROZEN,robot_component_fluid,7.5000000000000007e-05,0.0012060186937156341,0,0,0.98901586336191682,0.053211388006659838,0.070948517342213108,0.11824752890368848,0.106814150222053,0.14241886696273731,0.23736477827122879,0,0,0,0,0,0,-4.302972881372324e-07,0,0,1.7242762488105805e-09,1.4996504642768059e-08,4.3635821244313485e-08,0,0.00089999999999999998,31.699471242759284,0.047123889803846901,0.016031250000000004,0.00099886209297775992,0.00025960864783681705,-0.00012869097716542105,-0.010988774246403809,-0.00013100732490320291,0.0004792469534531385
LOAD_ONLY_FROZEN,robot_component_fluid,0.0001,0.0012060186937156341,0,0,0.98901586336191682,0.053211388006659838,0.070948517342213108,0.11824752890368848,0.106814150222053,0.14241886696273731,0.23736477827122879,0,0,0,0,0,0,-7.5155058691647476e-07,0,0,2.8512379980428484e-09,2.6202921621180705e-08,7.4989706491596089e-08,0,0.00089999999999999998,31.699321242759286,0.062831853071795868,0.028000000000000004,0.00099886209297775992,0.00025960864783681705,-0.00012869097716542105,-0.010988186877472795,-0.00017462323917778741,0.00047880671473333921
LOAD_ONLY_FROZEN,robot_component_fluid,0.0001,0.0012060186937156341,0,0,0.98901586336191682,0.053211388006659838,0.070948517342213108,0.11824752890368848,0.106814150222053,0.14241886696273731,0.23736477827122879,0,0,0,0,0,0,-7.5155058691647476e-07,0,0,2.8512379980428484e-09,2.6202921621180705e-08,7.4989706491596089e-08,0,0.00089999999999999998,31.699321242759286,0.062831853071795868,0.028000000000000004,0.00099886209297775992,0.00025960864783681705,-0.00012869097716542105,-0.010988186877472795,-0.00017462323917778741,0.00047880671473333921
LOAD_ONLY_FROZEN,robot_component_fluid,0.000125,0.0012060186937156341,0,0,0.98901586336191682,0.053211388006659838,0.070948517342213108,0.11824752890368848,0.106814150222053,0.14241886696273731,0.23736477827122879,0,0,0,0,0,0,-1.1533254392330621e-06,0,0,4.1282634150016386e-09,4.0231067576635238e-08,1.1320062377759532e-07,0,0.00089999999999999998,31.699171242759284,0.078539816339744828,0.04296875,0.00099886209297775992,0.00025960864783681705,-0.00012869097716542105,-0.010987432690371479,-0.00021819358367787341,0.0004782409796305485
LOAD_ONLY_FROZEN,robot_component_fluid,0.000125,0.0012060186937156341,0,0,0.98901586336191682,0.053211388006659838,0.070948517342213108,0.11824752890368848,0.106814150222053,0.14241886696273731,0.23736477827122879,0,0,0,0,0,0,-1.1533254392330621e-06,0,0,4.1282634150016386e-09,4.0231067576635238e-08,1.1320062377759532e-07,0,0.00089999999999999998,31.699171242759284,0.078539816339744828,0.04296875,0.00099886209297775992,0.00025960864783681705,-0.00012869097716542105,-0.010987432690371479,-0.00021819358367787341,0.0004782409796305485
LOAD_ONLY_FROZEN,robot_component_fluid,0.00015000000000000001,0.0012060186937156341,0,0,0.98901586336191682,0.053211388006659838,0.070948517342213108,0.11824752890368848,0.106814150222053,0.14241886696273731,0.23736477827122879,0,0,0,0,0,0,-1.6305885883520739e-06,0,0,5.4855288247220659e-09,5.6914151810437433e-08,1.5739015464311121e-07,0,0.00089999999999999998,31.699021242759283,0.094247779607693802,0.060750000000000019,0.00099886209297775992,0.00025960864783681705,-0.00012869097716542105,-0.010986512434846865,-0.00026170699731325266,0.00047754996232065677
LOAD_ONLY_FROZEN,robot_component_fluid,0.00015000000000000001,0.0012060186937156341,0,0,0.98901586336191682,0.053211388006659838,0.070948517342213108,0.11824752890368848,0.106814150222053,0.14241886696273731,0.23736477827122879,0,0,0,0,0,0,-1.6305885883520739e-06,0,0,5.4855288247220659e-09,5.6914151810437433e-08,1.5739015464311121e-07,0,0.00089999999999999998,31.699021242759283,0.094247779607693802,0.060750000000000019,0.00099886209297775992,0.00025960864783681705,-0.00012869097716542105,-0.010986512434846865,-0.00026170699731325266,0.00047754996232065677
LOAD_ONLY_FROZEN,robot_component_fluid,0.00017500000000000003,0.0012060186937156341,0,0,0.98901586336191682,0.053211388006659838,0.070948517342213108,0.11824752890368848,0.106814150222053,0.14241886696273731,0.23736477827122879,0,0,0,0,0,0,-2.1783068255156962e-06,0,0,6.8572098863894119e-09,7.6086735025928701e-08,2.0671364848921354e-07,0,0.00089999999999999998,31.698871242759285,0.10995574287564278,0.081156250000000013,0.00099886209297775992,0.00025960864783681705,-0.00012869097716542105,-0.010985427025706936,-0.0003051521398520839,0.00047673392412475341
LOAD_ONLY_FROZEN,robot_component_fluid,0.00017500000000000003,0.0012060186937156341,0,0,0.98901586336191682,0.053211388006659838,0.070948517342213108,0.11824752890368848,0.106814150222053,0.14241886696273731,0.23736477827122879,0,0,0,0,0,0,-2.1783068255156962e-06,0,0,6.8572098863894119e-09,7.6086735025928701e-08,2.0671364848921354e-07,0,0.00089999999999999998,31.698871242759285,0.10995574287564278,0.081156250000000013,0.00099886209297775992,0.00025960864783681705,-0.00012869097716542105,-0.010985427025706936,-0.0003051521398520839,0.00047673392412475341
LOAD_ONLY_FROZEN,robot_component_fluid,0.00020000000000000004,0.0012060186937156341,0,0,0.98901586336191682,0.053211388006659838,0.070948517342213108,0.11824752890368848,0.106814150222053,0.14241886696273731,0.23736477827122879,0,0,0,0,0,0,-2.7914469899446236e-06,0,0,8.1815697070733689e-09,9.7584528743194045e-08,2.6036050184928849e-07,0,0.00089999999999999998,31.698721242759284,0.12566370614359176,0.10400000000000004,0.00099886209297775992,0.00025960864783681705,-0.00012869097716542105,-0.010984177541893533,-0.00034851769604875602,0.00047579317324085066
LOAD_ONLY_FROZEN,robot_component_fluid,0.00020000000000000004,0.0012060186937156341,0,0,0.98901586336191682,0.053211388006659838,0.070948517342213108,0.11824752890368848,0.106814150222053,0.14241886696273731,0.23736477827122879,0,0,0,0,0,0,-2.7914469899446236e-06,0,0,8.1815697070733689e-09,9.7584528743194045e-08,2.6036050184928849e-07,0,0.00089999999999999998,31.698721242759284,0.12566370614359176,0.10400000000000004,0.00099886209297775992,0.00025960864783681705,-0.00012869097716542105,-0.010984177541893533,-0.00034851769604875602,0.00047579317324085066
LOAD_ONLY_FROZEN,robot_component_fluid,0.00022500000000000005,0.0012060186937156341,0,0,0.98901586336191682,0.053211388006659838,0.070948517342213108,0.11824752890368848,0.106814150222053,0.14241886696273731,0.23736477827122879,0,0,0,0,0,0,-3.4649759688394583e-06,0,0,9.4010414950097593e-09,1.2124419430751614e-07,3.175543944590973e-07,0,0.00089999999999999998,31.698571242759286,0.14137166941154072,0.12909375000000003,0.00099886209297775992,0.00025960864783681705,-0.00012869097716542105,-0.010982765225389084,-0.00039179237974798134,0.00047472806442808992
LOAD_ONLY_FROZEN,robot_component_fluid,0.00022500000000000005,0.0012060186937156341,0,0,0.98901586336191682,0.053211388006659838,0.070948517342213108,0.11824752890368848,0.106814150222053,0.14241886696273731,0.23736477827122879,0,0,0,0,0,0,-3.4649759688394583e-06,0,0,9.4010414950097593e-09,1.2124419430751614e-07,3.175543944590973e-07,0,0.00089999999999999998,31.698571242759286,0.14137166941154072,0.12909375000000003,0.00099886209297775992,0.00025960864783681705,-0.00012869097716542105,-0.010982765225389084,-0.00039179237974798134,0.00047472806442808992
LOAD_ONLY_FROZEN,robot_component_fluid,0.00025000000000000006,0.0012060186937156341,0,0,0.98901586336191682,0.053211388006659838,0.070948517342213108,0.11824752890368848,0.106814150222053,0.14241886696273731,0.23736477827122879,0,0,0,0,0,0,-4.1938606973821125e-06,0,0,1.0462305662039323e-08,1.4690314167253599e-07,3.7755348178831383e-07,0,0.00089999999999999998,31.698421242759284,0.15707963267948971,0.15625000000000006,0.00099886209297775992,0.00025960864783681705,-0.00012869097716542105,-0.010981191479958245,-0.00043496493796126251,0.00047353899864405419
LOAD_ONLY_FROZEN,robot_component_fluid,0.00025000000000000006,0.0012060186937156341,0,0,0.98901586336191682,0.053211388006659838,0.070948517342213108,0.11824752890368848,0.106814150222053,0.14241886696273731,0.23736477827122879,0,0,0,0,0,0,-4.1938606973821125e-06,0,0,1.0462305662039323e-08,1.4690314167253599e-07,3.7755348178831383e-07,0,0.00089999999999999998,31.698421242759284,0.15707963267948971,0.15625000000000006,0.00099886209297775992,0.00025960864783681705,-0.00012869097716542105,-0.010981191479958245,-0.00043496493796126251,0.00047353899864405419
LOAD_ONLY_FROZEN,robot_component_fluid,0.00027500000000000007,0.0012060186937156341,0,0,0.98901586336191682,0.053211388006659838,0.070948517342213108,0.11824752890368848,0.106814150222053,0.14241886696273731,0.23736477827122879,0,0,0,0,0,0,-4.9730681587372022e-06,0,0,1.1316361290791296e-08,1.7439932813876483e-07,4.3965054374277495e-07,0,0.00089999999999999998,31.698271242759283,0.17278759594743867,0.18528125000000006,0.00099886209297775992,0.00025960864783681705,-0.00012869097716542105,-0.010979457869725864,-0.000478024154911927,0.00047222642263590377
LOAD_ONLY_FROZEN,robot_component_fluid,0.00027500000000000007,0.0012060186937156341,0,0,0.98901586336191682,0.053211388006659838,0.070948517342213108,0.11824752890368848,0.106814150222053,0.14241886696273731,0.23736477827122879,0,0,0,0,0,0,-4.9730681587372022e-06,0,0,1.1316361290791296e-08,1.7439932813876483e-07,4.3965054374277495e-07,0,0.00089999999999999998,31.698271242759283,0.17278759594743867,0.18528125000000006,0.00099886209297775992,0.00025960864783681705,-0.00012869097716542105,-0.010979457869725864,-0.000478024154911927,0.00047222642263590377
LOAD_ONLY_FROZEN,robot_component_fluid,0.00030000000000000008,0.0012060186937156341,0,0,0.98901586336191682,0.053211388006659838,0.070948517342213108,0.11824752890368848,0.106814150222053,0.14241886696273731,0.23736477827122879,0,0,0,0,0,0,-5.7975653840534579e-06,0,0,1.1918591888368633e-08,2.0357105722732086e-07,5.0317308929299908e-07,0,0.00089999999999999998,31.698121242759285,0.18849555921538766,0.21600000000000016,0.00099886209297775992,0.00025960864783681705,-0.00012869097716542105,-0.010977566117592808,-0.00052095885604497576,0.00047079082848614363
LOAD_ONLY_FROZEN,robot_component_fluid,0.00030000000000000008,0.0012060186937156341,0,0,0.98901586336191682,0.053211388006659838,0.070948517342213108,0.11824752890368848,0.106814150222053,0.14241886696273731,0.23736477827122879,0,0,0,0,0,0,-5.7975653840534579e-06,0,0,1.1918591888368633e-08,2.0357105722732086e-07,5.0317308929299908e-07,0,0.00089999999999999998,31.698121242759285,0.18849555921538766,0.21600000000000016,0.00099886209297775992,0.00025960864783681705,-0.00012869097716542105,-0.010977566117592808,-0.00052095885604497576,0.00047079082848614363
LOAD_ONLY_FROZEN,robot_component_fluid,0.00032500000000000009,0.0012060186937156341,0,0,0.98901586336191682,0.053211388006659838,0.070948517342213108,0.11824752890368848,0.106814150222053,0.14241886696273731,0.23736477827122879,0,0,0,0,0,0,-6.6623194524651104e-06,0,0,1.22288253546371e-08,2.3425677786753661e-07,5.67483416831309e-07,0,0.00089999999999999998,31.697971242759284,0.20420352248333662,0.24821875000000004,0.00099886209297775992,0.00025960864783681705,-0.00012869097716542105,-0.010975518103491275,-0.00056375791199805294,0.0004692327531139154
LOAD_ONLY_FROZEN,robot_component_fluid,0.00032500000000000009,0.0012060186937156341,0,0,0.98901586336191682,0.053211388006659838,0.070948517342213108,0.11824752890368848,0.106814150222053,0.14241886696273731,0.23736477827122879,0,0,0,0,0,0,-6.6623194524651104e-06,0,0,1.22288253546371e-08,2.3425677786753661e-07,5.67483416831309e-07,0,0.00089999999999999998,31.697971242759284,0.20420352248333662,0.24821875000000004,0.00099886209297775992,0.00025960864783681705,-0.00012869097716542105,-0.010975518103491275,-0.00056375791199805294,0.0004692327531139154
LOAD_ONLY_FROZEN,robot_component_fluid,0.0003500000000000001,0.0012060186937156341,0,0,0.98901586336191682,0.053211388006659838,0.070948517342213108,0.11824752890368848,0.106814150222053,0.14241886696273731,0.23736477827122879,0,0,0,0,0,0,-7.5622974910933057e-06,0,0,1.2211388099728391e-08,2.6629488407541999e-07,6.3197863010704763e-07,0,0.00089999999999999998,31.697821242759286,0.21991148575128561,0.28175000000000011,0.00099886209297775992,0.00025960864783681705,-0.00012869097716542105,-0.010973315862481547,-0.00060641024252991926,0.0004675527777328004
LOAD_ONLY_FROZEN,robot_component_fluid,0.0003500000000000001,0.0012060186937156341,0,0,0.98901586336191682,0.053211388006659838,0.070948517342213108,0.11824752890368848,0.106814150222053,0.14241886696273731,0.23736477827122879,0,0,0,0,0,0,-7.5622974910933057e-06,0,0,1.2211388099728391e-08,2.6629488407541999e-07,6.3197863010704763e-07,0,0.00089999999999999998,31.697821242759286,0.21991148575128561,0.28175000000000011,0.00099886209297775992,0.00025960864783681705,-0.00012869097716542105,-0.010973315862481547,-0.00060641024252991926,0.0004675527777328004
LOAD_ONLY_FROZEN,robot_component_fluid,0.00037500000000000012,0.0012060186937156341,0,0,0.98901586336191682,0.053211388006659838,0.070948517342213108,0.11824752890368848,0.106814150222053,0.14241886696273731,0.23736477827122879,0,0,0,0,0,0,-8.4924666750474973e-06,0,0,1.1835153252021406e-08,2.9952351529784311e-07,6.9609060963677228e-07,0,0.00089999999999999998,31.697671242759284,0.23561944901923457,0.31640625000000017,0.00099886209297775992,0.00025960864783681705,-0.00012869097716542105,-0.010970961582692153,-0.00064890482040287525,0.00046575152726619818
LOAD_ONLY_FROZEN,robot_component_fluid,0.00037500000000000012,0.0012060186937156341,0,0,0.98901586336191682,0.053211388006659838,0.070948517342213108,0.11824752890368848,0.106814150222053,0.14241886696273731,0.23736477827122879,0,0,0,0,0,0,-8.4924666750474973e-06,0,0,1.1835153252021406e-08,2.9952351529784311e-07,6.9609060963677228e-07,0,0.00089999999999999998,31.697671242759284,0.23561944901923457,0.31640625000000017,0.00099886209297775992,0.00025960864783681705,-0.00012869097716542105,-0.010970961582692153,-0.00064890482040287525,0.00046575152726619818
LOAD_ONLY_FROZEN,robot_component_fluid,0.00040000000000000013,0.0012060186937156341,0,0,0.98901586336191682,0.053211388006659838,0.070948517342213108,0.11824752890368848,0.106814150222053,0.14241886696273731,0.23736477827122879,0,0,0,0,0,0,-9.4477942274268418e-06,0,0,1.1073582904651198e-08,3.3378035759482776e-07,7.592859395339214e-07,0,0.00089999999999999998,31.697521242759283,0.25132741228718353,0.3520000000000002,0.00099886209297775992,0.00025960864783681705,-0.00012869097716542105,-0.010968457603105688,-0.00069123067521567236,0.00046382966972142938
LOAD_ONLY_FROZEN,robot_component_fluid,0.00040000000000000013,0.0012060186937156341,0,0,0.98901586336191682,0.053211388006659838,0.070948517342213108,0.11824752890368848,0.106814150222053,0.14241886696273731,0.23736477827122879,0,0,0,0,0,0,-9.4477942274268418e-06,0,0,1.1073582904651198e-08,3.3378035759482776e-07,7.592859395339214e-07,0,0.00089999999999999998,31.697521242759283,0.25132741228718353,0.3520000000000002,0.00099886209297775992,0.00025960864783681705,-0.00012869097716542105,-0.010968457603105688,-0.00069123067521567236,0.00046382966972142938
LOAD_ONLY_FROZEN,robot_component_fluid,0.00042500000000000014,0.0012060186937156341,0,0,0.98901586336191682,0.053211388006659838,0.070948517342213108,0.11824752890368848,0.106814150222053,0.14241886696273731,0.23736477827122879,0,0,0,0,0,0,-1.0423247419321615e-05,0,0,9.9047643554944978e-09,3.6890244582936104e-07,8.2106578975007907e-07,0,0.00089999999999999998,31.697371242759285,0.26703537555513251,0.38834375000000015,0.00099886209297775992,0.00025960864783681705,-0.00012869097716542105,-0.010965806411192641,-0.00073337689718352863,0.00046178791552379254
LOAD_ONLY_FROZEN,robot_component_fluid,0.00042500000000000014,0.0012060186937156341,0,0,0.98901586336191682,0.053211388006659838,0.070948517342213108,0.11824752890368848,0.106814150222053,0.14241886696273731,0.23736477827122879,0,0,0,0,0,0,-1.0423247419321615e-05,0,0,9.9047643554944978e-09,3.6890244582936104e-07,8.2106578975007907e-07,0,0.00089999999999999998,31.697371242759285,0.26703537555513251,0.38834375000000015,0.00099886209297775992,0.00025960864783681705,-0.00012869097716542105,-0.010965806411192641,-0.00073337689718352863,0.00046178791552379254
LOAD_ONLY_FROZEN,robot_component_fluid,0.00045000000000000015,0.0012060186937156341,0,0,0.98901586336191682,0.053211388006659838,0.070948517342213108,0.11824752890368848,0.106814150222053,0.14241886696273731,0.23736477827122879,0,0,0,0,0,0,-1.1413793569814583e-05,0,0,8.3114403025779651e-09,4.0472596703087793e-07,8.8096575376762316e-07,0,0.00089999999999999998,31.697221242759284,0.2827433388230815,0.42525000000000013,0.00099886209297775992,0.00025960864783681705,-0.00012869097716542105,-0.010963010640395758,-0.00077533264086196375,0.00045962701681187676
LOAD_ONLY_FROZEN,robot_component_fluid,0.00045000000000000015,0.0012060186937156341,0,0,0.98901586336191682,0.053211388006659838,0.070948517342213108,0.11824752890368848,0.106814150222053,0.14241886696273731,0.23736477827122879,0,0,0,0,0,0,-1.1413793569814583e-05,0,0,8.3114403025779651e-09,4.0472596703087793e-07,8.8096575376762316e-07,0,0.00089999999999999998,31.697221242759284,0.2827433388230815,0.42525000000000013,0.00099886209297775992,0.00025960864783681705,-0.00012869097716542105,-0.010963010640395758,-0.00077533264086196375,0.00045962701681187676
LOAD_ONLY_FROZEN,robot_component_fluid,0.00047500000000000016,0.0012060186937156341,0,0,0.98901586336191682,0.053211388006659838,0.070948517342213108,0.11824752890368848,0.106814150222053,0.14241886696273731,0.23736477827122879,0,0,0,0,0,0,-1.2414400045982447e-05,0,0,6.2810329639332981e-09,4.4108606509486574e-07,9.3855564183105253e-07,0,0.00089999999999999998,31.697071242759286,0.29845130209103043,0.46253125000000023,0.00099886209297775992,0.00025960864783681705,-0.00012869097716542105,-0.010960073067467642,-0.00081708712881126437,0.00045734776669551132
LOAD_ONLY_FROZEN,robot_component_fluid,0.00047500000000000016,0.0012060186937156341,0,0,0.98901586336191682,0.053211388006659838,0.070948517342213108,0.11824752890368848,0.106814150222053,0.14241886696273731,0.23736477827122879,0,0,0,0,0,0,-1.2414400045982447e-05,0,0,6.2810329639332981e-09,4.4108606509486574e-07,9.3855564183105253e-07,0,0.00089999999999999998,31.697071242759286,0.29845130209103043,0.46253125000000023,0.00099886209297775992,0.00025960864783681705,-0.00012869097716542105,-0.010960073067467642,-0.00081708712881126437,0.00045734776669551132
LOAD_ONLY_FROZEN,robot_component_fluid,0.00050000000000000012,0.0012060186937156341,0,0,0.98901586336191682,0.053211388006659838,0.070948517342213108,0.11824752890368848,0.106814150222053,0.14241886696273731,0.23736477827122879,0,0,0,0,0,0,-1.3420034262897189e-05,0,0,3.8056620980635058e-09,4.7781664697703327e-07,9.9343922985161179e-07,0,0.00089999999999999998,31.696921242759284,0.31415926535897942,0.50000000000000011,0.00099886209297775992,0.00025960864783681705,-0.00012869097716542105,-0.010956996609664425,-0.00085862965519850132,0.00045495099847779705
LOAD_ONLY_FROZEN,robot_component_fluid,0.00050000000000000012,0.0012060186937156341,0,0,0.98901586336191682,0.053211388006659838,0.070948517342213108,0.11824752890368848,0.106814150222053,0.14241886696273731,0.23736477827122879,0,0,0,0,0,0,-1.3420034262897189e-05,0,0,3.8056620980635058e-09,4.7781664697703327e-07,9.9343922985161179e-07,0,0.00089999999999999998,31.696921242759284,0.31415926535897942,0.50000000000000011,0.00099886209297775992,0.00025960864783681705,-0.00012869097716542105,-0.010956996609664425,-0.00085862965519850132,0.00045495099847779705
LOAD_ONLY_FROZEN,robot_component_fluid,0.00052500000000000008,0.0012060186937156341,0,0,0.98901586336191682,0.053211388006659838,0.070948517342213108,0.11824752890368848,0.106814150222053,0.14241886696273731,0.23736477827122879,0,0,0,0,0,0,-1.4425663683627529e-05,0,0,8.8215690837180691e-10,5.1475019053614303e-07,1.045253964166859e-06,0,0.00089999999999999998,31.696771242759283,0.32986722862692835,0.53746875000000005,0.00099886209297775992,0.00025960864783681705,-0.00012869097716542105,-0.010953784321798518,-0.00089994958933411703,0.00045243758484273634
LOAD_ONLY_FROZEN,robot_component_fluid,0.00052500000000000008,0.0012060186937156341,0,0,0.98901586336191682,0.053211388006659838,0.070948517342213108,0.11824752890368848,0.106814150222053,0.14241886696273731,0.23736477827122879,0,0,0,0,0,0,-1.4425663683627529e-05,0,0,8.8215690837180691e-10,5.1475019053614303e-07,1.045253964166859e-06,0,0.00089999999999999998,31.696771242759283,0.32986722862692835,0.53746875000000005,0.00099886209297775992,0.00025960864783681705,-0.00012869097716542105,-0.010953784321798518,-0.00089994958933411703,0.00045243758484273634
LOAD_ONLY_FROZEN,robot_component_fluid,0.00055000000000000003,0.0012060186937156341,0,0,0.98901586336191682,0.053211388006659838,0.070948517342213108,0.11824752890368848,0.106814150222053,0.14241886696273731,0.23736477827122879,0,0,0,0,0,0,-1.542625581924027e-05,0,0,-2.4879381778833335e-09,5.5171755417496438e-07,1.0936706223834357e-06,0,0.00089999999999999998,31.696621242759285,0.34557519189487729,0.57475000000000009,0.00099886209297775992,0.00025960864783681705,-0.00012869097716542105,-0.010950439393153556,-0.00094103637914023399,0.00044980843701003927
LOAD_ONLY_FROZEN,robot_component_fluid,0.00055000000000000003,0.0012060186937156341,0,0,0.98901586336191682,0.053211388006659838,0.070948517342213108,0.11824752890368848,0.106814150222053,0.14241886696273731,0.23736477827122879,0,0,0,0,0,0,-1.542625581924027e-05,0,0,-2.4879381778833335e-09,5.5171755417496438e-07,1.0936706223834357e-06,0,0.00089999999999999998,31.696621242759285,0.34557519189487729,0.57475000000000009,0.00099886209297775992,0.00025960864783681705,-0.00012869097716542105,-0.010950439393153556,-0.00094103637914023399,0.00044980843701003927
LOAD_ONLY_FROZEN,robot_component_fluid,0.00057499999999999999,0.0012060186937156341,0,0,0.98901586336191682,0.053211388006659838,0.070948517342213108,0.11824752890368848,0.106814150222053,0.14241886696273731,0.23736477827122879,0,0,0,0,0,0,-1.6416778228801731e-05,0,0,-6.2983638583193886e-09,5.8854778842390471e-07,1.1383929305774753e-06,0,0.00089999999999999998,31.696471242759284,0.36128315516282622,0.6116562499999999,0.00099886209297775992,0.00025960864783681705,-0.00012869097716542105,-0.010946965144264882,-0.00098187955454794528,0.00044706450385874515
LOAD_ONLY_FROZEN,robot_component_fluid,0.00057499999999999999,0.0012060186937156341,0,0,0.98901586336191682,0.053211388006659838,0.070948517342213108,0.11824752890368848,0.106814150222053,0.14241886696273731,0.23736477827122879,0,0,0,0,0,0,-1.6416778228801731e-05,0,0,-6.2983638583193886e-09,5.8854778842390471e-07,1.1383929305774753e-06,0,0.00089999999999999998,31.696471242759284,0.36128315516282622,0.6116562499999999,0.00099886209297775992,0.00025960864783681705,-0.00012869097716542105,-0.010946965144264882,-0.00098187955454794528,0.00044706450385874515
LOAD_ONLY_FROZEN,robot_component_fluid,0.00059999999999999995,0.0012060186937156341,0,0,0.98901586336191682,0.053211388006659838,0.070948517342213108,0.11824752890368848,0.106814150222053,0.14241886696273731,0.23736477827122879,0,0,0,0,0,0,-1.739219851937916e-05,0,0,-1.0538152426846329e-08,6.250679496067163e-07,1.1791571371726822e-06,0,0.00089999999999999998,31.696321242759286,0.37699111843077515,0.64800000000000002,0.00099886209297775992,0.00025960864783681705,-0.00012869097716542105,-0.010943365023568944,-0.0010224687308209733,0.00044420677102135223
LOAD_ONLY_FROZEN,robot_component_fluid,0.00059999999999999995,0.0012060186937156341,0,0,0.98901586336191682,0.053211388006659838,0.070948517342213108,0.11824752890368848,0.106814150222053,0.14241886696273731,0.23736477827122879,0,0,0,0,0,0,-1.739219851937916e-05,0,0,-1.0538152426846329e-08,6.250679496067163e-07,1.1791571371726822e-06,0,0.00089999999999999998,31.696321242759286,0.37699111843077515,0.64800000000000002,0.00099886209297775992,0.00025960864783681705,-0.00012869097716542105,-0.010943365023568944,-0.0010224687308209733,0.00044420677102135223
LOAD_ONLY_FROZEN,robot_component_fluid,0.0006249999999999999,0.0012060186937156341,0,0,0.98901586336191682,0.053211388006659838,0.070948517342213108,0.11824752890368848,0.106814150222053,0.14241886696273731,0.23736477827122879,0,0,0,0,0,0,-1.8347484346042083e-05,0,0,-1.5191640355579983e-08,6.6110291572231168e-07,1.215731543861066e-06,0,0.00089999999999999998,31.696171242759284,0.39269908169872408,0.68359374999999989,0.00099886209297775992,0.00025960864783681705,-0.00012869097716542105,-0.010939642603925204,-0.0010627936118032186,0.00044123625995020244
LOAD_ONLY_FROZEN,robot_component_fluid,0.0006249999999999999,0.0012060186937156341,0,0,0.98901586336191682,0.053211388006659838,0.070948517342213108,0.11824752890368848,0.106814150222053,0.14241886696273731,0.23736477827122879,0,0,0,0,0,0,-1.8347484346042083e-05,0,0,-1.5191640355579983e-08,6.6110291572231168e-07,1.215731543861066e-06,0,0.00089999999999999998,31.696171242759284,0.39269908169872408,0.68359374999999989,0.00099886209297775992,0.00025960864783681705,-0.00012869097716542105,-0.010939642603925204,-0.0010627936118032186,0.00044123625995020244
LOAD_ONLY_FROZEN,robot_component_fluid,0.00064999999999999986,0.0012060186937156341,0,0,0.98901586336191682,0.053211388006659838,0.070948517342213108,0.11824752890368848,0.106814150222053,0.14241886696273731,0.23736477827122879,0,0,0,0,0,0,-1.9277603411863748e-05,0,0,-2.0238486967921246e-08,6.9647520467117479e-07,1.2479159939755652e-06,0,0.00089999999999999998,31.696021242759283,0.40840704496667302,0.71824999999999972,0.00099886209297775992,0.00025960864783681705,-0.00012869097716542105,-0.010935801579014252,-0.0011028439930878533,0.00043815402695791724
LOAD_ONLY_FROZEN,robot_component_fluid,0.00064999999999999986,0.0012060186937156341,0,0,0.98901586336191682,0.053211388006659838,0.070948517342213108,0.11824752890368848,0.106814150222053,0.14241886696273731,0.23736477827122879,0,0,0,0,0,0,-1.9277603411863748e-05,0,0,-2.0238486967921246e-08,6.9647520467117479e-07,1.2479159939755652e-06,0,0.00089999999999999998,31.696021242759283,0.40840704496667302,0.71824999999999972,0.00099886209297775992,0.00025960864783681705,-0.00012869097716542105,-0.010935801579014252,-0.0011028439930878533,0.00043815402695791724
LOAD_ONLY_FROZEN,robot_component_fluid,0.00067499999999999982,0.0012060186937156341,0,0,0.98901586336191682,0.053211388006659838,0.070948517342213108,0.11824752890368848,0.106814150222053,0.14241886696273731,0.23736477827122879,0,0,0,0,0,0,-2.0177523467922543e-05,0,0,-2.5653699176390607e-08,7.3100479494914562e-07,1.275541318767241e-06,0,0.00089999999999999998,31.695871242759285,0.42411500823462195,0.75178124999999985,0.00099886209297775992,0.00025960864783681705,-0.00012869097716542105,-0.010931845759615953,-0.0011426097651057495,0.00043496116223371993
LOAD_ONLY_FROZEN,robot_component_fluid,0.00067499999999999982,0.0012060186937156341,0,0,0.98901586336191682,0.053211388006659838,0.070948517342213108,0.11824752890368848,0.106814150222053,0.14241886696273731,0.23736477827122879,0,0,0,0,0,0,-2.0177523467922543e-05,0,0,-2.5653699176390607e-08,7.3100479494914562e-07,1.275541318767241e-06,0,0.00089999999999999998,31.695871242759285,0.42411500823462195,0.75178124999999985,0.00099886209297775992,0.00025960864783681705,-0.00012869097716542105,-0.010931845759615953,-0.0011426097651057495,0.00043496116223371993
LOAD_ONLY_FROZEN,robot_component_fluid,0.00069999999999999978,0.0012060186937156341,0,0,0.98901586336191682,0.053211388006659838,0.070948517342213108,0.11824752890368848,0.106814150222053,0.14241886696273731,0.23736477827122879,0,0,0,0,0,0,-2.1042212313303307e-05,0,0,-3.1407662251806839e-08,7.6450894892553438e-07,1.2984687420822965e-06,0,0.00089999999999999998,31.695721242759284,0.43982297150257094,0.78399999999999959,0.00099886209297775992,0.00025960864783681705,-0.00012869097716542105,-0.010927779069771579,-0.0011820809161311801,0.00043165878883752706
LOAD_ONLY_FROZEN,robot_component_fluid,0.00069999999999999978,0.0012060186937156341,0,0,0.98901586336191682,0.053211388006659838,0.070948517342213108,0.11824752890368848,0.106814150222053,0.14241886696273731,0.23736477827122879,0,0,0,0,0,0,-2.1042212313303307e-05,0,0,-3.1407662251806839e-08,7.6450894892553438e-07,1.2984687420822965e-06,0,0.00089999999999999998,31.695721242759284,0.43982297150257094,0.78399999999999959,0.00099886209297775992,0.00025960864783681705,-0.00012869097716542105,-0.010927779069771579,-0.0011820809161311801,0.00043165878883752706
LOAD_ONLY_FROZEN,robot_component_fluid,0.00072499999999999973,0.0012060186937156341,0,0,0.98901586336191682,0.053211388006659838,0.070948517342213108,0.11824752890368848,0.106814150222053,0.14241886696273731,0.23736477827122879,0,0,0,0,0,0,-2.1866637795098839e-05,0,0,-3.7466176583497998e-08,7.9680203881661273e-07,1.3165892439758312e-06,0,0.00089999999999999998,31.695571242759286,0.45553093477051987,0.81471874999999971,0.00099886209297775992,0.00025960864783681705,-0.00012869097716542105,-0.010923605542833994,-0.0012212475352028744,0.0004282480616737193
LOAD_ONLY_FROZEN,robot_component_fluid,0.00072499999999999973,0.0012060186937156341,0,0,0.98901586336191682,0.053211388006659838,0.070948517342213108,0.11824752890368848,0.106814150222053,0.14241886696273731,0.23736477827122879,0,0,0,0,0,0,-2.1866637795098839e-05,0,0,-3.7466176583497998e-08,7.9680203881661273e-07,1.3165892439758312e-06,0,0.00089999999999999998,31.695571242759286,0.45553093477051987,0.81471874999999971,0.00099886209297775992,0.00025960864783681705,-0.00012869097716542105,-0.010923605542833994,-0.0012212475352028744,0.0004282480616737193
LOAD_ONLY_FROZEN,robot_component_fluid,0.00074999999999999969,0.0012060186937156341,0,0,0.98901586336191682,0.053211388006659838,0.070948517342213108,0.11824752890368848,0.106814150222053,0.14241886696273731,0.23736477827122879,0,0,0,0,0,0,-2.2645767808411205e-05,0,0,-4.3790500383443706e-08,8.2769537545955168e-07,1.3298228838398682e-06,0,0.00089999999999999998,31.695421242759284,0.4712388980384688,0.84374999999999967,0.00099886209297775992,0.00025960864783681705,-0.00012869097716542105,-0.010919329317410086,-0.00126009981495866,0.00042473016644654021
LOAD_ONLY_FROZEN,robot_component_fluid,0.00074999999999999969,0.0012060186937156341,0,0,0.98901586336191682,0.053211388006659838,0.070948517342213108,0.11824752890368848,0.106814150222053,0.14241886696273731,0.23736477827122879,0,0,0,0,0,0,-2.2645767808411205e-05,0,0,-4.3790500383443706e-08,8.2769537545955168e-07,1.3298228838398682e-06,0,0.00089999999999999998,31.695421242759284,0.4712388980384688,0.84374999999999967,0.00099886209297775992,0.00025960864783681705,-0.00012869097716542105,-0.010919329317410086,-0.00126009981495866,0.00042473016644654021
LOAD_ONLY_FROZEN,robot_component_fluid,0.00077499999999999965,0.0012060186937156341,0,0,0.98901586336191682,0.053211388006659838,0.070948517342213108,0.11824752890368848,0.106814150222053,0.14241886696273731,0.23736477827122879,0,0,0,0,0,0,-2.3374570296353223e-05,0,0,-5.0337398280592644e-08,8.5699703998589687e-07,1.3381180836627929e-06,0,0.00089999999999999998,31.695271242759283,0.48694686130641773,0.87090624999999944,0.00099886209297775992,0.00025960864783681705,-0.00012869097716542105,-0.010914954633199707,-0.0012986280543820785,0.00042110631859909299
LOAD_ONLY_FROZEN,robot_component_fluid,0.00077499999999999965,0.0012060186937156341,0,0,0.98901586336191682,0.053211388006659838,0.070948517342213108,0.11824752890368848,0.106814150222053,0.14241886696273731,0.23736477827122879,0,0,0,0,0,0,-2.3374570296353223e-05,0,0,-5.0337398280592644e-08,8.5699703998589687e-07,1.3381180836627929e-06,0,0.00089999999999999998,31.695271242759283,0.48694686130641773,0.87090624999999944,0.00099886209297775992,0.00025960864783681705,-0.00012869097716542105,-0.010914954633199707,-0.0012986280543820785,0.00042110631859909299
LOAD_ONLY_FROZEN,robot_component_fluid,0.0007999999999999996,0.0012060186937156341,0,0,0.98901586336191682,0.053211388006659838,0.070948517342213108,0.11824752890368848,0.106814150222053,0.14241886696273731,0.23736477827122879,0,0,0,0,0,0,-2.4048013250049804e-05,0,0,-5.705919574508847e-08,8.8451171848768738e-07,1.3414508720758017e-06,0,0.00089999999999999998,31.695121242759285,0.50265482457436672,0.89599999999999957,0.00099886209297775992,0.00025960864783681705,-0.00012869097716542105,-0.010910485826735561,-0.0013368226614595112,0.00041737776223793051
LOAD_ONLY_FROZEN,robot_component_fluid,0.0007999999999999996,0.0012060186937156341,0,0,0.98901586336191682,0.053211388006659838,0.070948517342213108,0.11824752890368848,0.106814150222053,0.14241886696273731,0.23736477827122879,0,0,0,0,0,0,-2.4048013250049804e-05,0,0,-5.705919574508847e-08,8.8451171848768738e-07,1.3414508720758017e-06,0,0.00089999999999999998,31.695121242759285,0.50265482457436672,0.89599999999999957,0.00099886209297775992,0.00025960864783681705,-0.00012869097716542105,-0.010910485826735561,-0.0013368226614595112,0.00041737776223793051
LOAD_ONLY_FROZEN,robot_component_fluid,0.00082499999999999956,0.0012060186937156341,0,0,0.98901586336191682,0.053211388006659838,0.070948517342213108,0.11824752890368848,0.106814150222053,0.14241886696273731,0.23736477827122879,0,0,0,0,0,0,-2.4661064708639346e-05,0,0,-6.3903839275790724e-08,9.1004053976339401e-07,1.3398240898792464e-06,0,0.00089999999999999998,31.694971242759284,0.5183627878423156,0.91884374999999952,0.00099886209297775992,0.00025960864783681705,-0.00012869097716542105,-0.010905927327028515,-0.0013746741557465235,0.00041354576904525367
LOAD_ONLY_FROZEN,robot_component_fluid,0.00082499999999999956,0.0012060186937156341,0,0,0.98901586336191682,0.053211388006659838,0.070948517342213108,0.11824752890368848,0.106814150222053,0.14241886696273731,0.23736477827122879,0,0,0,0,0,0,-2.4661064708639346e-05,0,0,-6.3903839275790724e-08,9.1004053976339401e-07,1.3398240898792464e-06,0,0.00089999999999999998,31.694971242759284,0.5183627878423156,0.91884374999999952,0.00099886209297775992,0.00025960864783681705,-0.00012869097716542105,-0.010905927327028515,-0.0013746741557465235,0.00041354576904525367
LOAD_ONLY_FROZEN,robot_component_fluid,0.00084999999999999952,0.0012060186937156341,0,0,0.98901586336191682,0.053211388006659838,0.070948517342213108,0.11824752890368848,0.106814150222053,0.14241886696273731,0.23736477827122879,0,0,0,0,0,0,-2.5208692759275207e-05,0,0,-7.0814962278309811e-08,9.3338091622500461e-07,1.3332665577778527e-06,0,0.00089999999999999998,31.694821242759286,0.53407075111026459,0.9392499999999997,0.00099886209297775992,0.00025960864783681705,-0.00012869097716542105,-0.010901283651122896,-0.0014121731708422799,0.00040961163718073823
LOAD_ONLY_FROZEN,robot_component_fluid,0.00084999999999999952,0.0012060186937156341,0,0,0.98901586336191682,0.053211388006659838,0.070948517342213108,0.11824752890368848,0.106814150222053,0.14241886696273731,0.23736477827122879,0,0,0,0,0,0,-2.5208692759275207e-05,0,0,-7.0814962278309811e-08,9.3338091622500461e-07,1.3332665577778527e-06,0,0.00089999999999999998,31.694821242759286,0.53407075111026459,0.9392499999999997,0.00099886209297775992,0.00025960864783681705,-0.00012869097716542105,-0.010901283651122896,-0.0014121731708422799,0.00040961163718073823
LOAD_ONLY_FROZEN,robot_component_fluid,0.00087499999999999948,0.0012060186937156341,0,0,0.98901586336191682,0.053211388006659838,0.070948517342213108,0.11824752890368848,0.106814150222053,0.14241886696273731,0.23736477827122879,0,0,0,0,0,0,-2.5685865537126992e-05,0,0,-7.7731956554793845e-08,9.5432638804183487e-07,1.3218322070885957e-06,0,0.00089999999999999998,31.694671242759284,0.54977871437821346,0.95703124999999956,0.00099886209297775992,0.00025960864783681705,-0.00012869097716542105,-0.010896559399566486,-0.0014493104567710549,0.00040557669017503181
LOAD_ONLY_FROZEN,robot_component_fluid,0.00087499999999999948,0.0012060186937156341,0,0,0.98901586336191682,0.053211388006659838,0.070948517342213108,0.11824752890368848,0.106814150222053,0.14241886696273731,0.23736477827122879,0,0,0,0,0,0,-2.5685865537126992e-05,0,0,-7.7731956554793845e-08,9.5432638804183487e-07,1.3218322070885957e-06,0,0.00089999999999999998,31.694671242759284,0.54977871437821346,0.95703124999999956,0.00099886209297775992,0.00025960864783681705,-0.00012869097716542105,-0.010896559399566486,-0.0014493104567710549,0.00040557669017503181
LOAD_ONLY_FROZEN,robot_component_fluid,0.00089999999999999943,0.0012060186937156341,0,0,0.98901586336191682,0.053211388006659838,0.070948517342213108,0.11824752890368848,0.106814150222053,0.14241886696273731,0.23736477827122879,0,0,0,0,0,0,-2.608755122538206e-05,0,0,-8.4590049320937565e-08,9.726664705910644e-07,1.3055991742185485e-06,0,0.00089999999999999998,31.694521242759283,0.56548667764616245,0.97199999999999975,0.00099886209297775992,0.00025960864783681705,-0.00012869097716542105,-0.010891759251799936,-0.0014860768822700318,0.00040144227581695408
LOAD_ONLY_FROZEN,robot_component_fluid,0.00089999999999999943,0.0012060186937156341,0,0,0.98901586336191682,0.053211388006659838,0.070948517342213108,0.11824752890368848,0.106814150222053,0.14241886696273731,0.23736477827122879,0,0,0,0,0,0,-2.608755122538206e-05,0,0,-8.4590049320937565e-08,9.726664705910644e-07,1.3055991742185485e-06,0,0.00089999999999999998,31.694521242759283,0.56548667764616245,0.97199999999999975,0.00099886209297775992,0.00025960864783681705,-0.00012869097716542105,-0.010891759251799936,-0.0014860768822700318,0.00040144227581695408
LOAD_ONLY_FROZEN,robot_component_fluid,0.00092499999999999939,0.0012060186937156341,0,0,0.98901586336191682,0.053211388006659838,0.070948517342213108,0.11824752890368848,0.106814150222053,0.14241886696273731,0.23736477827122879,0,0,0,0,0,0,-2.6408718055246876e-05,0,0,-9.1320385660125168e-08,9.881865052795666e-07,1.2846688597421859e-06,0,0.00089999999999999998,31.694371242759285,0.58119464091411133,0.98396874999999973,0.00099886209297775992,0.00025960864783681705,-0.00012869097716542105,-0.01088688796147046,-0.0015224634369827325,0.00039720976503644238
LOAD_ONLY_FROZEN,robot_component_fluid,0.00092499999999999939,0.0012060186937156341,0,0,0.98901586336191682,0.053211388006659838,0.070948517342213108,0.11824752890368848,0.106814150222053,0.14241886696273731,0.23736477827122879,0,0,0,0,0,0,-2.6408718055246876e-05,0,0,-9.1320385660125168e-08,9.881865052795666e-07,1.2846688597421859e-06,0,0.00089999999999999998,31.694371242759285,0.58119464091411133,0.98396874999999973,0.00099886209297775992,0.00025960864783681705,-0.00012869097716542105,-0.01088688796147046,-0.0015224634369827325,0.00039720976503644238
LOAD_ONLY_FROZEN,robot_component_fluid,0.00094999999999999935,0.0012060186937156341,0,0,0.98901586336191682,0.053211388006659838,0.070948517342213108,0.11824752890368848,0.106814150222053,0.14241886696273731,0.23736477827122879,0,0,0,0,0,0,-2.664433430594841e-05,0,0,-9.7850116319297795e-08,1.0006675137964081e-06,1.2591649529384762e-06,0,0.00089999999999999998,31.694221242759284,0.59690260418206031,0.9927499999999998,0.00099886209297775992,0.00025960864783681705,-0.00012869097716542105,-0.010881950351674682,-0.0015584612335576083,0.00039288055078527543
LOAD_ONLY_FROZEN,robot_component_fluid,0.00094999999999999935,0.0012060186937156341,0,0,0.98901586336191682,0.053211388006659838,0.070948517342213108,0.11824752890368848,0.106814150222053,0.14241886696273731,0.23736477827122879,0,0,0,0,0,0,-2.664433430594841e-05,0,0,-9.7850116319297795e-08,1.0006675137964081e-06,1.2591649529384762e-06,0,0.00089999999999999998,31.694221242759284,0.59690260418206031,0.9927499999999998,0.00099886209297775992,0.00025960864783681705,-0.00012869097716542105,-0.010881950351674682,-0.0015584612335576083,0.00039288055078527543
LOAD_ONLY_FROZEN,robot_component_fluid,0.0009749999999999993,0.0012060186937156341,0,0,0.98901586336191682,0.053211388006659838,0.070948517342213108,0.11824752890368848,0.106814150222053,0.14241886696273731,0.23736477827122879,0,0,0,0,0,0,-2.6789368304735526e-05,0,0,-1.0410249074605058e-07,1.0098860558504208e-06,1.2292324226775058e-06,0,0.00089999999999999998,31.694071242759286,0.6126105674500093,0.99815624999999986,0.00099886209297775992,0.00025960864783681705,-0.00012869097716542105,-0.010876951310135613,-0.0015940615096514618,0.0003884560469175989
LOAD_ONLY_FROZEN,robot_component_fluid,0.0009749999999999993,0.0012060186937156341,0,0,0.98901586336191682,0.053211388006659838,0.070948517342213108,0.11824752890368848,0.106814150222053,0.14241886696273731,0.23736477827122879,0,0,0,0,0,0,-2.6789368304735526e-05,0,0,-1.0410249074605058e-07,1.0098860558504208e-06,1.2292324226775058e-06,0,0.00089999999999999998,31.694071242759286,0.6126105674500093,0.99815624999999986,0.00099886209297775992,0.00025960864783681705,-0.00012869097716542105,-0.010876951310135613,-0.0015940615096514618,0.0003884560469175989
LOAD_ONLY_FROZEN,robot_component_fluid,0.00099999999999999937,0.0012060186937156341,0,0,0.98901586336191682,0.053211388006659838,0.070948517342213108,0.11824752890368848,0.106814150222053,0.14241886696273731,0.23736477827122879,0,0,0,0,0,0,-2.6838788426880416e-05,0,0,-1.0999695526163434e-07,1.0156140904425622e-06,1.1950364755744379e-06,0,0.00089999999999999998,31.693921242759284,0.62831853071795829,1,0.00099886209297775992,0.00025960864783681705,-0.00012869097716542105,-0.010871895784318767,-0.0016292556298375652,0.00038393768707226404
LOAD_ONLY_FROZEN,robot_component_fluid,0.00099999999999999937,0.0012060186937156341,0,0,0.98901586336191682,0.053211388006659838,0.070948517342213108,0.11824752890368848,0.106814150222053,0.14241886696273731,0.23736477827122879,0,0,0,0,0,0,-2.6838788426880416e-05,0,0,-1.0999695526163434e-07,1.0156140904425622e-06,1.1950364755744379e-06,0,0.00089999999999999998,31.693921242759284,0.62831853071795829,1,0.00099886209297775992,0.00025960864783681705,-0.00012869097716542105,-0.010871895784318767,-0.0016292556298375652,0.00038393768707226404
LOAD_ONLY_FROZEN,robot_component_fluid,0.0010249999999999994,0.0012060186937156341,0,0,0.98901586336191682,0.053211388006659838,0.070948517342213108,0.11824752890368848,0.106814150222053,0.14241886696273731,0.23736477827122879,0,0,0,0,0,0,-2.6838724414094354e-05,0,0,-1.1566975172418756e-07,1.0195623815081213e-06,1.1589707703862594e-06,0,0.00089999999999999998,31.693771242759283,0.64402649398590728,1,0.00099886209297775992,0.00025960864783681705,-0.00012869097716542105,-0.010866788776492503,-0.0016640350874184864,0.00037932692355897163
LOAD_ONLY_FROZEN,robot_component_fluid,0.0010249999999999994,0.0012060186937156341,0,0,0.98901586336191682,0.053211388006659838,0.070948517342213108,0.11824752890368848,0.106814150222053,0.14241886696273731,0.23736477827122879,0,0,0,0,0,0,-2.6838724414094354e-05,0,0,-1.1566975172418756e-07,1.0195623815081213e-06,1.1589707703862594e-06,0,0.00089999999999999998,31.693771242759283,0.64402649398590728,1,0.00099886209297775992,0.00025960864783681705,-0.00012869097716542105,-0.010866788776492503,-0.0016640350874184864,0.00037932692355897163
LOAD_ONLY_FROZEN,robot_component_fluid,0.0010499999999999995,0.0012060186937156341,0,0,0.98901586336191682,0.053211388006659838,0.070948517342213108,0.11824752890368848,0.106814150222053,0.14241886696273731,0.23736477827122879,0,0,0,0,0,0,-2.6838660400561588e-05,0,0,-1.213117141027237e-07,1.023595527782092e-06,1.1233155690638334e-06,0,0.00089999999999999998,31.693621242759285,0.65973445725385627,1,0.00099886209297775992,0.00025960864783681705,-0.00012869097716542105,-0.010861635338737697,-0.0016983915061438023,0.00037462522625018971
LOAD_ONLY_FROZEN,robot_component_fluid,0.0010499999999999995,0.0012060186937156341,0,0,0.98901586336191682,0.053211388006659838,0.070948517342213108,0.11824752890368848,0.106814150222053,0.14241886696273731,0.23736477827122879,0,0,0,0,0,0,-2.6838660400561588e-05,0,0,-1.213117141027237e-07,1.023595527782092e-06,1.1233155690638334e-06,0,0.00089999999999999998,31.693621242759285,0.65973445725385627,1,0.00099886209297775992,0.00025960864783681705,-0.00012869097716542105,-0.010861635338737697,-0.0016983915061438023,0.00037462522625018971
LOAD_ONLY_FROZEN,robot_component_fluid,0.0010749999999999996,0.0012060186937156341,0,0,0.98901586336191682,0.053211388006659838,0.070948517342213108,0.11824752890368848,0.106814150222053,0.14241886696273731,0.23736477827122879,0,0,0,0,0,0,-2.6838596386282121e-05,0,0,-1.2692139558021853e-07,1.0277127005404932e-06,1.0880804295947997e-06,0,0.00089999999999999998,31.693471242759284,0.67544242052180525,1,0.00099886209297775992,0.00025960864783681705,-0.00012869097716542105,-0.010856440567911909,-0.0017323166418330624,0.00036983408148078949
LOAD_ONLY_FROZEN,robot_component_fluid,0.0010749999999999996,0.0012060186937156341,0,0,0.98901586336191682,0.053211388006659838,0.070948517342213108,0.11824752890368848,0.106814150222053,0.14241886696273731,0.23736477827122879,0,0,0,0,0,0,-2.6838596386282121e-05,0,0,-1.2692139558021853e-07,1.0277127005404932e-06,1.0880804295947997e-06,0,0.00089999999999999998,31.693471242759284,0.67544242052180525,1,0.00099886209297775992,0.00025960864783681705,-0.00012869097716542105,-0.010856440567911909,-0.0017323166418330624,0.00036983408148078949
LOAD_ONLY_FROZEN,robot_component_fluid,0.0010999999999999996,0.0012060186937156341,0,0,0.98901586336191682,0.053211388006659838,0.070948517342213108,0.11824752890368848,0.106814150222053,0.14241886696273731,0.23736477827122879,0,0,0,0,0,0,-2.6838532371255965e-05,0,0,-1.3249736254197513e-07,1.0319130608142705e-06,1.0532747868267388e-06,0,0.00089999999999999998,31.693321242759286,0.69115038378975424,1,0.00099886209297775992,0.00025960864783681705,-0.00012869097716542105,-0.010851209600573225,-0.0017658023839044969,0.00036495499095730798
LOAD_ONLY_FROZEN,robot_component_fluid,0.0010999999999999996,0.0012060186937156341,0,0,0.98901586336191682,0.053211388006659838,0.070948517342213108,0.11824752890368848,0.106814150222053,0.14241886696273731,0.23736477827122879,0,0,0,0,0,0,-2.6838532371255965e-05,0,0,-1.3249736254197513e-07,1.0319130608142705e-06,1.0532747868267388e-06,0,0.00089999999999999998,31.693321242759286,0.69115038378975424,1,0.00099886209297775992,0.00025960864783681705,-0.00012869097716542105,-0.010851209600573225,-0.0017658023839044969,0.00036495499095730798
FREE_6DOF,robot_component_fluid,2.5000000000000001e-05,0.0012060186937156341,0,0,1,0,0,0,0,0,0,0,0,0,0,0,0,-5.152658756282562e-08,0,0,8.2865940090075199e-12,-9.8299597743776328e-10,1.0030963271407357e-10,0,0.00089999999999999998,31.699771242759283,0.015707963267948967,0.0018437500000000006,0.0010399958044715794,9.0847819973349232e-06,3.1131721660494084e-06,-0.010989446360463069,-4.3684310780858422e-05,0.00047975032203907193
FREE_6DOF,robot_component_fluid,2.5000000000000001e-05,0.0012060186928114741,1.0843411277919159e-28,-5.8100150714244967e-29,1,0,0,0,0,0,0,-7.233280813088125e-08,8.6747290223353284e-24,-4.6480120571395975e-24,0,0,0,-5.1526587562085266e-08,0,0,8.2865940090075199e-12,-9.8299597743776328e-10,1.0030963271407357e-10,1.2301863406504083e-28,0.00089999999999999998,31.699771241855125,0.015707963267948967,0.0018437500000000006,0.0010399958044715794,9.0847819973349232e-06,3.1131721660494084e-06,-0.010989446360463069,-4.3684310780858422e-05,0.00047975032203907193
FREE_6DOF,robot_component_fluid,5.0000000000000002e-05,0.0012060186928114741,1.0843411277919159e-28,-5.8100150714244967e-29,1,0,0,0,0,0,0,-7.2332808129841953e-08,8.6747290223353284e-24,-4.6480120571395975e-24,0,0,0,-2.026125392935545e-07,0,0,3.3557857548628073e-11,-3.8639109296553618e-09,6.5128873250804316e-11,1.2301863406504083e-28,0.00089999999999999998,31.699621241855127,0.031415926535897934,0.0072500000000000012,0.0010399958044715794,9.0847819973349232e-06,3.1131721660494084e-06,-0.01098919421323837,-8.735721865496036e-05,0.00047956152897948173
FREE_6DOF,robot_component_fluid,5.0000000000000002e-05,0.001206033816803839,4.1161304032709615e-10,-1.4546419613364506e-09,1,0,0,0,0,0,0,0.0012099917219993528,3.2929043226167697e-05,-0.00011637135690691605,0,0,0,-2.0261258799150013e-07,0,0,3.3557857548628073e-11,-3.8639109296553618e-09,6.5128873250804316e-11,1.511756769671653e-09,0.00089999848824323029,31.699636365847489,0.031415926535897934,0.0072500000000000012,0.0010399958044715794,9.0847819973349232e-06,3.1131721660494084e-06,-0.01098919421323837,-8.735721865496036e-05,0.00047956152897948173
FREE_6DOF,robot_component_fluid,5.0000000000000002e-05,0.0012060338168038383,4.1161304032709615e-10,-1.4546419613364506e-09,1,0,0,0,0,0,0,0.0012099917219309906,3.2929043226167697e-05,-0.00011637135690691605,0,0,0,-2.0261258799150013e-07,0,0,3.3557857548628073e-11,-3.8639109296553618e-09,6.5128873250804316e-11,1.511756769671653e-09,0.00089999848824323029,31.699636365847489,0.031415926535897934,0.0072500000000000012,0.0010399958044715794,9.0847819973349232e-06,3.1131721660494084e-06,-0.01098919421323837,-8.735721865496036e-05,0.00047956152897948173
FREE_6DOF,robot_component_fluid,7.5000000000000007e-05,0.0012060338168038383,4.1161304032709615e-10,-1.4546419613364506e-09,1,0,0,0,0,0,0,0.0012099917219309906,3.2929043226167697e-05,-0.00011637135690691605,0,0,0,-4.4801728390518764e-07,0,0,7.6336042440773731e-11,-8.5386407962886582e-09,-5.838012109824022e-10,1.511756769671653e-09,0.00089999848824323029,31.699486365847488,0.047123889803846901,0.016031250000000004,0.0010399958044715794,9.0847819973349232e-06,3.1131721660494084e-06,-0.010988774246403809,-0.00013100732490320291,0.0004792469534531385
FREE_6DOF,robot_component_fluid,7.5000000000000007e-05,0.0012060961806445441,1.1147975529837823e-09,-8.2949040437845144e-09,1,0,0,0,0,0,0,0.0037791155345139604,2.33257177863672e-05,-0.00043084960968892898,0,0,0,-4.4801772793301084e-07,0,0,7.6336042440773731e-11,-8.5386407962886582e-09,-5.838012109824022e-10,8.3694806696551569e-09,0.00089999163051933037,31.699548729688193,0.047123889803846901,0.016031250000000004,0.0010399958044715794,9.0847819973349232e-06,3.1131721660494084e-06,-0.010988774246403809,-0.00013100732490320291,0.0004792469534531385
FREE_6DOF,robot_component_fluid,7.5000000000000007e-05,0.0012060961806445363,1.1147975529837823e-09,-8.2949040437845144e-09,1,0,0,0,0,0,0,0.0037791155338906361,2.33257177863672e-05,-0.00043084960968892898,0,0,0,-4.4801772793301084e-07,0,0,7.6336042440773731e-11,-8.5386407962886582e-09,-5.838012109824022e-10,8.3694806696551569e-09,0.00089999163051933037,31.699548729688185,0.047123889803846901,0.016031250000000004,0.0010399958044715794,9.0847819973349232e-06,3.1131721660494084e-06,-0.010988774246403809,-0.00013100732490320291,0.0004792469534531385
FREE_6DOF,robot_component_fluid,0.0001,0.0012060961806445363,1.1147975529837823e-09,-8.2949040437845144e-09,1,0,0,0,0,0,0,0.0037791155338906361,2.33257177863672e-05,-0.00043084960968892898,0,0,0,-7.8250083294850461e-07,0,0,1.3701763123905348e-10,-1.4900622576498142e-08,-2.2899003058489418e-09,8.3694806696551569e-09,0.00089999163051933037,31.699398729688188,0.062831853071795868,0.028000000000000004,0.0010399958044715794,9.0847819973349232e-06,3.1131721660494084e-06,-0.010988186877472795,-0.00017462323917778741,0.00047880671473333921
FREE_6DOF,robot_component_fluid,0.0001,0.0012062235487665688,6.5452584191348454e-10,-2.3567287002950908e-08,1,0,0,0,0,0,0,0.0064103342287090623,-6.0147454671991028e-05,-0.00079094102704438222,0,0,0,-7.8250241685880681e-07,0,0,1.3701763123905348e-10,-1.4900622576498142e-08,-2.2899003058489418e-09,2.357637420718443e-08,0.00089997642362579279,31.699526097810221,0.062831853071795868,0.028000000000000004,0.0010399958044715794,9.0847819973349232e-06,3.1131721660494084e-06,-0.010988186877472795,-0.00017462323917778741,0.00047880671473333921
FREE_6DOF,robot_component_fluid,0.0001,0.0012062235487665411,6.5452584191348454e-10,-2.3567287002950908e-08,1,0,0,0,0,0,0,0.0064103342264855753,-6.0147454671991028e-05,-0.00079094102704438222,0,0,0,-7.8250241685880649e-07,0,0,1.3701763123905348e-10,-1.4900622576498142e-08,-2.2899003058489418e-09,2.357637420718443e-08,0.00089997642362579279,31.699526097810192,0.062831853071795868,0.028000000000000004,0.0010399958044715794,9.0847819973349232e-06,3.1131721660494084e-06,-0.010988186877472795,-0.00017462323917778741,0.00047880671473333921
FREE_6DOF,robot_component_fluid,0.000125,0.0012062235487665411,6.5452584191348454e-10,-2.3567287002950908e-08,1,0,0,0,0,0,0,0.0064103342264855753,-6.0147454671991028e-05,-0.00079094102704438222,0,0,0,-1.200823949015434e-06,0,0,2.1587453738348236e-10,-2.2841086725280074e-08,-5.4614132411605415e-09,2.357637420718443e-08,0.00089997642362579279,31.699376097810191,0.078539816339744828,0.04296875,0.0010399958044715794,9.0847819973349232e-06,3.1131721660494084e-06,-0.010987432690371479,-0.00021819358367787341,0.0004782409796305485
FREE_6DOF,robot_component_fluid,0.000125,0.0012064144763131942,-1.6866712453217282e-09,-4.626443226483689e-08,1,0,0,0,0,0,0,0.0088638695057771145,-0.00012714831230682601,-0.0010248305939064969,0,0,0,-1.2008275926331882e-06,0,0,2.1587453738348236e-10,-2.2841086725280074e-08,-5.4614132411605415e-09,4.6295167703308684e-08,0.00089995370483229669,31.699567025356846,0.078539816339744828,0.04296875,0.0010399958044715794,9.0847819973349232e-06,3.1131721660494084e-06,-0.010987432690371479,-0.00021819358367787341,0.0004782409796305485
FREE_6DOF,robot_component_fluid,0.000125,0.0012064144763131303,-1.6866712453217282e-09,-4.626443226483689e-08,1,0,0,0,0,0,0,0.0088638695006622199,-0.00012714831230682601,-0.0010248305939064969,0,0,0,-1.2008275926331869e-06,0,0,2.1587453738348236e-10,-2.2841086725280074e-08,-5.4614132411605415e-09,4.6295167703308684e-08,0.00089995370483229669,31.699567025356782,0.078539816339744828,0.04296875,0.0010399958044715794,9.0847819973349232e-06,3.1131721660494084e-06,-0.010987432690371479,-0.00021819358367787341,0.0004782409796305485
FREE_6DOF,robot_component_fluid,0.00015000000000000001,0.0012064144763131303,-1.6866712453217282e-09,-4.626443226483689e-08,1,0,0,0,0,0,0,0.0088638695006622199,-0.00012714831230682601,-0.0010248305939064969,0,0,0,-1.6977478365526422e-06,0,0,3.1305545659304064e-10,-3.2249311363654772e-08,-1.0471119611121462e-08,4.6295167703308684e-08,0.00089995370483229669,31.69941702535678,0.094247779607693802,0.060750000000000019,0.0010399958044715794,9.0847819973349232e-06,3.1131721660494084e-06,-0.010986512434846865,-0.00026170699731325266,0.00047754996232065677
FREE_6DOF,robot_component_fluid,0.00015000000000000001,0.0012066644816769946,-5.3898403952357211e-09,-7.2911681974551698e-08,1,0,0,0,0,0,0,0.011136559608498128,-0.0001691052196862934,-0.0011069493828706881,0,0,0,-1.697754581906315e-06,0,0,3.1305545659304064e-10,-3.2249311363654772e-08,-1.0471119611121462e-08,7.3110626777810363e-08,0.00089992688937322221,31.699667030720644,0.094247779607693802,0.060750000000000019,0.0010399958044715794,9.0847819973349232e-06,3.1131721660494084e-06,-0.010986512434846865,-0.00026170699731325266,0.00047754996232065677
FREE_6DOF,robot_component_fluid,0.00015000000000000001,0.0012066644816768762,-5.3898403952357211e-09,-7.2911681974551698e-08,1,0,0,0,0,0,0,0.011136559599029029,-0.0001691052196862934,-0.0011069493828706881,0,0,0,-1.6977545819063121e-06,0,0,3.1305545659304064e-10,-3.2249311363654772e-08,-1.0471119611121462e-08,7.3110626777810363e-08,0.00089992688937322221,31.699667030720526,0.094247779607693802,0.060750000000000019,0.0010399958044715794,9.0847819973349232e-06,3.1131721660494084e-06,-0.010986512434846865,-0.00026170699731325266,0.00047754996232065677
FREE_6DOF,robot_component_fluid,0.00017500000000000003,0.0012066644816768762,-5.3898403952357211e-09,-7.2911681974551698e-08,1,0,0,0,0,0,0,0.011136559599029029,-0.0001691052196862934,-0.0011069493828706881,0,0,0,-2.2680340220509216e-06,0,0,4.285873670692191e-10,-4.3012877959626026e-08,-1.7656088815057732e-08,7.3110626777810363e-08,0.00089992688937322221,31.699517030720529,0.10995574287564278,0.081156250000000013,0.0010399958044715794,9.0847819973349232e-06,3.1131721660494084e-06,-0.010985427025706936,-0.0003051521398520839,0.00047673392412475341
FREE_6DOF,robot_component_fluid,0.00017500000000000003,0.0012069704045456172,-1.0046242547269056e-08,-1.0049142834205737e-07,1,0,0,0,0,0,0,0.013337269900249766,-0.00020340695247637351,-0.0010994303265297654,0,0,0,-2.2680450485769612e-06,0,0,4.285873670692191e-10,-4.3012877959626026e-08,-1.7656088815057732e-08,1.0099234703454223e-07,0.0008998990076529654,31.699822953589269,0.10995574287564278,0.081156250000000013,0.0010399958044715794,9.0847819973349232e-06,3.1131721660494084e-06,-0.010985427025706936,-0.0003051521398520839,0.00047673392412475341
FREE_6DOF,robot_component_fluid,0.00017500000000000003,0.0012069704045454238,-1.0046242547269056e-08,-1.0049142834205737e-07,1,0,0,0,0,0,0,0.013337269884770775,-0.00020340695247637351,-0.0010994303265297654,0,0,0,-2.2680450485769544e-06,0,0,4.285873670692191e-10,-4.3012877959626026e-08,-1.7656088815057732e-08,1.0099234703454223e-07,0.0008998990076529654,31.699822953589074,0.10995574287564278,0.081156250000000013,0.0010399958044715794,9.0847819973349232e-06,3.1131721660494084e-06,-0.010985427025706936,-0.0003051521398520839,0.00047673392412475341
FREE_6DOF,robot_component_fluid,0.00020000000000000004,0.0012069704045454238,-1.0046242547269056e-08,-1.0049142834205737e-07,1,0,0,0,0,0,0,0.013337269884770775,-0.00020340695247637351,-0.0010994303265297654,0,0,0,-2.9064443314847923e-06,0,0,5.6237717592451134e-10,-5.5017928134735506e-08,-2.7317480661814982e-08,1.0099234703454223e-07,0.0008998990076529654,31.699672953589072,0.12566370614359176,0.10400000000000004,0.0010399958044715794,9.0847819973349232e-06,3.1131721660494084e-06,-0.010984177541893533,-0.00034851769604875602,0.00047579317324085066
FREE_6DOF,robot_component_fluid,0.00020000000000000004,0.0012073319850226265,-1.546336076707131e-08,-1.2773810384528814e-07,1,0,0,0,0,0,0,0.015589168291432606,-0.0002299625051078068,-0.0010803037137286969,0,0,0,-2.906461032270249e-06,0,0,5.6237717592451134e-10,-5.5017928134735506e-08,-2.7317480661814982e-08,1.2867065982655959e-07,0.00089987132934017341,31.700034534066276,0.12566370614359176,0.10400000000000004,0.0010399958044715794,9.0847819973349232e-06,3.1131721660494084e-06,-0.010984177541893533,-0.00034851769604875602,0.00047579317324085066
FREE_6DOF,robot_component_fluid,0.00020000000000000004,0.0012073319850223333,-1.546336076707131e-08,-1.2773810384528814e-07,1,0,0,0,0,0,0,0.015589168267988113,-0.0002299625051078068,-0.0010803037137286969,0,0,0,-2.9064610322702358e-06,0,0,5.6237717592451134e-10,-5.5017928134735506e-08,-2.7317480661814982e-08,1.2867065982655959e-07,0.00089987132934017341,31.700034534065981,0.12566370614359176,0.10400000000000004,0.0010399958044715794,9.0847819973349232e-06,3.1131721660494084e-06,-0.010984177541893533,-0.00034851769604875602,0.00047579317324085066
FREE_6DOF,robot_component_fluid,0.00022500000000000005,0.0012073319850223333,-1.546336076707131e-08,-1.2773810384528814e-07,1,0,0,0,0,0,0,0.015589168267988113,-0.0002299625051078068,-0.0010803037137286969,0,0,0,-3.607740956720978e-06,0,0,7.1421350909767518e-10,-6.8149421249825633e-08,-3.9720391633918396e-08,1.2867065982655959e-07,0.00089987132934017341,31.699884534065983,0.14137166941154072,0.12909375000000003,0.0010399958044715794,9.0847819973349232e-06,3.1131721660494084e-06,-0.010982765225389084,-0.00039179237974798134,0.00047472806442808992
FREE_6DOF,robot_component_fluid,0.00022500000000000005,0.001207750297674601,-2.1376067447742219e-08,-1.5489160271994957e-07,1,0,0,0,0,0,0,0.017875843913419336,-0.00024305402934586613,-0.001091976196244215,0,0,0,-3.6077649393446894e-06,0,0,7.1421350909767518e-10,-6.8149421249825633e-08,-3.9720391633918396e-08,1.5635966504404233e-07,0.00089984364033495595,31.700302846718252,0.14137166941154072,0.12909375000000003,0.0010399958044715794,9.0847819973349232e-06,3.1131721660494084e-06,-0.010982765225389084,-0.00039179237974798134,0.00047472806442808992
FREE_6DOF,robot_component_fluid,0.00022500000000000005,0.0012077502976741801,-2.1376067447742219e-08,-1.5489160271994957e-07,1,0,0,0,0,0,0,0.017875843879752627,-0.00024305402934586613,-0.001091976196244215,0,0,0,-3.6077649393446657e-06,0,0,7.1421350909767518e-10,-6.8149421249825633e-08,-3.9720391633918396e-08,1.5635966504404233e-07,0.00089984364033495595,31.700302846717832,0.14137166941154072,0.12909375000000003,0.0010399958044715794,9.0847819973349232e-06,3.1131721660494084e-06,-0.010982765225389084,-0.00039179237974798134,0.00047472806442808992
FREE_6DOF,robot_component_fluid,0.00025000000000000006,0.0012077502976741801,-2.1376067447742219e-08,-1.5489160271994957e-07,1,0,0,0,0,0,0,0.017875843879752627,-0.00024305402934586613,-0.001091976196244215,0,0,0,-4.3666864435513669e-06,0,0,8.8376864187280037e-10,-8.2291392423274128e-08,-5.5093746860240886e-08,1.5635966504404233e-07,0.00089984364033495595,31.700152846717831,0.15707963267948971,0.15625000000000006,0.0010399958044715794,9.0847819973349232e-06,3.1131721660494084e-06,-0.010981191479958245,-0.00043496493796126251,0.00047353899864405419
FREE_6DOF,robot_component_fluid,0.00025000000000000006,0.0012082255101385272,-2.7491092140015278e-08,-1.825202815670442e-07,1,0,0,0,0,0,0,0.020141153268012271,-0.00024614794603597894,-0.001118318111523356,0,0,0,-4.3667194188166219e-06,0,0,8.8376864187280037e-10,-8.2291392423274128e-08,-5.5093746860240886e-08,1.8457901649527746e-07,0.00089981542098350467,31.700628059182176,0.15707963267948971,0.15625000000000006,0.0010399958044715794,9.0847819973349232e-06,3.1131721660494084e-06,-0.010981191479958245,-0.00043496493796126251,0.00047353899864405419
FREE_6DOF,robot_component_fluid,0.00025000000000000006,0.0012082255101379484,-2.7491092140015278e-08,-1.825202815670442e-07,1,0,0,0,0,0,0,0.02014115322172173,-0.00024614794603597894,-0.001118318111523356,0,0,0,-4.3667194188165829e-06,0,0,8.8376864187280037e-10,-8.2291392423274128e-08,-5.5093746860240886e-08,1.8457901649527746e-07,0.00089981542098350467,31.7006280591816,0.15707963267948971,0.15625000000000006,0.0010399958044715794,9.0847819973349232e-06,3.1131721660494084e-06,-0.010981191479958245,-0.00043496493796126251,0.00047353899864405419
FREE_6DOF,robot_component_fluid,0.00027500000000000007,0.0012082255101379484,-2.7491092140015278e-08,-1.825202815670442e-07,1,0,0,0,0,0,0,0.02014115322172173,-0.00024614794603597894,-0.001118318111523356,0,0,0,-5.178043544487618e-06,0,0,1.0706005669820324e-09,-9.7327210635471013e-08,-7.3630237798618017e-08,1.8457901649527746e-07,0.00089981542098350467,31.700478059181599,0.17278759594743867,0.18528125000000006,0.0010399958044715794,9.0847819973349232e-06,3.1131721660494084e-06,-0.010979457869725864,-0.000478024154911927,0.00047222642263590377
FREE_6DOF,robot_component_fluid,0.00027500000000000007,0.0012087567451963643,-3.3455892816473677e-08,-2.1082077793743753e-07,1,0,0,0,0,0,0,0.022357651451560767,-0.00023103610808069273,-0.0011457215981081096,0,0,0,-5.1780872550820619e-06,0,0,1.0706005669820324e-09,-9.7327210635471013e-08,-7.3630237798618017e-08,2.1345888872167802e-07,0.00089978654111127826,31.701009294240013,0.17278759594743867,0.18528125000000006,0.0010399958044715794,9.0847819973349232e-06,3.1131721660494084e-06,-0.010979457869725864,-0.000478024154911927,0.00047222642263590377
FREE_6DOF,robot_component_fluid,0.00027500000000000007,0.0012087567451955974,-3.3455892816473677e-08,-2.1082077793743753e-07,1,0,0,0,0,0,0,0.022357651390200017,-0.00023103610808069273,-0.0011457215981081096,0,0,0,-5.1780872550819967e-06,0,0,1.0706005669820324e-09,-9.7327210635471013e-08,-7.3630237798618017e-08,2.1345888872167802e-07,0.00089978654111127826,31.701009294239245,0.17278759594743867,0.18528125000000006,0.0010399958044715794,9.0847819973349232e-06,3.1131721660494084e-06,-0.010979457869725864,-0.000478024154911927,0.00047222642263590377
FREE_6DOF,robot_component_fluid,0.00030000000000000008,0.0012087567451955974,-3.3455892816473677e-08,-2.1082077793743753e-07,1,0,0,0,0,0,0,0.022357651390200017,-0.00023103610808069273,-0.0011457215981081096,0,0,0,-6.0365751053074922e-06,0,0,1.2741551971424946e-09,-1.1313983657466987e-07,-9.5486305582676353e-08,2.1345888872167802e-07,0.00089978654111127826,31.700859294239248,0.18849555921538766,0.21600000000000016,0.0010399958044715794,9.0847819973349232e-06,3.1131721660494084e-06,-0.010977566117592808,-0.00052095885604497576,0.00047079082848614363
FREE_6DOF,robot_component_fluid,0.00030000000000000008,0.0012093427590946541,-3.8794492944703054e-08,-2.3976287568005424e-07,1,0,0,0,0,0,0,0.024523460534341662,-0.00019605190217765708,-0.0011696462213012233,0,0,0,-6.036631315668155e-06,0,0,1.2741551971424946e-09,-1.1313983657466987e-07,-9.5486305582676353e-08,2.428811422017069e-07,0.00089975711885779822,31.701445308138304,0.18849555921538766,0.21600000000000016,0.0010399958044715794,9.0847819973349232e-06,3.1131721660494084e-06,-0.010977566117592808,-0.00052095885604497576,0.00047079082848614363
FREE_6DOF,robot_component_fluid,0.00030000000000000008,0.0012093427590936677,-3.8794492944703054e-08,-2.3976287568005424e-07,1,0,0,0,0,0,0,0.024523460455433795,-0.00019605190217765708,-0.0011696462213012233,0,0,0,-6.0366313156680601e-06,0,0,1.2741551971424946e-09,-1.1313983657466987e-07,-9.5486305582676353e-08,2.428811422017069e-07,0.00089975711885779822,31.70144530813732,0.18849555921538766,0.21600000000000016,0.0010399958044715794,9.0847819973349232e-06,3.1131721660494084e-06,-0.010977566117592808,-0.00052095885604497576,0.00047079082848614363
FREE_6DOF,robot_component_fluid,0.00032500000000000009,0.0012093427590936677,-3.8794492944703054e-08,-2.3976287568005424e-07,1,0,0,0,0,0,0,0.024523460455433795,-0.00019605190217765708,-0.0011696462213012233,0,0,0,-6.9370440188938324e-06,0,0,1.4937686987566655e-09,-1.2961207988154735e-07,-1.207821699402016e-07,2.428811422017069e-07,0.00089975711885779822,31.701295308137318,0.20420352248333662,0.24821875000000004,0.0010399958044715794,9.0847819973349232e-06,3.1131721660494084e-06,-0.010975518103491275,-0.00056375791199805294,0.0004692327531139154
FREE_6DOF,robot_component_fluid,0.00032500000000000009,0.0012099822673261873,-4.3096169809868505e-08,-2.6918920916342546e-07,1,0,0,0,0,0,0,0.026637198146127642,-0.00014808224703557901,-0.0011844604573684728,0,0,0,-6.937114507640618e-06,0,0,1.4937686987566655e-09,-1.2961207988154735e-07,-1.207821699402016e-07,2.7261714946479694e-07,0.00089972738285053514,31.701934816369835,0.20420352248333662,0.24821875000000004,0.0010399958044715794,9.0847819973349232e-06,3.1131721660494084e-06,-0.010975518103491275,-0.00056375791199805294,0.0004692327531139154
FREE_6DOF,robot_component_fluid,0.00032500000000000009,0.0012099822673249504,-4.3096169809868505e-08,-2.6918920916342546e-07,1,0,0,0,0,0,0,0.026637198047175834,-0.00014808224703557901,-0.0011844604573684728,0,0,0,-6.9371145076404817e-06,0,0,1.4937686987566655e-09,-1.2961207988154735e-07,-1.207821699402016e-07,2.7261714946479694e-07,0.00089972738285053514,31.701934816368599,0.20420352248333662,0.24821875000000004,0.0010399958044715794,9.0847819973349232e-06,3.1131721660494084e-06,-0.010975518103491275,-0.00056375791199805294,0.0004692327531139154
FREE_6DOF,robot_component_fluid,0.0003500000000000001,0.0012099822673249504,-4.3096169809868505e-08,-2.6918920916342546e-07,1,0,0,0,0,0,0,0.026637198047175834,-0.00014808224703557901,-0.0011844604573684728,0,0,0,-7.8742131861578981e-06,0,0,1.728669953392498e-09,-1.4662685545284376e-07,-1.4960190354376382e-07,2.7261714946479694e-07,0.00089972738285053514,31.701784816368601,0.21991148575128561,0.28175000000000011,0.0010399958044715794,9.0847819973349232e-06,3.1131721660494084e-06,-0.010973315862481547,-0.00060641024252991926,0.0004675527777328004
FREE_6DOF,robot_component_fluid,0.0003500000000000001,0.0012106739694320459,-4.6101450514119434e-08,-2.9891030001609929e-07,1,0,0,0,0,0,0,0.028698970520452192,-9.2340209304495394e-05,-0.0011932268108454333,0,0,0,-7.8742997237215172e-06,0,0,1.728669953392498e-09,-1.4662685545284376e-07,-1.4960190354376382e-07,3.0244455887851628e-07,0.00089969755544112146,31.702476518475699,0.21991148575128561,0.28175000000000011,0.0010399958044715794,9.0847819973349232e-06,3.1131721660494084e-06,-0.010973315862481547,-0.00060641024252991926,0.0004675527777328004
FREE_6DOF,robot_component_fluid,0.0003500000000000001,0.0012106739694305274,-4.6101450514119434e-08,-2.9891030001609929e-07,1,0,0,0,0,0,0,0.028698970398971121,-9.2340209304495394e-05,-0.0011932268108454333,0,0,0,-7.8742997237213274e-06,0,0,1.728669953392498e-09,-1.4662685545284376e-07,-1.4960190354376382e-07,3.0244455887851628e-07,0.00089969755544112146,31.702476518474178,0.21991148575128561,0.28175000000000011,0.0010399958044715794,9.0847819973349232e-06,3.1131721660494084e-06,-0.010973315862481547,-0.00060641024252991926,0.0004675527777328004
FREE_6DOF,robot_component_fluid,0.00037500000000000012,0.0012106739694305274,-4.6101450514119434e-08,-2.9891030001609929e-07,1,0,0,0,0,0,0,0.028698970398971124,-9.2340209304495394e-05,-0.0011932268108454333,0,0,0,-8.8428454634756638e-06,0,0,1.9779831435548862e-09,-1.6406743846830475e-07,-1.819935516081205e-07,3.0244455887851628e-07,0.00089969755544112146,31.702326518474177,0.23561944901923457,0.31640625000000017,0.0010399958044715794,9.0847819973349232e-06,3.1131721660494084e-06,-0.010970961582692153,-0.00064890482040287525,0.00046575152726619818
FREE_6DOF,robot_component_fluid,0.00037500000000000012,0.0012114166666559836,-4.7672354745548632e-08,-3.2888504883088719e-07,1,0,0,0,0,0,0,0.030716807637526444,-3.3332129209840376e-05,-0.0012047530943375994,0,0,0,-8.8429498055163206e-06,0,0,1.9779831435548862e-09,-1.6406743846830475e-07,-1.819935516081205e-07,3.3232217613556948e-07,0.00089966767782386436,31.703069215699635,0.23561944901923457,0.31640625000000017,0.0010399958044715794,9.0847819973349232e-06,3.1131721660494084e-06,-0.010970961582692153,-0.00064890482040287525,0.00046575152726619818
FREE_6DOF,robot_component_fluid,0.00037500000000000012,0.0012114166666541528,-4.7672354745548632e-08,-3.2888504883088719e-07,1,0,0,0,0,0,0,0.030716807491051521,-3.3332129209840376e-05,-0.0012047530943375994,0,0,0,-8.8429498055160631e-06,0,0,1.9779831435548862e-09,-1.6406743846830475e-07,-1.819935516081205e-07,3.3232217613556948e-07,0.00089966767782386436,31.703069215697802,0.23561944901923457,0.31640625000000017,0.0010399958044715794,9.0847819973349232e-06,3.1131721660494084e-06,-0.010970961582692153,-0.00064890482040287525,0.00046575152726619818
FREE_6DOF,robot_component_fluid,0.00040000000000000013,0.0012114166666541528,-4.7672354745548632e-08,-3.2888504883088719e-07,1,0,0,0,0,0,0,0.030716807491051525,-3.3332129209840376e-05,-0.0012047530943375994,0,0,0,-9.8377036288147058e-06,0,0,2.2407304591640384e-09,-1.8181771780980082e-07,-2.1796929650324596e-07,3.3232217613556948e-07,0.00089966767782386436,31.702919215697801,0.25132741228718353,0.3520000000000002,0.0010399958044715794,9.0847819973349232e-06,3.1131721660494084e-06,-0.010968457603105688,-0.00069123067521567236,0.00046382966972142938
FREE_6DOF,robot_component_fluid,0.00040000000000000013,0.0012122092237558332,-4.7839464013761537e-08,-3.5911575823334209e-07,1,0,0,0,0,0,0,0.032687760643378645,1.9963387752807786e-05,-0.0012137036578587922,0,0,0,-9.8378274955871848e-06,0,0,2.2407304591640384e-09,-1.8181771780980082e-07,-2.1796929650324596e-07,3.6228820313202612e-07,0.00089963771179686798,31.703711772799483,0.25132741228718353,0.3520000000000002,0.0010399958044715794,9.0847819973349232e-06,3.1131721660494084e-06,-0.010968457603105688,-0.00069123067521567236,0.00046382966972142938
FREE_6DOF,robot_component_fluid,0.00040000000000000013,0.0012122092237536596,-4.7839464013761537e-08,-3.5911575823334209e-07,1,0,0,0,0,0,0,0.032687760469494988,1.9963387752807786e-05,-0.0012137036578587922,0,0,0,-9.8378274955868426e-06,0,0,2.2407304591640384e-09,-1.8181771780980082e-07,-2.1796929650324596e-07,3.6228820313202612e-07,0.00089963771179686798,31.703711772797309,0.25132741228718353,0.3520000000000002,0.0010399958044715794,9.0847819973349232e-06,3.1131721660494084e-06,-0.010968457603105688,-0.00069123067521567236,0.00046382966972142938
FREE_6DOF,robot_component_fluid,0.00042500000000000014,0.0012122092237536596,-4.7839464013761537e-08,-3.5911575823334209e-07,1,0,0,0,0,0,0,0.032687760469494988,1.9963387752807786e-05,-0.0012137036578587922,0,0,0,-1.0853550334447543e-05,0,0,2.5158349210687455e-09,-1.9976244754692311e-07,-2.5750566710675467e-07,3.6228820313202612e-07,0.00089963771179686798,31.703561772797311,0.26703537555513251,0.38834375000000015,0.0010399958044715794,9.0847819973349232e-06,3.1131721660494084e-06,-0.010965806411192641,-0.00073337689718352863,0.00046178791552379254
FREE_6DOF,robot_component_fluid,0.00042500000000000014,0.0012130504018988189,-4.6769740307800667e-08,-3.8949956054145166e-07,1,0,0,0,0,0,0,0.03460649114324256,6.5614508724061519e-05,-0.0012170005267899719,0,0,0,-1.0853695366287533e-05,0,0,2.5158349210687455e-09,-1.9976244754692311e-07,-2.5750566710675467e-07,3.9229748440493868e-07,0.00089960770251559503,31.70440295094247,0.26703537555513251,0.38834375000000015,0.0010399958044715794,9.0847819973349232e-06,3.1131721660494084e-06,-0.010965806411192641,-0.00073337689718352863,0.00046178791552379254
FREE_6DOF,robot_component_fluid,0.00042500000000000014,0.0012130504018962739,-4.6769740307800667e-08,-3.8949956054145166e-07,1,0,0,0,0,0,0,0.034606490939647468,6.5614508724061519e-05,-0.0012170005267899719,0,0,0,-1.0853695366287094e-05,0,0,2.5158349210687455e-09,-1.9976244754692311e-07,-2.5750566710675467e-07,3.9229748440493868e-07,0.00089960770251559503,31.704402950939926,0.26703537555513251,0.38834375000000015,0.0010399958044715794,9.0847819973349232e-06,3.1131721660494084e-06,-0.010965806411192641,-0.00073337689718352863,0.00046178791552379254
FREE_6DOF,robot_component_fluid,0.00045000000000000015,0.0012130504018962739,-4.6769740307800667e-08,-3.8949956054145166e-07,1,0,0,0,0,0,0,0.034606490939647475,6.5614508724061519e-05,-0.0012170005267899719,0,0,0,-1.1885148034130166e-05,0,0,2.8021233178436917e-09,-2.1778749616953948e-07,-3.0054379257510383e-07,3.9229748440493868e-07,0.00089960770251559503,31.704252950939924,0.2827433388230815,0.42525000000000013,0.0010399958044715794,9.0847819973349232e-06,3.1131721660494084e-06,-0.010963010640395758,-0.00077533264086196375,0.00045962701681187676
FREE_6DOF,robot_component_fluid,0.00045000000000000015,0.0012139390118504044,-4.4778583252976074e-08,-4.1991819754885029e-07,1,0,0,0,0,0,0,0.036482305390802806,9.3678055661905769e-05,-0.0012164904338019193,0,0,0,-1.1885315794891143e-05,0,0,2.8021233178436917e-09,-2.1778749616953948e-07,-3.0054379257510383e-07,4.222989629999332e-07,0.00089957770103700008,31.705141560894052,0.2827433388230815,0.42525000000000013,0.0010399958044715794,9.0847819973349232e-06,3.1131721660494084e-06,-0.010963010640395758,-0.00077533264086196375,0.00045962701681187676
FREE_6DOF,robot_component_fluid,0.00045000000000000015,0.0012139390118474608,-4.4778583252976074e-08,-4.1991819754885029e-07,1,0,0,0,0,0,0,0.036482305155300952,9.3678055661905769e-05,-0.0012164904338019193,0,0,0,-1.1885315794890587e-05,0,0,2.8021233178436917e-09,-2.1778749616953948e-07,-3.0054379257510383e-07,4.222989629999332e-07,0.00089957770103700008,31.705141560891111,0.2827433388230815,0.42525000000000013,0.0010399958044715794,9.0847819973349232e-06,3.1131721660494084e-06,-0.010963010640395758,-0.00077533264086196375,0.00045962701681187676
FREE_6DOF,robot_component_fluid,0.00047500000000000016,0.0012139390118474608,-4.4778583252976074e-08,-4.1991819754885029e-07,1,0,0,0,0,0,0,0.036482305155300952,9.3678055661905769e-05,-0.0012164904338019193,0,0,0,-1.2927258961631839e-05,0,0,3.0983292520497438e-09,-2.3578009325470014e-07,-3.469897001693504e-07,4.222989629999332e-07,0.00089957770103700008,31.704991560891113,0.29845130209103043,0.46253125000000023,0.0010399958044715794,9.0847819973349232e-06,3.1131721660494084e-06,-0.010960073067467642,-0.00081708712881126437,0.00045734776669551132
FREE_6DOF,robot_component_fluid,0.00047500000000000016,0.0012148740162313512,-4.238554322272463e-08,-4.50251774787797e-07,1,0,0,0,0,0,0,0.038318045555916558,9.7765146758209368e-05,-0.0012101957453138153,0,0,0,-1.2927450945114907e-05,0,0,3.0983292520497438e-09,-2.3578009325470014e-07,-3.469897001693504e-07,4.5224240731475694e-07,0.0008995477575926852,31.705926565275004,0.29845130209103043,0.46253125000000023,0.0010399958044715794,9.0847819973349232e-06,3.1131721660494084e-06,-0.010960073067467642,-0.00081708712881126437,0.00045734776669551132
FREE_6DOF,robot_component_fluid,0.00047500000000000016,0.0012148740162279824,-4.238554322272463e-08,-4.50251774787797e-07,1,0,0,0,0,0,0,0.038318045286410946,9.7765146758209368e-05,-0.0012101957453138153,0,0,0,-1.2927450945114214e-05,0,0,3.0983292520497438e-09,-2.3578009325470014e-07,-3.469897001693504e-07,4.5224240731475694e-07,0.0008995477575926852,31.705926565271636,0.29845130209103043,0.46253125000000023,0.0010399958044715794,9.0847819973349232e-06,3.1131721660494084e-06,-0.010960073067467642,-0.00081708712881126437,0.00045734776669551132
FREE_6DOF,robot_component_fluid,0.00050000000000000012,0.0012148740162279824,-4.238554322272463e-08,-4.50251774787797e-07,1,0,0,0,0,0,0,0.038318045286410946,9.7765146758209368e-05,-0.0012101957453138153,0,0,0,-1.3974645115016915e-05,0,0,3.403096292074608e-09,-2.5362907326288499e-07,-3.9671465672849059e-07,4.5224240731475694e-07,0.0008995477575926852,31.705776565271634,0.31415926535897942,0.50000000000000011,0.0010399958044715794,9.0847819973349232e-06,3.1131721660494084e-06,-0.010956996609664425,-0.00085862965519850132,0.00045495099847779705
FREE_6DOF,robot_component_fluid,0.00050000000000000012,0.0012158544190503393,-4.006037624989343e-08,-4.8052608659914936e-07,1,0,0,0,0,0,0,0.040114180502145345,8.8248211068286343e-05,-0.0012117491995943732,0,0,0,-1.3974862713764295e-05,0,0,3.403096292074608e-09,-2.5362907326288499e-07,-3.9671465672849059e-07,4.8219306677675924e-07,0.00089951780693322322,31.706756968093988,0.31415926535897942,0.50000000000000011,0.0010399958044715794,9.0847819973349232e-06,3.1131721660494084e-06,-0.010956996609664425,-0.00085862965519850132,0.00045495099847779705
FREE_6DOF,robot_component_fluid,0.00050000000000000012,0.0012158544190465212,-4.006037624989343e-08,-4.8052608659914936e-07,1,0,0,0,0,0,0,0.040114180196681129,8.8248211068286343e-05,-0.0012117491995943732,0,0,0,-1.3974862713763448e-05,0,0,3.403096292074608e-09,-2.5362907326288499e-07,-3.9671465672849059e-07,4.8219306677675924e-07,0.00089951780693322322,31.706756968090172,0.31415926535897942,0.50000000000000011,0.0010399958044715794,9.0847819973349232e-06,3.1131721660494084e-06,-0.010956996609664425,-0.00085862965519850132,0.00045495099847779705
FREE_6DOF,robot_component_fluid,0.00052500000000000008,0.0012158544190465212,-4.006037624989343e-08,-4.8052608659914936e-07,1,0,0,0,0,0,0,0.040114180196681136,8.8248211068286343e-05,-0.0012117491995943732,0,0,0,-1.50220682024489e-05,0,0,3.7149812256183203e-09,-2.7122511616685934e-07,-4.4955555334159115e-07,4.8219306677675924e-07,0.00089951780693322322,31.706606968090171,0.32986722862692835,0.53746875000000005,0.0010399958044715794,9.0847819973349232e-06,3.1131721660494084e-06,-0.010953784321798518,-0.00089994958933411703,0.00045243758484273634
FREE_6DOF,robot_component_fluid,0.00052500000000000008,0.0012168792121773999,-3.7976701004868577e-08,-5.1102916890825817e-07,1,0,0,0,0,0,0,0.041869270273616976,7.8445808533701808e-05,-0.0012284973851343398,0,0,0,-1.502231268193991e-05,0,0,3.7149812256183203e-09,-2.7122511616685934e-07,-4.4955555334159115e-07,5.1243832925951022e-07,0.00089948756167074044,31.707631761221048,0.32986722862692835,0.53746875000000005,0.0010399958044715794,9.0847819973349232e-06,3.1131721660494084e-06,-0.010953784321798518,-0.00089994958933411703,0.00045243758484273634
FREE_6DOF,robot_component_fluid,0.00052500000000000008,0.0012168792121731099,-3.7976701004868577e-08,-5.1102916890825817e-07,1,0,0,0,0,0,0,0.041869269930417688,7.8445808533701808e-05,-0.0012284973851343398,0,0,0,-1.5022312681938887e-05,0,0,3.7149812256183203e-09,-2.7122511616685934e-07,-4.4955555334159115e-07,5.1243832925951022e-07,0.00089948756167074044,31.70763176121676,0.32986722862692835,0.53746875000000005,0.0010399958044715794,9.0847819973349232e-06,3.1131721660494084e-06,-0.010953784321798518,-0.00089994958933411703,0.00045243758484273634
FREE_6DOF,robot_component_fluid,0.00055000000000000003,0.0012168792121731099,-3.7976701004868577e-08,-5.1102916890825817e-07,1,0,0,0,0,0,0,0.041869269930417688,7.8445808533701808e-05,-0.0012284973851343398,0,0,0,-1.606428959336407e-05,0,0,4.032457410843645e-09,-2.8846098462529555e-07,-5.0531533272913145e-07,5.1243832925951022e-07,0.00089948756167074044,31.707481761216762,0.34557519189487729,0.57475000000000009,0.0010399958044715794,9.0847819973349232e-06,3.1131721660494084e-06,-0.010950439393153556,-0.00094103637914023399,0.00044980843701003927
FREE_6DOF,robot_component_fluid,0.00055000000000000003,0.0012179472844454301,-3.5999171134322897e-08,-5.420655796777129e-07,1,0,0,0,0,0,0,0.043576511855202726,7.9756581109952354e-05,-0.0012544154764220494,0,0,0,-1.6064562053093104e-05,0,0,4.032457410843645e-09,-2.8846098462529555e-07,-5.0531533272913145e-07,5.4325963681622177e-07,0.00089945674036318371,31.70854983348908,0.34557519189487729,0.57475000000000009,0.0010399958044715794,9.0847819973349232e-06,3.1131721660494084e-06,-0.010950439393153556,-0.00094103637914023399,0.00044980843701003927
FREE_6DOF,robot_component_fluid,0.00055000000000000003,0.0012179472844406492,-3.5999171134322897e-08,-5.420655796777129e-07,1,0,0,0,0,0,0,0.043576511472724892,7.9756581109952354e-05,-0.0012544154764220494,0,0,0,-1.6064562053091884e-05,0,0,4.032457410843645e-09,-2.8846098462529555e-07,-5.0531533272913145e-07,5.4325963681622177e-07,0.00089945674036318371,31.708549833484302,0.34557519189487729,0.57475000000000009,0.0010399958044715794,9.0847819973349232e-06,3.1131721660494084e-06,-0.010950439393153556,-0.00094103637914023399,0.00044980843701003927
FREE_6DOF,robot_component_fluid,0.00057499999999999999,0.0012179472844406492,-3.5999171134322897e-08,-5.420655796777129e-07,1,0,0,0,0,0,0,0.043576511472724899,7.9756581109952354e-05,-0.0012544154764220494,0,0,0,-1.7096070255884518e-05,0,0,4.3539182211755235e-09,-3.0523175742282038e-07,-5.6376345880426108e-07,5.4325963681622177e-07,0.00089945674036318371,31.7083998334843,0.36128315516282622,0.6116562499999999,0.0010399958044715794,9.0847819973349232e-06,3.1131721660494084e-06,-0.010946965144264882,-0.00098187955454794528,0.00044706450385874515
FREE_6DOF,robot_component_fluid,0.00057499999999999999,0.0012190575539058693,-3.3869353563469366e-08,-5.736564178375143e-07,1,0,0,0,0,0,0,0.045245045744869074,9.0628824558329615e-05,-0.0012728515763620657,0,0,0,-1.7096371644439965e-05,0,0,4.3539182211755235e-09,-3.0523175742282038e-07,-5.6376345880426108e-07,5.7465539137554089e-07,0.00089942534460862443,31.709510102949519,0.36128315516282622,0.6116562499999999,0.0010399958044715794,9.0847819973349232e-06,3.1131721660494084e-06,-0.010946965144264882,-0.00098187955454794528,0.00044706450385874515
FREE_6DOF,robot_component_fluid,0.00057499999999999999,0.0012190575539005805,-3.3869353563469366e-08,-5.736564178375143e-07,1,0,0,0,0,0,0,0.045245045321781086,9.0628824558329615e-05,-0.0012728515763620657,0,0,0,-1.7096371644438528e-05,0,0,4.3539182211755235e-09,-3.0523175742282038e-07,-5.6376345880426108e-07,5.7465539137554089e-07,0.00089942534460862443,31.709510102944229,0.36128315516282622,0.6116562499999999,0.0010399958044715794,9.0847819973349232e-06,3.1131721660494084e-06,-0.010946965144264882,-0.00098187955454794528,0.00044706450385874515
FREE_6DOF,robot_component_fluid,0.00059999999999999995,0.0012190575539005805,-3.3869353563469366e-08,-5.736564178375143e-07,1,0,0,0,0,0,0,0.045245045321781086,9.0628824558329615e-05,-0.0012728515763620657,0,0,0,-1.8112170751341515e-05,0,0,4.6776805797060713e-09,-3.2143505890819001e-07,-6.2463642784612421e-07,5.7465539137554089e-07,0.00089942534460862443,31.709360102944231,0.37699111843077515,0.64800000000000002,0.0010399958044715794,9.0847819973349232e-06,3.1131721660494084e-06,-0.010943365023568944,-0.0010224687308209733,0.00044420677102135223
FREE_6DOF,robot_component_fluid,0.00059999999999999995,0.0012202090397049011,-3.1442542730054156e-08,-6.0549162536949978e-07,1,0,0,0,0,0,0,0.046873819023886105,0.00010351604211488702,-0.001273965026196768,0,0,0,-1.811250187588154e-05,0,0,4.6776805797060713e-09,-3.2143505890819001e-07,-6.2463642784612421e-07,6.0630746481131991e-07,0.00089939369253518866,31.710511588748552,0.37699111843077515,0.64800000000000002,0.0010399958044715794,9.0847819973349232e-06,3.1131721660494084e-06,-0.010943365023568944,-0.0010224687308209733,0.00044420677102135223
FREE_6DOF,robot_component_fluid,0.00059999999999999995,0.0012202090396990909,-3.1442542730054156e-08,-6.0549162536949978e-07,1,0,0,0,0,0,0,0.046873818559054863,0.00010351604211488702,-0.001273965026196768,0,0,0,-1.8112501875879877e-05,0,0,4.6776805797060713e-09,-3.2143505890819001e-07,-6.2463642784612421e-07,6.0630746481131991e-07,0.00089939369253518866,31.710511588742744,0.37699111843077515,0.64800000000000002,0.0010399958044715794,9.0847819973349232e-06,3.1131721660494084e-06,-0.010943365023568944,-0.0010224687308209733,0.00044420677102135223
FREE_6DOF,robot_component_fluid,0.0006249999999999999,0.0012202090396990909,-3.1442542730054156e-08,-6.0549162536949978e-07,1,0,0,0,0,0,0,0.046873818559054863,0.00010351604211488702,-0.001273965026196768,0,0,0,-1.9107351225215109e-05,0,0,5.0019885791421127e-09,-3.3697128417285828e-07,-6.8763832068006642e-07,6.0630746481131991e-07,0.00089939369253518866,31.710361588742742,0.39269908169872408,0.68359374999999989,0.0010399958044715794,9.0847819973349232e-06,3.1131721660494084e-06,-0.010939642603925204,-0.0010627936118032186,0.00044123625995020244
FREE_6DOF,robot_component_fluid,0.0006249999999999999,0.0012214008004732234,-2.880320307564645e-08,-6.3717266541938937e-07,1,0,0,0,0,0,0,0.048467043371543526,0.00010763113023772952,-0.0012605181777944011,0,0,0,-1.9107712726956834e-05,0,0,5.0019885791421127e-09,-3.3697128417285828e-07,-6.8763832068006642e-07,6.3782335333936001e-07,0.00089936217664666064,31.711553349516873,0.39269908169872408,0.68359374999999989,0.0010399958044715794,9.0847819973349232e-06,3.1131721660494084e-06,-0.010939642603925204,-0.0010627936118032186,0.00044123625995020244
FREE_6DOF,robot_component_fluid,0.0006249999999999999,0.0012214008004668799,-2.880320307564645e-08,-6.3717266541938937e-07,1,0,0,0,0,0,0,0.048467042864068895,0.00010763113023772952,-0.0012605181777944011,0,0,0,-1.9107712726954917e-05,0,0,5.0019885791421127e-09,-3.3697128417285828e-07,-6.8763832068006642e-07,6.3782335333936001e-07,0.00089936217664666064,31.711553349510531,0.39269908169872408,0.68359374999999989,0.0010399958044715794,9.0847819973349232e-06,3.1131721660494084e-06,-0.010939642603925204,-0.0010627936118032186,0.00044123625995020244
FREE_6DOF,robot_component_fluid,0.00064999999999999986,0.0012214008004668799,-2.880320307564645e-08,-6.3717266541938937e-07,1,0,0,0,0,0,0,0.048467042864068895,0.00010763113023772952,-0.0012605181777944011,0,0,0,-2.0076371363837026e-05,0,0,5.325017183220792e-09,-3.5174381972324076e-07,-7.5244139522349685e-07,6.3782335333936001e-07,0.00089936217664666064,31.71140334951053,0.40840704496667302,0.71824999999999972,0.0010399958044715794,9.0847819973349232e-06,3.1131721660494084e-06,-0.010935801579014252,-0.0011028439930878533,0.00043815402695791724
FREE_6DOF,robot_component_fluid,0.00064999999999999986,0.0012226321305602197,-2.6118529405129058e-08,-6.6846462014138644e-07,1,0,0,0,0,0,0,0.050039364603109204,0.00010714276340366183,-0.0012428381999653607,0,0,0,-2.0076763771472207e-05,0,0,5.325017183220792e-09,-3.5174381972324076e-07,-7.5244139522349685e-07,6.6897468259946473e-07,0.00089933102531740048,31.71263467960387,0.40840704496667302,0.71824999999999972,0.0010399958044715794,9.0847819973349232e-06,3.1131721660494084e-06,-0.010935801579014252,-0.0011028439930878533,0.00043815402695791724
FREE_6DOF,robot_component_fluid,0.00064999999999999986,0.001222632130553334,-2.6118529405129058e-08,-6.6846462014138644e-07,1,0,0,0,0,0,0,0.050039364052249007,0.00010714276340366183,-0.0012428381999653607,0,0,0,-2.0076763771470012e-05,0,0,5.325017183220792e-09,-3.5174381972324076e-07,-7.5244139522349685e-07,6.6897468259946473e-07,0.00089933102531740048,31.712634679596981,0.40840704496667302,0.71824999999999972,0.0010399958044715794,9.0847819973349232e-06,3.1131721660494084e-06,-0.010935801579014252,-0.0011028439930878533,0.00043815402695791724
FREE_6DOF,robot_component_fluid,0.00067499999999999982,0.001222632130553334,-2.6118529405129058e-08,-6.6846462014138644e-07,1,0,0,0,0,0,0,0.050039364052249007,0.00010714276340366183,-0.0012428381999653607,0,0,0,-2.1013990432665807e-05,0,0,5.6448760055148798e-09,-3.656592594114333e-07,-8.1868671872145458e-07,6.6897468259946473e-07,0.00089933102531740048,31.712484679596983,0.42411500823462195,0.75178124999999985,0.0010399958044715794,9.0847819973349232e-06,3.1131721660494084e-06,-0.010931845759615953,-0.0011426097651057495,0.00043496116223371993
FREE_6DOF,robot_component_fluid,0.00067499999999999982,0.0012239025470583275,-2.3548152626658379e-08,-6.9940325313561492e-07,1,0,0,0,0,0,0,0.051593956347233114,9.8487378873992462e-05,-0.0012322524395729179,0,0,0,-2.1014414161190907e-05,0,0,5.6448760055148798e-09,-3.656592594114333e-07,-8.1868671872145458e-07,6.9979956129509638e-07,0.00089930020043870493,31.713755096101977,0.42411500823462195,0.75178124999999985,0.0010399958044715794,9.0847819973349232e-06,3.1131721660494084e-06,-0.010931845759615953,-0.0011426097651057495,0.00043496116223371993
FREE_6DOF,robot_component_fluid,0.00067499999999999982,0.001223902547050892,-2.3548152626658379e-08,-6.9940325313561492e-07,1,0,0,0,0,0,0,0.051593955752404781,9.8487378873992462e-05,-0.0012322524395729179,0,0,0,-2.1014414161188423e-05,0,0,5.6448760055148798e-09,-3.656592594114333e-07,-8.1868671872145458e-07,6.9979956129509638e-07,0.00089930020043870493,31.713755096094541,0.42411500823462195,0.75178124999999985,0.0010399958044715794,9.0847819973349232e-06,3.1131721660494084e-06,-0.010931845759615953,-0.0011426097651057495,0.00043496116223371993
FREE_6DOF,robot_component_fluid,0.00069999999999999978,0.001223902547050892,-2.3548152626658379e-08,-6.9940325313561492e-07,1,0,0,0,0,0,0,0.051593955752404788,9.8487378873992462e-05,-0.0012322524395729179,0,0,0,-2.1914967259894715e-05,0,0,5.9596131615532217e-09,-3.7862761540099215e-07,-8.8598483896261189e-07,6.9979956129509638e-07,0.00089930020043870493,31.71360509609454,0.43982297150257094,0.78399999999999959,0.0010399958044715794,9.0847819973349232e-06,3.1131721660494084e-06,-0.010927779069771579,-0.0011820809161311801,0.00043165878883752706
FREE_6DOF,robot_component_fluid,0.00069999999999999978,0.001225211420395878,-2.123056147030156e-08,-7.3013596196120495e-07,1,0,0,0,0,0,0,0.053115911846486112,8.6919913634552872e-05,-0.0012263642664742851,0,0,0,-2.191542248396619e-05,0,0,5.9596131615532217e-09,-3.7862761540099215e-07,-8.8598483896261189e-07,7.3044456305003625e-07,0.00089926955543694997,31.714913969439529,0.43982297150257094,0.78399999999999959,0.0010399958044715794,9.0847819973349232e-06,3.1131721660494084e-06,-0.010927779069771579,-0.0011820809161311801,0.00043165878883752706
FREE_6DOF,robot_component_fluid,0.00069999999999999978,0.00122521142038789,-2.123056147030156e-08,-7.3013596196120495e-07,1,0,0,0,0,0,0,0.053115911207444466,8.6919913634552872e-05,-0.0012263642664742851,0,0,0,-2.1915422483963405e-05,0,0,5.9596131615532217e-09,-3.7862761540099215e-07,-8.8598483896261189e-07,7.3044456305003625e-07,0.00089926955543694997,31.714913969431539,0.43982297150257094,0.78399999999999959,0.0010399958044715794,9.0847819973349232e-06,3.1131721660494084e-06,-0.010927779069771579,-0.0011820809161311801,0.00043165878883752706
FREE_6DOF,robot_component_fluid,0.00072499999999999973,0.00122521142038789,-2.123056147030156e-08,-7.3013596196120495e-07,1,0,0,0,0,0,0,0.053115911207444466,8.6919913634552872e-05,-0.0012263642664742851,0,0,0,-2.2774060089402806e-05,0,0,6.2672191901926691e-09,-3.9056252395656036e-07,-9.5391649373456634e-07,7.3044456305003625e-07,0.00089926955543694997,31.714763969431541,0.45553093477051987,0.81471874999999971,0.0010399958044715794,9.0847819973349232e-06,3.1131721660494084e-06,-0.010923605542833994,-0.0012212475352028744,0.0004282480616737193
FREE_6DOF,robot_component_fluid,0.00072499999999999973,0.0012265575573193784,-1.8955390254850944e-08,-7.6097517464559321e-07,1,0,0,0,0,0,0,0.05457504331163452,9.5093783601496196e-05,-0.0012407727482767748,0,0,0,-2.277454657349913e-05,0,0,6.2672191901926691e-09,-3.9056252395656036e-07,-9.5391649373456634e-07,7.6121122117754198e-07,0.00089923878877882244,31.716110106363029,0.45553093477051987,0.81471874999999971,0.0010399958044715794,9.0847819973349232e-06,3.1131721660494084e-06,-0.010923605542833994,-0.0012212475352028744,0.0004282480616737193
FREE_6DOF,robot_component_fluid,0.00072499999999999973,0.0012265575573108419,-1.8955390254850944e-08,-7.6097517464559321e-07,1,0,0,0,0,0,0,0.054575042628710185,9.5093783601496196e-05,-0.0012407727482767748,0,0,0,-2.2774546573496047e-05,0,0,6.2672191901926691e-09,-3.9056252395656036e-07,-9.5391649373456634e-07,7.6121122117754198e-07,0.00089923878877882244,31.716110106354492,0.45553093477051987,0.81471874999999971,0.0010399958044715794,9.0847819973349232e-06,3.1131721660494084e-06,-0.010923605542833994,-0.0012212475352028744,0.0004282480616737193
FREE_6DOF,robot_component_fluid,0.00074999999999999969,0.0012265575573108419,-1.8955390254850944e-08,-7.6097517464559321e-07,1,0,0,0,0,0,0,0.054575042628710185,9.5093783601496196e-05,-0.0012407727482767748,0,0,0,-2.3586026386101099e-05,0,0,6.5656310401956661e-09,-4.0138144585858596e-07,-1.0220333577468532e-06,7.6121122117754198e-07,0.00089923878877882244,31.71596010635449,0.4712388980384688,0.84374999999999967,0.0010399958044715794,9.0847819973349232e-06,3.1131721660494084e-06,-0.010919329317410086,-0.00126009981495866,0.00042473016644654021
FREE_6DOF,robot_component_fluid,0.00074999999999999969,0.0012279396268515567,-1.6344107943456198e-08,-7.9235635582767919e-07,1,0,0,0,0,0,0,0.055990520628465046,0.0001138088013100831,-0.0012697217462901015,0,0,0,-2.3586543604898377e-05,0,0,6.5656310401956661e-09,-4.0138144585858596e-07,-1.0220333577468532e-06,7.9252490464652729e-07,0.00089920747509535342,31.717342175895208,0.4712388980384688,0.84374999999999967,0.0010399958044715794,9.0847819973349232e-06,3.1131721660494084e-06,-0.010919329317410086,-0.00126009981495866,0.00042473016644654021
FREE_6DOF,robot_component_fluid,0.00074999999999999969,0.0012279396268424806,-1.6344107943456198e-08,-7.9235635582767919e-07,1,0,0,0,0,0,0,0.055990519902395459,0.0001138088013100831,-0.0012697217462901015,0,0,0,-2.3586543604894982e-05,0,0,6.5656310401956661e-09,-4.0138144585858596e-07,-1.0220333577468532e-06,7.9252490464652729e-07,0.00089920747509535342,31.717342175886131,0.4712388980384688,0.84374999999999967,0.0010399958044715794,9.0847819973349232e-06,3.1131721660494084e-06,-0.010919329317410086,-0.00126009981495866,0.00042473016644654021
FREE_6DOF,robot_component_fluid,0.00077499999999999965,0.0012279396268424806,-1.6344107943456198e-08,-7.9235635582767919e-07,1,0,0,0,0,0,0,0.055990519902395466,0.0001138088013100831,-0.0012697217462901015,0,0,0,-2.4345622939504184e-05,0,0,6.8527361179922541e-09,-4.1100586125709239e-07,-1.0898588262212375e-06,7.9252490464652729e-07,0.00089920747509535342,31.717192175886129,0.48694686130641773,0.87090624999999944,0.0010399958044715794,9.0847819973349232e-06,3.1131721660494084e-06,-0.010914954633199707,-0.0012986280543820785,0.00042110631859909299
FREE_6DOF,robot_component_fluid,0.00077499999999999965,0.0012293568790741776,-1.3261033363085979e-08,-8.2427131893825471e-07,1,0,0,0,0,0,0,0.057389658633362817,0.00013283716511953446,-0.0012834753025559385,0,0,0,-2.4346170342147082e-05,0,0,6.8527361179922541e-09,-4.1100586125709239e-07,-1.0898588262212375e-06,8.2437798504694857e-07,0.000899175622014953,31.718609428117826,0.48694686130641773,0.87090624999999944,0.0010399958044715794,9.0847819973349232e-06,3.1131721660494084e-06,-0.010914954633199707,-0.0012986280543820785,0.00042110631859909299
FREE_6DOF,robot_component_fluid,0.00077499999999999965,0.001229356879064572,-1.3261033363085979e-08,-8.2427131893825471e-07,1,0,0,0,0,0,0,0.057389657864921277,0.00013283716511953446,-0.0012834753025559385,0,0,0,-2.4346170342143366e-05,0,0,6.8527361179922541e-09,-4.1100586125709239e-07,-1.0898588262212375e-06,8.2437798504694857e-07,0.000899175622014953,31.71860942810822,0.48694686130641773,0.87090624999999944,0.0010399958044715794,9.0847819973349232e-06,3.1131721660494084e-06,-0.010914954633199707,-0.0012986280543820785,0.00042110631859909299
FREE_6DOF,robot_component_fluid,0.0007999999999999996,0.001229356879064572,-1.3261033363085979e-08,-8.2427131893825471e-07,1,0,0,0,0,0,0,0.057389657864921284,0.00013283716511953446,-0.0012834753025559385,0,0,0,-2.5047606120830439e-05,0,0,7.1263763926359655e-09,-4.1936145879134404e-07,-1.1568888343214867e-06,8.2437798504694857e-07,0.000899175622014953,31.718459428108222,0.50265482457436672,0.89599999999999957,0.0010399958044715794,9.0847819973349232e-06,3.1131721660494084e-06,-0.010910485826735561,-0.0013368226614595112,0.00041737776223793051
FREE_6DOF,robot_component_fluid,0.0007999999999999996,0.0012308087900909962,-9.5890706988227136e-09,-8.5632292909368006e-07,1,0,0,0,0,0,0,0.058763224249014256,0.00016091984802152684,-0.0012806535098780945,0,0,0,-2.5048183010649652e-05,0,0,7.1263763926359655e-09,-4.1936145879134404e-07,-1.1568888343214867e-06,8.5637661643020512e-07,0.00089914362338356973,31.719911339134647,0.50265482457436672,0.89599999999999957,0.0010399958044715794,9.0847819973349232e-06,3.1131721660494084e-06,-0.010910485826735561,-0.0013368226614595112,0.00041737776223793051
FREE_6DOF,robot_component_fluid,0.0007999999999999996,0.0012308087900808735,-9.5890706988227136e-09,-8.5632292909368006e-07,1,0,0,0,0,0,0,0.058763223439178738,0.00016091984802152684,-0.0012806535098780945,0,0,0,-2.5048183010645637e-05,0,0,7.1263763926359655e-09,-4.1936145879134404e-07,-1.1568888343214867e-06,8.5637661643020512e-07,0.00089914362338356973,31.719911339124526,0.50265482457436672,0.89599999999999957,0.0010399958044715794,9.0847819973349232e-06,3.1131721660494084e-06,-0.010910485826735561,-0.0013368226614595112,0.00041737776223793051
FREE_6DOF,robot_component_fluid,0.00082499999999999956,0.0012308087900808735,-9.5890706988227136e-09,-8.5632292909368006e-07,1,0,0,0,0,0,0,0.058763223439178745,0.00016091984802152684,-0.0012806535098780945,0,0,0,-2.5686731750163902e-05,0,0,7.3843525539998319e-09,-4.2637831881529269e-07,-1.2225927115690745e-06,8.5637661643020512e-07,0.00089914362338356973,31.719761339124524,0.5183627878423156,0.91884374999999952,0.0010399958044715794,9.0847819973349232e-06,3.1131721660494084e-06,-0.010905927327028515,-0.0013746741557465235,0.00041354576904525367
FREE_6DOF,robot_component_fluid,0.00082499999999999956,0.0012322946282322569,-5.1271572144637326e-09,-8.8832638427916027e-07,1,0,0,0,0,0,0,0.060103828671474256,0.00019603323072719158,-0.0012796229049603235,0,0,0,-2.5687337109710697e-05,0,0,7.3843525539998319e-09,-4.2637831881529269e-07,-1.2225927115690745e-06,8.8834118037361535e-07,0.00089911165881962631,31.721247177275906,0.5183627878423156,0.91884374999999952,0.0010399958044715794,9.0847819973349232e-06,3.1131721660494084e-06,-0.010905927327028515,-0.0013746741557465235,0.00041354576904525367
FREE_6DOF,robot_component_fluid,0.00082499999999999956,0.0012322946282216343,-5.1271572144637326e-09,-8.8832638427916027e-07,1,0,0,0,0,0,0,0.060103827821673061,0.00019603323072719158,-0.0012796229049603235,0,0,0,-2.5687337109706371e-05,0,0,7.3843525539998319e-09,-4.2637831881529269e-07,-1.2225927115690745e-06,8.8834118037361535e-07,0.00089911165881962631,31.721247177265283,0.5183627878423156,0.91884374999999952,0.0010399958044715794,9.0847819973349232e-06,3.1131721660494084e-06,-0.010905927327028515,-0.0013746741557465235,0.00041354576904525367
FREE_6DOF,robot_component_fluid,0.00084999999999999952,0.0012322946282216343,-5.1271572144637326e-09,-8.8832638427916027e-07,1,0,0,0,0,0,0,0.060103827821673068,0.00019603323072719158,-0.0012796229049603235,0,0,0,-2.6257754904415864e-05,0,0,7.6244282203010406e-09,-4.3199109058180668e-07,-1.2864140703670792e-06,8.8834118037361535e-07,0.00089911165881962631,31.721097177265285,0.53407075111026459,0.9392499999999997,0.0010399958044715794,9.0847819973349232e-06,3.1131721660494084e-06,-0.010901283651122896,-0.0014121731708422799,0.00040961163718073823
FREE_6DOF,robot_component_fluid,0.00084999999999999952,0.0012338135298403542,2.975222889973327e-10,-9.2040137043823156e-07,1,0,0,0,0,0,0,0.061408301675924017,0.00023794112954969365,-0.0012863759877653779,0,0,0,-2.6258387411360406e-05,0,0,7.6244282203010406e-09,-4.3199109058180668e-07,-1.2864140703670792e-06,9.2040141852568174e-07,0.00089907959858147432,31.722616078884005,0.53407075111026459,0.9392499999999997,0.0010399958044715794,9.0847819973349232e-06,3.1131721660494084e-06,-0.010901283651122896,-0.0014121731708422799,0.00040961163718073823
FREE_6DOF,robot_component_fluid,0.00084999999999999952,0.0012338135298292554,2.975222889973327e-10,-9.2040137043823156e-07,1,0,0,0,0,0,0,0.06140830078801341,0.00023794112954969365,-0.0012863759877653779,0,0,0,-2.6258387411355791e-05,0,0,7.6244282203010406e-09,-4.3199109058180668e-07,-1.2864140703670792e-06,9.2040141852568174e-07,0.00089907959858147432,31.722616078872907,0.53407075111026459,0.9392499999999997,0.0010399958044715794,9.0847819973349232e-06,3.1131721660494084e-06,-0.010901283651122896,-0.0014121731708422799,0.00040961163718073823
FREE_6DOF,robot_component_fluid,0.00087499999999999948,0.0012338135298292554,2.975222889973327e-10,-9.2040137043823156e-07,1,0,0,0,0,0,0,0.061408300788013417,0.00023794112954969365,-0.0012863759877653779,0,0,0,-2.6755429918402511e-05,0,0,7.8443341910901527e-09,-4.3613916325185373e-07,-1.3477717277319924e-06,9.2040141852568174e-07,0.00089907959858147432,31.722466078872905,0.54977871437821346,0.95703124999999956,0.0010399958044715794,9.0847819973349232e-06,3.1131721660494084e-06,-0.010896559399566486,-0.0014493104567710549,0.00040557669017503181
FREE_6DOF,robot_component_fluid,0.00087499999999999948,0.0012353646678882025,6.8934070392837221e-09,-9.5275747281735345e-07,1,0,0,0,0,0,0,0.0626827439277437,0.00028972965047321741,-0.001302112202564372,0,0,0,-2.6756088006652614e-05,0,0,7.8443341910901527e-09,-4.3613916325185373e-07,-1.3477717277319924e-06,9.5278241013880979e-07,0.00089904721758986121,31.724017216931852,0.54977871437821346,0.95703124999999956,0.0010399958044715794,9.0847819973349232e-06,3.1131721660494084e-06,-0.010896559399566486,-0.0014493104567710549,0.00040557669017503181
FREE_6DOF,robot_component_fluid,0.00087499999999999948,0.0012353646678766547,6.8934070392837221e-09,-9.5275747281735345e-07,1,0,0,0,0,0,0,0.062682743003922167,0.00028972965047321741,-0.001302112202564372,0,0,0,-2.6756088006647708e-05,0,0,7.8443341910901527e-09,-4.3613916325185373e-07,-1.3477717277319924e-06,9.5278241013880979e-07,0.00089904721758986121,31.724017216920306,0.54977871437821346,0.95703124999999956,0.0010399958044715794,9.0847819973349232e-06,3.1131721660494084e-06,-0.010896559399566486,-0.0014493104567710549,0.00040557669017503181
FREE_6DOF,robot_component_fluid,0.00089999999999999943,0.0012353646678766547,6.8934070392837221e-09,-9.5275747281735345e-07,1,0,0,0,0,0,0,0.062682743003922167,0.00028972965047321741,-0.001302112202564372,0,0,0,-2.7174510433702586e-05,0,0,8.0417727418930688e-09,-4.3876683060795265e-07,-1.4060606593122162e-06,9.5278241013880979e-07,0.00089904721758986121,31.723867216920304,0.56548667764616245,0.97199999999999975,0.0010399958044715794,9.0847819973349232e-06,3.1131721660494084e-06,-0.010891759251799936,-0.0014860768822700318,0.00040144227581695408
FREE_6DOF,robot_component_fluid,0.00089999999999999943,0.0012369474031083193,1.4840944510158692e-08,-9.8575605093882969e-07,1,0,0,0,0,0,0,0.063936075529246059,0.00034607334719678008,-0.0013377740471537251,0,0,0,-2.7175192354799996e-05,0,0,8.0417727418930688e-09,-4.3876683060795265e-07,-1.4060606593122162e-06,9.8586776273315181e-07,0.00089901413223726677,31.725449952151969,0.56548667764616245,0.97199999999999975,0.0010399958044715794,9.0847819973349232e-06,3.1131721660494084e-06,-0.010891759251799936,-0.0014860768822700318,0.00040144227581695408
FREE_6DOF,robot_component_fluid,0.00089999999999999943,0.0012369474030963533,1.4840944510158692e-08,-9.8575605093882969e-07,1,0,0,0,0,0,0,0.06393607457196808,0.00034607334719678008,-0.0013377740471537251,0,0,0,-2.7175192354794839e-05,0,0,8.0417727418930688e-09,-4.3876683060795265e-07,-1.4060606593122162e-06,9.8586776273315181e-07,0.00089901413223726677,31.725449952140004,0.56548667764616245,0.97199999999999975,0.0010399958044715794,9.0847819973349232e-06,3.1131721660494084e-06,-0.010891759251799936,-0.0014860768822700318,0.00040144227581695408
FREE_6DOF,robot_component_fluid,0.00092499999999999939,0.0012369474030963533,1.4840944510158692e-08,-9.8575605093882969e-07,1,0,0,0,0,0,0,0.06393607457196808,0.00034607334719678008,-0.0013377740471537251,0,0,0,-2.7509749449077471e-05,0,0,8.2144219567504833e-09,-4.3982344936430812e-07,-1.4606529847527044e-06,9.8586776273315181e-07,0.00089901413223726677,31.725299952140006,0.58119464091411133,0.98396874999999973,0.0010399958044715794,9.0847819973349232e-06,3.1131721660494084e-06,-0.01088688796147046,-0.0015224634369827325,0.00039720976503644238
FREE_6DOF,robot_component_fluid,0.00092499999999999939,0.0012385612326866581,2.4228291655675013e-08,-1.019745998098556e-06,1,0,0,0,0,0,0,0.065170292652417777,0.00040491442444452535,-0.0013814217256243792,0,0,0,-2.7510453249516819e-05,0,0,8.2144219567504833e-09,-4.3982344936430812e-07,-1.4606529847527044e-06,1.020033779222322e-06,0.0008989799662207777,31.72691378173031,0.58119464091411133,0.98396874999999973,0.0010399958044715794,9.0847819973349232e-06,3.1131721660494084e-06,-0.01088688796147046,-0.0015224634369827325,0.00039720976503644238
FREE_6DOF,robot_component_fluid,0.00092499999999999939,0.0012385612326743082,2.4228291655675013e-08,-1.019745998098556e-06,1,0,0,0,0,0,0,0.065170291664425672,0.00040491442444452535,-0.0013814217256243792,0,0,0,-2.7510453249511429e-05,0,0,8.2144219567504833e-09,-4.3982344936430812e-07,-1.4606529847527044e-06,1.020033779222322e-06,0.0008989799662207777,31.726913781717958,0.58119464091411133,0.98396874999999973,0.0010399958044715794,9.0847819973349232e-06,3.1131721660494084e-06,-0.01088688796147046,-0.0015224634369827325,0.00039720976503644238
FREE_6DOF,robot_component_fluid,0.00094999999999999935,0.0012385612326743082,2.4228291655675013e-08,-1.019745998098556e-06,1,0,0,0,0,0,0,0.065170291664425672,0.00040491442444452535,-0.0013814217256243792,0,0,0,-2.775589928598245e-05,0,0,8.3599400949600158e-09,-4.3926359097902289e-07,-1.5108989834475428e-06,1.020033779222322e-06,0.0008989799662207777,31.726763781717956,0.59690260418206031,0.9927499999999998,0.0010399958044715794,9.0847819973349232e-06,3.1131721660494084e-06,-0.010881950351674682,-0.0015584612335576083,0.00039288055078527543
FREE_6DOF,robot_component_fluid,0.00094999999999999935,0.0012402056834200283,3.5050354349719013e-08,-1.054786983616605e-06,1,0,0,0,0,0,0,0.066385767993190403,0.00046085059107899435,-0.0014218571158195279,0,0,0,-2.7756622757153625e-05,0,0,8.3599400949600158e-09,-4.3926359097902289e-07,-1.5108989834475428e-06,1.0553691809727327e-06,0.00089894463081902727,31.728408232463678,0.59690260418206031,0.9927499999999998,0.0010399958044715794,9.0847819973349232e-06,3.1131721660494084e-06,-0.010881950351674682,-0.0015584612335576083,0.00039288055078527543
FREE_6DOF,robot_component_fluid,0.00094999999999999935,0.0012402056834073334,3.5050354349719013e-08,-1.054786983616605e-06,1,0,0,0,0,0,0,0.066385766977584609,0.00046085059107899435,-0.0014218571158195279,0,0,0,-2.7756622757148042e-05,0,0,8.3599400949600158e-09,-4.3926359097902289e-07,-1.5108989834475428e-06,1.0553691809727327e-06,0.00089894463081902727,31.728408232450981,0.59690260418206031,0.9927499999999998,0.0010399958044715794,9.0847819973349232e-06,3.1131721660494084e-06,-0.010881950351674682,-0.0015584612335576083,0.00039288055078527543
FREE_6DOF,robot_component_fluid,0.0009749999999999993,0.0012402056834073334,3.5050354349719013e-08,-1.054786983616605e-06,1,0,0,0,0,0,0,0.066385766977584609,0.00046085059107899435,-0.0014218571158195279,0,0,0,-2.7907711525963849e-05,0,0,8.4759699883901458e-09,-4.3704718688660407e-07,-1.556128139706166e-06,1.0553691809727327e-06,0.00089894463081902727,31.728258232450983,0.6126105674500093,0.99815624999999986,0.0010399958044715794,9.0847819973349232e-06,3.1131721660494084e-06,-0.010876951310135613,-0.0015940615096514618,0.0003884560469175989
FREE_6DOF,robot_component_fluid,0.0009749999999999993,0.0012418803808802558,4.7138679366231096e-08,-1.090735504473433e-06,1,0,0,0,0,0,0,0.067590030856202271,0.00050621541024197252,-0.0014540245527267048,0,0,0,-2.79084522291853e-05,0,0,8.4759699883901458e-09,-4.3704718688660407e-07,-1.556128139706166e-06,1.0917536332943009e-06,0.0008989082463667057,31.729932929923908,0.6126105674500093,0.99815624999999986,0.0010399958044715794,9.0847819973349232e-06,3.1131721660494084e-06,-0.010876951310135613,-0.0015940615096514618,0.0003884560469175989
FREE_6DOF,robot_component_fluid,0.0009749999999999993,0.0012418803808672584,4.7138679366231096e-08,-1.090735504473433e-06,1,0,0,0,0,0,0,0.067590029816406189,0.00050621541024197252,-0.0014540245527267048,0,0,0,-2.7908452229179551e-05,0,0,8.4759699883901458e-09,-4.3704718688660407e-07,-1.556128139706166e-06,1.0917536332943009e-06,0.0008989082463667057,31.729932929910909,0.6126105674500093,0.99815624999999986,0.0010399958044715794,9.0847819973349232e-06,3.1131721660494084e-06,-0.010876951310135613,-0.0015940615096514618,0.0003884560469175989
FREE_6DOF,robot_component_fluid,0.00099999999999999937,0.0012418803808672584,4.7138679366231096e-08,-1.090735504473433e-06,1,0,0,0,0,0,0,0.067590029816406202,0.00050621541024197252,-0.0014540245527267048,0,0,0,-2.7959937023396576e-05,0,0,8.5601434658021197e-09,-4.3313966708160785e-07,-1.5956502163444877e-06,1.0917536332943009e-06,0.0008989082463667057,31.729782929910908,0.62831853071795829,1,0.0010399958044715794,9.0847819973349232e-06,3.1131721660494084e-06,-0.010871895784318767,-0.0016292556298375652,0.00038393768707226404
FREE_6DOF,robot_component_fluid,0.00099999999999999937,0.0012435851304747499,6.0253769276193648e-08,-1.1272408840435301e-06,1,0,0,0,0,0,0,0.068789938782927149,0.00054299178255503178,-0.0014664058128810518,0,0,0,-2.7960692320437768e-05,0,0,8.5601434658021197e-09,-4.3313966708160785e-07,-1.5956502163444877e-06,1.1288500907433317e-06,0.00089887114990925665,31.731487679518398,0.62831853071795829,1,0.0010399958044715794,9.0847819973349232e-06,3.1131721660494084e-06,-0.010871895784318767,-0.0016292556298375652,0.00038393768707226404
FREE_6DOF,robot_component_fluid,0.00099999999999999937,0.0012435851304614964,6.0253769276193648e-08,-1.1272408840435301e-06,1,0,0,0,0,0,0,0.068789937722644329,0.00054299178255503178,-0.0014664058128810518,0,0,0,-2.7960692320431899e-05,0,0,8.5601434658021197e-09,-4.3313966708160785e-07,-1.5956502163444877e-06,1.1288500907433317e-06,0.00089887114990925665,31.731487679505147,0.62831853071795829,1,0.0010399958044715794,9.0847819973349232e-06,3.1131721660494084e-06,-0.010871895784318767,-0.0016292556298375652,0.00038393768707226404
FREE_6DOF,robot_component_fluid,0.0010249999999999994,0.0012435851304614964,6.0253769276193648e-08,-1.1272408840435301e-06,1,0,0,0,0,0,0,0.068789937722644329,0.00054299178255503178,-0.0014664058128810518,0,0,0,-2.7960625866281577e-05,0,0,8.6265301237338127e-09,-4.2832859337775653e-07,-1.6318671023632034e-06,1.1288500907433317e-06,0.00089887114990925665,31.731337679505145,0.64402649398590728,1,0.0010399958044715794,9.0847819973349232e-06,3.1131721660494084e-06,-0.010866788776492503,-0.0016640350874184864,0.00037932692355897163
FREE_6DOF,robot_component_fluid,0.0010249999999999994,0.0012453197164306914,7.4134806730436287e-08,-1.1637340145903768e-06,1,0,0,0,0,0,0,0.069976939812963851,0.00056749121378437989,-0.0014530446308666726,0,0,0,-2.796139428836719e-05,0,0,8.6265301237338127e-09,-4.2832859337775653e-07,-1.6318671023632034e-06,1.1660929749739488e-06,0.00089883390702502597,31.733072265474341,0.64402649398590728,1,0.0010399958044715794,9.0847819973349232e-06,3.1131721660494084e-06,-0.010866788776492503,-0.0016640350874184864,0.00037932692355897163
FREE_6DOF,robot_component_fluid,0.0010249999999999994,0.0012453197164172076,7.4134806730436287e-08,-1.1637340145903768e-06,1,0,0,0,0,0,0,0.069976938734256144,0.00056749121378437989,-0.0014530446308666726,0,0,0,-2.796139428836121e-05,0,0,8.6265301237338127e-09,-4.2832859337775653e-07,-1.6318671023632034e-06,1.1660929749739488e-06,0.00089883390702502597,31.733072265460855,0.64402649398590728,1,0.0010399958044715794,9.0847819973349232e-06,3.1131721660494084e-06,-0.010866788776492503,-0.0016640350874184864,0.00037932692355897163
FREE_6DOF,robot_component_fluid,0.0010499999999999995,0.0012453197164172076,7.4134806730436287e-08,-1.1637340145903768e-06,1,0,0,0,0,0,0,0.069976938734256144,0.00056749121378437989,-0.0014530446308666726,0,0,0,-2.7961327842424847e-05,0,0,8.6907736751668639e-09,-4.2342280436375033e-07,-1.6676444515527397e-06,1.1660929749739488e-06,0.00089883390702502597,31.732922265460857,0.65973445725385627,1,0.0010399958044715794,9.0847819973349232e-06,3.1131721660494084e-06,-0.010861635338737697,-0.0016983915061438023,0.00037462522625018971
FREE_6DOF,robot_component_fluid,0.0010499999999999995,0.0012470836938302814,8.8545077335110604e-08,-1.199673724531425e-06,1,0,0,0,0,0,0,0.071141254311633456,0.00058533043458956627,-0.0014221321644171685,0,0,0,-2.796210918743763e-05,0,0,8.6907736751668639e-09,-4.2342280436375033e-07,-1.6676444515527397e-06,1.2029369376868357e-06,0.00089879706306231319,31.734686242873931,0.65973445725385627,1,0.0010399958044715794,9.0847819973349232e-06,3.1131721660494084e-06,-0.010861635338737697,-0.0016983915061438023,0.00037462522625018971
FREE_6DOF,robot_component_fluid,0.0010499999999999995,0.0012470836938165708,8.8545077335110604e-08,-1.199673724531425e-06,1,0,0,0,0,0,0,0.071141253214784594,0.00058533043458956627,-0.0014221321644171685,0,0,0,-2.7962109187431561e-05,0,0,8.6907736751668639e-09,-4.2342280436375033e-07,-1.6676444515527397e-06,1.2029369376868357e-06,0.00089879706306231319,31.734686242860221,0.65973445725385627,1,0.0010399958044715794,9.0847819973349232e-06,3.1131721660494084e-06,-0.010861635338737697,-0.0016983915061438023,0.00037462522625018971
FREE_6DOF,robot_component_fluid,0.0010749999999999996,0.0012470836938165708,8.8545077335110604e-08,-1.199673724531425e-06,1,0,0,0,0,0,0,0.071141253214784608,0.00058533043458956627,-0.0014221321644171685,0,0,0,-2.7962042749861554e-05,0,0,8.7528619575764455e-09,-4.1842386168901428e-07,-1.7029736436961779e-06,1.2029369376868357e-06,0.00089879706306231319,31.734536242860219,0.67544242052180525,1,0.0010399958044715794,9.0847819973349232e-06,3.1131721660494084e-06,-0.010856440567911909,-0.0017323166418330624,0.00036983408148078949
FREE_6DOF,robot_component_fluid,0.0010749999999999996,0.0012488766275980721,1.0351041176049276e-07,-1.2348396954507856e-06,1,0,0,0,0,0,0,0.072293449305317725,0.00061189631944100654,-0.001391145509131669,0,0,0,-2.7962836820054109e-05,0,0,8.7528619575764455e-09,-4.1842386168901428e-07,-1.7029736436961779e-06,1.2391704801212041e-06,0.00089876082951987875,31.736329176641721,0.67544242052180525,1,0.0010399958044715794,9.0847819973349232e-06,3.1131721660494084e-06,-0.010856440567911909,-0.0017323166418330624,0.00036983408148078949
FREE_6DOF,robot_component_fluid,0.0010749999999999996,0.0012488766275841384,1.0351041176049276e-07,-1.2348396954507856e-06,1,0,0,0,0,0,0,0.072293448190605306,0.00061189631944100654,-0.001391145509131669,0,0,0,-2.7962836820047939e-05,0,0,8.7528619575764455e-09,-4.1842386168901428e-07,-1.7029736436961779e-06,1.2391704801212041e-06,0.00089876082951987875,31.736329176627788,0.67544242052180525,1,0.0010399958044715794,9.0847819973349232e-06,3.1131721660494084e-06,-0.010856440567911909,-0.0017323166418330624,0.00036983408148078949
FREE_6DOF,robot_component_fluid,0.0010999999999999996,0.0012488766275841384,1.0351041176049276e-07,-1.2348396954507856e-06,1,0,0,0,0,0,0,0.072293448190605319,0.00061189631944100654,-0.001391145509131669,0,0,0,-2.7962770390994427e-05,0,0,8.8127833640016536e-09,-4.1333334311303614e-07,-1.7378461971579942e-06,1.2391704801212041e-06,0.00089876082951987875,31.73617917662779,0.69115038378975424,1,0.0010399958044715794,9.0847819973349232e-06,3.1131721660494084e-06,-0.010851209600573225,-0.0017658023839044969,0.00036495499095730798
FREE_6DOF,robot_component_fluid,0.0010999999999999996,0.0012506984203173332,1.1921897827347108e-07,-1.2692622321186641e-06,1,0,0,0,0,0,0,0.073449970464965167,0.00064478900159725986,-0.0013626574242986183,0,0,0,-2.7963577138147836e-05,0,0,8.8127833640016536e-09,-4.1333334311303614e-07,-1.7378461971579942e-06,1.2748489238585972e-06,0.00089872515107614136,31.738000969360986,0.69115038378975424,1,0.0010399958044715794,9.0847819973349232e-06,3.1131721660494084e-06,-0.010851209600573225,-0.0017658023839044969,0.00036495499095730798
FREE_6DOF,robot_component_fluid,0.0010999999999999996,0.0012506984203031768,1.1921897827347108e-07,-1.2692622321186641e-06,1,0,0,0,0,0,0,0.073449969332456885,0.00064478900159725986,-0.0013626574242986183,0,0,0,-2.7963577138141575e-05,0,0,8.8127833640016536e-09,-4.1333334311303614e-07,-1.7378461971579942e-06,1.2748489238585972e-06,0.00089872515107614136,31.738000969346828,0.69115038378975424,1,0.0010399958044715794,9.0847819973349232e-06,3.1131721660494084e-06,-0.010851209600573225,-0.0017658023839044969,0.00036495499095730798
FREE_6DOF,robot_component_fluid,0.0011249999999999997,0.0012506984203031768,1.1921897827347108e-07,-1.2692622321186641e-06,1,0,0,0,0,0,0,0.073449969332456899,0.00064478900159725986,-0.0013626574242986183,0,0,0,-2.79635107177542e-05,0,0,8.8705268377087638e-09,-4.0815284136705765e-07,-1.7722537704230374e-06,1.2748489238585972e-06,0.00089872515107614136,31.737850969346827,0.70685834705770334,1,0.0010399958044715794,9.0847819973349232e-06,3.1131721660494084e-06,-0.010845947607868991,-0.0017988407568101565,0.00035998947067871645
FREE_6DOF,robot_component_fluid,0.0011249999999999997,0.001252549186057061,1.3573020938748772e-07,-1.3029620252773034e-06,1,0,0,0,0,0,0,0.074611290978281619,0.00067610948752407172,-0.001333326028392535,0,0,0,-2.7964330187219423e-05,0,0,8.8705268377087638e-09,-4.0815284136705765e-07,-1.7722537704230374e-06,1.310012491946204e-06,0.00089868998750805378,31.739701735100709,0.70685834705770334,1,0.0010399958044715794,9.0847819973349232e-06,3.1131721660494084e-06,-0.010845947607868991,-0.0017988407568101565,0.00035998947067871645
FREE_6DOF,robot_component_fluid,0.0011249999999999997,0.0012525491860426814,1.3573020938748772e-07,-1.3029620252773034e-06,1,0,0,0,0,0,0,0.074611289827913818,0.00067610948752407172,-0.001333326028392535,0,0,0,-2.796433018721305e-05,0,0,8.8705268377087638e-09,-4.0815284136705765e-07,-1.7722537704230374e-06,1.310012491946204e-06,0.00089868998750805378,31.739701735086332,0.70685834705770334,1,0.0010399958044715794,9.0847819973349232e-06,3.1131721660494084e-06,-0.010845947607868991,-0.0017988407568101565,0.00035998947067871645
FREE_6DOF,robot_component_fluid,0.0011499999999999998,0.0012525491860426814,1.3573020938748772e-07,-1.3029620252773034e-06,1,0,0,0,0,0,0,0.074611289827913832,0.00067610948752407172,-0.001333326028392535,0,0,0,-2.7964263775642064e-05,0,0,8.9260818666869697e-09,-4.0288396302954625e-07,-1.806188163539324e-06,1.310012491946204e-06,0.00089868998750805378,31.73955173508633,0.72256631032565233,1,0.0010399958044715794,9.0847819973349232e-06,3.1131721660494084e-06,-0.010840659790394693,-0.0018314239213783141,0.00035493904987052868
FREE_6DOF,robot_component_fluid,0.0011499999999999998,0.0012544288828299529,1.530360925308574e-07,-1.3359024190193695e-06,1,0,0,0,0,0,0,0.075764453153799441,0.00070836116394550096,-0.0013019054709727659,0,0,0,-2.7965095943572539e-05,0,0,8.9260818666869697e-09,-4.0288396302954625e-07,-1.806188163539324e-06,1.3446394753832404e-06,0.00089865536052461672,31.7414314318736,0.72256631032565233,1,0.0010399958044715794,9.0847819973349232e-06,3.1131721660494084e-06,-0.010840659790394693,-0.0018314239213783141,0.00035493904987052868
FREE_6DOF,robot_component_fluid,0.0011499999999999998,0.0012544288828153507,1.530360925308574e-07,-1.3359024190193695e-06,1,0,0,0,0,0,0,0.07576445198560558,0.00070836116394550096,-0.0013019054709727659,0,0,0,-2.7965095943566081e-05,0,0,8.9260818666869697e-09,-4.0288396302954625e-07,-1.806188163539324e-06,1.3446394753832404e-06,0.00089865536052461672,31.741431431858999,0.72256631032565233,1,0.0010399958044715794,9.0847819973349232e-06,3.1131721660494084e-06,-0.010840659790394693,-0.0018314239213783141,0.00035493904987052868
FREE_6DOF,robot_component_fluid,0.0011749999999999998,0.0012544288828153507,1.530360925308574e-07,-1.3359024190193695e-06,1,0,0,0,0,0,0,0.07576445198560558,0.00070836116394550096,-0.0013019054709727659,0,0,0,-2.7965029540961495e-05,0,0,8.9794384779959647e-09,-3.9752832741732938e-07,-1.8396413194656441e-06,1.3446394753832404e-06,0.00089865536052461672,31.741281431859001,0.73827427359360132,1,0.0010399958044715794,9.0847819973349232e-06,3.1131721660494084e-06,-0.010835351373028192,-0.0018635441760641179,0.00034980526993404274
FREE_6DOF,robot_component_fluid,0.0011749999999999998,0.0012563372337515632,1.7122502440941891e-07,-1.3680667906036134e-06,1,0,0,0,0,0,0,0.076903622911381558,0.00074675338633942005,-0.0012712442557667434,0,0,0,-2.7965874279463689e-05,0,0,8.9794384779959647e-09,-3.9752832741732938e-07,-1.8396413194656441e-06,1.3787402774041515e-06,0.00089862125972259581,31.743189782795213,0.73827427359360132,1,0.0010399958044715794,9.0847819973349232e-06,3.1131721660494084e-06,-0.010835351373028192,-0.0018635441760641179,0.00034980526993404274
FREE_6DOF,robot_component_fluid,0.0011749999999999998,0.0012563372337367402,1.7122502440941891e-07,-1.3680667906036134e-06,1,0,0,0,0,0,0,0.076903621725541188,0.00074675338633942005,-0.0012712442557667434,0,0,0,-2.796587427945712e-05,0,0,8.9794384779959647e-09,-3.9752832741732938e-07,-1.8396413194656441e-06,1.3787402774041515e-06,0.00089862125972259581,31.743189782780391,0.73827427359360132,1,0.0010399958044715794,9.0847819973349232e-06,3.1131721660494084e-06,-0.010835351373028192,-0.0018635441760641179,0.00034980526993404274
FREE_6DOF,robot_component_fluid,0.0011999999999999999,0.0012563372337367402,1.7122502440941891e-07,-1.3680667906036134e-06,1,0,0,0,0,0,0,0.076903621725541188,0.00074675338633942005,-0.0012712442557667434,0,0,0,-2.7965807885967533e-05,0,0,9.0305872319848416e-09,-3.9208756549422315e-07,-1.8726053253251173e-06,1.3787402774041515e-06,0.00089862125972259581,31.743039782780389,0.7539822368615503,1,0.0010399958044715794,9.0847819973349232e-06,3.1131721660494084e-06,-0.010830027599744628,-0.001895193958109646,0.00034458968341246298
FREE_6DOF,robot_component_fluid,0.0011999999999999999,0.0012582738945017601,1.9019434725283595e-07,-1.3995435094619413e-06,1,0,0,0,0,0,0,0.078029239476037751,0.00077079244113394357,-0.0012468932528994802,0,0,0,-2.7966665037286636e-05,0,0,9.0305872319848416e-09,-3.9208756549422315e-07,-1.8726053253251173e-06,1.4124078464112196e-06,0.0008985875921535887,31.744976443545408,0.7539822368615503,1,0.0010399958044715794,9.0847819973349232e-06,3.1131721660494084e-06,-0.010830027599744628,-0.001895193958109646,0.00034458968341246298
FREE_6DOF,robot_component_fluid,0.0011999999999999999,0.0012582738944867191,1.9019434725283595e-07,-1.3995435094619413e-06,1,0,0,0,0,0,0,0.078029238272772319,0.00077079244113394357,-0.0012468932528994802,0,0,0,-2.7966665037279982e-05,0,0,9.0305872319848416e-09,-3.9208756549422315e-07,-1.8726053253251173e-06,1.4124078464112196e-06,0.0008985875921535887,31.744976443530369,0.7539822368615503,1,0.0010399958044715794,9.0847819973349232e-06,3.1131721660494084e-06,-0.010830027599744628,-0.001895193958109646,0.00034458968341246298
FREE_6DOF,robot_component_fluid,0.001225,0.0012582738944867191,1.9019434725283595e-07,-1.3995435094619413e-06,1,0,0,0,0,0,0,0.078029238272772319,0.00077079244113394357,-0.0012468932528994802,0,0,0,-2.7966598653052203e-05,0,0,9.0795192164017109e-09,-3.8656331879893604e-07,-1.9050724135660026e-06,1.4124078464112196e-06,0.0008985875921535887,31.744826443530371,0.76969020012949929,1,0.0010399958044715794,9.0847819973349232e-06,3.1131721660494084e-06,-0.010824693728417217,-0.0019263658446146551,0.00033929385297559717
FREE_6DOF,robot_component_fluid,0.001225,0.0012602382750477206,2.0924794089485014e-07,-1.4306949950983319e-06,1,0,0,0,0,0,0,0.079121206607344369,0.00075349505022719097,-0.0012452255980117625,0,0,0,-2.7967467950709461e-05,0,0,9.0795192164017109e-09,-3.8656331879893604e-07,-1.9050724135660026e-06,1.4459159276279346e-06,0.00089855408407237209,31.746790824091374,0.76969020012949929,1,0.0010399958044715794,9.0847819973349232e-06,3.1131721660494084e-06,-0.010824693728417217,-0.0019263658446146551,0.00033929385297559717
FREE_6DOF,robot_component_fluid,0.001225,0.0012602382750324665,2.0924794089485014e-07,-1.4306949950983319e-06,1,0,0,0,0,0,0,0.079121205387027951,0.00075349505022719097,-0.0012452255980117625,0,0,0,-2.7967467950702708e-05,0,0,9.0795192164017109e-09,-3.8656331879893604e-07,-1.9050724135660026e-06,1.4459159276279346e-06,0.00089855408407237209,31.746790824076118,0.76969020012949929,1,0.0010399958044715794,9.0847819973349232e-06,3.1131721660494084e-06,-0.010824693728417217,-0.0019263658446146551,0.00033929385297559717
FREE_6DOF,robot_component_fluid,0.00125,0.0012602382750324665,2.0924794089485014e-07,-1.4306949950983319e-06,1,0,0,0,0,0,0,0.079121205387027965,0.00075349505022719097,-0.0012452255980117625,0,0,0,-2.7967401575880474e-05,0,0,9.1262260404134517e-09,-3.8095723839396702e-07,-1.9370349630312154e-06,1.4459159276279346e-06,0.00089855408407237209,31.746640824076117,0.78539816339744828,1,0.0010399958044715794,9.0847819973349232e-06,3.1131721660494084e-06,-0.010819355025609188,-0.0019570525535194745,0.00033391935042476788
FREE_6DOF,robot_component_fluid,0.00125,0.0012622295562160224,2.2764104001364404e-07,-1.4618869922425413e-06,1,0,0,0,0,0,0,0.080181289297434968,0.00071795287927631951,-0.0012501341735249888,0,0,0,-2.7968282652088062e-05,0,0,9.1262260404134517e-09,-3.8095723839396702e-07,-1.9370349630312154e-06,1.4795046539928279e-06,0.00089852049534600714,31.748632105259674,0.78539816339744828,1,0.0010399958044715794,9.0847819973349232e-06,3.1131721660494084e-06,-0.010819355025609188,-0.0019570525535194745,0.00033391935042476788
FREE_6DOF,robot_component_fluid,0.00125,0.0012622295562005616,2.2764104001364404e-07,-1.4618869922425413e-06,1,0,0,0,0,0,0,0.080181288060583875,0.00071795287927631951,-0.0012501341735249888,0,0,0,-2.7968282652081218e-05,0,0,9.1262260404134517e-09,-3.8095723839396702e-07,-1.9370349630312154e-06,1.4795046539928279e-06,0.00089852049534600714,31.748632105244212,0.78539816339744828,1,0.0010399958044715794,9.0847819973349232e-06,3.1131721660494084e-06,-0.010819355025609188,-0.0019570525535194745,0.00033391935042476788
FREE_6DOF,robot_component_fluid,0.0012750000000000001,0.0012622295562005616,2.2764104001364404e-07,-1.4618869922425413e-06,1,0,0,0,0,0,0,0.080181288060583875,0.00071795287927631951,-0.0012501341735249888,0,0,0,-2.7968216286804039e-05,0,0,9.1706998285549465e-09,-3.7527098383716461e-07,-1.9684854999381617e-06,1.4795046539928279e-06,0.00089852049534600714,31.748482105244211,0.80110612666539738,1,0.0010399958044715794,9.0847819973349232e-06,3.1131721660494084e-06,-0.010814016761362148,-0.0019872469445016317,0.00032846775571952362
FREE_6DOF,robot_component_fluid,0.0012750000000000001,0.0012642471219300468,2.4547046774605295e-07,-1.4928929449129615e-06,1,0,0,0,0,0,0,0.081223970298235748,0.00070840133931639529,-0.0012303420401086188,0,0,0,-2.7969108863753762e-05,0,0,9.1706998285549465e-09,-3.7527098383716461e-07,-1.9684854999381617e-06,1.5129392239962452e-06,0.0008984870607760037,31.750499670973696,0.80110612666539738,1,0.0010399958044715794,9.0847819973349232e-06,3.1131721660494084e-06,-0.010814016761362148,-0.0019872469445016317,0.00032846775571952362
FREE_6DOF,robot_component_fluid,0.0012750000000000001,0.0012642471219143844,2.4547046774605295e-07,-1.4928929449129615e-06,1,0,0,0,0,0,0,0.081223969045239958,0.00070840133931639529,-0.0012303420401086188,0,0,0,-2.796910886374683e-05,0,0,9.1706998285549465e-09,-3.7527098383716461e-07,-1.9684854999381617e-06,1.5129392239962452e-06,0.0008984870607760037,31.750499670958032,0.80110612666539738,1,0.0010399958044715794,9.0847819973349232e-06,3.1131721660494084e-06,-0.010814016761362148,-0.0019872469445016317,0.00032846775571952362
FREE_6DOF,robot_component_fluid,0.0013000000000000002,0.0012642471219143844,2.4547046774605295e-07,-1.4928929449129615e-06,1,0,0,0,0,0,0,0.081223969045239972,0.00070840133931639529,-0.0012303420401086188,0,0,0,-2.7969042508151031e-05,0,0,9.2129332146269766e-09,-3.6950622217754233e-07,-1.9994166987706366e-06,1.5129392239962452e-06,0.0008984870607760037,31.750349670958034,0.81681408993334637,1,0.0010399958044715794,9.0847819973349232e-06,3.1131721660494084e-06,-0.010808684203986079,-0.0020169420197879372,0.00032294065602766873
FREE_6DOF,robot_component_fluid,0.0013000000000000002,0.0012662904374606771,2.6326952831716776e-07,-1.5232745359825624e-06,1,0,0,0,0,0,0,0.082241274658158128,0.00071552350637279127,-0.0012001852454594584,0,0,0,-2.7969946344104333e-05,0,0,9.2129332146269766e-09,-3.6950622217754233e-07,-1.9994166987706366e-06,1.5458577413569577e-06,0.00089845414225864304,31.752392986504329,0.81681408993334637,1,0.0010399958044715794,9.0847819973349232e-06,3.1131721660494084e-06,-0.010808684203986079,-0.0020169420197879372,0.00032294065602766873
FREE_6DOF,robot_component_fluid,0.0013000000000000002,0.0012662904374448169,2.6326952831716776e-07,-1.5232745359825624e-06,1,0,0,0,0,0,0,0.082241273389356995,0.00071552350637279127,-0.0012001852454594584,0,0,0,-2.7969946344097317e-05,0,0,9.2129332146269766e-09,-3.6950622217754233e-07,-1.9994166987706366e-06,1.5458577413569577e-06,0.00089845414225864304,31.752392986488466,0.81681408993334637,1,0.0010399958044715794,9.0847819973349232e-06,3.1131721660494084e-06,-0.010808684203986079,-0.0020169420197879372,0.00032294065602766873
FREE_6DOF,robot_component_fluid,0.0013250000000000002,0.0012662904374448169,2.6326952831716776e-07,-1.5232745359825624e-06,1,0,0,0,0,0,0,0.082241273389357009,0.00071552350637279127,-0.0012001852454594584,0,0,0,-2.7969879998316447e-05,0,0,9.2529193355618405e-09,-3.6366462697688317e-07,-2.0298213830846861e-06,1.5458577413569577e-06,0.00089845414225864304,31.752242986488465,0.83252205320129535,1,0.0010399958044715794,9.0847819973349232e-06,3.1131721660494084e-06,-0.010803362614856166,-0.002046130924883904,0.00031733964480007014
FREE_6DOF,robot_component_fluid,0.0013250000000000002,0.0012683589761349901,2.8133020117046732e-07,-1.5531600121202571e-06,1,0,0,0,0,0,0,0.083241821824515436,0.00072933032189117597,-0.0011906528455561188,0,0,0,-2.7970794855170461e-05,0,0,9.2529193355618405e-09,-3.6366462697688317e-07,-2.0298213830846861e-06,1.5784336239893056e-06,0.0008984215663760107,31.75431152517864,0.83252205320129535,1,0.0010399958044715794,9.0847819973349232e-06,3.1131721660494084e-06,-0.010803362614856166,-0.002046130924883904,0.00031733964480007014
FREE_6DOF,robot_component_fluid,0.0013250000000000002,0.0012683589761189368,2.8133020117046732e-07,-1.5531600121202571e-06,1,0,0,0,0,0,0,0.083241820540243205,0.00072933032189117597,-0.0011906528455561188,0,0,0,-2.7970794855163363e-05,0,0,9.2529193355618405e-09,-3.6366462697688317e-07,-2.0298213830846861e-06,1.5784336239893056e-06,0.0008984215663760107,31.754311525162585,0.83252205320129535,1,0.0010399958044715794,9.0847819973349232e-06,3.1131721660494084e-06,-0.010803362614856166,-0.002046130924883904,0.00031733964480007014
FREE_6DOF,robot_component_fluid,0.0013500000000000003,0.0012683589761189368,2.8133020117046732e-07,-1.5531600121202571e-06,1,0,0,0,0,0,0,0.083241820540243219,0.00072933032189117597,-0.0011906528455561188,0,0,0,-2.7970728519328232e-05,0,0,9.2906518252755443e-09,-3.577478773585975e-07,-2.0596925262304465e-06,1.5784336239893056e-06,0.0008984215663760107,31.754161525162587,0.84823001646924434,1,0.0010399958044715794,9.0847819973349232e-06,3.1131721660494084e-06,-0.010798057243221691,-0.0020748069492224825,0.00031166632087163319
FREE_6DOF,robot_component_fluid,0.0013500000000000003,0.001270452336795931,3.0000546449354811e-07,-1.5830056399789485e-06,1,0,0,0,0,0,0,0.084227033619290986,0.00076469074395528491,-0.0011969973831391974,0,0,0,-2.7971654214554831e-05,0,0,9.2906518252755443e-09,-3.577478773585975e-07,-2.0596925262304465e-06,1.6111828372134398e-06,0.00089838881716278651,31.756254885839581,0.84823001646924434,1,0.0010399958044715794,9.0847819973349232e-06,3.1131721660494084e-06,-0.010798057243221691,-0.0020748069492224825,0.00031166632087163319
FREE_6DOF,robot_component_fluid,0.0013500000000000003,0.0012704523367796873,3.0000546449354811e-07,-1.5830056399789485e-06,1,0,0,0,0,0,0,0.084227032319803899,0.00076469074395528491,-0.0011969973831391974,0,0,0,-2.7971654214547655e-05,0,0,9.2906518252755443e-09,-3.577478773585975e-07,-2.0596925262304465e-06,1.6111828372134398e-06,0.00089838881716278651,31.756254885823338,0.84823001646924434,1,0.0010399958044715794,9.0847819973349232e-06,3.1131721660494084e-06,-0.010798057243221691,-0.0020748069492224825,0.00031166632087163319
FREE_6DOF,robot_component_fluid,0.0013750000000000004,0.0012704523367796873,3.0000546449354811e-07,-1.5830056399789485e-06,1,0,0,0,0,0,0,0.084227032319803913,0.00076469074395528491,-0.0011969973831391974,0,0,0,-2.7971587888786999e-05,0,0,9.3261248085251438e-09,-3.5175765708521881e-07,-2.0890232519921411e-06,1.6111828372134398e-06,0.00089838881716278651,31.756104885823337,0.86393797973719333,1,0.0010399958044715794,9.0847819973349232e-06,3.1131721660494084e-06,-0.010792773321032055,-0.0021029635267342441,0.00030592228758976274
FREE_6DOF,robot_component_fluid,0.0013750000000000004,0.0012725701801364101,3.1979411792410536e-07,-1.6129359950229498e-06,1,0,0,0,0,0,0,0.085200436218018663,0.00081840153048929611,-0.0011974310203809039,0,0,0,-2.7972524267247181e-05,0,0,9.3261248085251438e-09,-3.5175765708521881e-07,-2.0890232519921411e-06,1.6443329352352977e-06,0.00089835566706476463,31.758222729180059,0.86393797973719333,1,0.0010399958044715794,9.0847819973349232e-06,3.1131721660494084e-06,-0.010792773321032055,-0.0021029635267342441,0.00030592228758976274
FREE_6DOF,robot_component_fluid,0.0013750000000000004,0.001272570180119979,3.1979411792410536e-07,-1.6129359950229498e-06,1,0,0,0,0,0,0,0.085200434903534503,0.00081840153048929611,-0.0011974310203809039,0,0,0,-2.7972524267239917e-05,0,0,9.3261248085251438e-09,-3.5175765708521881e-07,-2.0890232519921411e-06,1.6443329352352977e-06,0.00089835566706476463,31.758222729163627,0.86393797973719333,1,0.0010399958044715794,9.0847819973349232e-06,3.1131721660494084e-06,-0.010792773321032055,-0.0021029635267342441,0.00030592228758976274
FREE_6DOF,robot_component_fluid,0.0014000000000000004,0.001272570180119979,3.1979411792410536e-07,-1.6129359950229498e-06,1,0,0,0,0,0,0,0.085200434903534503,0.00081840153048929611,-0.0011974310203809039,0,0,0,-2.7972457951680737e-05,0,0,9.359332894789571e-09,-3.4569565366585454e-07,-2.1178068351485041e-06,1.6443329352352977e-06,0.00089835566706476463,31.758072729163626,0.87964594300514243,1,0.0010399958044715794,9.0847819973349232e-06,3.1131721660494084e-06,-0.010787516057785143,-0.0021305942363412534,0.00030010915197156072
FREE_6DOF,robot_component_fluid,0.0014000000000000004,0.0012747123770357604,3.4090551723017394e-07,-1.6427921783786667e-06,1,0,0,0,0,0,0,0.086175318358973352,0.00087051041399619237,-0.0011910636480764656,0,0,0,-2.7973404951175966e-05,0,0,9.359332894789571e-09,-3.4569565366585454e-07,-2.1178068351485041e-06,1.6777910218558501e-06,0.00089832220897814415,31.76021492607941,0.87964594300514243,1,0.0010399958044715794,9.0847819973349232e-06,3.1131721660494084e-06,-0.010787516057785143,-0.0021305942363412534,0.00030010915197156072
FREE_6DOF,robot_component_fluid,0.0014000000000000004,0.001274712377019143,3.4090551723017394e-07,-1.6427921783786667e-06,1,0,0,0,0,0,0,0.086175317029579424,0.00087051041399619237,-0.0011910636480764656,0,0,0,-2.7973404951168618e-05,0,0,9.359332894789571e-09,-3.4569565366585454e-07,-2.1178068351485041e-06,1.6777910218558501e-06,0.00089832220897814415,31.76021492606279,0.87964594300514243,1,0.0010399958044715794,9.0847819973349232e-06,3.1131721660494084e-06,-0.010787516057785143,-0.0021305942363412534,0.00030010915197156072
FREE_6DOF,robot_component_fluid,0.0014250000000000005,0.001274712377019143,3.4090551723017394e-07,-1.6427921783786667e-06,1,0,0,0,0,0,0,0.086175317029579437,0.00087051041399619237,-0.0011910636480764656,0,0,0,-2.7973338645937225e-05,0,0,9.3902711721919105e-09,-3.3956355749482541e-07,-2.1460367019560401e-06,1.6777910218558501e-06,0.00089832220897814415,31.760064926062793,0.89535390627309142,1,0.0010399958044715794,9.0847819973349232e-06,3.1131721660494084e-06,-0.010782290635403015,-0.0021576928023769788,0.00029422852389093048
FREE_6DOF,robot_component_fluid,0.0014250000000000005,0.0012768790012027968,3.631536145528421e-07,-1.6723900315941932e-06,1,0,0,0,0,0,0,0.087154617662730222,0.00090933737181725903,-0.0011767646091656522,0,0,0,-2.7974296293886453e-05,0,0,9.3902711721919105e-09,-3.3956355749482541e-07,-2.1460367019560401e-06,1.7113646500785332e-06,0.00089828863534992145,31.762231550246447,0.89535390627309142,1,0.0010399958044715794,9.0847819973349232e-06,3.1131721660494084e-06,-0.010782290635403015,-0.0021576928023769788,0.00029422852389093048
FREE_6DOF,robot_component_fluid,0.0014250000000000005,0.0012768790011859926,3.631536145528421e-07,-1.6723900315941932e-06,1,0,0,0,0,0,0,0.087154616318388042,0.00090933737181725903,-0.0011767646091656522,0,0,0,-2.7974296293879026e-05,0,0,9.3902711721919105e-09,-3.3956355749482541e-07,-2.1460367019560401e-06,1.7113646500785332e-06,0.00089828863534992145,31.762231550229643,0.89535390627309142,1,0.0010399958044715794,9.0847819973349232e-06,3.1131721660494084e-06,-0.010782290635403015,-0.0021576928023769788,0.00029422852389093048
FREE_6DOF,robot_component_fluid,0.0014500000000000006,0.0012768790011859926,3.631536145528421e-07,-1.6723900315941932e-06,1,0,0,0,0,0,0,0.087154616318388042,0.00090933737181725903,-0.0011767646091656522,0,0,0,-2.7974229999102121e-05,0,0,9.4189352014807549e-09,-3.3336306102264691e-07,-2.1737064305576376e-06,1.7113646500785332e-06,0.00089828863534992145,31.762081550229642,0.9110618695410404,1,0.0010399958044715794,9.0847819973349232e-06,3.1131721660494084e-06,-0.010777102203139979,-0.0021842530949347117,0.00028828201529668281
FREE_6DOF,robot_component_fluid,0.0014500000000000006,0.0012790701146011142,3.8619915514374473e-07,-1.701776993881996e-06,1,0,0,0,0,0,0,0.088134456891342527,0.00093430587545494949,-0.0011741923738585664,0,0,0,-2.7975198317651454e-05,0,0,9.4189352014807549e-09,-3.3336306102264691e-07,-2.1737064305576376e-06,1.7450486309383429e-06,0.00089825495136906168,31.764272663644764,0.9110618695410404,1,0.0010399958044715794,9.0847819973349232e-06,3.1131721660494084e-06,-0.010777102203139979,-0.0021842530949347117,0.00028828201529668281
FREE_6DOF,robot_component_fluid,0.0014500000000000006,0.0012790701145841228,3.8619915514374473e-07,-1.701776993881996e-06,1,0,0,0,0,0,0,0.088134455532020997,0.00093430587545494949,-0.0011741923738585664,0,0,0,-2.7975198317643946e-05,0,0,9.4189352014807549e-09,-3.3336306102264691e-07,-2.1737064305576376e-06,1.7450486309383429e-06,0.00089825495136906168,31.764272663627771,0.9110618695410404,1,0.0010399958044715794,9.0847819973349232e-06,3.1131721660494084e-06,-0.010777102203139979,-0.0021842530949347117,0.00028828201529668281
FREE_6DOF,robot_component_fluid,0.0014750000000000006,0.0012790701145841228,3.8619915514374473e-07,-1.701776993881996e-06,1,0,0,0,0,0,0,0.088134455532021011,0.00093430587545494949,-0.0011741923738585664,0,0,0,-2.7975132033448545e-05,0,0,9.4453210100878573e-09,-3.2709585796042696e-07,-2.2008097513191579e-06,1.7450486309383429e-06,0.00089825495136906168,31.764122663627774,0.92676983280898939,1,0.0010399958044715794,9.0847819973349232e-06,3.1131721660494084e-06,-0.010771955872528032,-0.0022102691301470571,0.0002822712394626613
FREE_6DOF,robot_component_fluid,0.0014750000000000006,0.0012812855194468547,4.0967965168027779e-07,-1.7313793855101355e-06,1,0,0,0,0,0,0,0.089097933486537662,0.00094413384746769595,-0.0011939989563925948,0,0,0,-2.7976110929902343e-05,0,0,9.4453210100878573e-09,-3.2709585796042696e-07,-2.2008097513191579e-06,1.7791885772931234e-06,0.00089822081142270683,31.766338068490505,0.92676983280898939,1,0.0010399958044715794,9.0847819973349232e-06,3.1131721660494084e-06,-0.010771955872528032,-0.0022102691301470571,0.0002822712394626613
FREE_6DOF,robot_component_fluid,0.0014750000000000006,0.0012812855194296775,4.0967965168027779e-07,-1.7313793855101355e-06,1,0,0,0,0,0,0,0.089097932112366926,0.00094413384746769595,-0.0011939989563925948,0,0,0,-2.7976110929894761e-05,0,0,9.4453210100878573e-09,-3.2709585796042696e-07,-2.2008097513191579e-06,1.7791885772931234e-06,0.00089822081142270683,31.766338068473328,0.92676983280898939,1,0.0010399958044715794,9.0847819973349232e-06,3.1131721660494084e-06,-0.010771955872528032,-0.0022102691301470571,0.0002822712394626613
FREE_6DOF,robot_component_fluid,0.0015000000000000007,0.0012812855194296775,4.0967965168027779e-07,-1.7313793855101355e-06,1,0,0,0,0,0,0,0.089097932112366926,0.00094413384746769595,-0.0011939989563925948,0,0,0,-2.7976044656406886e-05,0,0,9.4694250862788423e-09,-3.20763642518664e-07,-2.2273405470967253e-06,1.7791885772931234e-06,0.00089822081142270683,31.766188068473326,0.94247779607693838,1,0.0010399958044715794,9.0847819973349232e-06,3.1131721660494084e-06,-0.010766856712364515,-0.0022357350703991613,0.00027619781027081848
FREE_6DOF,robot_component_fluid,0.0015000000000000007,0.0012835247498994269,4.3328987492978638e-07,-1.7615190838954653e-06,1,0,0,0,0,0,0,0.090040505467589502,0.00094468401249298993,-0.0012171769144337984,0,0,0,-2.7977033919651776e-05,0,0,9.4694250862788423e-09,-3.20763642518664e-07,-2.2273405470967253e-06,1.8140257987814257e-06,0.00089818597420121852,31.768427298943077,0.94247779607693838,1,0.0010399958044715794,9.0847819973349232e-06,3.1131721660494084e-06,-0.010766856712364515,-0.0022357350703991613,0.00027619781027081848
FREE_6DOF,robot_component_fluid,0.0015000000000000007,0.0012835247498820678,4.3328987492978638e-07,-1.7615190838954653e-06,1,0,0,0,0,0,0,0.090040504078865907,0.00094468401249298993,-0.0012171769144337984,0,0,0,-2.7977033919644102e-05,0,0,9.4694250862788423e-09,-3.20763642518664e-07,-2.2273405470967253e-06,1.8140257987814257e-06,0.00089818597420121852,31.768427298925719,0.94247779607693838,1,0.0010399958044715794,9.0847819973349232e-06,3.1131721660494084e-06,-0.010766856712364515,-0.0022357350703991613,0.00027619781027081848
FREE_6DOF,robot_component_fluid,0.0015250000000000007,0.0012835247498820678,4.3328987492978638e-07,-1.7615190838954653e-06,1,0,0,0,0,0,0,0.090040504078865907,0.00094468401249298993,-0.0012171769144337984,0,0,0,-2.7976967656987326e-05,0,0,9.4912443734132973e-09,-3.143681086813479e-07,-2.2532928534375331e-06,1.8140257987814257e-06,0.00089818597420121852,31.768277298925717,0.95818575934488737,1,0.0010399958044715794,9.0847819973349232e-06,3.1131721660494084e-06,-0.010761809743746893,-0.0022606452244784197,0.00027006334152809662
FREE_6DOF,robot_component_fluid,0.0015250000000000007,0.0012857873397099744,4.5690956159838232e-07,-1.7922072556900927e-06,1,0,0,0,0,0,0,0.090966682153667003,0.00094489092099468383,-0.0012378768291363873,0,0,0,-2.7977967075806876e-05,0,0,9.4912443734132973e-09,-3.143681086813479e-07,-2.2532928534375331e-06,1.8495332370163666e-06,0.00089815046676298364,31.770539888753621,0.95818575934488737,1,0.0010399958044715794,9.0847819973349232e-06,3.1131721660494084e-06,-0.010761809743746893,-0.0022606452244784197,0.00027006334152809662
FREE_6DOF,robot_component_fluid,0.0015250000000000007,0.0012857873396924372,4.5690956159838232e-07,-1.7922072556900927e-06,1,0,0,0,0,0,0,0.090966680750687048,0.00094489092099468383,-0.0012378768291363873,0,0,0,-2.7977967075799124e-05,0,0,9.4912443734132973e-09,-3.143681086813479e-07,-2.2532928534375331e-06,1.8495332370163666e-06,0.00089815046676298364,31.770539888736085,0.95818575934488737,1,0.0010399958044715794,9.0847819973349232e-06,3.1131721660494084e-06,-0.010761809743746893,-0.0022606452244784197,0.00027006334152809662
FREE_6DOF,robot_component_fluid,0.0015500000000000008,0.0012857873396924372,4.5690956159838232e-07,-1.7922072556900927e-06,1,0,0,0,0,0,0,0.090966680750687048,0.00094489092099468383,-0.0012378768291363873,0,0,0,-2.7977900824094633e-05,0,0,9.5107762643299997e-09,-3.0791094951617548e-07,-2.2786608587170706e-06,1.8495332370163666e-06,0.00089815046676298364,31.770389888736087,0.97389372261283647,1,0.0010399958044715794,9.0847819973349232e-06,3.1131721660494084e-06,-0.01075681993515938,-0.0022849940476635075,0.00026386944631787813
FREE_6DOF,robot_component_fluid,0.0015500000000000008,0.0012880728507120888,4.806495825914187e-07,-1.8233277176803538e-06,1,0,0,0,0,0,0,0.091874200821442903,0.00095431075844822598,-0.0012517601300844939,0,0,0,-2.7978910199754833e-05,0,0,9.5107762643299997e-09,-3.0791094951617548e-07,-2.2786608587170706e-06,1.8856160763280401e-06,0.00089811438392367192,31.772675399755741,0.97389372261283647,1,0.0010399958044715794,9.0847819973349232e-06,3.1131721660494084e-06,-0.01075681993515938,-0.0022849940476635075,0.00026386944631787813
FREE_6DOF,robot_component_fluid,0.0015500000000000008,0.0012880728506943768,4.806495825914187e-07,-1.8233277176803538e-06,1,0,0,0,0,0,0,0.091874199404485574,0.00095431075844822598,-0.0012517601300844939,0,0,0,-2.7978910199747003e-05,0,0,9.5107762643299997e-09,-3.0791094951617548e-07,-2.2786608587170706e-06,1.8856160763280401e-06,0.00089811438392367192,31.772675399738027,0.97389372261283647,1,0.0010399958044715794,9.0847819973349232e-06,3.1131721660494084e-06,-0.01075681993515938,-0.0022849940476635075,0.00026386944631787813
FREE_6DOF,robot_component_fluid,0.0015750000000000009,0.0012880728506943768,4.806495825914187e-07,-1.8233277176803538e-06,1,0,0,0,0,0,0,0.091874199404485588,0.00095431075844822598,-0.0012517601300844939,0,0,0,-2.7978843959113704e-05,0,0,9.5280185958725262e-09,-3.0139385652160303e-07,-2.3034389042157468e-06,1.8856160763280401e-06,0.00089811438392367192,31.772525399738026,0.98960168588078545,1,0.0010399958044715794,9.0847819973349232e-06,3.1131721660494084e-06,-0.010751892197616146,-0.00230877614175563,0.00025761773638668782
FREE_6DOF,robot_component_fluid,0.0015750000000000009,0.0012903808828716181,5.0478180616329513e-07,-1.8545202852921234e-06,1,0,0,0,0,0,0,0.092768374774810328,0.00097626712730188763,-0.0012436452788570774,0,0,0,-2.7979863109793361e-05,0,0,9.5280185958725262e-09,-3.0139385652160303e-07,-2.3034389042157468e-06,1.9219911967523311e-06,0.0008980780088032477,31.774833431915265,0.98960168588078545,1,0.0010399958044715794,9.0847819973349232e-06,3.1131721660494084e-06,-0.010751892197616146,-0.00230877614175563,0.00025761773638668782
FREE_6DOF,robot_component_fluid,0.0015750000000000009,0.0012903808828537346,5.0478180616329513e-07,-1.8545202852921234e-06,1,0,0,0,0,0,0,0.092768373344130864,0.00097626712730188763,-0.0012436452788570774,0,0,0,-2.7979863109785467e-05,0,0,9.5280185958725262e-09,-3.0139385652160303e-07,-2.3034389042157468e-06,1.9219911967523311e-06,0.0008980780088032477,31.774833431897385,0.98960168588078545,1,0.0010399958044715794,9.0847819973349232e-06,3.1131721660494084e-06,-0.010751892197616146,-0.00230877614175563,0.00025761773638668782
FREE_6DOF,robot_component_fluid,0.0016000000000000009,0.0012903808828537346,5.0478180616329513e-07,-1.8545202852921234e-06,1,0,0,0,0,0,0,0.092768373344130878,0.00097626712730188763,-0.0012436452788570774,0,0,0,-2.7979796880340192e-05,0,0,9.5429696435699174e-09,-2.948185190113691e-07,-2.3276214841379651e-06,1.9219911967523311e-06,0.0008980780088032477,31.774683431897387,1.0053096491487343,1,0.0010399958044715794,9.0847819973349232e-06,3.1131721660494084e-06,-0.010747031379865732,-0.0023319862550549735,0.00025130982156674071
FREE_6DOF,robot_component_fluid,0.0016000000000000009,0.0012927112864243924,5.296515897732185e-07,-1.8853786950881544e-06,1,0,0,0,0,0,0,0.093663912308478481,0.0010133155614919897,-0.0012250275048254053,0,0,0,-2.7980825734768366e-05,0,0,9.5429696435699174e-09,-2.948185190113691e-07,-2.3276214841379651e-06,1.9583624869879452e-06,0.00089804163751301203,31.777013835468043,1.0053096491487343,1,0.0010399958044715794,9.0847819973349232e-06,3.1131721660494084e-06,-0.010747031379865732,-0.0023319862550549735,0.00025130982156674071
FREE_6DOF,robot_component_fluid,0.0016000000000000009,0.0012927112864063385,5.296515897732185e-07,-1.8853786950881544e-06,1,0,0,0,0,0,0,0.093663910864176927,0.0010133155614919897,-0.0012250275048254053,0,0,0,-2.798082573476039e-05,0,0,9.5429696435699174e-09,-2.948185190113691e-07,-2.3276214841379651e-06,1.9583624869879452e-06,0.00089804163751301203,31.777013835449988,1.0053096491487343,1,0.0010399958044715794,9.0847819973349232e-06,3.1131721660494084e-06,-0.010747031379865732,-0.0023319862550549735,0.00025130982156674071
FREE_6DOF,robot_component_fluid,0.001625000000000001,0.0012927112864063385,5.296515897732185e-07,-1.8853786950881544e-06,1,0,0,0,0,0,0,0.093663910864176941,0.0010133155614919897,-0.0012250275048254053,0,0,0,-2.7980759516619197e-05,0,0,9.5556281164864262e-09,-2.8818662353702664e-07,-2.3512032455767683e-06,1.9583624869879452e-06,0.00089804163751301203,31.776863835449987,1.0210176124166834,1,0.0010399958044715794,9.0847819973349232e-06,3.1131721660494084e-06,-0.010742242263661177,-0.0023546192822853909,0.00024494730923484088
FREE_6DOF,robot_component_fluid,0.001625000000000001,0.001295064066429461,5.5565056931647901e-07,-1.9159356012658883e-06,1,0,0,0,0,0,0,0.094558490985620622,0.0010666028019688607,-0.0012195249893932932,0,0,0,-2.7981798071853844e-05,0,0,9.5556281164864262e-09,-2.8818662353702664e-07,-2.3512032455767683e-06,1.994882649024701e-06,0.0008980051173509753,31.779216615473111,1.0210176124166834,1,0.0010399958044715794,9.0847819973349232e-06,3.1131721660494084e-06,-0.010742242263661177,-0.0023546192822853909,0.00024494730923484088
FREE_6DOF,robot_component_fluid,0.001625000000000001,0.001295064066411237,5.5565056931647901e-07,-1.9159356012658883e-06,1,0,0,0,0,0,0,0.094558489527701128,0.0010666028019688607,-0.0012195249893932932,0,0,0,-2.7981798071845794e-05,0,0,9.5556281164864262e-09,-2.8818662353702664e-07,-2.3512032455767683e-06,1.994882649024701e-06,0.0008980051173509753,31.779216615454885,1.0210176124166834,1,0.0010399958044715794,9.0847819973349232e-06,3.1131721660494084e-06,-0.010742242263661177,-0.0023546192822853909,0.00024494730923484088
FREE_6DOF,robot_component_fluid,0.0016500000000000011,0.001295064066411237,5.5565056931647901e-07,-1.9159356012658883e-06,1,0,0,0,0,0,0,0.094558489527701142,0.0010666028019688607,-0.0012195249893932932,0,0,0,-2.798173186512478e-05,0,0,9.5659931522537542e-09,-2.8149985334893487e-07,-2.3741789884272126e-06,1.994882649024701e-06,0.0008980051173509753,31.779066615454887,1.0367255756846325,1,0.0010399958044715794,9.0847819973349232e-06,3.1131721660494084e-06,-0.010737529559100373,-0.0023766702644704039,0.00023853180380805088
FREE_6DOF,robot_component_fluid,0.0016500000000000011,0.0012974389268799907,5.8302015645214854e-07,-1.9465322558484099e-06,1,0,0,0,0,0,0,0.09543034797257674,0.0011229641688847052,-0.0012282073772084054,0,0,0,-2.7982779985310325e-05,0,0,9.5659931522537542e-09,-2.8149985334893487e-07,-2.3741789884272126e-06,2.0319695681500222e-06,0.00089796803043184993,31.781441475923643,1.0367255756846325,1,0.0010399958044715794,9.0847819973349232e-06,3.1131721660494084e-06,-0.010737529559100373,-0.0023766702644704039,0.00023853180380805088
FREE_6DOF,robot_component_fluid,0.0016500000000000011,0.0012974389268615987,5.8302015645214854e-07,-1.9465322558484099e-06,1,0,0,0,0,0,0,0.095430346501230015,0.0011229641688847052,-0.0012282073772084054,0,0,0,-2.7982779985302218e-05,0,0,9.5659931522537542e-09,-2.8149985334893487e-07,-2.3741789884272126e-06,2.0319695681500222e-06,0.00089796803043184993,31.78144147590525,1.0367255756846325,1,0.0010399958044715794,9.0847819973349232e-06,3.1131721660494084e-06,-0.010737529559100373,-0.0023766702644704039,0.00023853180380805088
FREE_6DOF,robot_component_fluid,0.0016750000000000011,0.0012974389268615987,5.8302015645214854e-07,-1.9465322558484099e-06,1,0,0,0,0,0,0,0.095430346501230015,0.0011229641688847052,-0.0012282073772084054,0,0,0,-2.7982713790115933e-05,0,0,9.5740643122984941e-09,-2.7475988789606527e-07,-2.3965436652516846e-06,2.0319695681500222e-06,0.00089796803043184993,31.781291475905249,1.0524335389525814,1,0.0010399958044715794,9.0847819973349232e-06,3.1131721660494084e-06,-0.010732897900040979,-0.0023981343887636494,0.00023206490627645891
FREE_6DOF,robot_component_fluid,0.0016750000000000011,0.0012998352143875095,6.1185565018013084e-07,-1.9775164284617342e-06,1,0,0,0,0,0,0,0.096272655571653334,0.0011838753293538767,-0.0012505264318575023,0,0,0,-2.7983771181754045e-05,0,0,9.5740643122984941e-09,-2.7475988789606527e-07,-2.3965436652516846e-06,2.0700093143494314e-06,0.0008979299906856506,31.783687763431161,1.0524335389525814,1,0.0010399958044715794,9.0847819973349232e-06,3.1131721660494084e-06,-0.010732897900040979,-0.0023981343887636494,0.00023206490627645891
FREE_6DOF,robot_component_fluid,0.0016750000000000011,0.0012998352143689551,6.1185565018013084e-07,-1.9775164284617342e-06,1,0,0,0,0,0,0,0.096272654087291368,0.0011838753293538767,-0.0012505264318575023,0,0,0,-2.7983771181745869e-05,0,0,9.5740643122984941e-09,-2.7475988789606527e-07,-2.3965436652516846e-06,2.0700093143494314e-06,0.0008979299906856506,31.783687763412605,1.0524335389525814,1,0.0010399958044715794,9.0847819973349232e-06,3.1131721660494084e-06,-0.010732897900040979,-0.0023981343887636494,0.00023206490627645891
FREE_6DOF,robot_component_fluid,0.0017000000000000012,0.0012998352143689551,6.1185565018013084e-07,-1.9775164284617342e-06,1,0,0,0,0,0,0,0.096272654087291382,0.0011838753293538767,-0.0012505264318575023,0,0,0,-2.7983704998205474e-05,0,0,9.5798415772768799e-09,-2.6796840236488338e-07,-2.4182923811004467e-06,2.0700093143494314e-06,0.0008979299906856506,31.783537763412603,1.0681415022205305,1,0.0010399958044715794,9.0847819973349232e-06,3.1131721660494084e-06,-0.010728351839594207,-0.0024190069882369576,0.0002255482137732835
FREE_6DOF,robot_component_fluid,0.0017000000000000012,0.0013022525162311252,6.4231520109054354e-07,-2.0091376453236056e-06,1,0,0,0,0,0,0,0.097111494886308727,0.0012528887434791363,-0.0012791709170921622,0,0,0,-2.7984771474124206e-05,0,0,9.5798415772768799e-09,-2.6796840236488338e-07,-2.4182923811004467e-06,2.1093133706039195e-06,0.00089789068662939607,31.785955065274774,1.0681415022205305,1,0.0010399958044715794,9.0847819973349232e-06,3.1131721660494084e-06,-0.010728351839594207,-0.0024190069882369576,0.0002255482137732835
FREE_6DOF,robot_component_fluid,0.0017000000000000012,0.0013022525162124112,6.4231520109054354e-07,-2.0091376453236056e-06,1,0,0,0,0,0,0,0.097111493389194295,0.0012528887434791363,-0.0012791709170921622,0,0,0,-2.7984771474115946e-05,0,0,9.5798415772768799e-09,-2.6796840236488338e-07,-2.4182923811004467e-06,2.1093133706039195e-06,0.00089789068662939607,31.785955065256061,1.0681415022205305,1,0.0010399958044715794,9.0847819973349232e-06,3.1131721660494084e-06,-0.010728351839594207,-0.0024190069882369576,0.0002255482137732835
FREE_6DOF,robot_component_fluid,0.0017250000000000013,0.0013022525162124112,6.4231520109054354e-07,-2.0091376453236056e-06,1,0,0,0,0,0,0,0.097111493389194309,0.0012528887434791363,-0.0012791709170921622,0,0,0,-2.7984705302330505e-05,0,0,9.5833253427280509e-09,-2.611270672574777e-07,-2.4394203932906442e-06,2.1093133706039195e-06,0.00089789068662939607,31.785805065256064,1.0838494654884794,1,0.0010399958044715794,9.0847819973349232e-06,3.1131721660494084e-06,-0.010723895845701626,-0.002439283541629225,0.00021898331918246712
FREE_6DOF,robot_component_fluid,0.0017250000000000013,0.0013046910511550441,6.7431667220296229e-07,-2.0413197536100194e-06,1,0,0,0,0,0,0,0.097971302021438986,0.0013072289455143609,-0.0012953977458209003,0,0,0,-2.7985780953959152e-05,0,0,9.5833253427280509e-09,-2.611270672574777e-07,-2.4394203932906442e-06,2.1498114593818102e-06,0.00089785018854061818,31.788243600198694,1.0838494654884794,1,0.0010399958044715794,9.0847819973349232e-06,3.1131721660494084e-06,-0.010723895845701626,-0.002439283541629225,0.00021898331918246712
FREE_6DOF,robot_component_fluid,0.0017250000000000013,0.0013046910511361693,6.7431667220296229e-07,-2.0413197536100194e-06,1,0,0,0,0,0,0,0.097971300511443732,0.0013072289455143609,-0.0012953977458209003,0,0,0,-2.7985780953950831e-05,0,0,9.5833253427280509e-09,-2.611270672574777e-07,-2.4394203932906442e-06,2.1498114593818102e-06,0.00089785018854061818,31.788243600179822,1.0838494654884794,1,0.0010399958044715794,9.0847819973349232e-06,3.1131721660494084e-06,-0.010723895845701626,-0.002439283541629225,0.00021898331918246712
FREE_6DOF,robot_component_fluid,0.0017500000000000013,0.0013046910511361693,6.7431667220296229e-07,-2.0413197536100194e-06,1,0,0,0,0,0,0,0.097971300511443746,0.0013072289455143609,-0.0012953977458209003,0,0,0,-2.7985714794030488e-05,0,0,9.5845164149564867e-09,-2.5423754800900812e-07,-2.4599231111471326e-06,2.1498114593818102e-06,0.00089785018854061818,31.78809360017982,1.0995574287564285,1,0.0010399958044715794,9.0847819973349232e-06,3.1131721660494084e-06,-0.010719534296799107,-0.002458959673059328,0.00021237181078381635
FREE_6DOF,robot_component_fluid,0.0017500000000000013,0.0013071512117922564,7.0738975052704325e-07,-2.0737475322382816e-06,1,0,0,0,0,0,0,0.098841551975526576,0.0013386173204121168,-0.0012988245444400435,0,0,0,-2.7986799789363659e-05,0,0,9.5845164149564867e-09,-2.5423754800900812e-07,-2.4599231111471326e-06,2.1910794341180499e-06,0.00089780892056588193,31.790553760835905,1.0995574287564285,1,0.0010399958044715794,9.0847819973349232e-06,3.1131721660494084e-06,-0.010719534296799107,-0.002458959673059328,0.00021237181078381635
FREE_6DOF,robot_component_fluid,0.0017500000000000013,0.0013071512117732176,7.0738975052704325e-07,-2.0737475322382816e-06,1,0,0,0,0,0,0,0.098841550452414662,0.0013386173204121168,-0.0012988245444400435,0,0,0,-2.7986799789355264e-05,0,0,9.5845164149564867e-09,-2.5423754800900812e-07,-2.4599231111471326e-06,2.1910794341180499e-06,0.00089780892056588193,31.790553760816866,1.0995574287564285,1,0.0010399958044715794,9.0847819973349232e-06,3.1131721660494084e-06,-0.010719534296799107,-0.002458959673059328,0.00021237181078381635
FREE_6DOF,robot_component_fluid,0.0017750000000000014,0.0013071512117732176,7.0738975052704325e-07,-2.0737475322382816e-06,1,0,0,0,0,0,0,0.098841550452414675,0.0013386173204121168,-0.0012988245444400435,0,0,0,-2.7986733641412241e-05,0,0,9.5834160071533661e-09,-2.4730150464446062e-07,-2.479796095708418e-06,2.1910794341180499e-06,0.00089780892056588193,31.790403760816869,1.1152653920243776,1,0.0010399958044715794,9.0847819973349232e-06,3.1131721660494084e-06,-0.010715271477571887,-0.002478031151706292,0.00020571527193566412
FREE_6DOF,robot_component_fluid,0.0017750000000000014,0.0013096331692001215,7.4116330786557088e-07,-2.1062066088315167e-06,1,0,0,0,0,0,0,0.099715043699890343,0.001363267266670089,-0.0012979015830187561,0,0,0,-2.7987828050575704e-05,0,0,9.5834160071533661e-09,-2.4730150464446062e-07,-2.479796095708418e-06,2.232807499094311e-06,0.00089776719250090568,31.792885718243774,1.1152653920243776,1,0.0010399958044715794,9.0847819973349232e-06,3.1131721660494084e-06,-0.010715271477571887,-0.002478031151706292,0.00020571527193566412
FREE_6DOF,robot_component_fluid,0.0017750000000000014,0.0013096331691809173,7.4116330786557088e-07,-2.1062066088315167e-06,1,0,0,0,0,0,0,0.099715042163563347,0.001363267266670089,-0.0012979015830187561,0,0,0,-2.7987828050567233e-05,0,0,9.5834160071533661e-09,-2.4730150464446062e-07,-2.479796095708418e-06,2.232807499094311e-06,0.00089776719250090568,31.792885718224568,1.1152653920243776,1,0.0010399958044715794,9.0847819973349232e-06,3.1131721660494084e-06,-0.010715271477571887,-0.002478031151706292,0.00020571527193566412
FREE_6DOF,robot_component_fluid,0.0018000000000000015,0.0013096331691809173,7.4116330786557088e-07,-2.1062066088315167e-06,1,0,0,0,0,0,0,0.099715042163563361,0.001363267266670089,-0.0012979015830187561,0,0,0,-2.798776191471463e-05,0,0,9.5800257357658342e-09,-2.4032059147459568e-07,-2.4990350594010357e-06,2.232807499094311e-06,0.00089776719250090568,31.792735718224566,1.1309733552923265,1,0.0010399958044715794,9.0847819973349232e-06,3.1131721660494084e-06,-0.010711111574804609,-0.0024964938914599426,0.0001990152807949337
FREE_6DOF,robot_component_fluid,0.0018000000000000015,0.0013121370251766387,7.7561086657731856e-07,-2.1386472782323474e-06,1,0,0,0,0,0,0,0.10059343749416065,0.0013925374302697238,-0.001297351969047716,0,0,0,-2.7988865777198025e-05,0,0,9.5800257357658342e-09,-2.4032059147459568e-07,-2.4990350594010357e-06,2.2749471196147498e-06,0.00089772505288038523,31.79523957422029,1.1309733552923265,1,0.0010399958044715794,9.0847819973349232e-06,3.1131721660494084e-06,-0.010711111574804609,-0.0024964938914599426,0.0001990152807949337
FREE_6DOF,robot_component_fluid,0.0018000000000000015,0.0013121370251572687,7.7561086657731856e-07,-2.1386472782323474e-06,1,0,0,0,0,0,0,0.10059343594456312,0.0013925374302697238,-0.001297351969047716,0,0,0,-2.798886577718949e-05,0,0,9.5800257357658342e-09,-2.4032059147459568e-07,-2.4990350594010357e-06,2.2749471196147498e-06,0.00089772505288038523,31.79523957420092,1.1309733552923265,1,0.0010399958044715794,9.0847819973349232e-06,3.1131721660494084e-06,-0.010711111574804609,-0.0024964938914599426,0.0001990152807949337
FREE_6DOF,robot_component_fluid,0.0018250000000000015,0.0013121370251572687,7.7561086657731856e-07,-2.1386472782323474e-06,1,0,0,0,0,0,0,0.10059343594456313,0.0013925374302697238,-0.001297351969047716,0,0,0,-2.7988799653540921e-05,0,0,9.5743476171224073e-09,-2.332964568308896e-07,-2.5176358656857158e-06,2.2749471196147498e-06,0.00089772505288038523,31.795089574200919,1.1466813185602756,1,0.0010399958044715794,9.0847819973349232e-06,3.1131721660494084e-06,-0.010707058673330163,-0.0025143439505452866,0.0001922734100744007
FREE_6DOF,robot_component_fluid,0.0018250000000000015,0.0013146628537812996,8.1088278312608557e-07,-2.1712889961999906e-06,1,0,0,0,0,0,0,0.1014728539779131,0.0014292158936316274,-0.001313985468363765,0,0,0,-2.7989912996525105e-05,0,0,9.5743476171224073e-09,-2.332964568308896e-07,-2.5176358656857158e-06,2.3177633168616396e-06,0.00089768223668313838,31.797615402824949,1.1466813185602756,1,0.0010399958044715794,9.0847819973349232e-06,3.1131721660494084e-06,-0.010707058673330163,-0.0025143439505452866,0.0001922734100744007
FREE_6DOF,robot_component_fluid,0.0018250000000000015,0.0013146628537617634,8.1088278312608557e-07,-2.1712889961999906e-06,1,0,0,0,0,0,0,0.10147285241500688,0.0014292158936316274,-0.001313985468363765,0,0,0,-2.7989912996516496e-05,0,0,9.5743476171224073e-09,-2.332964568308896e-07,-2.5176358656857158e-06,2.3177633168616396e-06,0.00089768223668313838,31.797615402805413,1.1466813185602756,1,0.0010399958044715794,9.0847819973349232e-06,3.1131721660494084e-06,-0.010707058673330163,-0.0025143439505452866,0.0001922734100744007
FREE_6DOF,robot_component_fluid,0.0018500000000000016,0.0013146628537617634,8.1088278312608557e-07,-2.1712889961999906e-06,1,0,0,0,0,0,0,0.10147285241500689,0.0014292158936316274,-0.001313985468363765,0,0,0,-2.7989846885185991e-05,0,0,9.5663840643218666e-09,-2.2623074283917836e-07,-2.5355945286786182e-06,2.3177633168616396e-06,0.00089768223668313838,31.797465402805415,1.1623892818282244,1,0.0010399958044715794,9.0847819973349232e-06,3.1131721660494084e-06,-0.010703116752080934,-0.0025315775311238247,0.00018549122683686231
FREE_6DOF,robot_component_fluid,0.0018500000000000016,0.0013172107614701078,8.4730466208549177e-07,-2.2044973066675356e-06,1,0,0,0,0,0,0,0.10235976425253426,0.0014845344231208697,-0.0013426793690398675,0,0,0,-2.7990969750052817e-05,0,0,9.5663840643218666e-09,-2.2623074283917836e-07,-2.5355945286786182e-06,2.361722584364266e-06,0.00089763827741563568,31.800013310513759,1.1623892818282244,1,0.0010399958044715794,9.0847819973349232e-06,3.1131721660494084e-06,-0.010703116752080934,-0.0025315775311238247,0.00018549122683686231
FREE_6DOF,robot_component_fluid,0.0018500000000000016,0.0013172107614504043,8.4730466208549177e-07,-2.2044973066675356e-06,1,0,0,0,0,0,0,0.10235976267626126,0.0014845344231208697,-0.0013426793690398675,0,0,0,-2.7990969750044133e-05,0,0,9.5663840643218666e-09,-2.2623074283917836e-07,-2.5355945286786182e-06,2.361722584364266e-06,0.00089763827741563568,31.800013310494055,1.1623892818282244,1,0.0010399958044715794,9.0847819973349232e-06,3.1131721660494084e-06,-0.010703116752080934,-0.0025315775311238247,0.00018549122683686231
FREE_6DOF,robot_component_fluid,0.0018750000000000017,0.0013172107614504043,8.4730466208549177e-07,-2.2044973066675356e-06,1,0,0,0,0,0,0,0.10235976267626128,0.0014845344231208697,-0.0013426793690398675,0,0,0,-2.7990903651146263e-05,0,0,9.5561378843921381e-09,-2.1912508523161898e-07,-2.5529072127509536e-06,2.361722584364266e-06,0.00089763827741563568,31.799863310494054,1.1780972450961735,1,0.0010399958044715794,9.0847819973349232e-06,3.1131721660494084e-06,-0.010699289680246079,-0.0025481909788749981,0.00017867029232583324
FREE_6DOF,robot_component_fluid,0.0018750000000000017,0.0013197808086147904,8.8520519716006817e-07,-2.2385910276124385e-06,1,0,0,0,0,0,0,0.10324401047462996,0.0015475083828452385,-0.0013848183065523927,0,0,0,-2.7992036058887781e-05,0,0,9.5561378843921381e-09,-2.1912508523161898e-07,-2.5529072127509536e-06,2.4072552897410172e-06,0.00089759274471025896,31.80243335765844,1.1780972450961735,1,0.0010399958044715794,9.0847819973349232e-06,3.1131721660494084e-06,-0.010699289680246079,-0.0025481909788749981,0.00017867029232583324
FREE_6DOF,robot_component_fluid,0.0018750000000000017,0.0013197808085949195,8.8520519716006817e-07,-2.2385910276124385e-06,1,0,0,0,0,0,0,0.1032440088849607,0.0015475083828452385,-0.0013848183065523927,0,0,0,-2.7992036058879023e-05,0,0,9.5561378843921381e-09,-2.1912508523161898e-07,-2.5529072127509536e-06,2.4072552897410172e-06,0.00089759274471025896,31.80243335763857,1.1780972450961735,1,0.0010399958044715794,9.0847819973349232e-06,3.1131721660494084e-06,-0.010699289680246079,-0.0025481909788749981,0.00017867029232583324
FREE_6DOF,robot_component_fluid,0.0019000000000000017,0.0013197808085949195,8.8520519716006817e-07,-2.2385910276124385e-06,1,0,0,0,0,0,0,0.10324400888496071,0.0015475083828452385,-0.0013848183065523927,0,0,0,-2.7991969972528662e-05,0,0,9.5436122757248429e-09,-2.1198111319650043e-07,-2.5695702321102392e-06,2.4072552897410172e-06,0.00089759274471025896,31.802283357638572,1.1938052083641226,1,0.0010399958044715794,9.0847819973349232e-06,3.1131721660494084e-06,-0.010695581213538219,-0.0025641807825609363,0.00017181216183230794
FREE_6DOF,robot_component_fluid,0.0019000000000000017,0.0013223727865752468,9.2457936176177537e-07,-2.2740124660317699e-06,1,0,0,0,0,0,0,0.1041142295412347,0.0016024247852913353,-0.0014488967669941267,0,0,0,-2.7993111825568934e-05,0,0,9.5436122757248429e-09,-2.1198111319650043e-07,-2.5695702321102392e-06,2.4547870970541833e-06,0.00089754521290294584,31.804875335618899,1.1938052083641226,1,0.0010399958044715794,9.0847819973349232e-06,3.1131721660494084e-06,-0.010695581213538219,-0.0025641807825609363,0.00017181216183230794
FREE_6DOF,robot_component_fluid,0.0019000000000000017,0.0013223727865552103,9.2457936176177537e-07,-2.2740124660317699e-06,1,0,0,0,0,0,0,0.10411422793830619,0.0016024247852913353,-0.0014488967669941267,0,0,0,-2.7993111825560101e-05,0,0,9.5436122757248429e-09,-2.1198111319650043e-07,-2.5695702321102392e-06,2.4547870970541833e-06,0.00089754521290294584,31.804875335598862,1.1938052083641226,1,0.0010399958044715794,9.0847819973349232e-06,3.1131721660494084e-06,-0.010695581213538219,-0.0025641807825609363,0.00017181216183230794
FREE_6DOF,robot_component_fluid,0.0019250000000000018,0.0013223727865552103,9.2457936176177537e-07,-2.2740124660317699e-06,1,0,0,0,0,0,0,0.10411422793830619,0.0016024247852913353,-0.0014488967669941267,0,0,0,-2.7993045751871056e-05,0,0,9.5288108257903051e-09,-2.0480044926534432e-07,-2.585580050366424e-06,2.4547870970541833e-06,0.00089754521290294584,31.80472533559886,1.2095131716320715,1,0.0010399958044715794,9.0847819973349232e-06,3.1131721660494084e-06,-0.010691994990572906,-0.0025795435735776456,0.00016491838459704105
FREE_6DOF,robot_component_fluid,0.0019250000000000018,0.0013249863888672555,9.6536924822038987e-07,-2.3109504138340759e-06,1,0,0,0,0,0,0,0.10497395702529917,0.0016607661313978253,-0.001506139057190332,0,0,0,-2.7994196909564493e-05,0,0,9.5288108257903051e-09,-2.0480044926534432e-07,-2.585580050366424e-06,2.5044819026316576e-06,0.00089749551809736828,31.807338937910906,1.2095131716320715,1,0.0010399958044715794,9.0847819973349232e-06,3.1131721660494084e-06,-0.010691994990572906,-0.0025795435735776456,0.00016491838459704105
FREE_6DOF,robot_component_fluid,0.0019250000000000018,0.0013249863888470555,9.6536924822038987e-07,-2.3109504138340759e-06,1,0,0,0,0,0,0,0.10497395540930882,0.0016607661313978253,-0.001506139057190332,0,0,0,-2.79941969095556e-05,0,0,9.5288108257903051e-09,-2.0480044926534432e-07,-2.585580050366424e-06,2.5044819026316576e-06,0.00089749551809736828,31.807338937890705,1.2095131716320715,1,0.0010399958044715794,9.0847819973349232e-06,3.1131721660494084e-06,-0.010691994990572906,-0.0025795435735776456,0.00016491838459704105
FREE_6DOF,robot_component_fluid,0.0019500000000000019,0.0013249863888470555,9.6536924822038987e-07,-2.3109504138340759e-06,1,0,0,0,0,0,0,0.10497395540930883,0.0016607661313978253,-0.001506139057190332,0,0,0,-2.7994130848640086e-05,0,0,9.5117375091369478e-09,-1.9758470923665315e-07,-2.6009332800860801e-06,2.5044819026316576e-06,0.00089749551809736828,31.807188937890704,1.2252211349000206,1,0.0010399958044715794,9.0847819973349232e-06,3.1131721660494084e-06,-0.01068853452936409,-0.0025942761254957262,0.00015799050374771877
FREE_6DOF,robot_component_fluid,0.0019500000000000019,0.0013276214316836413,1.0076870270767452e-06,-2.3489828081563794e-06,1,0,0,0,0,0,0,0.10582947151756675,0.0017246561771106046,-0.0015364524885939424,0,0,0,-2.7995291224414899e-05,0,0,9.5117375091369478e-09,-1.9758470923665315e-07,-2.6009332800860801e-06,2.5560033993625673e-06,0.00089744399660063746,31.809823980727291,1.2252211349000206,1,0.0010399958044715794,9.0847819973349232e-06,3.1131721660494084e-06,-0.01068853452936409,-0.0025942761254957262,0.00015799050374771877
FREE_6DOF,robot_component_fluid,0.0019500000000000019,0.0013276214316632797,1.0076870270767452e-06,-2.3489828081563794e-06,1,0,0,0,0,0,0,0.10582946988863608,0.0017246561771106046,-0.0015364524885939424,0,0,0,-2.7995291224405934e-05,0,0,9.5117375091369478e-09,-1.9758470923665315e-07,-2.6009332800860801e-06,2.5560033993625673e-06,0.00089744399660063746,31.809823980706931,1.2252211349000206,1,0.0010399958044715794,9.0847819973349232e-06,3.1131721660494084e-06,-0.01068853452936409,-0.0025942761254957262,0.00015799050374771877
FREE_6DOF,robot_component_fluid,0.0019750000000000019,0.0013276214316632797,1.0076870270767452e-06,-2.3489828081563794e-06,1,0,0,0,0,0,0,0.10582946988863609,0.0017246561771106046,-0.0015364524885939424,0,0,0,-2.7995225176375229e-05,0,0,9.4923966856780284e-09,-1.9033550213557902e-07,-2.6156266823377574e-06,2.5560033993625673e-06,0.00089744399660063746,31.809673980706933,1.2409290981679695,1,0.0010399958044715794,9.0847819973349232e-06,3.1131721660494084e-06,-0.010685203223938618,-0.0026083753535936418,0.00015103005627031284
FREE_6DOF,robot_component_fluid,0.0019750000000000019,0.001330277674679086,1.051426602894349e-06,-2.3876196328559038e-06,1,0,0,0,0,0,0,0.10666997137586903,0.0017745098882977059,-0.0015544934873680059,0,0,0,-2.7996394658785877e-05,0,0,9.4923966856780284e-09,-1.9033550213557902e-07,-2.6156266823377574e-06,2.6088743573566188e-06,0.0008973911256426433,31.812330223722736,1.2409290981679695,1,0.0010399958044715794,9.0847819973349232e-06,3.1131721660494084e-06,-0.010685203223938618,-0.0026083753535936418,0.00015103005627031284
FREE_6DOF,robot_component_fluid,0.0019750000000000019,0.0013302776746585646,1.051426602894349e-06,-2.3876196328559038e-06,1,0,0,0,0,0,0,0.10666996973415452,0.0017745098882977059,-0.0015544934873680059,0,0,0,-2.7996394658776844e-05,0,0,9.4923966856780284e-09,-1.9033550213557902e-07,-2.6156266823377574e-06,2.6088743573566188e-06,0.0008973911256426433,31.812330223702215,1.2409290981679695,1,0.0010399958044715794,9.0847819973349232e-06,3.1131721660494084e-06,-0.010685203223938618,-0.0026083753535936418,0.00015103005627031284
FREE_6DOF,robot_component_fluid,0.0020000000000000018,0.0013302776746585646,1.051426602894349e-06,-2.3876196328559038e-06,1,0,0,0,0,0,0,0.10666996973415453,0.0017745098882977059,-0.0015544934873680059,0,0,0,-2.7996328623740959e-05,0,0,9.4707930992679628e-09,-1.8305443020870322e-07,-2.6296571662316189e-06,2.6088743573566188e-06,0.0008973911256426433,31.812180223702214,1.2566370614359184,1,0.0010399958044715794,9.0847819973349232e-06,3.1131721660494084e-06,-0.010682004341072832,-0.0026218383143865511,0.00014403857301382986
FREE_6DOF,robot_component_fluid,0.0020000000000000018,0.0013329546748059285,1.0961848135722744e-06,-2.4267742562089948e-06,1,0,0,0,0,0,0,0.10749004205495204,0.0018061469659363338,-0.0015778763808792708,0,0,0,-2.7997507012161252e-05,0,0,9.4707930992679628e-09,-1.8305443020870322e-07,-2.6296571662316189e-06,2.6628658314126912e-06,0.00089733713416858727,31.814857223849579,1.2566370614359184,1,0.0010399958044715794,9.0847819973349232e-06,3.1131721660494084e-06,-0.010682004341072832,-0.0026218383143865511,0.00014403857301382986
FREE_6DOF,robot_component_fluid,0.0020000000000000018,0.0013329546747852508,1.0961848135722744e-06,-2.4267742562089948e-06,1,0,0,0,0,0,0,0.1074900404007353,0.0018061469659363338,-0.0015778763808792708,0,0,0,-2.7997507012152148e-05,0,0,9.4707930992679628e-09,-1.8305443020870322e-07,-2.6296571662316189e-06,2.6628658314126912e-06,0.00089733713416858727,31.814857223828902,1.2566370614359184,1,0.0010399958044715794,9.0847819973349232e-06,3.1131721660494084e-06,-0.010682004341072832,-0.0026218383143865511,0.00014403857301382986
FREE_6DOF,robot_component_fluid,2.5000000000000001e-05,0.0012060186937156341,0,0,1,0,0,0,0,0,0,0,0,0,0,0,0,-5.152658756282562e-08,0,0,8.2865940090075199e-12,-9.8299597743776328e-10,1.0030963271407357e-10,0,0.00089999999999999998,31.699771242759283,0.015707963267948967,0.0018437500000000006,0.0010399958044715794,9.0847819973349232e-06,3.1131721660494084e-06,-0.010989446360463069,-4.3684310780858422e-05,0.00047975032203907193
FREE_6DOF,robot_component_fluid,2.5000000000000001e-05,0.0012060186928114741,1.0843411277919159e-28,-5.8100150714244967e-29,0.99999999999999978,8.9199096572112282e-10,-1.9544169328356538e-08,1.9943809456262331e-09,1.7839819314422456e-09,-3.9088338656713076e-08,3.9887618912524661e-09,-7.233280813088125e-08,8.6747290223353284e-24,-4.6480120571395975e-24,0.00014271855451537964,-0.003127067092537046,0.00031910095130019731,-5.1526587554260793e-08,0,0,8.2866009489406712e-12,-9.8299680130290069e-10,1.0030971666616399e-10,1.2301863406504083e-28,0.00089999999999999998,31.699771241855125,0.015707963267948967,0.0018437500000000006,0.0010399958043136527,9.0847861400766742e-06,3.1132128339647023e-06,-0.010989446360463069,-4.3684310780858422e-05,0.00047975032203907193
FREE_6DOF,robot_component_fluid,2.5000000000000001e-05,0.0012060186928114741,1.0843411277919159e-28,-5.8100150714244967e-29,0.99999999999999978,8.919917127539409e-10,-1.9544185708647119e-08,1.9943826147824743e-09,1.7839834255078818e-09,-3.9088371417294237e-08,3.9887652295649486e-09,-7.2332808118858001e-08,8.6747290223353284e-24,-4.6480120571395975e-24,0.00014271867404063053,-0.003127069713383539,0.0003191012183651959,-5.152658755426078e-08,0,0,8.2866009489464857e-12,-9.8299680130359098e-10,1.0030971666623426e-10,1.2301863406504083e-28,0.00089999999999999998,31.699771241855125,0.015707963267948967,0.0018437500000000006,0.0010399958043136525,9.084786140080142e-06,3.1132128339987865e-06,-0.010989446360463069,-4.3684310780858422e-05,0.00047975032203907193
FREE_6DOF,robot_component_fluid,2.5000000000000001e-05,0.0012060186928114741,1.0843411277919159e-28,-5.8100150714244967e-29,0.99999999999999978,8.9199171275456676e-10,-1.9544185708660843e-08,1.994382614783871e-09,1.7839834255091335e-09,-3.9088371417321686e-08,3.988765229567742e-09,-7.2332808118857974e-08,8.6747290223353284e-24,-4.6480120571395975e-24,0.00014271867404073069,-0.0031270697133857347,0.00031910121836541935,-5.152658755426078e-08,0,0,8.2866009489464857e-12,-9.8299680130359098e-10,1.0030971666623426e-10,1.2301863406504083e-28,0.00089999999999999998,31.699771241855125,0.015707963267948967,0.0018437500000000006,0.0010399958043136525,9.084786140080142e-06,3.1132128339987865e-06,-0.010989446360463069,-4.3684310780858422e-05,0.00047975032203907193
FREE_6DOF,robot_component_fluid,2.5000000000000001e-05,0.0012060186928114741,1.0843411277919159e-28,-5.8100150714244967e-29,0.99999999999999978,8.9199171275456676e-10,-1.9544185708660843e-08,1.994382614783871e-09,1.7839834255091335e-09,-3.9088371417321686e-08,3.988765229567742e-09,-7.2332808118857974e-08,8.6747290223353284e-24,-4.6480120571395975e-24,0.00014271867404073069,-0.0031270697133857347,0.00031910121836541935,-5.152658755426078e-08,0,0,8.2866009489464857e-12,-9.8299680130359098e-10,1.0030971666623426e-10,1.2301863406504083e-28,0.00089999999999999998,31.699771241855125,0.015707963267948967,0.0018437500000000006,0.0010399958043136525,9.084786140080142e-06,3.1132128339987865e-06,-0.010989446360463069,-4.3684310780858422e-05,0.00047975032203907193
FREE_6DOF,robot_component_fluid,2.5000000000000001e-05,0.0012060186928114741,1.0843411277919159e-28,-5.8100150714244967e-29,0.99999999999999978,8.9199171275456676e-10,-1.9544185708660843e-08,1.994382614783871e-09,1.7839834255091335e-09,-3.9088371417321686e-08,3.988765229567742e-09,-7.2332808118857974e-08,8.6747290223353284e-24,-4.6480120571395975e-24,0.00014271867404073069,-0.0031270697133857347,0.00031910121836541935,-5.152658755426078e-08,0,0,8.2866009489464857e-12,-9.8299680130359098e-10,1.0030971666623426e-10,1.2301863406504083e-28,0.00089999999999999998,31.699771241855125,0.015707963267948967,0.0018437500000000006,0.0010399958043136525,9.084786140080142e-06,3.1132128339987865e-06,-0.010989446360463069,-4.3684310780858422e-05,0.00047975032203907193
FREE_6DOF,robot_component_fluid,2.5000000000000001e-05,0.0012060186928114741,1.0843411277919159e-28,-5.8100150714244967e-29,0.99999999999999978,8.9199171275456676e-10,-1.9544185708660843e-08,1.994382614783871e-09,1.7839834255091335e-09,-3.9088371417321686e-08,3.988765229567742e-09,-7.2332808118857974e-08,8.6747290223353284e-24,-4.6480120571395975e-24,0.00014271867404073069,-0.0031270697133857347,0.00031910121836541935,-5.152658755426078e-08,0,0,8.2866009489464857e-12,-9.8299680130359098e-10,1.0030971666623426e-10,1.2301863406504083e-28,0.00089999999999999998,31.699771241855125,0.015707963267948967,0.0018437500000000006,0.0010399958043136525,9.084786140080142e-06,3.1132128339987865e-06,-0.010989446360463069,-4.3684310780858422e-05,0.00047975032203907193
FREE_6DOF,robot_component_fluid,2.5000000000000001e-05,0.0012060186928114741,1.0843411277919159e-28,-5.8100150714244967e-29,0.99999999999999978,8.9199171275456676e-10,-1.9544185708660843e-08,1.994382614783871e-09,1.7839834255091335e-09,-3.9088371417321686e-08,3.988765229567742e-09,-7.2332808118857974e-08,8.6747290223353284e-24,-4.6480120571395975e-24,0.00014271867404073069,-0.0031270697133857347,0.00031910121836541935,-5.152658755426078e-08,0,0,8.2866009489464857e-12,-9.8299680130359098e-10,1.0030971666623426e-10,1.2301863406504083e-28,0.00089999999999999998,31.699771241855125,0.015707963267948967,0.0018437500000000006,0.0010399958043136525,9.084786140080142e-06,3.1132128339987865e-06,-0.010989446360463069,-4.3684310780858422e-05,0.00047975032203907193
FREE_6DOF,robot_component_fluid,2.5000000000000001e-05,0.0012060186928114741,1.0843411277919159e-28,-5.8100150714244967e-29,0.99999999999999978,8.9199171275456676e-10,-1.9544185708660843e-08,1.994382614783871e-09,1.7839834255091335e-09,-3.9088371417321686e-08,3.988765229567742e-09,-7.2332808118857974e-08,8.6747290223353284e-24,-4.6480120571395975e-24,0.00014271867404073069,-0.0031270697133857347,0.00031910121836541935,-5.152658755426078e-08,0,0,8.2866009489464857e-12,-9.8299680130359098e-10,1.0030971666623426e-10,1.2301863406504083e-28,0.00089999999999999998,31.699771241855125,0.015707963267948967,0.0018437500000000006,0.0010399958043136525,9.084786140080142e-06,3.1132128339987865e-06,-0.010989446360463069,-4.3684310780858422e-05,0.00047975032203907193
FREE_6DOF,robot_component_fluid,2.5000000000000001e-05,0.0012060186928114741,1.0843411277919159e-28,-5.8100150714244967e-29,0.99999999999999978,8.9199171275456676e-10,-1.9544185708660843e-08,1.994382614783871e-09,1.7839834255091335e-09,-3.9088371417321686e-08,3.988765229567742e-09,-7.2332808118857974e-08,8.6747290223353284e-24,-4.6480120571395975e-24,0.00014271867404073069,-0.0031270697133857347,0.00031910121836541935,-5.152658755426078e-08,0,0,8.2866009489464857e-12,-9.8299680130359098e-10,1.0030971666623426e-10,1.2301863406504083e-28,0.00089999999999999998,31.699771241855125,0.015707963267948967,0.0018437500000000006,0.0010399958043136525,9.084786140080142e-06,3.1132128339987865e-06,-0.010989446360463069,-4.3684310780858422e-05,0.00047975032203907193
FREE_6DOF,robot_component_fluid,2.5000000000000001e-05,0.0012060186928114741,1.0843411277919159e-28,-5.8100150714244967e-29,0.99999999999999978,8.9199171275456676e-10,-1.9544185708660843e-08,1.994382614783871e-09,1.7839834255091335e-09,-3.9088371417321686e-08,3.988765229567742e-09,-7.2332808118857974e-08,8.6747290223353284e-24,-4.6480120571395975e-24,0.00014271867404073069,-0.0031270697133857347,0.00031910121836541935,-5.152658755426078e-08,0,0,8.2866009489464857e-12,-9.8299680130359098e-10,1.0030971666623426e-10,1.2301863406504083e-28,0.00089999999999999998,31.699771241855125,0.015707963267948967,0.0018437500000000006,0.0010399958043136525,9.084786140080142e-06,3.1132128339987865e-06,-0.010989446360463069,-4.3684310780858422e-05,0.00047975032203907193
FREE_6DOF,robot_component_fluid,2.5000000000000001e-05,0.0012060186928114741,1.0843411277919159e-28,-5.8100150714244967e-29,0.99999999999999978,8.9199171275456676e-10,-1.9544185708660843e-08,1.994382614783871e-09,1.7839834255091335e-09,-3.9088371417321686e-08,3.988765229567742e-09,-7.2332808118857974e-08,8.6747290223353284e-24,-4.6480120571395975e-24,0.00014271867404073069,-0.0031270697133857347,0.00031910121836541935,-5.152658755426078e-08,0,0,8.2866009489464857e-12,-9.8299680130359098e-10,1.0030971666623426e-10,1.2301863406504083e-28,0.00089999999999999998,31.699771241855125,0.015707963267948967,0.0018437500000000006,0.0010399958043136525,9.084786140080142e-06,3.1132128339987865e-06,-0.010989446360463069,-4.3684310780858422e-05,0.00047975032203907193
FREE_6DOF,robot_component_fluid,2.5000000000000001e-05,0.0012060186928114741,1.0843411277919159e-28,-5.8100150714244967e-29,0.99999999999999978,8.9199171275456676e-10,-1.9544185708660843e-08,1.994382614783871e-09,1.7839834255091335e-09,-3.9088371417321686e-08,3.988765229567742e-09,-7.2332808118857974e-08,8.6747290223353284e-24,-4.6480120571395975e-24,0.00014271867404073069,-0.0031270697133857347,0.00031910121836541935,-5.152658755426078e-08,0,0,8.2866009489464857e-12,-9.8299680130359098e-10,1.0030971666623426e-10,1.2301863406504083e-28,0.00089999999999999998,31.699771241855125,0.015707963267948967,0.0018437500000000006,0.0010399958043136525,9.084786140080142e-06,3.1132128339987865e-06,-0.010989446360463069,-4.3684310780858422e-05,0.00047975032203907193
FREE_6DOF,robot_component_fluid,2.5000000000000001e-05,0.0012060186928114741,1.0843411277919159e-28,-5.8100150714244967e-29,0.99999999999999978,8.9199171275456676e-10,-1.9544185708660843e-08,1.994382614783871e-09,1.7839834255091335e-09,-3.9088371417321686e-08,3.988765229567742e-09,-7.2332808118857974e-08,8.6747290223353284e-24,-4.6480120571395975e-24,0.00014271867404073069,-0.0031270697133857347,0.00031910121836541935,-5.152658755426078e-08,0,0,8.2866009489464857e-12,-9.8299680130359098e-10,1.0030971666623426e-10,1.2301863406504083e-28,0.00089999999999999998,31.699771241855125,0.015707963267948967,0.0018437500000000006,0.0010399958043136525,9.084786140080142e-06,3.1132128339987865e-06,-0.010989446360463069,-4.3684310780858422e-05,0.00047975032203907193
FREE_6DOF,robot_component_fluid,2.5000000000000001e-05,0.0012060186928114741,1.0843411277919159e-28,-5.8100150714244967e-29,0.99999999999999978,8.9199171275456676e-10,-1.9544185708660843e-08,1.994382614783871e-09,1.7839834255091335e-09,-3.9088371417321686e-08,3.988765229567742e-09,-7.2332808118857974e-08,8.6747290223353284e-24,-4.6480120571395975e-24,0.00014271867404073069,-0.0031270697133857347,0.00031910121836541935,-5.152658755426078e-08,0,0,8.2866009489464857e-12,-9.8299680130359098e-10,1.0030971666623426e-10,1.2301863406504083e-28,0.00089999999999999998,31.699771241855125,0.015707963267948967,0.0018437500000000006,0.0010399958043136525,9.084786140080142e-06,3.1132128339987865e-06,-0.010989446360463069,-4.3684310780858422e-05,0.00047975032203907193
FREE_6DOF,robot_component_fluid,2.5000000000000001e-05,0.0012060186928114741,1.0843411277919159e-28,-5.8100150714244967e-29,0.99999999999999978,8.9199171275456676e-10,-1.9544185708660843e-08,1.994382614783871e-09,1.7839834255091335e-09,-3.9088371417321686e-08,3.988765229567742e-09,-7.2332808118857974e-08,8.6747290223353284e-24,-4.6480120571395975e-24,0.00014271867404073069,-0.0031270697133857347,0.00031910121836541935,-5.152658755426078e-08,0,0,8.2866009489464857e-12,-9.8299680130359098e-10,1.0030971666623426e-10,1.2301863406504083e-28,0.00089999999999999998,31.699771241855125,0.015707963267948967,0.0018437500000000006,0.0010399958043136525,9.084786140080142e-06,3.1132128339987865e-06,-0.010989446360463069,-4.3684310780858422e-05,0.00047975032203907193
FREE_6DOF,robot_component_fluid,2.5000000000000001e-05,0.0012060186928114741,1.0843411277919159e-28,-5.8100150714244967e-29,0.99999999999999978,8.9199171275456676e-10,-1.9544185708660843e-08,1.994382614783871e-09,1.7839834255091335e-09,-3.9088371417321686e-08,3.988765229567742e-09,-7.2332808118857974e-08,8.6747290223353284e-24,-4.6480120571395975e-24,0.00014271867404073069,-0.0031270697133857347,0.00031910121836541935,-5.152658755426078e-08,0,0,8.2866009489464857e-12,-9.8299680130359098e-10,1.0030971666623426e-10,1.2301863406504083e-28,0.00089999999999999998,31.699771241855125,0.015707963267948967,0.0018437500000000006,0.0010399958043136525,9.084786140080142e-06,3.1132128339987865e-06,-0.010989446360463069,-4.3684310780858422e-05,0.00047975032203907193
FREE_6DOF,robot_component_fluid,2.5000000000000001e-05,0.0012060186928114741,1.0843411277919159e-28,-5.8100150714244967e-29,0.99999999999999978,8.9199171275456676e-10,-1.9544185708660843e-08,1.994382614783871e-09,1.7839834255091335e-09,-3.9088371417321686e-08,3.988765229567742e-09,-7.2332808118857974e-08,8.6747290223353284e-24,-4.6480120571395975e-24,0.00014271867404073069,-0.0031270697133857347,0.00031910121836541935,-5.152658755426078e-08,0,0,8.2866009489464857e-12,-9.8299680130359098e-10,1.0030971666623426e-10,1.2301863406504083e-28,0.00089999999999999998,31.699771241855125,0.015707963267948967,0.0018437500000000006,0.0010399958043136525,9.084786140080142e-06,3.1132128339987865e-06,-0.010989446360463069,-4.3684310780858422e-05,0.00047975032203907193
FREE_6DOF,robot_component_fluid,2.5000000000000001e-05,0.0012060186928114741,1.0843411277919159e-28,-5.8100150714244967e-29,0.99999999999999978,8.9199171275456676e-10,-1.9544185708660843e-08,1.994382614783871e-09,1.7839834255091335e-09,-3.9088371417321686e-08,3.988765229567742e-09,-7.2332808118857974e-08,8.6747290223353284e-24,-4.6480120571395975e-24,0.00014271867404073069,-0.0031270697133857347,0.00031910121836541935,-5.152658755426078e-08,0,0,8.2866009489464857e-12,-9.8299680130359098e-10,1.0030971666623426e-10,1.2301863406504083e-28,0.00089999999999999998,31.699771241855125,0.015707963267948967,0.0018437500000000006,0.0010399958043136525,9.084786140080142e-06,3.1132128339987865e-06,-0.010989446360463069,-4.3684310780858422e-05,0.00047975032203907193
FREE_6DOF,robot_component_fluid,2.5000000000000001e-05,0.0012060186928114741,1.0843411277919159e-28,-5.8100150714244967e-29,0.99999999999999978,8.9199171275456676e-10,-1.9544185708660843e-08,1.994382614783871e-09,1.7839834255091335e-09,-3.9088371417321686e-08,3.988765229567742e-09,-7.2332808118857974e-08,8.6747290223353284e-24,-4.6480120571395975e-24,0.00014271867404073069,-0.0031270697133857347,0.00031910121836541935,-5.152658755426078e-08,0,0,8.2866009489464857e-12,-9.8299680130359098e-10,1.0030971666623426e-10,1.2301863406504083e-28,0.00089999999999999998,31.699771241855125,0.015707963267948967,0.0018437500000000006,0.0010399958043136525,9.084786140080142e-06,3.1132128339987865e-06,-0.010989446360463069,-4.3684310780858422e-05,0.00047975032203907193
FREE_6DOF,robot_component_fluid,2.5000000000000001e-05,0.0012060186928114741,1.0843411277919159e-28,-5.8100150714244967e-29,0.99999999999999978,8.9199171275456676e-10,-1.9544185708660843e-08,1.994382614783871e-09,1.7839834255091335e-09,-3.9088371417321686e-08,3.988765229567742e-09,-7.2332808118857974e-08,8.6747290223353284e-24,-4.6480120571395975e-24,0.00014271867404073069,-0.0031270697133857347,0.00031910121836541935,-5.152658755426078e-08,0,0,8.2866009489464857e-12,-9.8299680130359098e-10,1.0030971666623426e-10,1.2301863406504083e-28,0.00089999999999999998,31.699771241855125,0.015707963267948967,0.0018437500000000006,0.0010399958043136525,9.084786140080142e-06,3.1132128339987865e-06,-0.010989446360463069,-4.3684310780858422e-05,0.00047975032203907193
FREE_6DOF,robot_component_fluid,5.0000000000000002e-05,0.0012060186928114741,1.0843411277919159e-28,-5.8100150714244967e-29,0.99999999999999978,8.9199171275456676e-10,-1.9544185708660843e-08,1.994382614783871e-09,1.7839834255091335e-09,-3.9088371417321686e-08,3.988765229567742e-09,-7.2332808118857974e-08,8.6747290223353284e-24,-4.6480120571395975e-24,0.00014271867404073069,-0.0031270697133857347,0.00031910121836541935,-2.0261253926278711e-07,0,0,3.3557897708844367e-11,-3.8639141691892359e-09,6.5129203410206127e-11,1.2301863406504083e-28,0.00089999999999999998,31.699621241855127,0.031415926535897934,0.0072500000000000012,0.0010399958043136525,9.084786140080142e-06,3.1132128339987865e-06,-0.01098919421323837,-8.735721865496036e-05,0.00047956152897948173
FREE_6DOF,robot_component_fluid,5.0000000000000002e-05,0.0012060338168096436,4.1160874504337511e-10,-1.454693289654891e-09,0.99999999999967304,1.2069028692593065e-08,-8.0857720138307315e-07,-5.0113445760810469e-09,2.4138057385188761e-08,-1.6171544027663225e-06,-1.0022689152163186e-08,0.001209992186357397,3.2928699603470012e-05,-0.00011637546317239128,0.0016456080638001683,-0.12311821278083498,-0.0014400178018784907,-2.0261258702817271e-07,0,0,3.3558886357673874e-11,-3.8640449244209452e-09,6.5128039932035253e-11,1.5118049893961691e-09,0.00089999848819501062,31.699636365853294,0.031415926535897934,0.0072500000000000012,0.0010399957995267932,9.0847714986140527e-06,3.1148542191283328e-06,-0.01098919421323837,-8.735721865496036e-05,0.00047956152897948173
FREE_6DOF,robot_component_fluid,5.0000000000000002e-05,0.0012060338168096427,4.1160874504337511e-10,-1.454693289654891e-09,0.99999999999967304,1.206913511325979e-08,-8.0857980109095289e-07,-5.011367708620169e-09,2.4138270226522211e-08,-1.617159602182082e-06,-1.002273541724143e-08,0.0012099921862903443,3.2928699603470012e-05,-0.00011637546317239128,0.0016456250911095498,-0.12311862873409564,-0.0014400215030848653,-2.0261258702816964e-07,0,0,3.3558886360930206e-11,-3.8640449248518583e-09,6.5128039928158942e-11,1.5118049893961691e-09,0.00089999848819501062,31.699636365853294,0.031415926535897934,0.0072500000000000012,0.0010399957995267774,9.0847714985652738e-06,3.1148542245376368e-06,-0.01098919421323837,-8.735721865496036e-05,0.00047956152897948173
FREE_6DOF,robot_component_fluid,7.5000000000000007e-05,0.0012060338168096427,4.1160874504337511e-10,-1.454693289654891e-09,0.99999999999967304,1.2069135113610311e-08,-8.0857980109952041e-07,-5.0113677086972424e-09,2.4138270227223253e-08,-1.617159602199217e-06,-1.0022735417395577e-08,0.0012099921862903443,3.2928699603470012e-05,-0.00011637546317239128,0.0016456250911656336,-0.12311862873546645,-0.0014400215030971972,-4.4801728177506966e-07,0,0,7.6339494457523313e-11,-8.5389370760915796e-09,-5.8380305010029537e-10,1.5118049893961691e-09,0.00089999848819501062,31.699486365853293,0.047123889803846901,0.016031250000000004,0.0010399957995267774,9.0847714985652738e-06,3.1148542245376546e-06,-0.010988774246403809,-0.00013100732490320291,0.0004792469534531385
FREE_6DOF,robot_component_fluid,7.5000000000000007e-05,0.001206096007014941,1.1778727469812251e-09,-8.2601500814676312e-09,0.99999999999156342,4.8052379199874514e-08,-4.1073990506624852e-06,-5.7839310192301115e-09,9.6104758400019298e-08,-8.2147981013480724e-06,-1.1567862038492754e-08,0.0037652242375658838,2.837242055155798e-05,-0.00042806108017262796,0.0041116821070558982,-0.40469245132489245,0.0013164076615751594,-4.4801771570992482e-07,0,0,7.6353892393576333e-11,-8.54014578400136e-09,-5.8380332954067192e-10,8.3437080232023232e-09,0.00089999165629197676,31.699548556058591,0.047123889803846901,0.016031250000000004,0.001039995778967495,9.0847696672058536e-06,3.12171639459487e-06,-0.010988774246403809,-0.00013100732490320291,0.0004792469534531385
FREE_6DOF,robot_component_fluid,7.5000000000000007e-05,0.0012060960070149334,1.1778727469812251e-09,-8.2601500814676312e-09,0.99999999999156342,4.805392903534803e-08,-4.1074230824923747e-06,-5.7839365694721818e-09,9.6107858070966343e-08,-8.2148461650078513e-06,-1.1567873138976895e-08,0.0037652242369567283,2.837242055155798e-05,-0.00042806108017262796,0.0041119300806452637,-0.4046962964176804,0.0013164067739930597,-4.4801771570986049e-07,0,0,7.6353892498453697e-11,-8.5401457928108981e-09,-5.8380332954409386e-10,8.3437080232023232e-09,0.00089999165629197676,31.699548556058584,0.047123889803846901,0.016031250000000004,0.0010399957789673456,9.0847696671846473e-06,3.1217164446090345e-06,-0.010988774246403809,-0.00013100732490320291,0.0004792469534531385
FREE_6DOF,robot_component_fluid,0.0001,0.0012060960070149334,1.1778727469812251e-09,-8.2601500814676312e-09,0.99999999999156342,4.8053929046637332e-08,-4.1074230826675284e-06,-5.7839365695401695e-09,9.6107858093544933e-08,-8.2148461653581587e-06,-1.156787313911287e-08,0.0037652242369567283,2.837242055155798e-05,-0.00042806108017262796,0.0041119300824515505,-0.40469629644570498,0.0013164067739821841,-7.8250081159970907e-07,0,0,1.3705924276256892e-10,-1.4903251046200802e-08,-2.2899039747551216e-09,8.3437080232023232e-09,0.00089999165629197676,31.699398556058586,0.062831853071795868,0.028000000000000004,0.0010399957789673456,9.0847696671846473e-06,3.1217164446093987e-06,-0.010988186877472795,-0.00017462323917778741,0.00047880671473333921
FREE_6DOF,robot_component_fluid,0.0001,0.0012062225434102695,8.9958393072428032e-10,-2.3209377661444472e-08,0.99999999994024702,1.1121656396625232e-07,-1.0930078070878098e-05,1.6432288751602094e-07,2.2243312793693499e-07,-2.1860156142191601e-05,3.2864577503858775e-07,0.0063576873899456147,-5.0635525852113581e-05,-0.00076787712622551911,0.0059938536787393854,-0.68692850429997754,0.025900669145881385,-7.8250235071831811e-07,0,0,1.3713337311230995e-10,-1.4907616939401914e-08,-2.2897950127837068e-09,2.3226804831486727e-08,0.00089997677319516851,31.699525092453921,0.062831853071795868,0.028000000000000004,0.0010399957331829069,9.0851230925491238e-06,3.1359086567385081e-06,-0.010988186877472795,-0.00017462323917778741,0.00047880671473333921
FREE_6DOF,robot_component_fluid,0.0001,0.0012062225434102427,8.9958393072428032e-10,-2.3209377661444472e-08,0.99999999994024602,1.1122454369777313e-07,-1.0930164874646557e-05,1.6432505399767359e-07,2.2244908739997701e-07,-2.186032974972853e-05,3.2865010800189327e-07,0.0063576873877850062,-5.0635525852113581e-05,-0.00076787712622551911,0.0059951304327535522,-0.686942392902953,0.025901015793267451,-7.8250235071787808e-07,0,0,1.3713337405555934e-10,-1.4907616994988712e-08,-2.289795011409761e-09,2.3226804831486727e-08,0.00089997677319516851,31.699525092453893,0.062831853071795868,0.028000000000000004,0.0010399957331823227,9.085123097005498e-06,3.1359088374345966e-06,-0.010988186877472795,-0.00017462323917778741,0.00047880671473333921
FREE_6DOF,robot_component_fluid,0.0001,0.0012062225434102427,8.9958393072428032e-10,-2.3209377661444472e-08,0.99999999994024602,1.1122454379930882e-07,-1.0930164875751747e-05,1.6432505402499175e-07,2.224490876030484e-07,-2.186032975193891e-05,3.2865010805652954e-07,0.0063576873877850062,-5.0635525852113581e-05,-0.00076787712622551911,0.0059951304489992236,-0.68694239307978344,0.025901015797638479,-7.8250235071787808e-07,0,0,1.3713337405557136e-10,-1.490761699498942e-08,-2.2897950114097432e-09,2.3226804831486727e-08,0.00089997677319516851,31.699525092453893,0.062831853071795868,0.028000000000000004,0.0010399957331823227,9.0851230970055556e-06,3.1359088374368971e-06,-0.010988186877472795,-0.00017462323917778741,0.00047880671473333921
FREE_6DOF,robot_component_fluid,0.0001,0.0012062225434102427,8.9958393072428032e-10,-2.3209377661444472e-08,0.99999999994024602,1.1122454379931012e-07,-1.0930164875751761e-05,1.6432505402499197e-07,2.2244908760305099e-07,-2.1860329751938937e-05,3.2865010805653002e-07,0.0063576873877850062,-5.0635525852113581e-05,-0.00076787712622551911,0.0059951304489994309,-0.68694239307978555,0.025901015797638524,-7.8250235071787808e-07,0,0,1.3713337405557136e-10,-1.490761699498942e-08,-2.2897950114097432e-09,2.3226804831486727e-08,0.00089997677319516851,31.699525092453893,0.062831853071795868,0.028000000000000004,0.0010399957331823227,9.0851230970055556e-06,3.1359088374368971e-06,-0.010988186877472795,-0.00017462323917778741,0.00047880671473333921
FREE_6DOF,robot_component_fluid,0.0001,0.0012062225434102427,8.9958393072428032e-10,-2.3209377661444472e-08,0.99999999994024602,1.1122454379931012e-07,-1.0930164875751761e-05,1.6432505402499197e-07,2.2244908760305099e-07,-2.1860329751938937e-05,3.2865010805653002e-07,0.0063576873877850062,-5.0635525852113581e-05,-0.00076787712622551911,0.0059951304489994309,-0.68694239307978555,0.025901015797638524,-7.8250235071787808e-07,0,0,1.3713337405557136e-10,-1.490761699498942e-08,-2.2897950114097432e-09,2.3226804831486727e-08,0.00089997677319516851,31.699525092453893,0.062831853071795868,0.028000000000000004,0.0010399957331823227,9.0851230970055556e-06,3.1359088374368971e-06,-0.010988186877472795,-0.00017462323917778741,0.00047880671473333921
FREE_6DOF,robot_component_fluid,0.0001,0.0012062225434102427,8.9958393072428032e-10,-2.3209377661444472e-08,0.99999999994024602,1.1122454379931012e-07,-1.0930164875751761e-05,1.6432505402499197e-07,2.2244908760305099e-07,-2.1860329751938937e-05,3.2865010805653002e-07,0.0063576873877850062,-5.0635525852113581e-05,-0.00076787712622551911,0.0059951304489994309,-0.68694239307978555,0.025901015797638524,-7.8250235071787808e-07,0,0,1.3713337405557136e-10,-1.490761699498942e-08,-2.2897950114097432e-09,2.3226804831486727e-08,0.00089997677319516851,31.699525092453893,0.062831853071795868,0.028000000000000004,0.0010399957331823227,9.0851230970055556e-06,3.1359088374368971e-06,-0.010988186877472795,-0.00017462323917778741,0.00047880671473333921
FREE_6DOF,robot_component_fluid,0.0001,0.0012062225434102427,8.9958393072428032e-10,-2.3209377661444472e-08,0.99999999994024602,1.1122454379931012e-07,-1.0930164875751761e-05,1.6432505402499197e-07,2.2244908760305099e-07,-2.1860329751938937e-05,3.2865010805653002e-07,0.0063576873877850062,-5.0635525852113581e-05,-0.00076787712622551911,0.0059951304489994309,-0.68694239307978555,0.025901015797638524,-7.8250235071787808e-07,0,0,1.3713337405557136e-10,-1.490761699498942e-08,-2.2897950114097432e-09,2.3226804831486727e-08,0.00089997677319516851,31.699525092453893,0.062831853071795868,0.028000000000000004,0.0010399957331823227,9.0851230970055556e-06,3.1359088374368971e-06,-0.010988186877472795,-0.00017462323917778741,0.00047880671473333921
FREE_6DOF,robot_component_fluid,0.0001,0.0012062225434102427,8.9958393072428032e-10,-2.3209377661444472e-08,0.99999999994024602,1.1122454379931012e-07,-1.0930164875751761e-05,1.6432505402499197e-07,2.2244908760305099e-07,-2.1860329751938937e-05,3.2865010805653002e-07,0.0063576873877850062,-5.0635525852113581e-05,-0.00076787712622551911,0.0059951304489994309,-0.68694239307978555,0.025901015797638524,-7.8250235071787808e-07,0,0,1.3713337405557136e-10,-1.490761699498942e-08,-2.2897950114097432e-09,2.3226804831486727e-08,0.00089997677319516851,31.699525092453893,0.062831853071795868,0.028000000000000004,0.0010399957331823227,9.0851230970055556e-06,3.1359088374368971e-06,-0.010988186877472795,-0.00017462323917778741,0.00047880671473333921
FREE_6DOF,robot_component_fluid,0.0001,0.0012062225434102427,8.9958393072428032e-10,-2.3209377661444472e-08,0.99999999994024602,1.1122454379931012e-07,-1.0930164875751761e-05,1.6432505402499197e-07,2.2244908760305099e-07,-2.1860329751938937e-05,3.2865010805653002e-07,0.0063576873877850062,-5.0635525852113581e-05,-0.00076787712622551911,0.0059951304489994309,-0.68694239307978555,0.025901015797638524,-7.8250235071787808e-07,0,0,1.3713337405557136e-10,-1.490761699498942e-08,-2.2897950114097432e-09,2.3226804831486727e-08,0.00089997677319516851,31.699525092453893,0.062831853071795868,0.028000000000000004,0.0010399957331823227,9.0851230970055556e-06,3.1359088374368971e-06,-0.010988186877472795,-0.00017462323917778741,0.00047880671473333921
FREE_6DOF,robot_component_fluid,0.0001,0.0012062225434102427,8.9958393072428032e-10,-2.3209377661444472e-08,0.99999999994024602,1.1122454379931012e-07,-1.0930164875751761e-05,1.6432505402499197e-07,2.2244908760305099e-07,-2.1860329751938937e-05,3.2865010805653002e-07,0.0063576873877850062,-5.0635525852113581e-05,-0.00076787712622551911,0.0059951304489994309,-0.68694239307978555,0.025901015797638524,-7.8250235071787808e-07,0,0,1.3713337405557136e-10,-1.490761699498942e-08,-2.2897950114097432e-09,2.3226804831486727e-08,0.00089997677319516851,31.699525092453893,0.062831853071795868,0.028000000000000004,0.0010399957331823227,9.0851230970055556e-06,3.1359088374368971e-06,-0.010988186877472795,-0.00017462323917778741,0.00047880671473333921
FREE_6DOF,robot_component_fluid,0.0001,0.0012062225434102427,8.9958393072428032e-10,-2.3209377661444472e-08,0.99999999994024602,1.1122454379931012e-07,-1.0930164875751761e-05,1.6432505402499197e-07,2.2244908760305099e-07,-2.1860329751938937e-05,3.2865010805653002e-07,0.0063576873877850062,-5.0635525852113581e-05,-0.00076787712622551911,0.0059951304489994309,-0.68694239307978555,0.025901015797638524,-7.8250235071787808e-07,0,0,1.3713337405557136e-10,-1.490761699498942e-08,-2.2897950114097432e-09,2.3226804831486727e-08,0.00089997677319516851,31.699525092453893,0.062831853071795868,0.028000000000000004,0.0010399957331823227,9.0851230970055556e-06,3.1359088374368971e-06,-0.010988186877472795,-0.00017462323917778741,0.00047880671473333921
FREE_6DOF,robot_component_fluid,0.0001,0.0012062225434102427,8.9958393072428032e-10,-2.3209377661444472e-08,0.99999999994024602,1.1122454379931012e-07,-1.0930164875751761e-05,1.6432505402499197e-07,2.2244908760305099e-07,-2.1860329751938937e-05,3.2865010805653002e-07,0.0063576873877850062,-5.0635525852113581e-05,-0.00076787712622551911,0.0059951304489994309,-0.68694239307978555,0.025901015797638524,-7.8250235071787808e-07,0,0,1.3713337405557136e-10,-1.490761699498942e-08,-2.2897950114097432e-09,2.3226804831486727e-08,0.00089997677319516851,31.699525092453893,0.062831853071795868,0.028000000000000004,0.0010399957331823227,9.0851230970055556e-06,3.1359088374368971e-06,-0.010988186877472795,-0.00017462323917778741,0.00047880671473333921
FREE_6DOF,robot_component_fluid,0.0001,0.0012062225434102427,8.9958393072428032e-10,-2.3209377661444472e-08,0.99999999994024602,1.1122454379931012e-07,-1.0930164875751761e-05,1.6432505402499197e-07,2.2244908760305099e-07,-2.1860329751938937e-05,3.2865010805653002e-07,0.0063576873877850062,-5.0635525852113581e-05,-0.00076787712622551911,0.0059951304489994309,-0.68694239307978555,0.025901015797638524,-7.8250235071787808e-07,0,0,1.3713337405557136e-10,-1.490761699498942e-08,-2.2897950114097432e-09,2.3226804831486727e-08,0.00089997677319516851,31.699525092453893,0.062831853071795868,0.028000000000000004,0.0010399957331823227,9.0851230970055556e-06,3.1359088374368971e-06,-0.010988186877472795,-0.00017462323917778741,0.00047880671473333921
FREE_6DOF,robot_component_fluid,0.0001,0.0012062225434102427,8.9958393072428032e-10,-2.3209377661444472e-08,0.99999999994024602,1.1122454379931012e-07,-1.0930164875751761e-05,1.6432505402499197e-07,2.2244908760305099e-07,-2.1860329751938937e-05,3.2865010805653002e-07,0.0063576873877850062,-5.0635525852113581e-05,-0.00076787712622551911,0.0059951304489994309,-0.68694239307978555,0.025901015797638524,-7.8250235071787808e-07,0,0,1.3713337405557136e-10,-1.490761699498942e-08,-2.2897950114097432e-09,2.3226804831486727e-08,0.00089997677319516851,31.699525092453893,0.062831853071795868,0.028000000000000004,0.0010399957331823227,9.0851230970055556e-06,3.1359088374368971e-06,-0.010988186877472795,-0.00017462323917778741,0.00047880671473333921
FREE_6DOF,robot_component_fluid,0.0001,0.0012062225434102427,8.9958393072428032e-10,-2.3209377661444472e-08,0.99999999994024602,1.1122454379931012e-07,-1.0930164875751761e-05,1.6432505402499197e-07,2.2244908760305099e-07,-2.1860329751938937e-05,3.2865010805653002e-07,0.0063576873877850062,-5.0635525852113581e-05,-0.00076787712622551911,0.0059951304489994309,-0.68694239307978555,0.025901015797638524,-7.8250235071787808e-07,0,0,1.3713337405557136e-10,-1.490761699498942e-08,-2.2897950114097432e-09,2.3226804831486727e-08,0.00089997677319516851,31.699525092453893,0.062831853071795868,0.028000000000000004,0.0010399957331823227,9.0851230970055556e-06,3.1359088374368971e-06,-0.010988186877472795,-0.00017462323917778741,0.00047880671473333921
FREE_6DOF,robot_component_fluid,0.0001,0.0012062225434102427,8.9958393072428032e-10,-2.3209377661444472e-08,0.99999999994024602,1.1122454379931012e-07,-1.0930164875751761e-05,1.6432505402499197e-07,2.2244908760305099e-07,-2.1860329751938937e-05,3.2865010805653002e-07,0.0063576873877850062,-5.0635525852113581e-05,-0.00076787712622551911,0.0059951304489994309,-0.68694239307978555,0.025901015797638524,-7.8250235071787808e-07,0,0,1.3713337405557136e-10,-1.490761699498942e-08,-2.2897950114097432e-09,2.3226804831486727e-08,0.00089997677319516851,31.699525092453893,0.062831853071795868,0.028000000000000004,0.0010399957331823227,9.0851230970055556e-06,3.1359088374368971e-06,-0.010988186877472795,-0.00017462323917778741,0.00047880671473333921
FREE_6DOF,robot_component_fluid,0.0001,0.0012062225434102427,8.9958393072428032e-10,-2.3209377661444472e-08,0.99999999994024602,1.1122454379931012e-07,-1.0930164875751761e-05,1.6432505402499197e-07,2.2244908760305099e-07,-2.1860329751938937e-05,3.2865010805653002e-07,0.0063576873877850062,-5.0635525852113581e-05,-0.00076787712622551911,0.0059951304489994309,-0.68694239307978555,0.025901015797638524,-7.8250235071787808e-07,0,0,1.3713337405557136e-10,-1.490761699498942e-08,-2.2897950114097432e-09,2.3226804831486727e-08,0.00089997677319516851,31.699525092453893,0.062831853071795868,0.028000000000000004,0.0010399957331823227,9.0851230970055556e-06,3.1359088374368971e-06,-0.010988186877472795,-0.00017462323917778741,0.00047880671473333921
FREE_6DOF,robot_component_fluid,0.0001,0.0012062225434102427,8.9958393072428032e-10,-2.3209377661444472e-08,0.99999999994024602,1.1122454379931012e-07,-1.0930164875751761e-05,1.6432505402499197e-07,2.2244908760305099e-07,-2.1860329751938937e-05,3.2865010805653002e-07,0.0063576873877850062,-5.0635525852113581e-05,-0.00076787712622551911,0.0059951304489994309,-0.68694239307978555,0.025901015797638524,-7.8250235071787808e-07,0,0,1.3713337405557136e-10,-1.490761699498942e-08,-2.2897950114097432e-09,2.3226804831486727e-08,0.00089997677319516851,31.699525092453893,0.062831853071795868,0.028000000000000004,0.0010399957331823227,9.0851230970055556e-06,3.1359088374368971e-06,-0.010988186877472795,-0.00017462323917778741,0.00047880671473333921
FREE_6DOF,robot_component_fluid,0.0001,0.0012062225434102427,8.9958393072428032e-10,-2.3209377661444472e-08,0.99999999994024602,1.1122454379931012e-07,-1.0930164875751761e-05,1.6432505402499197e-07,2.2244908760305099e-07,-2.1860329751938937e-05,3.2865010805653002e-07,0.0063576873877850062,-5.0635525852113581e-05,-0.00076787712622551911,0.0059951304489994309,-0.68694239307978555,0.025901015797638524,-7.8250235071787808e-07,0,0,1.3713337405557136e-10,-1.490761699498942e-08,-2.2897950114097432e-09,2.3226804831486727e-08,0.00089997677319516851,31.699525092453893,0.062831853071795868,0.028000000000000004,0.0010399957331823227,9.0851230970055556e-06,3.1359088374368971e-06,-0.010988186877472795,-0.00017462323917778741,0.00047880671473333921
FREE_6DOF,robot_component_fluid,0.0001,0.0012062225434102427,8.9958393072428032e-10,-2.3209377661444472e-08,0.99999999994024602,1.1122454379931012e-07,-1.0930164875751761e-05,1.6432505402499197e-07,2.2244908760305099e-07,-2.1860329751938937e-05,3.2865010805653002e-07,0.0063576873877850062,-5.0635525852113581e-05,-0.00076787712622551911,0.0059951304489994309,-0.68694239307978555,0.025901015797638524,-7.8250235071787808e-07,0,0,1.3713337405557136e-10,-1.490761699498942e-08,-2.2897950114097432e-09,2.3226804831486727e-08,0.00089997677319516851,31.699525092453893,0.062831853071795868,0.028000000000000004,0.0010399957331823227,9.0851230970055556e-06,3.1359088374368971e-06,-0.010988186877472795,-0.00017462323917778741,0.00047880671473333921
FREE_6DOF,robot_component_fluid,0.000125,0.0012062225434102427,8.9958393072428032e-10,-2.3209377661444472e-08,0.99999999994024602,1.1122454379931012e-07,-1.0930164875751761e-05,1.6432505402499197e-07,2.2244908760305099e-07,-2.1860329751938937e-05,3.2865010805653002e-07,0.0063576873877850062,-5.0635525852113581e-05,-0.00076787712622551911,0.0059951304489994309,-0.68694239307978555,0.025901015797638524,-1.2008238475156552e-06,0,0,2.1609471457163603e-10,-2.2851819612324293e-08,-5.4612515340908866e-09,2.3226804831486727e-08,0.00089997677319516851,31.699375092453892,0.078539816339744828,0.04296875,0.0010399957331823227,9.0851230970055556e-06,3.1359088374368971e-06,-0.010987432690371479,-0.00021819358367787341,0.0004782409796305485
FREE_6DOF,robot_component_fluid,0.000125,0.0012064115752028191,-1.3021873769382641e-09,-4.5276682089310122e-08,0.9999999997814496,2.0782243238263294e-07,-2.089590386505901e-05,6.4712786052464116e-07,4.1564486479554562e-07,-4.1791807733162555e-05,1.2942557211435689e-06,0.0087648560183098967,-0.00012550617876088999,-0.00099750722800373212,0.0094598023375406966,-0.90757585225565651,0.051347438042611063,-1.2008273724179506e-06,0,0,2.1630969637405814e-10,-2.2861605305211107e-08,-5.460777039654635e-09,4.5295404104402395e-08,0.00089995470459589553,31.699564124246468,0.078539816339744828,0.04296875,0.0010399956616993016,9.0861267147551716e-06,3.1566392440986053e-06,-0.010987432690371479,-0.00021819358367787341,0.0004782409796305485
FREE_6DOF,robot_component_fluid,0.000125,0.0012064115752027571,-1.3021873769382641e-09,-4.5276682089310122e-08,0.99999999978144549,2.0784557439098396e-07,-2.0896098426612849e-05,6.471372949026506e-07,4.1569114881225162e-07,-4.1792196856270321e-05,1.294274589899591e-06,0.0087648560133616535,-0.00012550617876088999,-0.00099750722800373212,0.0094635050446094278,-0.90760698210275137,0.051348947609563059,-1.2008273724163328e-06,0,0,2.1630970057240625e-10,-2.2861605496439862e-08,-5.4607770304455133e-09,4.5295404104402395e-08,0.00089995470459589553,31.699564124246407,0.078539816339744828,0.04296875,0.0010399956616979015,9.0861267342334142e-06,3.1566396492054624e-06,-0.010987432690371479,-0.00021819358367787341,0.0004782409796305485
FREE_6DOF,robot_component_fluid,0.000125,0.0012064115752027571,-1.3021873769382641e-09,-4.5276682089310122e-08,0.99999999978144549,2.0784557484292067e-07,-2.0896098430414899e-05,6.4713729508575562e-07,4.1569114971612509e-07,-4.1792196863874427e-05,1.294274590265801e-06,0.0087648560133616552,-0.00012550617876088999,-0.00099750722800373212,0.0094635051169190271,-0.90760698271108065,0.051348947638861185,-1.2008273724163328e-06,0,0,2.1630970057248832e-10,-2.2861605496443601e-08,-5.4607770304453346e-09,4.5295404104402395e-08,0.00089995470459589553,31.699564124246407,0.078539816339744828,0.04296875,0.0010399956616979015,9.0861267342337937e-06,3.1566396492133792e-06,-0.010987432690371479,-0.00021819358367787341,0.0004782409796305485
FREE_6DOF,robot_component_fluid,0.000125,0.0012064115752027571,-1.3021873769382641e-09,-4.5276682089310122e-08,0.99999999978144549,2.0784557484292945e-07,-2.0896098430414973e-05,6.4713729508575922e-07,4.1569114971614266e-07,-4.1792196863874576e-05,1.2942745902658082e-06,0.0087648560133616552,-0.00012550617876088999,-0.00099750722800373212,0.0094635051169204409,-0.90760698271109252,0.051348947638861733,-1.2008273724163328e-06,0,0,2.1630970057248832e-10,-2.2861605496443601e-08,-5.4607770304453346e-09,4.5295404104402395e-08,0.00089995470459589553,31.699564124246407,0.078539816339744828,0.04296875,0.0010399956616979015,9.0861267342337937e-06,3.1566396492133792e-06,-0.010987432690371479,-0.00021819358367787341,0.0004782409796305485
FREE_6DOF,robot_component_fluid,0.000125,0.0012064115752027571,-1.3021873769382641e-09,-4.5276682089310122e-08,0.99999999978144549,2.0784557484292945e-07,-2.0896098430414973e-05,6.4713729508575922e-07,4.1569114971614266e-07,-4.1792196863874576e-05,1.2942745902658082e-06,0.0087648560133616552,-0.00012550617876088999,-0.00099750722800373212,0.0094635051169204409,-0.90760698271109252,0.051348947638861733,-1.2008273724163328e-06,0,0,2.1630970057248832e-10,-2.2861605496443601e-08,-5.4607770304453346e-09,4.5295404104402395e-08,0.00089995470459589553,31.699564124246407,0.078539816339744828,0.04296875,0.0010399956616979015,9.0861267342337937e-06,3.1566396492133792e-06,-0.010987432690371479,-0.00021819358367787341,0.0004782409796305485
FREE_6DOF,robot_component_fluid,0.000125,0.0012064115752027571,-1.3021873769382641e-09,-4.5276682089310122e-08,0.99999999978144549,2.0784557484292945e-07,-2.0896098430414973e-05,6.4713729508575922e-07,4.1569114971614266e-07,-4.1792196863874576e-05,1.2942745902658082e-06,0.0087648560133616552,-0.00012550617876088999,-0.00099750722800373212,0.0094635051169204409,-0.90760698271109252,0.051348947638861733,-1.2008273724163328e-06,0,0,2.1630970057248832e-10,-2.2861605496443601e-08,-5.4607770304453346e-09,4.5295404104402395e-08,0.00089995470459589553,31.699564124246407,0.078539816339744828,0.04296875,0.0010399956616979015,9.0861267342337937e-06,3.1566396492133792e-06,-0.010987432690371479,-0.00021819358367787341,0.0004782409796305485
FREE_6DOF,robot_component_fluid,0.000125,0.0012064115752027571,-1.3021873769382641e-09,-4.5276682089310122e-08,0.99999999978144549,2.0784557484292945e-07,-2.0896098430414973e-05,6.4713729508575922e-07,4.1569114971614266e-07,-4.1792196863874576e-05,1.2942745902658082e-06,0.0087648560133616552,-0.00012550617876088999,-0.00099750722800373212,0.0094635051169204409,-0.90760698271109252,0.051348947638861733,-1.2008273724163328e-06,0,0,2.1630970057248832e-10,-2.2861605496443601e-08,-5.4607770304453346e-09,4.5295404104402395e-08,0.00089995470459589553,31.699564124246407,0.078539816339744828,0.04296875,0.0010399956616979015,9.0861267342337937e-06,3.1566396492133792e-06,-0.010987432690371479,-0.00021819358367787341,0.0004782409796305485
FREE_6DOF,robot_component_fluid,0.000125,0.0012064115752027571,-1.3021873769382641e-09,-4.5276682089310122e-08,0.99999999978144549,2.0784557484292945e-07,-2.0896098430414973e-05,6.4713729508575922e-07,4.1569114971614266e-07,-4.1792196863874576e-05,1.2942745902658082e-06,0.0087648560133616552,-0.00012550617876088999,-0.00099750722800373212,0.0094635051169204409,-0.90760698271109252,0.051348947638861733,-1.2008273724163328e-06,0,0,2.1630970057248832e-10,-2.2861605496443601e-08,-5.4607770304453346e-09,4.5295404104402395e-08,0.00089995470459589553,31.699564124246407,0.078539816339744828,0.04296875,0.0010399956616979015,9.0861267342337937e-06,3.1566396492133792e-06,-0.010987432690371479,-0.00021819358367787341,0.0004782409796305485
FREE_6DOF,robot_component_fluid,0.000125,0.0012064115752027571,-1.3021873769382641e-09,-4.5276682089310122e-08,0.99999999978144549,2.0784557484292945e-07,-2.0896098430414973e-05,6.4713729508575922e-07,4.1569114971614266e-07,-4.1792196863874576e-05,1.2942745902658082e-06,0.0087648560133616552,-0.00012550617876088999,-0.00099750722800373212,0.0094635051169204409,-0.90760698271109252,0.051348947638861733,-1.2008273724163328e-06,0,0,2.1630970057248832e-10,-2.2861605496443601e-08,-5.4607770304453346e-09,4.5295404104402395e-08,0.00089995470459589553,31.699564124246407,0.078539816339744828,0.04296875,0.0010399956616979015,9.0861267342337937e-06,3.1566396492133792e-06,-0.010987432690371479,-0.00021819358367787341,0.0004782409796305485
FREE_6DOF,robot_component_fluid,0.000125,0.0012064115752027571,-1.3021873769382641e-09,-4.5276682089310122e-08,0.99999999978144549,2.0784557484292945e-07,-2.0896098430414973e-05,6.4713729508575922e-07,4.1569114971614266e-07,-4.1792196863874576e-05,1.2942745902658082e-06,0.0087648560133616552,-0.00012550617876088999,-0.00099750722800373212,0.0094635051169204409,-0.90760698271109252,0.051348947638861733,-1.2008273724163328e-06,0,0,2.1630970057248832e-10,-2.2861605496443601e-08,-5.4607770304453346e-09,4.5295404104402395e-08,0.00089995470459589553,31.699564124246407,0.078539816339744828,0.04296875,0.0010399956616979015,9.0861267342337937e-06,3.1566396492133792e-06,-0.010987432690371479,-0.00021819358367787341,0.0004782409796305485
FREE_6DOF,robot_component_fluid,0.000125,0.0012064115752027571,-1.3021873769382641e-09,-4.5276682089310122e-08,0.99999999978144549,2.0784557484292945e-07,-2.0896098430414973e-05,6.4713729508575922e-07,4.1569114971614266e-07,-4.1792196863874576e-05,1.2942745902658082e-06,0.0087648560133616552,-0.00012550617876088999,-0.00099750722800373212,0.0094635051169204409,-0.90760698271109252,0.051348947638861733,-1.2008273724163328e-06,0,0,2.1630970057248832e-10,-2.2861605496443601e-08,-5.4607770304453346e-09,4.5295404104402395e-08,0.00089995470459589553,31.699564124246407,0.078539816339744828,0.04296875,0.0010399956616979015,9.0861267342337937e-06,3.1566396492133792e-06,-0.010987432690371479,-0.00021819358367787341,0.0004782409796305485
FREE_6DOF,robot_component_fluid,0.000125,0.0012064115752027571,-1.3021873769382641e-09,-4.5276682089310122e-08,0.99999999978144549,2.0784557484292945e-07,-2.0896098430414973e-05,6.4713729508575922e-07,4.1569114971614266e-07,-4.1792196863874576e-05,1.2942745902658082e-06,0.0087648560133616552,-0.00012550617876088999,-0.00099750722800373212,0.0094635051169204409,-0.90760698271109252,0.051348947638861733,-1.2008273724163328e-06,0,0,2.1630970057248832e-10,-2.2861605496443601e-08,-5.4607770304453346e-09,4.5295404104402395e-08,0.00089995470459589553,31.699564124246407,0.078539816339744828,0.04296875,0.0010399956616979015,9.0861267342337937e-06,3.1566396492133792e-06,-0.010987432690371479,-0.00021819358367787341,0.0004782409796305485
FREE_6DOF,robot_component_fluid,0.000125,0.0012064115752027571,-1.3021873769382641e-09,-4.5276682089310122e-08,0.99999999978144549,2.0784557484292945e-07,-2.0896098430414973e-05,6.4713729508575922e-07,4.1569114971614266e-07,-4.1792196863874576e-05,1.2942745902658082e-06,0.0087648560133616552,-0.00012550617876088999,-0.00099750722800373212,0.0094635051169204409,-0.90760698271109252,0.051348947638861733,-1.2008273724163328e-06,0,0,2.1630970057248832e-10,-2.2861605496443601e-08,-5.4607770304453346e-09,4.5295404104402395e-08,0.00089995470459589553,31.699564124246407,0.078539816339744828,0.04296875,0.0010399956616979015,9.0861267342337937e-06,3.1566396492133792e-06,-0.010987432690371479,-0.00021819358367787341,0.0004782409796305485
FREE_6DOF,robot_component_fluid,0.000125,0.0012064115752027571,-1.3021873769382641e-09,-4.5276682089310122e-08,0.99999999978144549,2.0784557484292945e-07,-2.0896098430414973e-05,6.4713729508575922e-07,4.1569114971614266e-07,-4.1792196863874576e-05,1.2942745902658082e-06,0.0087648560133616552,-0.00012550617876088999,-0.00099750722800373212,0.0094635051169204409,-0.90760698271109252,0.051348947638861733,-1.2008273724163328e-06,0,0,2.1630970057248832e-10,-2.2861605496443601e-08,-5.4607770304453346e-09,4.5295404104402395e-08,0.00089995470459589553,31.699564124246407,0.078539816339744828,0.04296875,0.0010399956616979015,9.0861267342337937e-06,3.1566396492133792e-06,-0.010987432690371479,-0.00021819358367787341,0.0004782409796305485
FREE_6DOF,robot_component_fluid,0.000125,0.0012064115752027571,-1.3021873769382641e-09,-4.5276682089310122e-08,0.99999999978144549,2.0784557484292945e-07,-2.0896098430414973e-05,6.4713729508575922e-07,4.1569114971614266e-07,-4.1792196863874576e-05,1.2942745902658082e-06,0.0087648560133616552,-0.00012550617876088999,-0.00099750722800373212,0.0094635051169204409,-0.90760698271109252,0.051348947638861733,-1.2008273724163328e-06,0,0,2.1630970057248832e-10,-2.2861605496443601e-08,-5.4607770304453346e-09,4.5295404104402395e-08,0.00089995470459589553,31.699564124246407,0.078539816339744828,0.04296875,0.0010399956616979015,9.0861267342337937e-06,3.1566396492133792e-06,-0.010987432690371479,-0.00021819358367787341,0.0004782409796305485
FREE_6DOF,robot_component_fluid,0.000125,0.0012064115752027571,-1.3021873769382641e-09,-4.5276682089310122e-08,0.99999999978144549,2.0784557484292945e-07,-2.0896098430414973e-05,6.4713729508575922e-07,4.1569114971614266e-07,-4.1792196863874576e-05,1.2942745902658082e-06,0.0087648560133616552,-0.00012550617876088999,-0.00099750722800373212,0.0094635051169204409,-0.90760698271109252,0.051348947638861733,-1.2008273724163328e-06,0,0,2.1630970057248832e-10,-2.2861605496443601e-08,-5.4607770304453346e-09,4.5295404104402395e-08,0.00089995470459589553,31.699564124246407,0.078539816339744828,0.04296875,0.0010399956616979015,9.0861267342337937e-06,3.1566396492133792e-06,-0.010987432690371479,-0.00021819358367787341,0.0004782409796305485
FREE_6DOF,robot_component_fluid,0.000125,0.0012064115752027571,-1.3021873769382641e-09,-4.5276682089310122e-08,0.99999999978144549,2.0784557484292945e-07,-2.0896098430414973e-05,6.4713729508575922e-07,4.1569114971614266e-07,-4.1792196863874576e-05,1.2942745902658082e-06,0.0087648560133616552,-0.00012550617876088999,-0.00099750722800373212,0.0094635051169204409,-0.90760698271109252,0.051348947638861733,-1.2008273724163328e-06,0,0,2.1630970057248832e-10,-2.2861605496443601e-08,-5.4607770304453346e-09,4.5295404104402395e-08,0.00089995470459589553,31.699564124246407,0.078539816339744828,0.04296875,0.0010399956616979015,9.0861267342337937e-06,3.1566396492133792e-06,-0.010987432690371479,-0.00021819358367787341,0.0004782409796305485
FREE_6DOF,robot_component_fluid,0.000125,0.0012064115752027571,-1.3021873769382641e-09,-4.5276682089310122e-08,0.99999999978144549,2.0784557484292945e-07,-2.0896098430414973e-05,6.4713729508575922e-07,4.1569114971614266e-07,-4.1792196863874576e-05,1.2942745902658082e-06,0.0087648560133616552,-0.00012550617876088999,-0.00099750722800373212,0.0094635051169204409,-0.90760698271109252,0.051348947638861733,-1.2008273724163328e-06,0,0,2.1630970057248832e-10,-2.2861605496443601e-08,-5.4607770304453346e-09,4.5295404104402395e-08,0.00089995470459589553,31.699564124246407,0.078539816339744828,0.04296875,0.0010399956616979015,9.0861267342337937e-06,3.1566396492133792e-06,-0.010987432690371479,-0.00021819358367787341,0.0004782409796305485
FREE_6DOF,robot_component_fluid,0.000125,0.0012064115752027571,-1.3021873769382641e-09,-4.5276682089310122e-08,0.99999999978144549,2.0784557484292945e-07,-2.0896098430414973e-05,6.4713729508575922e-07,4.1569114971614266e-07,-4.1792196863874576e-05,1.2942745902658082e-06,0.0087648560133616552,-0.00012550617876088999,-0.00099750722800373212,0.0094635051169204409,-0.90760698271109252,0.051348947638861733,-1.2008273724163328e-06,0,0,2.1630970057248832e-10,-2.2861605496443601e-08,-5.4607770304453346e-09,4.5295404104402395e-08,0.00089995470459589553,31.699564124246407,0.078539816339744828,0.04296875,0.0010399956616979015,9.0861267342337937e-06,3.1566396492133792e-06,-0.010987432690371479,-0.00021819358367787341,0.0004782409796305485
FREE_6DOF,robot_component_fluid,0.000125,0.0012064115752027571,-1.3021873769382641e-09,-4.5276682089310122e-08,0.99999999978144549,2.0784557484292945e-07,-2.0896098430414973e-05,6.4713729508575922e-07,4.1569114971614266e-07,-4.1792196863874576e-05,1.2942745902658082e-06,0.0087648560133616552,-0.00012550617876088999,-0.00099750722800373212,0.0094635051169204409,-0.90760698271109252,0.051348947638861733,-1.2008273724163328e-06,0,0,2.1630970057248832e-10,-2.2861605496443601e-08,-5.4607770304453346e-09,4.5295404104402395e-08,0.00089995470459589553,31.699564124246407,0.078539816339744828,0.04296875,0.0010399956616979015,9.0861267342337937e-06,3.1566396492133792e-06,-0.010987432690371479,-0.00021819358367787341,0.0004782409796305485
FREE_6DOF,robot_component_fluid,0.00015000000000000001,0.0012064115752027571,-1.3021873769382641e-09,-4.5276682089310122e-08,0.99999999978144549,2.0784557484292945e-07,-2.0896098430414973e-05,6.4713729508575922e-07,4.1569114971614266e-07,-4.1792196863874576e-05,1.2942745902658082e-06,0.0087648560133616552,-0.00012550617876088999,-0.00099750722800373212,0.0094635051169204409,-0.90760698271109252,0.051348947638861733,-1.697747525205692e-06,0,0,3.1378554544900653e-10,-3.22783187513155e-08,-1.047021982260942e-08,4.5295404104402395e-08,0.00089995470459589553,31.699414124246406,0.094247779607693802,0.060750000000000019,0.0010399956616979015,9.0861267342337937e-06,3.1566396492133792e-06,-0.010986512434846865,-0.00026170699731325266,0.00047754996232065677
FREE_6DOF,robot_component_fluid,0.00015000000000000001,0.0012066591393374688,-5.0693309483708854e-09,-7.160599567140557e-08,0.99999999943830997,3.7920512204278316e-07,-3.3492964829899294e-05,1.207318353418159e-06,7.5841024422756346e-07,-6.6985929672340369e-05,2.4146367072884105e-06,0.01104027476357344,-0.0001758653069537197,-0.001108837858563903,0.017953730670284863,-1.107891635857162,0.038280248349783642,-1.6977540577104186e-06,0,0,3.1423593423567915e-10,-3.2295805815701431e-08,-1.0469441443544694e-08,7.1785212490856816e-08,0.0008999282147875091,31.699661688381116,0.094247779607693802,0.060750000000000019,0.0010399955716598496,9.0872908216180569e-06,3.1828441350388974e-06,-0.010986512434846865,-0.00026170699731325266,0.00047754996232065677
FREE_6DOF,robot_component_fluid,0.00015000000000000001,0.0012066591393373541,-5.0693309483708854e-09,-7.160599567140557e-08,0.99999999943829831,3.7925360379604242e-07,-3.3493312511992317e-05,1.2073338305364829e-06,7.5850720773410314e-07,-6.6986625036526807e-05,2.4146676615250734e-06,0.011040274754403136,-0.0001758653069537197,-0.001108837858563903,0.017961487742668317,-1.1079472649828865,0.038282724920670912,-1.6977540577063437e-06,0,0,3.1423594667231122e-10,-3.2295806298886677e-08,-1.0469441422222843e-08,7.1785212490856816e-08,0.0008999282147875091,31.699661688381003,0.094247779607693802,0.060750000000000019,0.0010399955716573553,9.0872908535048121e-06,3.1828448590955966e-06,-0.010986512434846865,-0.00026170699731325266,0.00047754996232065677
FREE_6DOF,robot_component_fluid,0.00017500000000000003,0.0012066591393373541,-5.0693309483708854e-09,-7.160599567140557e-08,0.99999999943829831,3.7925360513477307e-07,-3.3493312521599128e-05,1.2073338309604422e-06,7.5850721041156444e-07,-6.6986625055740428e-05,2.414667662372992e-06,0.011040274754403143,-0.0001758653069537197,-0.001108837858563903,0.017961487956865023,-1.107947266519975,0.038282724988510805,-2.2680333217683425e-06,0,0,4.3040987903491587e-10,-4.3074984670467237e-08,-1.7653846313661946e-08,7.1785212490856816e-08,0.0008999282147875091,31.699511688381005,0.10995574287564278,0.081156250000000013,0.0010399955716573553,9.0872908535056863e-06,3.1828448591156031e-06,-0.010985427025706936,-0.0003051521398520839,0.00047673392412475341
FREE_6DOF,robot_component_fluid,0.00017500000000000003,0.0012069632737986681,-9.8632725666596049e-09,-9.9508662506687009e-08,0.99999999880963097,6.9523997156345476e-07,-4.8770093229395607e-05,1.3163550647294195e-06,1.3904799436786376e-06,-9.7540186497494156e-05,2.6327101305034712e-06,0.013290482150730032,-0.00020765002250937799,-0.001123375488258612,0.032599625595226098,-1.3363375741156289,-0.020838409676185367,-2.2680440663777921e-06,0,0,4.3120563889760267e-10,-4.3103314996161581e-08,-1.7653643470129513e-08,9.9996290229157786e-08,0.0008999000037097708,31.699815822842318,0.10995574287564278,0.081156250000000013,0.0010399954719430683,9.0875156050511468e-06,3.2146261687449169e-06,-0.010985427025706936,-0.0003051521398520839,0.00047673392412475341
FREE_6DOF,robot_component_fluid,0.00017500000000000003,0.0012069632737984797,-9.8632725666596049e-09,-9.9508662506687009e-08,0.99999999880960344,6.9532562275324217e-07,-4.8770656499864456e-05,1.3163591008330263e-06,1.3906512460582931e-06,-9.7541313038433195e-05,2.6327182027107119e-06,0.013290482135646793,-0.00020765002250937799,-0.001123375488258612,0.032613329906941296,-1.3364276973680378,-0.020837763305222246,-2.2680440663697287e-06,0,0,4.3120566825456795e-10,-4.3103316041927708e-08,-1.7653643463037449e-08,9.9996290229157786e-08,0.0008999000037097708,31.69981582284213,0.10995574287564278,0.081156250000000013,0.0010399954719393738,9.0875156129034031e-06,3.2146273418988871e-06,-0.010985427025706936,-0.0003051521398520839,0.00047673392412475341
FREE_6DOF,robot_component_fluid,0.00020000000000000004,0.0012069632737984797,-9.8632725666596049e-09,-9.9508662506687009e-08,0.99999999880960344,6.9532562591306015e-07,-4.8770656520656635e-05,1.3163591009741475e-06,1.390651252377929e-06,-9.7541313080017552e-05,2.6327182029929547e-06,0.013290482135646806,-0.00020765002250937799,-0.001123375488258612,0.032613330412516718,-1.3364277006947851,-0.020837763282620918,-2.9064430728055938e-06,0,0,5.6618977014165747e-10,-5.5133809453327187e-08,-2.731434585095693e-08,9.9996290229157786e-08,0.0008999000037097708,31.699665822842128,0.12566370614359176,0.10400000000000004,0.0010399954719393736,9.0875156129036775e-06,3.2146273419421917e-06,-0.010984177541893533,-0.00034851769604875602,0.00047579317324085066
FREE_6DOF,robot_component_fluid,0.00020000000000000004,0.0012073239838274758,-1.5404502665935548e-08,-1.2744013268880389e-07,0.9999999977321139,1.2310584955970621e-06,-6.7335656146940537e-05,4.0765932141863519e-07,2.4621169930553915e-06,-0.00013467131239568747,8.1531864345362047e-07,0.015566320184034884,-0.00023564838543269732,-0.0011111421263107389,0.053116584811887212,-1.6339719936852377,-0.12455186474465368,-2.9064594439664917e-06,0,0,5.6749606081763079e-10,-5.517792749999793e-08,-2.7316505174233152e-08,1.2836777680603789e-07,0.00089987163222319394,31.700026532871124,0.12566370614359176,0.10400000000000004,0.0010399953683768884,9.085622087686223e-06,3.2532521056010072e-06,-0.010984177541893533,-0.00034851769604875602,0.00047579317324085066
FREE_6DOF,robot_component_fluid,0.00020000000000000004,0.0012073239838271885,-1.5404502665935548e-08,-1.2744013268880389e-07,0.99999999773205461,1.2311990736184798e-06,-6.733653331289197e-05,4.0761639654859391e-07,2.4623981490984878e-06,-0.00013467306672759432,8.1523279371348899e-07,0.015566320161053117,-0.00023564838543269732,-0.0011111421263107389,0.053139077893150789,-1.634112340206465,-0.12455873140591246,-2.9064594439527058e-06,0,0,5.6749612257828313e-10,-5.5177929586894366e-08,-2.7316505277072722e-08,1.2836777680603789e-07,0.00089987163222319394,31.700026532870837,0.12566370614359176,0.10400000000000004,0.0010399953683719605,9.0856219975056388e-06,3.2532539326523717e-06,-0.010984177541893533,-0.00034851769604875602,0.00047579317324085066
FREE_6DOF,robot_component_fluid,0.00022500000000000005,0.0012073239838271885,-1.5404502665935548e-08,-1.2744013268880389e-07,0.99999999773205461,1.231199080264917e-06,-6.7336533354384143e-05,4.076163945042585e-07,2.4623981623913621e-06,-0.00013467306681057869,8.1523278962481818e-07,0.015566320161053136,-0.00023564838543269732,-0.0011111421263107389,0.053139078956609159,-1.6341123468452148,-0.12455873173294382,-3.6077389851628244e-06,0,0,7.2135003627032861e-10,-6.8348003341806165e-08,-3.9719178619326209e-08,1.2836777680603789e-07,0.00089987163222319394,31.699876532870839,0.14137166941154072,0.12909375000000003,0.0010399953683719603,9.0856219975013444e-06,3.2532539327387957e-06,-0.010982765225389084,-0.00039179237974798134,0.00047472806442808992
FREE_6DOF,robot_component_fluid,0.00022500000000000005,0.0012077416498430121,-2.1576750701428918e-08,-1.5539460514247874e-07,0.99999999594188449,2.0599898586976282e-06,-9.0041034003133561e-05,-2.1446596264846103e-06,4.1199797229683749e-06,-0.00018008206824986507,-4.2893192587714047e-06,0.017846961104846869,-0.00025813145740677206,-0.0011252156699832481,0.079499109466600368,-1.9986071467594324,-0.28380067762064198,-3.6077625753682174e-06,0,0,7.2341367800258634e-10,-6.8414974520503208e-08,-3.9726707781997134e-08,1.568854342449244e-07,0.0008998431145657551,31.700294198886663,0.14137166941154072,0.12909375000000003,0.0010399952659363664,9.0803079123570795e-06,3.3004941334073943e-06,-0.010982765225389084,-0.00039179237974798134,0.00047472806442808992
FREE_6DOF,robot_component_fluid,0.00022500000000000005,0.0012077416498425982,-2.1576750701428918e-08,-1.5539460514247874e-07,0.99999999594176381,2.0602118848357226e-06,-9.0042365541366114e-05,-2.1448093070954896e-06,4.1204237752453295e-06,-0.00018008473132634102,-4.289618619993741e-06,0.017846961071731036,-0.00025813145740677206,-0.0011252156699832481,0.079534635505543086,-1.9988201928729554,-0.28382462380439405,-3.6077625753471313e-06,0,0,7.2341379911900835e-10,-6.8414978452586598e-08,-3.9726708225128905e-08,1.568854342449244e-07,0.0008998431145657551,31.700294198886251,0.14137166941154072,0.12909375000000003,0.0010399952659302951,9.0803075995930402e-06,3.3004969070269957e-06,-0.010982765225389084,-0.00039179237974798134,0.00047472806442808992
FREE_6DOF,robot_component_fluid,0.00022500000000000005,0.0012077416498425982,-2.1576750701428918e-08,-1.5539460514247874e-07,0.99999999594176381,2.0602118978665567e-06,-9.0042365619544815e-05,-2.1448093159050024e-06,4.1204238013069976e-06,-0.00018008473148269842,-4.2896186376127666e-06,0.017846961071731067,-0.00025813145740677206,-0.0011252156699832481,0.079534637590585794,-1.9988202053815469,-0.28382462521375668,-3.6077625753471296e-06,0,0,7.2341379912611683e-10,-6.8414978452817468e-08,-3.9726708225154985e-08,1.568854342449244e-07,0.0008998431145657551,31.700294198886251,0.14137166941154072,0.12909375000000003,0.0010399952659302947,9.0803075995746325e-06,3.3004969071898433e-06,-0.010982765225389084,-0.00039179237974798134,0.00047472806442808992
FREE_6DOF,robot_component_fluid,0.00022500000000000005,0.0012077416498425982,-2.1576750701428918e-08,-1.5539460514247874e-07,0.99999999594176381,2.0602118978673211e-06,-9.004236561954941e-05,-2.1448093159055208e-06,4.1204238013085265e-06,-0.00018008473148270761,-4.2896186376138034e-06,0.017846961071731067,-0.00025813145740677206,-0.0011252156699832481,0.079534637590708182,-1.998820205382281,-0.28382462521383972,-3.6077625753471296e-06,0,0,7.2341379912611724e-10,-6.8414978452817468e-08,-3.9726708225154985e-08,1.568854342449244e-07,0.0008998431145657551,31.700294198886251,0.14137166941154072,0.12909375000000003,0.0010399952659302947,9.0803075995746308e-06,3.300496907189853e-06,-0.010982765225389084,-0.00039179237974798134,0.00047472806442808992
FREE_6DOF,robot_component_fluid,0.00022500000000000005,0.0012077416498425982,-2.1576750701428918e-08,-1.5539460514247874e-07,0.99999999594176381,2.0602118978673216e-06,-9.004236561954941e-05,-2.1448093159055208e-06,4.1204238013085273e-06,-0.00018008473148270761,-4.2896186376138034e-06,0.017846961071731067,-0.00025813145740677206,-0.0011252156699832481,0.079534637590708182,-1.998820205382281,-0.28382462521383972,-3.6077625753471296e-06,0,0,7.2341379912611724e-10,-6.8414978452817468e-08,-3.9726708225154985e-08,1.568854342449244e-07,0.0008998431145657551,31.700294198886251,0.14137166941154072,0.12909375000000003,0.0010399952659302947,9.0803075995746308e-06,3.300496907189853e-06,-0.010982765225389084,-0.00039179237974798134,0.00047472806442808992
FREE_6DOF,robot_component_fluid,0.00022500000000000005,0.0012077416498425982,-2.1576750701428918e-08,-1.5539460514247874e-07,0.99999999594176381,2.0602118978673216e-06,-9.004236561954941e-05,-2.1448093159055208e-06,4.1204238013085273e-06,-0.00018008473148270761,-4.2896186376138034e-06,0.017846961071731067,-0.00025813145740677206,-0.0011252156699832481,0.079534637590708182,-1.998820205382281,-0.28382462521383972,-3.6077625753471296e-06,0,0,7.2341379912611724e-10,-6.8414978452817468e-08,-3.9726708225154985e-08,1.568854342449244e-07,0.0008998431145657551,31.700294198886251,0.14137166941154072,0.12909375000000003,0.0010399952659302947,9.0803075995746308e-06,3.300496907189853e-06,-0.010982765225389084,-0.00039179237974798134,0.00047472806442808992
FREE_6DOF,robot_component_fluid,0.00022500000000000005,0.0012077416498425982,-2.1576750701428918e-08,-1.5539460514247874e-07,0.99999999594176381,2.0602118978673216e-06,-9.004236561954941e-05,-2.1448093159055208e-06,4.1204238013085273e-06,-0.00018008473148270761,-4.2896186376138034e-06,0.017846961071731067,-0.00025813145740677206,-0.0011252156699832481,0.079534637590708182,-1.998820205382281,-0.28382462521383972,-3.6077625753471296e-06,0,0,7.2341379912611724e-10,-6.8414978452817468e-08,-3.9726708225154985e-08,1.568854342449244e-07,0.0008998431145657551,31.700294198886251,0.14137166941154072,0.12909375000000003,0.0010399952659302947,9.0803075995746308e-06,3.300496907189853e-06,-0.010982765225389084,-0.00039179237974798134,0.00047472806442808992
FREE_6DOF,robot_component_fluid,0.00022500000000000005,0.0012077416498425982,-2.1576750701428918e-08,-1.5539460514247874e-07,0.99999999594176381,2.0602118978673216e-06,-9.004236561954941e-05,-2.1448093159055208e-06,4.1204238013085273e-06,-0.00018008473148270761,-4.2896186376138034e-06,0.017846961071731067,-0.00025813145740677206,-0.0011252156699832481,0.079534637590708182,-1.998820205382281,-0.28382462521383972,-3.6077625753471296e-06,0,0,7.2341379912611724e-10,-6.8414978452817468e-08,-3.9726708225154985e-08,1.568854342449244e-07,0.0008998431145657551,31.700294198886251,0.14137166941154072,0.12909375000000003,0.0010399952659302947,9.0803075995746308e-06,3.300496907189853e-06,-0.010982765225389084,-0.00039179237974798134,0.00047472806442808992
FREE_6DOF,robot_component_fluid,0.00022500000000000005,0.0012077416498425982,-2.1576750701428918e-08,-1.5539460514247874e-07,0.99999999594176381,2.0602118978673216e-06,-9.004236561954941e-05,-2.1448093159055208e-06,4.1204238013085273e-06,-0.00018008473148270761,-4.2896186376138034e-06,0.017846961071731067,-0.00025813145740677206,-0.0011252156699832481,0.079534637590708182,-1.998820205382281,-0.28382462521383972,-3.6077625753471296e-06,0,0,7.2341379912611724e-10,-6.8414978452817468e-08,-3.9726708225154985e-08,1.568854342449244e-07,0.0008998431145657551,31.700294198886251,0.14137166941154072,0.12909375000000003,0.0010399952659302947,9.0803075995746308e-06,3.300496907189853e-06,-0.010982765225389084,-0.00039179237974798134,0.00047472806442808992
FREE_6DOF,robot_component_fluid,0.00022500000000000005,0.0012077416498425982,-2.1576750701428918e-08,-1.5539460514247874e-07,0.99999999594176381,2.0602118978673216e-06,-9.004236561954941e-05,-2.1448093159055208e-06,4.1204238013085273e-06,-0.00018008473148270761,-4.2896186376138034e-06,0.017846961071731067,-0.00025813145740677206,-0.0011252156699832481,0.079534637590708182,-1.998820205382281,-0.28382462521383972,-3.6077625753471296e-06,0,0,7.2341379912611724e-10,-6.8414978452817468e-08,-3.9726708225154985e-08,1.568854342449244e-07,0.0008998431145657551,31.700294198886251,0.14137166941154072,0.12909375000000003,0.0010399952659302947,9.0803075995746308e-06,3.300496907189853e-06,-0.010982765225389084,-0.00039179237974798134,0.00047472806442808992
FREE_6DOF,robot_component_fluid,0.00022500000000000005,0.0012077416498425982,-2.1576750701428918e-08,-1.5539460514247874e-07,0.99999999594176381,2.0602118978673216e-06,-9.004236561954941e-05,-2.1448093159055208e-06,4.1204238013085273e-06,-0.00018008473148270761,-4.2896186376138034e-06,0.017846961071731067,-0.00025813145740677206,-0.0011252156699832481,0.079534637590708182,-1.998820205382281,-0.28382462521383972,-3.6077625753471296e-06,0,0,7.2341379912611724e-10,-6.8414978452817468e-08,-3.9726708225154985e-08,1.568854342449244e-07,0.0008998431145657551,31.700294198886251,0.14137166941154072,0.12909375000000003,0.0010399952659302947,9.0803075995746308e-06,3.300496907189853e-06,-0.010982765225389084,-0.00039179237974798134,0.00047472806442808992
FREE_6DOF,robot_component_fluid,0.00022500000000000005,0.0012077416498425982,-2.1576750701428918e-08,-1.5539460514247874e-07,0.99999999594176381,2.0602118978673216e-06,-9.004236561954941e-05,-2.1448093159055208e-06,4.1204238013085273e-06,-0.00018008473148270761,-4.2896186376138034e-06,0.017846961071731067,-0.00025813145740677206,-0.0011252156699832481,0.079534637590708182,-1.998820205382281,-0.28382462521383972,-3.6077625753471296e-06,0,0,7.2341379912611724e-10,-6.8414978452817468e-08,-3.9726708225154985e-08,1.568854342449244e-07,0.0008998431145657551,31.700294198886251,0.14137166941154072,0.12909375000000003,0.0010399952659302947,9.0803075995746308e-06,3.300496907189853e-06,-0.010982765225389084,-0.00039179237974798134,0.00047472806442808992
FREE_6DOF,robot_component_fluid,0.00022500000000000005,0.0012077416498425982,-2.1576750701428918e-08,-1.5539460514247874e-07,0.99999999594176381,2.0602118978673216e-06,-9.004236561954941e-05,-2.1448093159055208e-06,4.1204238013085273e-06,-0.00018008473148270761,-4.2896186376138034e-06,0.017846961071731067,-0.00025813145740677206,-0.0011252156699832481,0.079534637590708182,-1.998820205382281,-0.28382462521383972,-3.6077625753471296e-06,0,0,7.2341379912611724e-10,-6.8414978452817468e-08,-3.9726708225154985e-08,1.568854342449244e-07,0.0008998431145657551,31.700294198886251,0.14137166941154072,0.12909375000000003,0.0010399952659302947,9.0803075995746308e-06,3.300496907189853e-06,-0.010982765225389084,-0.00039179237974798134,0.00047472806442808992
FREE_6DOF,robot_component_fluid,0.00022500000000000005,0.0012077416498425982,-2.1576750701428918e-08,-1.5539460514247874e-07,0.99999999594176381,2.0602118978673216e-06,-9.004236561954941e-05,-2.1448093159055208e-06,4.1204238013085273e-06,-0.00018008473148270761,-4.2896186376138034e-06,0.017846961071731067,-0.00025813145740677206,-0.0011252156699832481,0.079534637590708182,-1.998820205382281,-0.28382462521383972,-3.6077625753471296e-06,0,0,7.2341379912611724e-10,-6.8414978452817468e-08,-3.9726708225154985e-08,1.568854342449244e-07,0.0008998431145657551,31.700294198886251,0.14137166941154072,0.12909375000000003,0.0010399952659302947,9.0803075995746308e-06,3.300496907189853e-06,-0.010982765225389084,-0.00039179237974798134,0.00047472806442808992
FREE_6DOF,robot_component_fluid,0.00022500000000000005,0.0012077416498425982,-2.1576750701428918e-08,-1.5539460514247874e-07,0.99999999594176381,2.0602118978673216e-06,-9.004236561954941e-05,-2.1448093159055208e-06,4.1204238013085273e-06,-0.00018008473148270761,-4.2896186376138034e-06,0.017846961071731067,-0.00025813145740677206,-0.0011252156699832481,0.079534637590708182,-1.998820205382281,-0.28382462521383972,-3.6077625753471296e-06,0,0,7.2341379912611724e-10,-6.8414978452817468e-08,-3.9726708225154985e-08,1.568854342449244e-07,0.0008998431145657551,31.700294198886251,0.14137166941154072,0.12909375000000003,0.0010399952659302947,9.0803075995746308e-06,3.300496907189853e-06,-0.010982765225389084,-0.00039179237974798134,0.00047472806442808992
FREE_6DOF,robot_component_fluid,0.00022500000000000005,0.0012077416498425982,-2.1576750701428918e-08,-1.5539460514247874e-07,0.99999999594176381,2.0602118978673216e-06,-9.004236561954941e-05,-2.1448093159055208e-06,4.1204238013085273e-06,-0.00018008473148270761,-4.2896186376138034e-06,0.017846961071731067,-0.00025813145740677206,-0.0011252156699832481,0.079534637590708182,-1.998820205382281,-0.28382462521383972,-3.6077625753471296e-06,0,0,7.2341379912611724e-10,-6.8414978452817468e-08,-3.9726708225154985e-08,1.568854342449244e-07,0.0008998431145657551,31.700294198886251,0.14137166941154072,0.12909375000000003,0.0010399952659302947,9.0803075995746308e-06,3.300496907189853e-06,-0.010982765225389084,-0.00039179237974798134,0.00047472806442808992
FREE_6DOF,robot_component_fluid,0.00022500000000000005,0.0012077416498425982,-2.1576750701428918e-08,-1.5539460514247874e-07,0.99999999594176381,2.0602118978673216e-06,-9.004236561954941e-05,-2.1448093159055208e-06,4.1204238013085273e-06,-0.00018008473148270761,-4.2896186376138034e-06,0.017846961071731067,-0.00025813145740677206,-0.0011252156699832481,0.079534637590708182,-1.998820205382281,-0.28382462521383972,-3.6077625753471296e-06,0,0,7.2341379912611724e-10,-6.8414978452817468e-08,-3.9726708225154985e-08,1.568854342449244e-07,0.0008998431145657551,31.700294198886251,0.14137166941154072,0.12909375000000003,0.0010399952659302947,9.0803075995746308e-06,3.300496907189853e-06,-0.010982765225389084,-0.00039179237974798134,0.00047472806442808992
FREE_6DOF,robot_component_fluid,0.00022500000000000005,0.0012077416498425982,-2.1576750701428918e-08,-1.5539460514247874e-07,0.99999999594176381,2.0602118978673216e-06,-9.004236561954941e-05,-2.1448093159055208e-06,4.1204238013085273e-06,-0.00018008473148270761,-4.2896186376138034e-06,0.017846961071731067,-0.00025813145740677206,-0.0011252156699832481,0.079534637590708182,-1.998820205382281,-0.28382462521383972,-3.6077625753471296e-06,0,0,7.2341379912611724e-10,-6.8414978452817468e-08,-3.9726708225154985e-08,1.568854342449244e-07,0.0008998431145657551,31.700294198886251,0.14137166941154072,0.12909375000000003,0.0010399952659302947,9.0803075995746308e-06,3.300496907189853e-06,-0.010982765225389084,-0.00039179237974798134,0.00047472806442808992
FREE_6DOF,robot_component_fluid,0.00022500000000000005,0.0012077416498425982,-2.1576750701428918e-08,-1.5539460514247874e-07,0.99999999594176381,2.0602118978673216e-06,-9.004236561954941e-05,-2.1448093159055208e-06,4.1204238013085273e-06,-0.00018008473148270761,-4.2896186376138034e-06,0.017846961071731067,-0.00025813145740677206,-0.0011252156699832481,0.079534637590708182,-1.998820205382281,-0.28382462521383972,-3.6077625753471296e-06,0,0,7.2341379912611724e-10,-6.8414978452817468e-08,-3.9726708225154985e-08,1.568854342449244e-07,0.0008998431145657551,31.700294198886251,0.14137166941154072,0.12909375000000003,0.0010399952659302947,9.0803075995746308e-06,3.300496907189853e-06,-0.010982765225389084,-0.00039179237974798134,0.00047472806442808992
FREE_6DOF,robot_component_fluid,0.00022500000000000005,0.0012077416498425982,-2.1576750701428918e-08,-1.5539460514247874e-07,0.99999999594176381,2.0602118978673216e-06,-9.004236561954941e-05,-2.1448093159055208e-06,4.1204238013085273e-06,-0.00018008473148270761,-4.2896186376138034e-06,0.017846961071731067,-0.00025813145740677206,-0.0011252156699832481,0.079534637590708182,-1.998820205382281,-0.28382462521383972,-3.6077625753471296e-06,0,0,7.2341379912611724e-10,-6.8414978452817468e-08,-3.9726708225154985e-08,1.568854342449244e-07,0.0008998431145657551,31.700294198886251,0.14137166941154072,0.12909375000000003,0.0010399952659302947,9.0803075995746308e-06,3.300496907189853e-06,-0.010982765225389084,-0.00039179237974798134,0.00047472806442808992
FREE_6DOF,robot_component_fluid,0.00025000000000000006,0.0012077416498425982,-2.1576750701428918e-08,-1.5539460514247874e-07,0.99999999594176381,2.0602118978673216e-06,-9.004236561954941e-05,-2.1448093159055208e-06,4.1204238013085273e-06,-0.00018008473148270761,-4.2896186376138034e-06,0.017846961071731067,-0.00025813145740677206,-0.0011252156699832481,0.079534637590708182,-1.998820205382281,-0.28382462521383972,-4.3666835822600688e-06,0,0,8.9616878133745961e-10,-8.2612766459382891e-08,-5.5101387480863806e-08,1.568854342449244e-07,0.0008998431145657551,31.70014419888625,0.15707963267948971,0.15625000000000006,0.0010399952659302947,9.0803075995746308e-06,3.300496907189853e-06,-0.010981191479958245,-0.00043496493796126251,0.00047353899864405419
FREE_6DOF,robot_component_fluid,0.00025000000000000006,0.0012082160495479144,-2.8142233152147985e-08,-1.8397950508287401e-07,0.99999999303986831,3.2601774935931053e-06,-0.00011772094713036359,-7.1702924344214811e-06,6.5203550023137201e-06,-0.00023544189480696271,-1.4340584902113749e-05,0.020105015353579808,-0.0002671071386507533,-0.0011615763252483724,0.11252713864390855,-2.4297514980032613,-0.52024411183475616,-4.3667161102779236e-06,0,0,8.993089843261156e-10,-8.2711578208485537e-08,-5.5119329986208105e-08,1.8611943363692336e-07,0.00089981388056636306,31.700618598591564,0.15707963267948971,0.15625000000000006,0.0010399951728424768,9.0698467561998478e-06,3.358089862938155e-06,-0.010981191479958245,-0.00043496493796126251,0.00047353899864405419
FREE_6DOF,robot_component_fluid,0.00025000000000000006,0.0012082160495473437,-2.8142233152147985e-08,-1.8397950508287401e-07,0.99999999303963338,3.2605152285726152e-06,-0.00011772291173297675,-7.1706491386939738e-06,6.5210304722748185e-06,-0.00023544582401221659,-1.4341298310661513e-05,0.020105015307917112,-0.0002671071386507533,-0.0011615763252483724,0.11258118101590153,-2.4300658345569182,-0.52030117926238983,-4.3667161102496488e-06,0,0,8.9930920740541159e-10,-8.2711585229917746e-08,-5.5119331262555711e-08,1.8611943363692336e-07,0.00089981388056636306,31.700618598590992,0.15707963267948971,0.15625000000000006,0.0010399951728357519,9.0698460120593029e-06,3.3580939554221861e-06,-0.010981191479958245,-0.00043496493796126251,0.00047353899864405419
FREE_6DOF,robot_component_fluid,0.00025000000000000006,0.0012082160495473437,-2.8142233152147985e-08,-1.8397950508287401e-07,0.99999999303963338,3.2605152525651974e-06,-0.00011772291187257882,-7.1706491640682849e-06,6.521030520259982e-06,-0.00023544582429142074,-1.4341298361410135e-05,0.02010501530791715,-0.0002671071386507533,-0.0011615763252483724,0.11258118485505442,-2.4300658568932585,-0.52030118332190578,-4.3667161102496471e-06,0,0,8.9930920742125924e-10,-8.2711585230416688e-08,-5.5119331262646509e-08,1.8611943363692336e-07,0.00089981388056636306,31.700618598590992,0.15707963267948971,0.15625000000000006,0.0010399951728357515,9.0698460120063701e-06,3.3580939557129924e-06,-0.010981191479958245,-0.00043496493796126251,0.00047353899864405419
FREE_6DOF,robot_component_fluid,0.00025000000000000006,0.0012082160495473437,-2.8142233152147985e-08,-1.8397950508287401e-07,0.99999999303963338,3.260515252566902e-06,-0.00011772291187258875,-7.1706491640700899e-06,6.5210305202633922e-06,-0.00023544582429144058,-1.4341298361413745e-05,0.02010501530791715,-0.0002671071386507533,-0.0011615763252483724,0.11258118485532716,-2.4300658568948457,-0.52030118332219466,-4.3667161102496471e-06,0,0,8.9930920742126037e-10,-8.2711585230416728e-08,-5.5119331262646516e-08,1.8611943363692336e-07,0.00089981388056636306,31.700618598590992,0.15707963267948971,0.15625000000000006,0.0010399951728357515,9.0698460120063667e-06,3.3580939557130131e-06,-0.010981191479958245,-0.00043496493796126251,0.00047353899864405419
FREE_6DOF,robot_component_fluid,0.00025000000000000006,0.0012082160495473437,-2.8142233152147985e-08,-1.8397950508287401e-07,0.99999999303963338,3.260515252566902e-06,-0.00011772291187258875,-7.1706491640700899e-06,6.5210305202633922e-06,-0.00023544582429144058,-1.4341298361413745e-05,0.02010501530791715,-0.0002671071386507533,-0.0011615763252483724,0.11258118485532716,-2.4300658568948457,-0.52030118332219466,-4.3667161102496471e-06,0,0,8.9930920742126037e-10,-8.2711585230416728e-08,-5.5119331262646516e-08,1.8611943363692336e-07,0.00089981388056636306,31.700618598590992,0.15707963267948971,0.15625000000000006,0.0010399951728357515,9.0698460120063667e-06,3.3580939557130131e-06,-0.010981191479958245,-0.00043496493796126251,0.00047353899864405419
FREE_6DOF,robot_component_fluid,0.00025000000000000006,0.0012082160495473437,-2.8142233152147985e-08,-1.8397950508287401e-07,0.99999999303963338,3.260515252566902e-06,-0.00011772291187258875,-7.1706491640700899e-06,6.5210305202633922e-06,-0.00023544582429144058,-1.4341298361413745e-05,0.02010501530791715,-0.0002671071386507533,-0.0011615763252483724,0.11258118485532716,-2.4300658568948457,-0.52030118332219466,-4.3667161102496471e-06,0,0,8.9930920742126037e-10,-8.2711585230416728e-08,-5.5119331262646516e-08,1.8611943363692336e-07,0.00089981388056636306,31.700618598590992,0.15707963267948971,0.15625000000000006,0.0010399951728357515,9.0698460120063667e-06,3.3580939557130131e-06,-0.010981191479958245,-0.00043496493796126251,0.00047353899864405419
FREE_6DOF,robot_component_fluid,0.00025000000000000006,0.0012082160495473437,-2.8142233152147985e-08,-1.8397950508287401e-07,0.99999999303963338,3.260515252566902e-06,-0.00011772291187258875,-7.1706491640700899e-06,6.5210305202633922e-06,-0.00023544582429144058,-1.4341298361413745e-05,0.02010501530791715,-0.0002671071386507533,-0.0011615763252483724,0.11258118485532716,-2.4300658568948457,-0.52030118332219466,-4.3667161102496471e-06,0,0,8.9930920742126037e-10,-8.2711585230416728e-08,-5.5119331262646516e-08,1.8611943363692336e-07,0.00089981388056636306,31.700618598590992,0.15707963267948971,0.15625000000000006,0.0010399951728357515,9.0698460120063667e-06,3.3580939557130131e-06,-0.010981191479958245,-0.00043496493796126251,0.00047353899864405419
FREE_6DOF,robot_component_fluid,0.00025000000000000006,0.0012082160495473437,-2.8142233152147985e-08,-1.8397950508287401e-07,0.99999999303963338,3.260515252566902e-06,-0.00011772291187258875,-7.1706491640700899e-06,6.5210305202633922e-06,-0.00023544582429144058,-1.4341298361413745e-05,0.02010501530791715,-0.0002671071386507533,-0.0011615763252483724,0.11258118485532716,-2.4300658568948457,-0.52030118332219466,-4.3667161102496471e-06,0,0,8.9930920742126037e-10,-8.2711585230416728e-08,-5.5119331262646516e-08,1.8611943363692336e-07,0.00089981388056636306,31.700618598590992,0.15707963267948971,0.15625000000000006,0.0010399951728357515,9.0698460120063667e-06,3.3580939557130131e-06,-0.010981191479958245,-0.00043496493796126251,0.00047353899864405419
FREE_6DOF,robot_component_fluid,0.00025000000000000006,0.0012082160495473437,-2.8142233152147985e-08,-1.8397950508287401e-07,0.99999999303963338,3.260515252566902e-06,-0.00011772291187258875,-7.1706491640700899e-06,6.5210305202633922e-06,-0.00023544582429144058,-1.4341298361413745e-05,0.02010501530791715,-0.0002671071386507533,-0.0011615763252483724,0.11258118485532716,-2.4300658568948457,-0.52030118332219466,-4.3667161102496471e-06,0,0,8.9930920742126037e-10,-8.2711585230416728e-08,-5.5119331262646516e-08,1.8611943363692336e-07,0.00089981388056636306,31.700618598590992,0.15707963267948971,0.15625000000000006,0.0010399951728357515,9.0698460120063667e-06,3.3580939557130131e-06,-0.010981191479958245,-0.00043496493796126251,0.00047353899864405419
FREE_6DOF,robot_component_fluid,0.00025000000000000006,0.0012082160495473437,-2.8142233152147985e-08,-1.8397950508287401e-07,0.99999999303963338,3.260515252566902e-06,-0.00011772291187258875,-7.1706491640700899e-06,6.5210305202633922e-06,-0.00023544582429144058,-1.4341298361413745e-05,0.02010501530791715,-0.0002671071386507533,-0.0011615763252483724,0.11258118485532716,-2.4300658568948457,-0.52030118332219466,-4.3667161102496471e-06,0,0,8.9930920742126037e-10,-8.2711585230416728e-08,-5.5119331262646516e-08,1.8611943363692336e-07,0.00089981388056636306,31.700618598590992,0.15707963267948971,0.15625000000000006,0.0010399951728357515,9.0698460120063667e-06,3.3580939557130131e-06,-0.010981191479958245,-0.00043496493796126251,0.00047353899864405419
FREE_6DOF,robot_component_fluid,0.00025000000000000006,0.0012082160495473437,-2.8142233152147985e-08,-1.8397950508287401e-07,0.99999999303963338,3.260515252566902e-06,-0.00011772291187258875,-7.1706491640700899e-06,6.5210305202633922e-06,-0.00023544582429144058,-1.4341298361413745e-05,0.02010501530791715,-0.0002671071386507533,-0.0011615763252483724,0.11258118485532716,-2.4300658568948457,-0.52030118332219466,-4.3667161102496471e-06,0,0,8.9930920742126037e-10,-8.2711585230416728e-08,-5.5119331262646516e-08,1.8611943363692336e-07,0.00089981388056636306,31.700618598590992,0.15707963267948971,0.15625000000000006,0.0010399951728357515,9.0698460120063667e-06,3.3580939557130131e-06,-0.010981191479958245,-0.00043496493796126251,0.00047353899864405419
FREE_6DOF,robot_component_fluid,0.00025000000000000006,0.0012082160495473437,-2.8142233152147985e-08,-1.8397950508287401e-07,0.99999999303963338,3.260515252566902e-06,-0.00011772291187258875,-7.1706491640700899e-06,6.5210305202633922e-06,-0.00023544582429144058,-1.4341298361413745e-05,0.02010501530791715,-0.0002671071386507533,-0.0011615763252483724,0.11258118485532716,-2.4300658568948457,-0.52030118332219466,-4.3667161102496471e-06,0,0,8.9930920742126037e-10,-8.2711585230416728e-08,-5.5119331262646516e-08,1.8611943363692336e-07,0.00089981388056636306,31.700618598590992,0.15707963267948971,0.15625000000000006,0.0010399951728357515,9.0698460120063667e-06,3.3580939557130131e-06,-0.010981191479958245,-0.00043496493796126251,0.00047353899864405419
FREE_6DOF,robot_component_fluid,0.00025000000000000006,0.0012082160495473437,-2.8142233152147985e-08,-1.8397950508287401e-07,0.99999999303963338,3.260515252566902e-06,-0.00011772291187258875,-7.1706491640700899e-06,6.5210305202633922e-06,-0.00023544582429144058,-1.4341298361413745e-05,0.02010501530791715,-0.0002671071386507533,-0.0011615763252483724,0.11258118485532716,-2.4300658568948457,-0.52030118332219466,-4.3667161102496471e-06,0,0,8.9930920742126037e-10,-8.2711585230416728e-08,-5.5119331262646516e-08,1.8611943363692336e-07,0.00089981388056636306,31.700618598590992,0.15707963267948971,0.15625000000000006,0.0010399951728357515,9.0698460120063667e-06,3.3580939557130131e-06,-0.010981191479958245,-0.00043496493796126251,0.00047353899864405419
FREE_6DOF,robot_component_fluid,0.00025000000000000006,0.0012082160495473437,-2.8142233152147985e-08,-1.8397950508287401e-07,0.99999999303963338,3.260515252566902e-06,-0.00011772291187258875,-7.1706491640700899e-06,6.5210305202633922e-06,-0.00023544582429144058,-1.4341298361413745e-05,0.02010501530791715,-0.0002671071386507533,-0.0011615763252483724,0.11258118485532716,-2.4300658568948457,-0.52030118332219466,-4.3667161102496471e-06,0,0,8.9930920742126037e-10,-8.2711585230416728e-08,-5.5119331262646516e-08,1.8611943363692336e-07,0.00089981388056636306,31.700618598590992,0.15707963267948971,0.15625000000000006,0.0010399951728357515,9.0698460120063667e-06,3.3580939557130131e-06,-0.010981191479958245,-0.00043496493796126251,0.00047353899864405419
FREE_6DOF,robot_component_fluid,0.00025000000000000006,0.0012082160495473437,-2.8142233152147985e-08,-1.8397950508287401e-07,0.99999999303963338,3.260515252566902e-06,-0.00011772291187258875,-7.1706491640700899e-06,6.5210305202633922e-06,-0.00023544582429144058,-1.4341298361413745e-05,0.02010501530791715,-0.0002671071386507533,-0.0011615763252483724,0.11258118485532716,-2.4300658568948457,-0.52030118332219466,-4.3667161102496471e-06,0,0,8.9930920742126037e-10,-8.2711585230416728e-08,-5.5119331262646516e-08,1.8611943363692336e-07,0.00089981388056636306,31.700618598590992,0.15707963267948971,0.15625000000000006,0.0010399951728357515,9.0698460120063667e-06,3.3580939557130131e-06,-0.010981191479958245,-0.00043496493796126251,0.00047353899864405419
FREE_6DOF,robot_component_fluid,0.00025000000000000006,0.0012082160495473437,-2.8142233152147985e-08,-1.8397950508287401e-07,0.99999999303963338,3.260515252566902e-06,-0.00011772291187258875,-7.1706491640700899e-06,6.5210305202633922e-06,-0.00023544582429144058,-1.4341298361413745e-05,0.02010501530791715,-0.0002671071386507533,-0.0011615763252483724,0.11258118485532716,-2.4300658568948457,-0.52030118332219466,-4.3667161102496471e-06,0,0,8.9930920742126037e-10,-8.2711585230416728e-08,-5.5119331262646516e-08,1.8611943363692336e-07,0.00089981388056636306,31.700618598590992,0.15707963267948971,0.15625000000000006,0.0010399951728357515,9.0698460120063667e-06,3.3580939557130131e-06,-0.010981191479958245,-0.00043496493796126251,0.00047353899864405419
FREE_6DOF,robot_component_fluid,0.00025000000000000006,0.0012082160495473437,-2.8142233152147985e-08,-1.8397950508287401e-07,0.99999999303963338,3.260515252566902e-06,-0.00011772291187258875,-7.1706491640700899e-06,6.5210305202633922e-06,-0.00023544582429144058,-1.4341298361413745e-05,0.02010501530791715,-0.0002671071386507533,-0.0011615763252483724,0.11258118485532716,-2.4300658568948457,-0.52030118332219466,-4.3667161102496471e-06,0,0,8.9930920742126037e-10,-8.2711585230416728e-08,-5.5119331262646516e-08,1.8611943363692336e-07,0.00089981388056636306,31.700618598590992,0.15707963267948971,0.15625000000000006,0.0010399951728357515,9.0698460120063667e-06,3.3580939557130131e-06,-0.010981191479958245,-0.00043496493796126251,0.00047353899864405419
FREE_6DOF,robot_component_fluid,0.00025000000000000006,0.0012082160495473437,-2.8142233152147985e-08,-1.8397950508287401e-07,0.99999999303963338,3.260515252566902e-06,-0.00011772291187258875,-7.1706491640700899e-06,6.5210305202633922e-06,-0.00023544582429144058,-1.4341298361413745e-05,0.02010501530791715,-0.0002671071386507533,-0.0011615763252483724,0.11258118485532716,-2.4300658568948457,-0.52030118332219466,-4.3667161102496471e-06,0,0,8.9930920742126037e-10,-8.2711585230416728e-08,-5.5119331262646516e-08,1.8611943363692336e-07,0.00089981388056636306,31.700618598590992,0.15707963267948971,0.15625000000000006,0.0010399951728357515,9.0698460120063667e-06,3.3580939557130131e-06,-0.010981191479958245,-0.00043496493796126251,0.00047353899864405419
FREE_6DOF,robot_component_fluid,0.00025000000000000006,0.0012082160495473437,-2.8142233152147985e-08,-1.8397950508287401e-07,0.99999999303963338,3.260515252566902e-06,-0.00011772291187258875,-7.1706491640700899e-06,6.5210305202633922e-06,-0.00023544582429144058,-1.4341298361413745e-05,0.02010501530791715,-0.0002671071386507533,-0.0011615763252483724,0.11258118485532716,-2.4300658568948457,-0.52030118332219466,-4.3667161102496471e-06,0,0,8.9930920742126037e-10,-8.2711585230416728e-08,-5.5119331262646516e-08,1.8611943363692336e-07,0.00089981388056636306,31.700618598590992,0.15707963267948971,0.15625000000000006,0.0010399951728357515,9.0698460120063667e-06,3.3580939557130131e-06,-0.010981191479958245,-0.00043496493796126251,0.00047353899864405419
FREE_6DOF,robot_component_fluid,0.00025000000000000006,0.0012082160495473437,-2.8142233152147985e-08,-1.8397950508287401e-07,0.99999999303963338,3.260515252566902e-06,-0.00011772291187258875,-7.1706491640700899e-06,6.5210305202633922e-06,-0.00023544582429144058,-1.4341298361413745e-05,0.02010501530791715,-0.0002671071386507533,-0.0011615763252483724,0.11258118485532716,-2.4300658568948457,-0.52030118332219466,-4.3667161102496471e-06,0,0,8.9930920742126037e-10,-8.2711585230416728e-08,-5.5119331262646516e-08,1.8611943363692336e-07,0.00089981388056636306,31.700618598590992,0.15707963267948971,0.15625000000000006,0.0010399951728357515,9.0698460120063667e-06,3.3580939557130131e-06,-0.010981191479958245,-0.00043496493796126251,0.00047353899864405419
FREE_6DOF,robot_component_fluid,0.00027500000000000007,0.0012082160495473437,-2.8142233152147985e-08,-1.8397950508287401e-07,0.99999999303963338,3.260515252566902e-06,-0.00011772291187258875,-7.1706491640700899e-06,6.5210305202633922e-06,-0.00023544582429144058,-1.4341298361413745e-05,0.02010501530791715,-0.0002671071386507533,-0.0011615763252483724,0.11258118485532716,-2.4300658568948457,-0.52030118332219466,-5.1780396211873559e-06,0,0,1.0909862040674218e-09,-9.7825396749573056e-08,-7.3660565946238396e-08,1.8611943363692336e-07,0.00089981388056636306,31.700468598590991,0.17278759594743867,0.18528125000000006,0.0010399951728357515,9.0698460120063667e-06,3.3580939557130131e-06,-0.010979457869725864,-0.000478024154911927,0.00047222642263590377
FREE_6DOF,robot_component_fluid,0.00027500000000000007,0.0012087463193929163,-3.4637706906306382e-08,-2.1357848300291367e-07,0.99999998841983861,4.9187840491018984e-06,-0.00015128752918475361,-1.5754733741307234e-05,9.8375681361773391e-06,-0.00030257505953746325,-3.1509467604242707e-05,0.022316572337885247,-0.00025253076168191784,-0.0012063419083548008,0.15287179328643247,-2.9402701818028985,-0.85313811463662637,-5.1780828928267887e-06,0,0,1.0956090500105368e-09,-9.7967473442822646e-08,-7.3696903914912123e-08,2.1636898840072502e-07,0.00089978363101159923,31.700998868436564,0.17278759594743867,0.18528125000000006,0.0010399951006230237,9.0519801197522943e-06,3.4279380652691737e-06,-0.010979457869725864,-0.000478024154911927,0.00047222642263590377
FREE_6DOF,robot_component_fluid,0.00027500000000000007,0.0012087463193921569,-3.4637706906306382e-08,-2.1357848300291367e-07,0.99999998841939741,4.9192810083234872e-06,-0.00015129035399803168,-1.5755456157272542e-05,9.8385620546258006e-06,-0.00030258070916408563,-3.1510912436183536e-05,0.022316572277140703,-0.00025253076168191784,-0.0012063419083548008,0.15295131769907944,-2.9407221524806784,-0.85325369152434738,-5.1780828927954163e-06,0,0,1.0956094394442524e-09,-9.7967485413223401e-08,-7.3696906977785259e-08,2.1636898840072502e-07,0.00089978363101159923,31.700998868435807,0.17278759594743867,0.18528125000000006,0.0010399951006167349,9.05197861385411e-06,3.4279439498601788e-06,-0.010979457869725864,-0.000478024154911927,0.00047222642263590377
FREE_6DOF,robot_component_fluid,0.00027500000000000007,0.0012087463193921569,-3.4637706906306382e-08,-2.1357848300291367e-07,0.99999998841939741,4.9192810501878466e-06,-0.00015129035423603094,-1.5755456218163911e-05,9.8385621383545178e-06,-0.00030258070964008416,-3.1510912557966274e-05,0.022316572277140744,-0.00025253076168191784,-0.0012063419083548008,0.15295132439829906,-2.9407221905606056,-0.85325370126615152,-5.1780828927954146e-06,0,0,1.0956094394770592e-09,-9.7967485414231952e-08,-7.3696906978043419e-08,2.1636898840072502e-07,0.00089978363101159923,31.700998868435807,0.17278759594743867,0.18528125000000006,0.0010399951006167345,9.0519786137271822e-06,3.4279439503559743e-06,-0.010979457869725864,-0.000478024154911927,0.00047222642263590377
FREE_6DOF,robot_component_fluid,0.00030000000000000008,0.0012087463193921569,-3.4637706906306382e-08,-2.1357848300291367e-07,0.99999998841939741,4.9192810501913737e-06,-0.00015129035423605094,-1.5755456218169041e-05,9.8385621383615719e-06,-0.00030258070964012422,-3.1510912557976533e-05,0.022316572277140744,-0.00025253076168191784,-0.0012063419083548008,0.15295132439886339,-2.9407221905638137,-0.85325370126697253,-6.0365700197726073e-06,0,0,1.3062397543111956e-09,-1.1388613746311682e-07,-9.5564008263408715e-08,2.1636898840072502e-07,0.00089978363101159923,31.700848868435809,0.18849555921538766,0.21600000000000016,0.0010399951006167345,9.051978613727172e-06,3.4279439503560158e-06,-0.010977566117592808,-0.00052095885604497576,0.00047079082848614363
FREE_6DOF,robot_component_fluid,0.00030000000000000008,0.0012093312668747783,-4.0421531365454068e-08,-2.4424734388349007e-07,0.99999998114964272,7.1280949755994161e-06,-0.00019182400256258442,-2.921397643462263e-05,1.4256190040776923e-05,-0.00038364800753580287,-5.8427953236374527e-05,0.024479226332560947,-0.00021017519504989662,-0.0012471669620913086,0.20069249211765164,-3.544656274591421,-1.3000873629773906,-6.0366259070512938e-06,0,0,1.3128831350728627e-09,-1.1408613921959695e-07,-9.5630416810082978e-08,2.4756951587800193e-07,0.00089975243048412196,31.701433815918428,0.18849555921538766,0.21600000000000016,0.0010399950625768894,9.0239699650663978e-06,3.5122934278877217e-06,-0.010977566117592808,-0.00052095885604497576,0.00047079082848614363
FREE_6DOF,robot_component_fluid,0.00030000000000000008,0.0012093312668737975,-4.0421531365454068e-08,-2.4424734388349007e-07,0.99999998114883626,7.1288087060987965e-06,-0.0001918279790715853,-2.9215296664931709e-05,1.4257617501788488e-05,-0.00038365596055395772,-5.8430593697024988e-05,0.024479226254106621,-0.00021017519504989662,-0.0012471669620913086,0.20080671190900162,-3.5452925176187997,-1.3002985826973636,-6.0366259070273532e-06,0,0,1.3128837875116027e-09,-1.1408615886183845e-07,-9.5630423332321865e-08,2.4756951587800193e-07,0.00089975243048412196,31.701433815917447,0.18849555921538766,0.21600000000000016,0.0010399950625727811,9.023967214211578e-06,3.5123017118949739e-06,-0.010977566117592808,-0.00052095885604497576,0.00047079082848614363
FREE_6DOF,robot_component_fluid,0.00032500000000000009,0.0012093312668737975,-4.0421531365454068e-08,-2.4424734388349007e-07,0.99999998114883626,7.1288087761934334e-06,-0.00019182797946211961,-2.9215296794596607e-05,1.4257617641977762e-05,-0.00038365596133502634,-5.8430593956354784e-05,0.024479226254106652,-0.00021017519504989662,-0.0012471669620913086,0.2008067231263938,-3.5452925801044457,-1.3002986034420652,-6.9370378034925292e-06,0,0,1.5425377635115096e-09,-1.306993538229242e-07,-1.2094774562377823e-07,2.4756951587800193e-07,0.00089975243048412196,31.701283815917446,0.20420352248333662,0.24821875000000004,0.0010399950625727811,9.0239672139414101e-06,3.5123017127085504e-06,-0.010975518103491275,-0.00056375791199805294,0.0004692327531139154
FREE_6DOF,robot_component_fluid,0.00032500000000000009,0.0012099697002256314,-4.490957632272361e-08,-2.7582952544066177e-07,0.99999996981573891,9.9837690548355842e-06,-0.00024052702880666564,-4.9148692820129111e-05,1.9967538310572964e-05,-0.00048105406245341843,-9.8297386629269545e-05,0.026595441892610365,-0.00014886840153166656,-0.0012794075624824278,0.25638578166301962,-4.2465455544291348,-1.88901197285323,-6.9371082531526161e-06,0,0,1.5518880723449545e-09,-1.3097545202691158e-07,-1.2106075577228071e-07,2.7946162017405398e-07,0.00089972053837982587,31.70192224926928,0.20420352248333662,0.24821875000000004,0.0010399950744724342,8.9824860024644026e-06,3.613646586644389e-06,-0.010975518103491275,-0.00056375791199805294,0.0004692327531139154
FREE_6DOF,robot_component_fluid,0.00032500000000000009,0.0012099697002243952,-4.490957632272361e-08,-2.7582952544066177e-07,0.99999996981429806,9.9847728309679389e-06,-0.00024053251831751516,-4.9150939497602811e-05,1.9969545862867465e-05,-0.00048106504147545895,-9.8301879984309372e-05,0.026595441793713429,-0.00014886840153166656,-0.0012794075624824278,0.25654643079145328,-4.2474238800324358,-1.8893714117877274,-6.9371082531570401e-06,0,0,1.5518891275928456e-09,-1.309754831830282e-07,-1.2106076852206186e-07,2.7946162017405398e-07,0.00089972053837982587,31.701922249268044,0.20420352248333662,0.24821875000000004,0.0010399950744731179,8.9824813225290184e-06,3.6136580228668808e-06,-0.010975518103491275,-0.00056375791199805294,0.0004692327531139154
FREE_6DOF,robot_component_fluid,0.0003500000000000001,0.0012099697002243952,-4.490957632272361e-08,-2.7582952544066177e-07,0.99999996981429795,9.9847729442512636e-06,-0.00024053251893697532,-4.915093975107248e-05,1.9969546089434118e-05,-0.00048106504271437937,-9.8301880491248738e-05,0.026595441793713422,-0.00014886840153166656,-0.0012794075624824278,0.25654644892185502,-4.2474239791465012,-1.8893714523395493,-7.8742060867667581e-06,0,0,1.8007046337583325e-09,-1.4817412730302278e-07,-1.4991806506447253e-07,2.7946162017405398e-07,0.00089972053837982587,31.701772249268046,0.21991148575128561,0.28175000000000011,0.0010399950744731181,8.9824813220010306e-06,3.6136580241573944e-06,-0.010973315862481547,-0.00060641024252991926,0.0004675527777328004
FREE_6DOF,robot_component_fluid,0.0003500000000000001,0.0012106604046471746,-4.7797993596250443e-08,-3.0814872565763892e-07,0.99999995231220129,1.3587415839602641e-05,-0.00029863419785630658,-7.7515115849527758e-05,2.7174832111174589e-05,-0.0005972684052067517,-0.00015503023416340572,0.028660912028659363,-8.2204980350480091e-05,-0.0013061284548757429,0.3205325020287314,-5.0488271412993768,-2.6488500725794508,-7.8742931123609713e-06,0,0,1.8135884549056693e-09,-1.4854797560209495e-07,-1.5010056253386639e-07,3.1183374627556591e-07,0.00089968816625372438,31.702462953690826,0.21991148575128561,0.28175000000000011,0.0010399951554113957,8.9234582062550607e-06,3.7345733129838685e-06,-0.010973315862481547,-0.00060641024252991926,0.0004675527777328004
FREE_6DOF,robot_component_fluid,0.0003500000000000001,0.0012106604046456476,-4.7797993596250443e-08,-3.0814872565763892e-07,0.99999995230968142,1.3588797608702539e-05,-0.0002986416309268026,-7.7518743928802321e-05,2.7177595649441145e-05,-0.00059728327134848176,-0.00015503749032220042,0.028660911906493197,-8.2204980350480091e-05,-0.0013061284548757429,0.32075366898435609,-5.0500164410747157,-2.6494305160353724,-7.8742931124306279e-06,0,0,1.8135901053178767e-09,-1.4854802348033771e-07,-1.5010058589670982e-07,3.1183374627556591e-07,0.00089968816625372438,31.702462953689299,0.21991148575128561,0.28175000000000011,0.0010399951554206205,8.9234506502090517e-06,3.7345887984889151e-06,-0.010973315862481547,-0.00060641024252991926,0.0004675527777328004
FREE_6DOF,robot_component_fluid,0.0003500000000000001,0.0012106604046456476,-4.7797993596250443e-08,-3.0814872565763892e-07,0.99999995230968108,1.3588797785707246e-05,-0.00029864163187874582,-7.7518744393259407e-05,2.7177596003450569e-05,-0.00059728327325236832,-0.00015503749125111462,0.0286609119064931,-8.2204980350480091e-05,-0.0013061284548757429,0.32075369731584513,-5.0500165933867169,-2.6494305903421984,-7.8742931124306364e-06,0,0,1.8135901055292935e-09,-1.4854802348646938e-07,-1.5010058589970069e-07,3.1183374627556591e-07,0.00089968816625372438,31.702462953689299,0.21991148575128561,0.28175000000000011,0.0010399951554206216,8.9234506492417451e-06,3.7345888004721229e-06,-0.010973315862481547,-0.00060641024252991926,0.0004675527777328004
FREE_6DOF,robot_component_fluid,0.0003500000000000001,0.0012106604046456476,-4.7797993596250443e-08,-3.0814872565763892e-07,0.99999995230968108,1.358879778572992e-05,-0.00029864163187886774,-7.7518744393318862e-05,2.7177596003495916e-05,-0.00059728327325261215,-0.00015503749125123355,0.0286609119064931,-8.2204980350480091e-05,-0.0013061284548757429,0.32075369731947423,-5.0500165934062231,-2.6494305903517117,-7.8742931124306364e-06,0,0,1.8135901055293206e-09,-1.4854802348647015e-07,-1.5010058589970106e-07,3.1183374627556591e-07,0.00089968816625372438,31.702462953689299,0.21991148575128561,0.28175000000000011,0.0010399951554206216,8.9234506492416214e-06,3.734588800472377e-06,-0.010973315862481547,-0.00060641024252991926,0.0004675527777328004
FREE_6DOF,robot_component_fluid,0.0003500000000000001,0.0012106604046456476,-4.7797993596250443e-08,-3.0814872565763892e-07,0.99999995230968108,1.3588797785729921e-05,-0.00029864163187886774,-7.7518744393318862e-05,2.717759600349592e-05,-0.00059728327325261215,-0.00015503749125123355,0.0286609119064931,-8.2204980350480091e-05,-0.0013061284548757429,0.32075369731947478,-5.0500165934062258,-2.6494305903517135,-7.8742931124306364e-06,0,0,1.8135901055293206e-09,-1.4854802348647015e-07,-1.5010058589970106e-07,3.1183374627556591e-07,0.00089968816625372438,31.702462953689299,0.21991148575128561,0.28175000000000011,0.0010399951554206216,8.9234506492416214e-06,3.734588800472377e-06,-0.010973315862481547,-0.00060641024252991926,0.0004675527777328004
FREE_6DOF,robot_component_fluid,0.0003500000000000001,0.0012106604046456476,-4.7797993596250443e-08,-3.0814872565763892e-07,0.99999995230968108,1.3588797785729921e-05,-0.00029864163187886774,-7.7518744393318862e-05,2.717759600349592e-05,-0.00059728327325261215,-0.00015503749125123355,0.0286609119064931,-8.2204980350480091e-05,-0.0013061284548757429,0.32075369731947478,-5.0500165934062258,-2.6494305903517135,-7.8742931124306364e-06,0,0,1.8135901055293206e-09,-1.4854802348647015e-07,-1.5010058589970106e-07,3.1183374627556591e-07,0.00089968816625372438,31.702462953689299,0.21991148575128561,0.28175000000000011,0.0010399951554206216,8.9234506492416214e-06,3.734588800472377e-06,-0.010973315862481547,-0.00060641024252991926,0.0004675527777328004
FREE_6DOF,robot_component_fluid,0.0003500000000000001,0.0012106604046456476,-4.7797993596250443e-08,-3.0814872565763892e-07,0.99999995230968108,1.3588797785729921e-05,-0.00029864163187886774,-7.7518744393318862e-05,2.717759600349592e-05,-0.00059728327325261215,-0.00015503749125123355,0.0286609119064931,-8.2204980350480091e-05,-0.0013061284548757429,0.32075369731947478,-5.0500165934062258,-2.6494305903517135,-7.8742931124306364e-06,0,0,1.8135901055293206e-09,-1.4854802348647015e-07,-1.5010058589970106e-07,3.1183374627556591e-07,0.00089968816625372438,31.702462953689299,0.21991148575128561,0.28175000000000011,0.0010399951554206216,8.9234506492416214e-06,3.734588800472377e-06,-0.010973315862481547,-0.00060641024252991926,0.0004675527777328004
FREE_6DOF,robot_component_fluid,0.0003500000000000001,0.0012106604046456476,-4.7797993596250443e-08,-3.0814872565763892e-07,0.99999995230968108,1.3588797785729921e-05,-0.00029864163187886774,-7.7518744393318862e-05,2.717759600349592e-05,-0.00059728327325261215,-0.00015503749125123355,0.0286609119064931,-8.2204980350480091e-05,-0.0013061284548757429,0.32075369731947478,-5.0500165934062258,-2.6494305903517135,-7.8742931124306364e-06,0,0,1.8135901055293206e-09,-1.4854802348647015e-07,-1.5010058589970106e-07,3.1183374627556591e-07,0.00089968816625372438,31.702462953689299,0.21991148575128561,0.28175000000000011,0.0010399951554206216,8.9234506492416214e-06,3.734588800472377e-06,-0.010973315862481547,-0.00060641024252991926,0.0004675527777328004
FREE_6DOF,robot_component_fluid,0.0003500000000000001,0.0012106604046456476,-4.7797993596250443e-08,-3.0814872565763892e-07,0.99999995230968108,1.3588797785729921e-05,-0.00029864163187886774,-7.7518744393318862e-05,2.717759600349592e-05,-0.00059728327325261215,-0.00015503749125123355,0.0286609119064931,-8.2204980350480091e-05,-0.0013061284548757429,0.32075369731947478,-5.0500165934062258,-2.6494305903517135,-7.8742931124306364e-06,0,0,1.8135901055293206e-09,-1.4854802348647015e-07,-1.5010058589970106e-07,3.1183374627556591e-07,0.00089968816625372438,31.702462953689299,0.21991148575128561,0.28175000000000011,0.0010399951554206216,8.9234506492416214e-06,3.734588800472377e-06,-0.010973315862481547,-0.00060641024252991926,0.0004675527777328004
FREE_6DOF,robot_component_fluid,0.0003500000000000001,0.0012106604046456476,-4.7797993596250443e-08,-3.0814872565763892e-07,0.99999995230968108,1.3588797785729921e-05,-0.00029864163187886774,-7.7518744393318862e-05,2.717759600349592e-05,-0.00059728327325261215,-0.00015503749125123355,0.0286609119064931,-8.2204980350480091e-05,-0.0013061284548757429,0.32075369731947478,-5.0500165934062258,-2.6494305903517135,-7.8742931124306364e-06,0,0,1.8135901055293206e-09,-1.4854802348647015e-07,-1.5010058589970106e-07,3.1183374627556591e-07,0.00089968816625372438,31.702462953689299,0.21991148575128561,0.28175000000000011,0.0010399951554206216,8.9234506492416214e-06,3.734588800472377e-06,-0.010973315862481547,-0.00060641024252991926,0.0004675527777328004
FREE_6DOF,robot_component_fluid,0.0003500000000000001,0.0012106604046456476,-4.7797993596250443e-08,-3.0814872565763892e-07,0.99999995230968108,1.3588797785729921e-05,-0.00029864163187886774,-7.7518744393318862e-05,2.717759600349592e-05,-0.00059728327325261215,-0.00015503749125123355,0.0286609119064931,-8.2204980350480091e-05,-0.0013061284548757429,0.32075369731947478,-5.0500165934062258,-2.6494305903517135,-7.8742931124306364e-06,0,0,1.8135901055293206e-09,-1.4854802348647015e-07,-1.5010058589970106e-07,3.1183374627556591e-07,0.00089968816625372438,31.702462953689299,0.21991148575128561,0.28175000000000011,0.0010399951554206216,8.9234506492416214e-06,3.734588800472377e-06,-0.010973315862481547,-0.00060641024252991926,0.0004675527777328004
FREE_6DOF,robot_component_fluid,0.0003500000000000001,0.0012106604046456476,-4.7797993596250443e-08,-3.0814872565763892e-07,0.99999995230968108,1.3588797785729921e-05,-0.00029864163187886774,-7.7518744393318862e-05,2.717759600349592e-05,-0.00059728327325261215,-0.00015503749125123355,0.0286609119064931,-8.2204980350480091e-05,-0.0013061284548757429,0.32075369731947478,-5.0500165934062258,-2.6494305903517135,-7.8742931124306364e-06,0,0,1.8135901055293206e-09,-1.4854802348647015e-07,-1.5010058589970106e-07,3.1183374627556591e-07,0.00089968816625372438,31.702462953689299,0.21991148575128561,0.28175000000000011,0.0010399951554206216,8.9234506492416214e-06,3.734588800472377e-06,-0.010973315862481547,-0.00060641024252991926,0.0004675527777328004
FREE_6DOF,robot_component_fluid,0.0003500000000000001,0.0012106604046456476,-4.7797993596250443e-08,-3.0814872565763892e-07,0.99999995230968108,1.3588797785729921e-05,-0.00029864163187886774,-7.7518744393318862e-05,2.717759600349592e-05,-0.00059728327325261215,-0.00015503749125123355,0.0286609119064931,-8.2204980350480091e-05,-0.0013061284548757429,0.32075369731947478,-5.0500165934062258,-2.6494305903517135,-7.8742931124306364e-06,0,0,1.8135901055293206e-09,-1.4854802348647015e-07,-1.5010058589970106e-07,3.1183374627556591e-07,0.00089968816625372438,31.702462953689299,0.21991148575128561,0.28175000000000011,0.0010399951554206216,8.9234506492416214e-06,3.734588800472377e-06,-0.010973315862481547,-0.00060641024252991926,0.0004675527777328004
FREE_6DOF,robot_component_fluid,0.0003500000000000001,0.0012106604046456476,-4.7797993596250443e-08,-3.0814872565763892e-07,0.99999995230968108,1.3588797785729921e-05,-0.00029864163187886774,-7.7518744393318862e-05,2.717759600349592e-05,-0.00059728327325261215,-0.00015503749125123355,0.0286609119064931,-8.2204980350480091e-05,-0.0013061284548757429,0.32075369731947478,-5.0500165934062258,-2.6494305903517135,-7.8742931124306364e-06,0,0,1.8135901055293206e-09,-1.4854802348647015e-07,-1.5010058589970106e-07,3.1183374627556591e-07,0.00089968816625372438,31.702462953689299,0.21991148575128561,0.28175000000000011,0.0010399951554206216,8.9234506492416214e-06,3.734588800472377e-06,-0.010973315862481547,-0.00060641024252991926,0.0004675527777328004
FREE_6DOF,robot_component_fluid,0.0003500000000000001,0.0012106604046456476,-4.7797993596250443e-08,-3.0814872565763892e-07,0.99999995230968108,1.3588797785729921e-05,-0.00029864163187886774,-7.7518744393318862e-05,2.717759600349592e-05,-0.00059728327325261215,-0.00015503749125123355,0.0286609119064931,-8.2204980350480091e-05,-0.0013061284548757429,0.32075369731947478,-5.0500165934062258,-2.6494305903517135,-7.8742931124306364e-06,0,0,1.8135901055293206e-09,-1.4854802348647015e-07,-1.5010058589970106e-07,3.1183374627556591e-07,0.00089968816625372438,31.702462953689299,0.21991148575128561,0.28175000000000011,0.0010399951554206216,8.9234506492416214e-06,3.734588800472377e-06,-0.010973315862481547,-0.00060641024252991926,0.0004675527777328004
FREE_6DOF,robot_component_fluid,0.0003500000000000001,0.0012106604046456476,-4.7797993596250443e-08,-3.0814872565763892e-07,0.99999995230968108,1.3588797785729921e-05,-0.00029864163187886774,-7.7518744393318862e-05,2.717759600349592e-05,-0.00059728327325261215,-0.00015503749125123355,0.0286609119064931,-8.2204980350480091e-05,-0.0013061284548757429,0.32075369731947478,-5.0500165934062258,-2.6494305903517135,-7.8742931124306364e-06,0,0,1.8135901055293206e-09,-1.4854802348647015e-07,-1.5010058589970106e-07,3.1183374627556591e-07,0.00089968816625372438,31.702462953689299,0.21991148575128561,0.28175000000000011,0.0010399951554206216,8.9234506492416214e-06,3.734588800472377e-06,-0.010973315862481547,-0.00060641024252991926,0.0004675527777328004
FREE_6DOF,robot_component_fluid,0.0003500000000000001,0.0012106604046456476,-4.7797993596250443e-08,-3.0814872565763892e-07,0.99999995230968108,1.3588797785729921e-05,-0.00029864163187886774,-7.7518744393318862e-05,2.717759600349592e-05,-0.00059728327325261215,-0.00015503749125123355,0.0286609119064931,-8.2204980350480091e-05,-0.0013061284548757429,0.32075369731947478,-5.0500165934062258,-2.6494305903517135,-7.8742931124306364e-06,0,0,1.8135901055293206e-09,-1.4854802348647015e-07,-1.5010058589970106e-07,3.1183374627556591e-07,0.00089968816625372438,31.702462953689299,0.21991148575128561,0.28175000000000011,0.0010399951554206216,8.9234506492416214e-06,3.734588800472377e-06,-0.010973315862481547,-0.00060641024252991926,0.0004675527777328004
FREE_6DOF,robot_component_fluid,0.0003500000000000001,0.0012106604046456476,-4.7797993596250443e-08,-3.0814872565763892e-07,0.99999995230968108,1.3588797785729921e-05,-0.00029864163187886774,-7.7518744393318862e-05,2.717759600349592e-05,-0.00059728327325261215,-0.00015503749125123355,0.0286609119064931,-8.2204980350480091e-05,-0.0013061284548757429,0.32075369731947478,-5.0500165934062258,-2.6494305903517135,-7.8742931124306364e-06,0,0,1.8135901055293206e-09,-1.4854802348647015e-07,-1.5010058589970106e-07,3.1183374627556591e-07,0.00089968816625372438,31.702462953689299,0.21991148575128561,0.28175000000000011,0.0010399951554206216,8.9234506492416214e-06,3.734588800472377e-06,-0.010973315862481547,-0.00060641024252991926,0.0004675527777328004
FREE_6DOF,robot_component_fluid,0.0003500000000000001,0.0012106604046456476,-4.7797993596250443e-08,-3.0814872565763892e-07,0.99999995230968108,1.3588797785729921e-05,-0.00029864163187886774,-7.7518744393318862e-05,2.717759600349592e-05,-0.00059728327325261215,-0.00015503749125123355,0.0286609119064931,-8.2204980350480091e-05,-0.0013061284548757429,0.32075369731947478,-5.0500165934062258,-2.6494305903517135,-7.8742931124306364e-06,0,0,1.8135901055293206e-09,-1.4854802348647015e-07,-1.5010058589970106e-07,3.1183374627556591e-07,0.00089968816625372438,31.702462953689299,0.21991148575128561,0.28175000000000011,0.0010399951554206216,8.9234506492416214e-06,3.734588800472377e-06,-0.010973315862481547,-0.00060641024252991926,0.0004675527777328004
FREE_6DOF,robot_component_fluid,0.0003500000000000001,0.0012106604046456476,-4.7797993596250443e-08,-3.0814872565763892e-07,0.99999995230968108,1.3588797785729921e-05,-0.00029864163187886774,-7.7518744393318862e-05,2.717759600349592e-05,-0.00059728327325261215,-0.00015503749125123355,0.0286609119064931,-8.2204980350480091e-05,-0.0013061284548757429,0.32075369731947478,-5.0500165934062258,-2.6494305903517135,-7.8742931124306364e-06,0,0,1.8135901055293206e-09,-1.4854802348647015e-07,-1.5010058589970106e-07,3.1183374627556591e-07,0.00089968816625372438,31.702462953689299,0.21991148575128561,0.28175000000000011,0.0010399951554206216,8.9234506492416214e-06,3.734588800472377e-06,-0.010973315862481547,-0.00060641024252991926,0.0004675527777328004
FREE_6DOF,robot_component_fluid,0.00037500000000000012,0.0012106604046456476,-4.7797993596250443e-08,-3.0814872565763892e-07,0.99999995230968108,1.3588797785729921e-05,-0.00029864163187886774,-7.7518744393318862e-05,2.717759600349592e-05,-0.00059728327325261215,-0.00015503749125123355,0.0286609119064931,-8.2204980350480091e-05,-0.0013061284548757429,0.32075369731947478,-5.0500165934062258,-2.6494305903517135,-8.8428380389636579e-06,0,0,2.0817960113306807e-09,-1.6622445445993235e-07,-1.8255344475978985e-07,3.1183374627556591e-07,0.00089968816625372438,31.702312953689297,0.23561944901923457,0.31640625000000017,0.0010399951554206216,8.9234506492416214e-06,3.734588800472377e-06,-0.010970961582692153,-0.00064890482040287525,0.00046575152726619818
FREE_6DOF,robot_component_fluid,0.00037500000000000012,0.0012114020972187598,-4.9010071099830085e-08,-3.4116571338523502e-07,0.99999992553178274,1.8046726399348414e-05,-0.00036745757590272808,-0.00011655760173924158,3.6093453694635214e-05,-0.00073491517004806379,-0.00023311520926504122,0.030674493942481944,-1.4761219935891015e-05,-0.0013352305633319442,0.39355640677504361,-5.9605042426160226,-3.5967222889077681,-8.842943682775221e-06,0,0,2.0992295253694588e-09,-1.667216204916342e-07,-1.8283546427889293e-07,3.4466800121111727e-07,0.00089965533199878888,31.703054646262409,0.23561944901923457,0.31640625000000017,0.0010399953251123124,8.8422170373297936e-06,3.87780424501301e-06,-0.010970961582692153,-0.00064890482040287525,0.00046575152726619818
FREE_6DOF,robot_component_fluid,0.00037500000000000012,0.0012114020972169061,-4.9010071099830085e-08,-3.4116571338523502e-07,0.9999999255274632,1.8048593918477343e-05,-0.00036746746093708387,-0.00011656320827785667,3.6097188733037767e-05,-0.00073493494011832425,-0.00023312642234288539,0.030674493794179605,-1.4761219935891015e-05,-0.0013352305633319442,0.39385535936365407,-5.9620858655265199,-3.5976192548265225,-8.8429436829660558e-06,0,0,2.099232033188685e-09,-1.6672169198272937e-07,-1.8283550481065027e-07,3.4466800121111727e-07,0.00089965533199878888,31.703054646260558,0.23561944901923457,0.31640625000000017,0.0010399953251347862,8.8422053623471967e-06,3.8778248390781781e-06,-0.010970961582692153,-0.00064890482040287525,0.00046575152726619818
FREE_6DOF,robot_component_fluid,0.00040000000000000013,0.0012114020972169061,-4.9010071099830085e-08,-3.4116571338523502e-07,0.99999992552746253,1.804859418712276e-05,-0.00036746746235852425,-0.00011656320908362654,3.6097189270328614e-05,-0.00073493494296120523,-0.00023312642395442523,0.030674493794179337,-1.4761219935891015e-05,-0.0013352305633319442,0.39385540236839722,-5.9620860929595043,-3.5976193837381598,-9.8376968174998643e-06,0,0,2.3871755339447443e-09,-1.847698848305309e-07,-2.189057433015583e-07,3.4466800121111727e-07,0.00089965533199878888,31.702904646260556,0.25132741228718353,0.3520000000000002,0.0010399953251347893,8.8422053606692651e-06,3.8778248420395485e-06,-0.010968457603105688,-0.00069123067521567236,0.00046382966972142938
FREE_6DOF,robot_component_fluid,0.00040000000000000013,0.0012121935732529803,-4.8579775194849361e-08,-3.7500583002307205e-07,0.9999998849463273,2.3474339410966254e-05,-0.00044839837291466353,-0.00016880517383974542,4.6948680622471894e-05,-0.00089679678022258169,-0.00033761036062726158,0.032643589091755916,4.9184892334348823e-05,-0.0013719787676950196,0.47586669302643131,-6.9868093262246846,-4.7610087619188004,-9.8378231345406047e-06,0,0,2.4104088728689422e-09,-1.8542022273030301e-07,-2.1932550862775245e-07,3.7813934879786749e-07,0.00089962186065120208,31.70369612229663,0.25132741228718353,0.3520000000000002,0.0010399956020142142,8.7335005831311779e-06,4.0462553081617771e-06,-0.010968457603105688,-0.00069123067521567236,0.00046382966972142938
FREE_6DOF,robot_component_fluid,0.00040000000000000013,0.0012121935732507638,-4.8579775194849361e-08,-3.7500583002307205e-07,0.99999988493906211,2.3476824761638437e-05,-0.00044841130358629804,-0.00016881351866002178,4.6953651324120603e-05,-0.00089682264156901452,-0.00033762705026927199,0.032643588914432586,4.9184892334348823e-05,-0.0013719787676950196,0.47626460505441526,-6.9888782675450019,-4.7623438049509161,-9.8378231349290523e-06,0,0,2.4104125907480288e-09,-1.854203267480014e-07,-2.1932557572312561e-07,3.7813934879786749e-07,0.00089962186065120208,31.703696122294414,0.25132741228718353,0.3520000000000002,0.0010399956020553153,8.7334832075390798e-06,4.0462822477527228e-06,-0.010968457603105688,-0.00069123067521567236,0.00046382966972142938
FREE_6DOF,robot_component_fluid,0.00042500000000000014,0.0012121935732507638,-4.8579775194849361e-08,-3.7500583002307205e-07,0.99999988493906089,2.3476825159357543e-05,-0.00044841130565448253,-0.00016881351999385933,4.6953652119558863e-05,-0.00089682264570538394,-0.00033762705293694732,0.032643588914432038,4.9184892334348823e-05,-0.0013719787676950196,0.47626466873034407,-6.9888785984599284,-4.7623440183444039,-1.0853545523528525e-05,0,0,2.7185875783897914e-09,-2.037360627724669e-07,-2.5900161620362419e-07,3.7813934879786749e-07,0.00089962186065120208,31.703546122294416,0.26703537555513251,0.38834375000000015,0.0010399956020553213,8.733483204761757e-06,4.046282252061554e-06,-0.010965806411192641,-0.00073337689718352863,0.00046178791552379254
FREE_6DOF,robot_component_fluid,0.00042500000000000014,0.0012130337937508091,-4.6781909530745461e-08,-4.0970806159918109e-07,0.99999982408165555,2.9988162988883164e-05,-0.00054286692326891654,-0.00023713471208583478,5.9976329494745239e-05,-0.0010857339102046711,-0.00047426945198256887,0.034574051089193251,9.4644360793962872e-05,-0.0014041997583937047,0.56795530433116526,-8.1239392043991003,-6.1689335156712888,-1.0853694572095229e-05,0,0,2.7490797917593361e-09,-2.0457326651086182e-07,-2.596071196430075e-07,4.1237027390283751e-07,0.00089958762972609709,31.704386342794461,0.26703537555513251,0.38834375000000015,0.0010399960027425012,8.5913230582545603e-06,4.2428611915087085e-06,-0.010965806411192641,-0.00073337689718352863,0.00046178791552379254
FREE_6DOF,robot_component_fluid,0.00042500000000000014,0.0012130337937481936,-4.6781909530745461e-08,-4.0970806159918109e-07,0.99999982406966648,2.9991419484410916e-05,-0.00054288356966419827,-0.00023714674916100554,5.9982842486422364e-05,-0.001085767203001526,-0.00047429352613621747,0.034574050879959496,9.4644360793962872e-05,-0.0014041997583937047,0.56847676726850116,-8.1266026905384479,-6.1708592470028831,-1.0853694572778833e-05,0,0,2.7490851746182294e-09,-2.0457341421272352e-07,-2.5960722638842642e-07,4.1237027390283751e-07,0.00089958762972609709,31.704386342791846,0.26703537555513251,0.38834375000000015,0.001039996002808047,8.5912979962159241e-06,4.2428958727402542e-06,-0.010965806411192641,-0.00073337689718352863,0.00046178791552379254
FREE_6DOF,robot_component_fluid,0.00045000000000000015,0.0012130337937481936,-4.6781909530745461e-08,-4.0970806159918109e-07,0.99999982406966437,2.9991420059297883e-05,-0.0005428835726010025,-0.00023714675128304536,5.9982843636196413e-05,-0.0010857672088751356,-0.00047429353038029771,0.034574050879958539,9.4644360793962872e-05,-0.0014041997583937047,0.56847685932502401,-8.1266031604382576,-6.170859586493818,-1.1885147165168973e-05,0,0,3.0781501536804539e-09,-2.2305432978974335e-07,-3.0284449040778327e-07,4.1237027390283751e-07,0.00089958762972609709,31.704236342791845,0.2827433388230815,0.42525000000000013,0.0010399960028080588,8.5912979917976817e-06,4.2428958788588221e-06,-0.010963010640395758,-0.00077533264086196375,0.00045962701681187676
FREE_6DOF,robot_component_fluid,0.00045000000000000015,0.0012139218973017086,-4.398060336734073e-08,-4.4523737064416652e-07,0.99999973391188501,3.7711668794036812e-05,-0.0006522211797419966,-0.00032459439612753788,7.5423344277825581e-05,-0.0013044424751828751,-0.00064918884983555586,0.036474233401236143,0.00012946013227841527,-0.0014381449652051254,0.67028221607754312,-9.3672882278654512,-7.8206171468977823,-1.1885320932809173e-05,0,0,3.1176117183912319e-09,-2.2411528358088668e-07,-3.0369294912897357e-07,4.47404302271096e-07,0.00089955259569772885,31.705124446345359,0.2827433388230815,0.42525000000000013,0.001039996536769132,8.4093419687071682e-06,4.4704473184713801e-06,-0.010963010640395758,-0.00077533264086196375,0.00045962701681187676
FREE_6DOF,robot_component_fluid,0.00045000000000000015,0.0012139218972986594,-4.398060336734073e-08,-4.4523737064416652e-07,0.99999973389249208,3.7715875232290188e-05,-0.00065224227547622617,-0.00032461126274741458,7.5431757155566126e-05,-0.001304484666663509,-0.00064922258308249806,0.036474233157301854,0.00012946013227841527,-0.0014381449652051254,0.67095592452705366,-9.3706636579304572,-7.8233154977663606,-1.1885320933894496e-05,0,0,3.117619345936448e-09,-2.2411548850144625e-07,-3.0369311287204467e-07,4.47404302271096e-07,0.00089955259569772885,31.70512444634231,0.2827433388230815,0.42525000000000013,0.0010399965368641509,8.4093068526560253e-06,4.4704912698005217e-06,-0.010963010640395758,-0.00077533264086196375,0.00045962701681187676
FREE_6DOF,robot_component_fluid,0.00047500000000000016,0.0012139218972986594,-4.398060336734073e-08,-4.4523737064416652e-07,0.99999973389248831,3.7715876045376351e-05,-0.00065224227955081417,-0.00032461126600248343,7.5431758781738698e-05,-0.0013044846748126874,-0.00064922258959263716,0.036474233157300334,0.00012946013227841527,-0.0014381449652051254,0.67095605475158238,-9.3706643098863402,-7.823316018517759,-1.2927264551104671e-05,0,0,3.4684101833286339e-09,-2.4266100951697664e-07,-3.5041421468257844e-07,4.47404302271096e-07,0.00089955259569772885,31.704974446342312,0.29845130209103043,0.46253125000000023,0.0010399965368641689,8.4093068458790079e-06,4.4704912782896215e-06,-0.010960073067467642,-0.00081708712881126437,0.00045734776669551132
FREE_6DOF,robot_component_fluid,0.00047500000000000016,0.0012148570236342696,-4.0196207865609711e-08,-4.8186874864671709e-07,0.99999960215073802,4.6774089698556081e-05,-0.00077775985102848818,-0.00043428120428187219,9.3548191803138835e-05,-0.0015555199083444643,-0.00086856252374940043,0.038335873691508059,0.00017329150786006659,-0.0014923652749989291,0.78337588781942968,-10.711959336561453,-9.7236865779493975,-1.2927464818986579e-05,0,0,3.5188625794932356e-09,-2.4398539372590376e-07,-3.5157126710713888e-07,4.8354237254777205e-07,0.00089951645762745215,31.705909572677921,0.29845130209103043,0.46253125000000023,0.0010399972012871061,8.181112832894717e-06,4.7317154567983498e-06,-0.010960073067467642,-0.00081708712881126437,0.00045734776669551132
FREE_6DOF,robot_component_fluid,0.00047500000000000016,0.0012148570236307555,-4.0196207865609711e-08,-4.8186874864671709e-07,0.99999960212001571,4.6779456421856968e-05,-0.00077778618545203506,-0.00043430420504300042,9.3558925252122167e-05,-0.0015555725772144733,-0.00086860852528665271,0.038335873410372839,0.00017329150786006659,-0.0014923652749989291,0.78423561503524319,-10.716173039624861,-9.7273662338841351,-1.2927464820565339e-05,0,0,3.5188731851803943e-09,-2.4398567188922553e-07,-3.5157150990828898e-07,4.8354237254777205e-07,0.00089951645762745215,31.705909572674408,0.29845130209103043,0.46253125000000023,0.0010399972014141733,8.1810649467024978e-06,4.7317703228067149e-06,-0.010960073067467642,-0.00081708712881126437,0.00045734776669551132
FREE_6DOF,robot_component_fluid,0.00050000000000000012,0.0012148570236307555,-4.0196207865609711e-08,-4.8186874864671709e-07,0.99999960212000927,4.6779457550047262e-05,-0.00077778619098311207,-0.00043430420986958367,9.3558927508503257e-05,-0.0015555725882766319,-0.00086860853493982235,0.038335873410370626,0.00017329150786006659,-0.0014923652749989291,0.78423579576600388,-10.716173924638268,-9.7273670060394899,-1.3974660114402739e-05,0,0,3.8924109960934664e-09,-2.6249687835423667e-07,-4.0166626884166015e-07,4.8354237254777205e-07,0.00089951645762745215,31.705759572674406,0.31415926535897942,0.50000000000000011,0.0010399972014141997,8.1810649366538275e-06,4.7317703343303618e-06,-0.010956996609664425,-0.00085862965519850132,0.00045495099847779705
FREE_6DOF,robot_component_fluid,0.00050000000000000012,0.0012158380672854492,-3.5186045508197354e-08,-5.2008298106106546e-07,0.999999412267643,5.7312093702912484e-05,-0.00092077872692129846,-0.00056951402835543499,0.00011462420986194486,-0.0018415578146236493,-0.0011390282798588037,0.040147618965131547,0.00022752148073292225,-0.0015647733181489406,0.90799266453435434,-12.162360081827908,-11.9059657909806,-1.3974888317052499e-05,0,0,3.9561739358174913e-09,-2.64127403972185e-07,-4.032079015385871e-07,5.2127187243114265e-07,0.00089947872812756887,31.7067406163291,0.31415926535897942,0.50000000000000011,0.0010399979799190513,7.8997289961295246e-06,5.0293607389364086e-06,-0.010956996609664425,-0.00085862965519850132,0.00045495099847779705
FREE_6DOF,robot_component_fluid,0.00050000000000000012,0.0012158380672814449,-3.5186045508197354e-08,-5.2008298106106546e-07,0.99999941221994704,5.7318860504634645e-05,-0.00092081114983840514,-0.00056954467343584632,0.00011463774346986314,-0.001841622660499846,-0.001139089570049744,0.04014761864478162,0.00022752148073292225,-0.0015647733181489406,0.90907693925609601,-12.167548077168117,-11.910868311494434,-1.3974888319174028e-05,0,0,3.9561884233671894e-09,-2.6412777408624335e-07,-4.0320825113859659e-07,5.2127187243114265e-07,0.00089947872812756887,31.706740616325096,0.31415926535897942,0.50000000000000011,0.0010399979800769996,7.8996651953979166e-06,5.0294282899528368e-06,-0.010956996609664425,-0.00085862965519850132,0.00045495099847779705
FREE_6DOF,robot_component_fluid,0.00052500000000000008,0.0012158380672814449,-3.5186045508197354e-08,-5.2008298106106546e-07,0.99999941221993616,5.7318862042193849e-05,-0.00092081115719810426,-0.00056954468038530783,0.00011463774654498256,-0.0018416226752192536,-0.001139089583948674,0.040147618644778643,0.00022752148073292225,-0.0015647733181489406,0.90907718562470075,-12.167549254794737,-11.910869423250878,-1.5022095726545031e-05,0,0,4.3536782026885302e-09,-2.8250725210994312e-07,-4.5653376377491658e-07,5.2127187243114265e-07,0.00089947872812756887,31.706590616325094,0.32986722862692835,0.53746875000000005,0.0010399979800770349,7.899665180929635e-06,5.0294283052863117e-06,-0.010953784321798518,-0.00089994958933411703,0.00045243758484273634
FREE_6DOF,robot_component_fluid,0.00052500000000000008,0.0012168638291769763,-2.8677742727510409e-08,-5.6023827909149088e-07,0.99999914221055908,6.947150752437558e-05,-0.0010826400033896416,-0.00073392266539814676,0.00013894305477671519,-0.0021652806258976045,-0.0014678457504971793,0.041913332997740922,0.00029314274172203354,-0.0016476505242850879,1.0449633356102852,-13.724682919976303,-14.389308273070684,-1.5022352838939958e-05,0,0,4.4334089955668028e-09,-2.8449023483550184e-07,-4.5854781081931807e-07,5.6097178386024066e-07,0.00089943902821613974,31.707616378220624,0.32986722862692835,0.53746875000000005,0.001039998838597764,7.5576363990536882e-06,5.3662156800042238e-06,-0.010953784321798518,-0.00089994958933411703,0.00045243758484273634
FREE_6DOF,robot_component_fluid,0.00052500000000000008,0.0012168638291724647,-2.8677742727510409e-08,-5.6023827909149088e-07,0.99999914213789665,6.9479947074412875e-05,-0.0010826794365471743,-0.00073396270031837849,0.00013895993388498174,-0.0021653594922876667,-0.0014679258203960917,0.041913332636807618,0.00029314274172203354,-0.0016476505242850879,1.0463160030646204,-13.730992762879819,-14.39571284754342,-1.5022352841564688e-05,0,0,4.4334284656134981e-09,-2.8449071855722453e-07,-4.5854830161513371e-07,5.6097178386024066e-07,0.00089943902821613974,31.707616378216112,0.32986722862692835,0.53746875000000005,0.0010399988387795487,7.5575530490477749e-06,5.3662978358550243e-06,-0.010953784321798518,-0.00089994958933411703,0.00045243758484273634
FREE_6DOF,robot_component_fluid,0.00052500000000000008,0.0012168638291724645,-2.8677742727510409e-08,-5.6023827909149088e-07,0.99999914213787888,6.9479949135464576e-05,-0.0010826794461663578,-0.00073396271007433918,0.00013895993800708715,-0.0021653595115260524,-0.0014679258399080272,0.041913332636803934,0.00029314274172203354,-0.0016476505242850879,1.046316333401851,-13.730994302080786,-14.395714408249667,-1.5022352841565323e-05,0,0,4.4334284703680305e-09,-2.8449071867522204e-07,-4.5854830173473408e-07,5.6097178386024066e-07,0.00089943902821613974,31.707616378216112,0.32986722862692835,0.53746875000000005,0.0010399988387795928,7.5575530287364813e-06,5.3662978558958679e-06,-0.010953784321798518,-0.00089994958933411703,0.00045243758484273634
FREE_6DOF,robot_component_fluid,0.00055000000000000003,0.0012168638291724645,-2.8677742727510409e-08,-5.6023827909149088e-07,0.99999914213787888,6.947994913596793e-05,-0.0010826794461687046,-0.00073396271007671661,0.00013895993800809386,-0.0021653595115307457,-0.001467925839912782,0.041913332636803927,0.00029314274172203354,-0.0016476505242850879,1.0463163334825236,-13.730994302456246,-14.395714408629983,-1.6064332538485366e-05,0,0,4.8562539228731723e-09,-3.0264241277730443e-07,-5.1492899415948992e-07,5.6097178386024066e-07,0.00089943902821613974,31.707466378216115,0.34557519189487729,0.57475000000000009,0.001039998838779593,7.5575530287315338e-06,5.3662978559007587e-06,-0.010950439393153556,-0.00094103637914023399,0.00044980843701003927
FREE_6DOF,robot_component_fluid,0.00055000000000000003,0.0012179330756772089,-2.0411917623861823e-08,-6.0263116339014436e-07,0.99999876286515998,8.3406589144513049e-05,-0.0012647889876104433,-0.00093146138252014031,0.00016681324707919169,-0.0025295790183644173,-0.0018629235332695466,0.043626387742758788,0.00036812326656985325,-0.0017437802196071869,1.1949555257520339,-15.406003319209622,-17.2036993680743,-1.6064618900172706e-05,0,0,4.954991712207774e-09,-3.0502789431508954e-07,-5.1751587923135585e-07,6.0297675367301028e-07,0.00089939702324632698,31.708535624720859,0.34557519189487729,0.57475000000000009,0.0010399997193081779,7.1466052396644113e-06,5.7452846597296513e-06,-0.010950439393153556,-0.00094103637914023399,0.00044980843701003927
FREE_6DOF,robot_component_fluid,0.00055000000000000003,0.0012179330756721841,-2.0411917623861823e-08,-6.0263116339014436e-07,0.9999987627563911,8.341701081333023e-05,-0.0012648364272033169,-0.00093151280283964102,0.00016683409043147018,-0.0025296738976810073,-0.0018630263740185037,0.043626387340765453,0.00036812326656985325,-0.0017437802196071869,1.1966263748694044,-15.413594511993937,-17.211925159747974,-1.6064618903100888e-05,0,0,4.9550174914988847e-09,-3.0502851640849523e-07,-5.1751655311369356e-07,6.0297675367301028e-07,0.00089939702324632698,31.708535624715836,0.34557519189487729,0.57475000000000009,0.0010399997194978272,7.1464981845456691e-06,5.7453834947468541e-06,-0.010950439393153556,-0.00094103637914023399,0.00044980843701003927
FREE_6DOF,robot_component_fluid,0.00057499999999999999,0.0012179330756721841,-2.0411917623861823e-08,-6.0263116339014436e-07,0.99999876275636268,8.3417013534538891e-05,-0.0012648364395747645,-0.00093151281623460346,0.00016683409587389133,-0.0025296739224239368,-0.0018630264008084572,0.043626387340761338,0.00036812326656985325,-0.0017437802196071869,1.196626811141857,-15.413596491649965,-17.211927302560699,-1.7096130756188632e-05,0,0,5.404729351201101e-09,-3.2285753520516787e-07,-5.7674413155686775e-07,6.0297675367301028e-07,0.00089939702324632698,31.708385624715834,0.36128315516282622,0.6116562499999999,0.0010399997194978762,7.1464981566578132e-06,5.7453835205214204e-06,-0.010946965144264882,-0.00098187955454794528,0.00044706450385874515
FREE_6DOF,robot_component_fluid,0.00057499999999999999,0.0012190446144822596,-1.0123958508578986e-08,-6.4749225767365951e-07,0.99999823625099182,9.9278059729258222e-05,-0.0014687104870126941,-0.0011664168542047612,0.00019855623619298505,-0.0029374227009843832,-0.0023328350799215365,0.04529671746527509,0.00045491346265277361,-0.0018451073230740249,1.3585204996826519,-17.205534145858966,-20.372258148869086,-1.709644586398798e-05,0,0,5.5258758648007107e-09,-3.2569857176989558e-07,-5.8001741548407395e-07,6.4757140014303916e-07,0.00089935242859985696,31.70949716352591,0.36128315516282622,0.6116562499999999,0.0010400005330093338,6.6577133510142027e-06,6.1696528751139207e-06,-0.010946965144264882,-0.00098187955454794528,0.00044706450385874515
FREE_6DOF,robot_component_fluid,0.00057499999999999999,0.0012190446144767302,-1.0123958508578986e-08,-6.4749225767365951e-07,0.9999982360908467,9.9290806323350516e-05,-0.0014687669896560117,-0.0011664819163416341,0.00019858172940675814,-0.0029375357064942665,-0.0023329652043963221,0.045296717022928076,0.00045491346265277361,-0.0018451073230740249,1.3605647599608839,-17.21457590602353,-20.382666018176657,-1.7096445866761894e-05,0,0,5.5259095188259659e-09,-3.2569935999938264e-07,-5.8001832259473161e-07,6.4757140014303916e-07,0.00089935242859985696,31.709497163520378,0.36128315516282622,0.6116562499999999,0.0010400005331781662,6.657577891170971e-06,6.1697705885634516e-06,-0.010946965144264882,-0.00098187955454794528,0.00044706450385874515
FREE_6DOF,robot_component_fluid,0.00059999999999999995,0.0012190446144767302,-1.0123958508578986e-08,-6.4749225767365951e-07,0.99999823609080229,9.9290809864687092e-05,-0.001468767005332351,-0.0011664819343720051,0.00019858173648943842,-0.0029375357378470077,-0.0023329652404571201,0.045296717022924184,0.00045491346265277361,-0.0018451073230740249,1.3605653279030803,-17.214578414610056,-20.382668902459869,-1.8112249383611671e-05,0,0,6.0041986761243639e-09,-3.4311167830870349e-07,-6.4185159494021039e-07,6.4757140014303916e-07,0.00089935242859985696,31.709347163520381,0.37699111843077515,0.64800000000000002,0.0010400005331782129,6.6575778536315203e-06,6.1697706212224637e-06,-0.010943365023568944,-0.0010224687308209733,0.00044420677102135223
FREE_6DOF,robot_component_fluid,0.00059999999999999995,0.0012201975825085944,2.6448741464519679e-09,-6.9474542154027288e-07,0.99999751364579847,0.00011725207214114941,-0.0016958175645102698,-0.00144331457439583,0.00023450433863594694,-0.0033916379399587526,-0.0028866315411882103,0.046940725526207872,0.00056659314974970266,-0.0019351457862550481,1.5361989141482799,-19.112556622351882,-23.909991738312218,-1.8112591693286552e-05,0,0,6.1514375689182034e-09,-3.4646238195011744e-07,-6.4593685628350828e-07,6.9475045599871469e-07,0.00089930524954400122,31.710500131552244,0.37699111843077515,0.64800000000000002,0.0010400011508355071,6.0815407659175278e-06,6.6422545943067252e-06,-0.010943365023568944,-0.0010224687308209733,0.00044420677102135223
FREE_6DOF,robot_component_fluid,0.00059999999999999995,0.0012201975825025877,2.6448741464519679e-09,-6.9474542154027288e-07,0.99999751341377063,0.00011726750990565032,-0.001695884208419689,-0.0014433957733119413,0.00023453521420867753,-0.0033917712281503875,-0.0028867939393782981,0.04694072504567498,0.00056659314974970266,-0.0019351457862550481,1.5386756773200807,-19.123221685714778,-23.922980665347172,-1.8112591695059162e-05,0,0,6.1514808915334948e-09,-3.4646336649855192e-07,-6.4593805521794625e-07,6.9475045599871469e-07,0.00089930524954400122,31.71050013154624,0.37699111843077515,0.64800000000000002,0.0010400011509373872,6.0813717042721786e-06,6.6423934290809348e-06,-0.010943365023568944,-0.0010224687308209733,0.00044420677102135223
FREE_6DOF,robot_component_fluid,0.0006249999999999999,0.0012201975825025877,2.6448741464519679e-09,-6.9474542154027288e-07,0.99999751341370247,0.00011726751444857261,-0.0016958842280018936,-0.0014433957971420222,0.00023453522329453495,-0.0033917712673149059,-0.0028867939870385654,0.046940725045672496,0.00056659314974970266,-0.0019351457862550481,1.5386764061546763,-19.123224819468422,-23.922984477306365,-1.9107445977764581e-05,0,0,6.660127462689666e-09,-3.6336537123538103e-07,-7.1010252239110447e-07,6.9475045599871469e-07,0.00089930524954400122,31.710350131546239,0.39269908169872408,0.68359374999999989,0.0010400011509374169,6.0813716546562089e-06,6.6423934698753324e-06,-0.010939642603925204,-0.0010627936118032186,0.00044123625995020244
FREE_6DOF,robot_component_fluid,0.0006249999999999999,0.0012213912106370229,1.8571673891932758e-08,-7.4419599161661433e-07,0.99999653306723424,0.00013750010675083382,-0.0019475475070567033,-0.0017669199020920669,0.00027500053130452529,-0.0038950995154638261,-0.0035338438880514662,0.048549525709146245,0.00070755082988876018,-0.0020208998198522755,1.7285471389955076,-21.141650651376541,-27.840196854016831,-1.9107812496487596e-05,0,0,6.8375340211576341e-09,-3.6728165705474445e-07,-7.1513710229130072e-07,7.444276868906638e-07,0.00089925557231310929,31.711543759680673,0.39269908169872408,0.68359374999999989,0.0010400013930546574,5.4081674089354112e-06,7.1660723559995222e-06,-0.010939642603925204,-0.0010627936118032186,0.00044123625995020244
FREE_6DOF,robot_component_fluid,0.0006249999999999999,0.0012213912106305916,1.8571673891932758e-08,-7.4419599161661433e-07,0.99999653273615796,0.00013751863606195692,-0.0019476254070774433,-0.0017670199661222611,0.00027503758999995097,-0.0038952553161152319,-0.0035340440167331449,0.048549525194628795,0.00070755082988876018,-0.0020208998198522755,1.731521086794402,-21.154117697831207,-27.856203099566031,-1.9107812495847527e-05,0,0,6.8375890728744625e-09,-3.6728287056993461e-07,-7.151386603456753e-07,7.444276868906638e-07,0.00089925557231310929,31.711543759674242,0.39269908169872408,0.68359374999999989,0.0010400013930199261,5.4079590613718104e-06,7.1662346295538658e-06,-0.010939642603925204,-0.0010627936118032186,0.00044123625995020244
FREE_6DOF,robot_component_fluid,0.00064999999999999986,0.0012213912106305916,1.8571673891932758e-08,-7.4419599161661433e-07,0.99999653273605538,0.00013751864181282136,-0.0019476254312158442,-0.0017670199970891093,0.00027503760150170256,-0.0038952553643922224,-0.0035340440786670335,0.04854952519462969,0.00070755082988876018,-0.0020208998198522755,1.7315220097892388,-21.154121560921723,-27.856208053019667,-2.0076476190434634e-05,0,0,7.3784083486231664e-09,-3.8358092331491066e-07,-7.8132594112694728e-07,7.444276868906638e-07,0.00089925557231310929,31.711393759674241,0.40840704496667302,0.71824999999999972,0.0010400013930199148,5.4079589968942394e-06,7.166234679836718e-06,-0.010935801579014252,-0.0011028439930878533,0.00043815402695791724
FREE_6DOF,robot_component_fluid,0.00064999999999999986,0.0012226242434717133,3.8330590653592025e-08,-7.9589897532361303e-07,0.99999521568978866,0.00016019985738743576,-0.0022255783520078692,-0.0021423665741243259,0.00032040022573972513,-0.0044511638026008141,-0.0042847399814259137,0.050093102095102052,0.00087316251104398092,-0.002115338876707631,1.9362659764642611,-23.316734687823558,-32.198451126517703,-2.007686184871831e-05,0,0,7.5907305908758654e-09,-3.8812355202558323e-07,-7.874605346920658e-07,7.9682144367545129e-07,0.00089920317855632457,31.712626792515362,0.40840704496667302,0.71824999999999972,0.0010400010151643171,4.626905597356005e-06,7.7445868285979498e-06,-0.010935801579014252,-0.0011028439930878533,0.00043815402695791724
FREE_6DOF,robot_component_fluid,0.00064999999999999986,0.001222624243464946,3.8330590653592025e-08,-7.9589897532361303e-07,0.99999521522391255,0.00016022194193017429,-0.0022256687203441282,-0.0021424884964563323,0.00032044439494540437,-0.0044513445402528254,-0.0042849838271442281,0.050093101553716567,0.00087316251104398092,-0.002115338876707631,1.9398120663928236,-23.331198092117496,-32.217953247570541,-2.0076861843459702e-05,0,0,7.5907997973791599e-09,-3.8812503042217784e-07,-7.874625285393478e-07,7.9682144367545129e-07,0.00089920317855632457,31.712626792508594,0.40840704496667302,0.71824999999999972,0.0010400010148920275,4.6266517266377435e-06,7.7447750590429355e-06,-0.010935801579014252,-0.0011028439930878533,0.00043815402695791724
FREE_6DOF,robot_component_fluid,0.00064999999999999986,0.0012226242434649462,3.8330590653592025e-08,-7.9589897532361303e-07,0.999995215223761,0.00016022194913010895,-0.002225668749754473,-0.0021424885360831255,0.00032044440934531282,-0.0044513445990738334,-0.0042849839063981579,0.05009310155372395,0.00087316251104398092,-0.002115338876707631,1.9398132224523292,-23.331202799233168,-32.217959586078756,-2.0076861843457985e-05,0,0,7.5907998199370519e-09,-3.8812503090332289e-07,-7.8746252918738317e-07,7.9682144367545129e-07,0.00089920317855632457,31.712626792508594,0.40840704496667302,0.71824999999999972,0.0010400010148919386,4.6266516441252673e-06,7.7447751203026554e-06,-0.010935801579014252,-0.0011028439930878533,0.00043815402695791724
FREE_6DOF,robot_component_fluid,0.00067499999999999982,0.0012226242434649462,3.8330590653592025e-08,-7.9589897532361303e-07,0.999995215223761,0.00016022194913245625,-0.0022256687497640443,-0.0021424885360960049,0.00032044440935000747,-0.0044513445990929769,-0.0042849839064239168,0.05009310155372395,0.00087316251104398092,-0.002115338876707631,1.9398132228292153,-23.331202800765105,-32.217959588138889,-2.1014093082828838e-05,0,0,8.1655994417681838e-09,-4.037251282281157e-07,-8.5532969975809559e-07,7.9682144367545129e-07,0.00089920317855632457,31.712476792508596,0.42411500823462195,0.75178124999999985,0.0010400010148919388,4.6266516440984502e-06,7.7447751203225928e-06,-0.010931845759615953,-0.0011426097651057495,0.00043496116223371993
FREE_6DOF,robot_component_fluid,0.00067499999999999982,0.001223895354726053,6.2550947711616898e-08,-8.5021052495250865e-07,0.99999346289365498,0.00018553514197412133,-0.0025315869842780928,-0.0025750367004123138,0.00037107109252565955,-0.0050631850014205932,-0.0051500846230464739,0.051595799334827358,0.0010644660535980095,-0.0022295850936040235,2.1599607617542174,-25.613668546070105,-36.988838798816346,-2.1014490374542807e-05,0,0,8.4180170361276031e-09,-4.0895566395102987e-07,-8.6272592559275306e-07,8.5250839163004242e-07,0.00089914749160836989,31.713747903769704,0.42411500823462195,0.75178124999999985,0.001039999694958051,3.7265495987436563e-06,8.3812730901250052e-06,-0.010931845759615953,-0.0011426097651057495,0.00043496116223371993
FREE_6DOF,robot_component_fluid,0.00067499999999999982,0.0012238953547190816,6.2550947711616898e-08,-8.5021052495250865e-07,0.99999346224682684,0.00018556128076126335,-0.0025316910503434776,-0.0025751836906730404,0.00037112337029387646,-0.0050633931350966095,-0.005150378605318996,0.051595798777110916,0.0010644660535980095,-0.0022295850936040235,2.1641597837375679,-25.630325582744653,-37.012349891876219,-2.1014490361406861e-05,0,0,8.418103124652809e-09,-4.089574449703382e-07,-8.6272844053815365e-07,8.5250839163004242e-07,0.00089914749160836989,31.713747903762734,0.42411500823462195,0.75178124999999985,0.0010399996943080728,3.7262435152006667e-06,8.3814898283270556e-06,-0.010931845759615953,-0.0011426097651057495,0.00043496116223371993
FREE_6DOF,robot_component_fluid,0.00067499999999999982,0.0012238953547190818,6.2550947711616898e-08,-8.5021052495250865e-07,0.99999346224660679,0.00018556128967825365,-0.0025316910857784225,-0.0025751837406542155,0.00037112338812792314,-0.0050633932059670258,-0.005150378705281942,0.051595798777129352,0.0010644660535980095,-0.0022295850936040235,2.1641612161538757,-25.630331254546359,-37.012357886355289,-2.1014490361402382e-05,0,0,8.418103154013833e-09,-4.0895744557678489e-07,-8.627284413933143e-07,8.5250839163004242e-07,0.00089914749160836989,31.713747903762734,0.42411500823462195,0.75178124999999985,0.0010399996943078512,3.7262434111225674e-06,8.3814899021275862e-06,-0.010931845759615953,-0.0011426097651057495,0.00043496116223371993
FREE_6DOF,robot_component_fluid,0.00069999999999999978,0.0012238953547190818,6.2550947711616898e-08,-8.5021052495250865e-07,0.99999346224660668,0.00018556128968129557,-0.0025316910857904884,-0.0025751837406712105,0.00037112338813400703,-0.0050633932059911567,-0.0051503787053159321,0.051595798777129359,0.0010644660535980095,-0.0022295850936040235,2.1641612166425173,-25.630331256477636,-37.012357889073648,-2.1915046725562509e-05,0,0,9.0285949441825e-09,-4.2376460543625586e-07,-9.3189707370694227e-07,8.5250839163004242e-07,0.00089914749160836989,31.713597903762732,0.43982297150257094,0.78399999999999959,0.0010399996943078508,3.7262434110871775e-06,8.3814899021527143e-06,-0.010927779069771579,-0.0011820809161311801,0.00043165878883752706
FREE_6DOF,robot_component_fluid,0.00069999999999999978,0.0012252039428895789,9.176649810733834e-08,-9.0764446619734983e-07,0.9999911538660271,0.00021369446431090928,-0.0028670024717557595,-0.0030703128822084425,0.00042739018887285164,-0.0057340218514966585,-0.0061406438714136863,0.05309125486265296,0.001272777978059705,-0.0023651302059832708,2.4001503751951971,-28.016938083011599,-42.207291041269571,-2.1915445489315904e-05,0,0,9.3264017667241197e-09,-4.2974027861616447e-07,-9.4072201174436764e-07,9.1227165208262183e-07,0.00089908772834791737,31.714906491933228,0.43982297150257094,0.78399999999999959,0.0010399970195982225,2.6958912994236022e-06,9.0790869738428064e-06,-0.010927779069771579,-0.0011820809161311801,0.00043165878883752706
FREE_6DOF,robot_component_fluid,0.00069999999999999978,0.0012252039428825817,9.176649810733834e-08,-9.0764446619734983e-07,0.99999115298006891,0.00021372515586394711,-0.0028671213801886091,-0.003070488257831541,0.00042745157228616423,-0.0057342596707570578,-0.0061409946255077128,0.053091254302870067,0.001272777978059705,-0.0023651302059832708,2.4050832443597336,-28.035972632635787,-42.235341360191704,-2.1915445463709095e-05,0,0,9.3265076500536666e-09,-4.2974239962667346e-07,-9.4072513953059179e-07,9.1227165208262183e-07,0.00089908772834791737,31.714906491926232,0.43982297150257094,0.78399999999999959,0.0010399970183831674,2.6955260871043453e-06,9.0793345900344598e-06,-0.010927779069771579,-0.0011820809161311801,0.00043165878883752706
FREE_6DOF,robot_component_fluid,0.00069999999999999978,0.0012252039428825821,9.176649810733834e-08,-9.0764446619734983e-07,0.99999115297975472,0.00021372516677936129,-0.002867121422394093,-0.003070488319989113,0.00042745159411710173,-0.0057342597551688747,-0.0061409947498238665,0.053091254302906017,0.001272777978059705,-0.0023651302059832708,2.4050849986717213,-28.035979388792139,-42.23535130192171,-2.1915445463699998e-05,0,0,9.3265076876998441e-09,-4.2974240037950947e-07,-9.4072514063916183e-07,9.1227165208262183e-07,0.00089908772834791737,31.714906491926232,0.43982297150257094,0.78399999999999959,0.0010399970183827356,2.6955259576633427e-06,9.0793346779238994e-06,-0.010927779069771579,-0.0011820809161311801,0.00043165878883752706
FREE_6DOF,robot_component_fluid,0.00072499999999999973,0.0012252039428825821,9.176649810733834e-08,-9.0764446619734983e-07,0.99999115297975461,0.00021372516678324331,-0.0028671214224090737,-0.0030704883200111431,0.00042745159412486581,-0.005734259755198836,-0.0061409947498679267,0.053091254302906031,0.001272777978059705,-0.0023651302059832708,2.4050849992956205,-28.035979391190178,-42.235351305445306,-2.2774083969438389e-05,0,0,9.9741689292017501e-09,-4.4365980266147091e-07,-1.0107799479044041e-06,9.1227165208262183e-07,0.00089908772834791737,31.714756491926234,0.45553093477051987,0.81471874999999971,0.0010399970183827354,2.6955259576174666e-06,9.0793346779550957e-06,-0.010923605542833994,-0.0012212475352028744,0.0004282480616737193
FREE_6DOF,robot_component_fluid,0.00072499999999999973,0.0012265495472686381,1.264446118180801e-07,-9.6866528426405257e-07,0.99998814092320731,0.00024487077998118815,-0.0032333073986166401,-0.0036336998383090639,0.00048974349593248253,-0.0064666403600483644,-0.0072674284049713544,0.054557096581573657,0.0015014711187996358,-0.0025165352393529609,2.657390231127811,-30.550649790410322,-47.877402487440357,-2.2774470581898626e-05,0,0,1.0323162836827803e-08,-4.5043759215015629e-07,-1.0212063510175227e-06,9.7688314183231899e-07,0.00089902311685816766,31.716102096312291,0.45553093477051987,0.81471874999999971,0.0010399924665100908,1.5234671626284042e-06,9.8410910688032328e-06,-0.010923605542833994,-0.0012212475352028744,0.0004282480616737193
FREE_6DOF,robot_component_fluid,0.00072499999999999973,0.0012265495472618541,1.264446118180801e-07,-9.6866528426405257e-07,0.99998813972538447,0.0002449065641896063,-0.0032334422908009224,-0.0036339070284987936,0.00048981506482780371,-0.0064669101480654837,-0.007267842789890757,0.054557096038848701,0.0015014711187996358,-0.0025165352393529609,2.6631446839411437,-30.57224544018209,-47.910540050157785,-2.2774470537536956e-05,0,0,1.032329172957365e-08,-4.5044009094077706e-07,-1.0212101891396783e-06,9.7688314183231899e-07,0.00089902311685816766,31.716102096305505,0.45553093477051987,0.81471874999999971,0.0010399924644844342,1.5230356703094335e-06,9.8413719217368886e-06,-0.010923605542833994,-0.0012212475352028744,0.0004282480616737193
FREE_6DOF,robot_component_fluid,0.00072499999999999973,0.0012265495472618547,1.264446118180801e-07,-9.6866528426405257e-07,0.99998813972494327,0.00024490657741030748,-0.0032334423405321173,-0.0036339071047686252,0.00048981509126938246,-0.0064669102475292169,-0.0072678429424320908,0.054557096038910978,0.0015014711187996358,-0.0025165352393529609,2.6631468098776327,-30.572253401949766,-47.910552248572365,-2.2774470537520588e-05,0,0,1.0323291777177215e-08,-4.5044009186201825e-07,-1.0212101905525532e-06,9.7688314183231899e-07,0.00089902311685816766,31.716102096305505,0.45553093477051987,0.81471874999999971,0.0010399924644836868,1.5230355114699458e-06,9.841372025280312e-06,-0.010923605542833994,-0.0012212475352028744,0.0004282480616737193
FREE_6DOF,robot_component_fluid,0.00074999999999999969,0.0012265495472618547,1.264446118180801e-07,-9.6866528426405257e-07,0.99998813972494316,0.00024490657741519186,-0.0032334423405504511,-0.0036339071047967009,0.00048981509127915145,-0.0064669102475658855,-0.0072678429424882429,0.054557096038910999,0.0015014711187996358,-0.0025165352393529609,2.6631468106630423,-30.572253404885075,-47.910552253062782,-2.3585947640845821e-05,0,0,1.1009241726448169e-08,-4.633683929630746e-07,-1.0916975692207254e-06,9.7688314183231899e-07,0.00089902311685816766,31.715952096305504,0.4712388980384688,0.84374999999999967,0.0010399924644836868,1.523035511411477e-06,9.8413720253184861e-06,-0.010919329317410086,-0.00126009981495866,0.00042473016644654021
FREE_6DOF,robot_component_fluid,0.00074999999999999969,0.0012279312193063149,1.6715731494625869e-07,-1.0337381889378425e-06,0.9999842442530833,0.00027926187038020904,-0.0036321537390617011,-0.0042709153132937652,0.0005585266740984736,-0.0072643456298938959,-0.0085418754878441115,0.055976667517913498,0.0017555451314546504,-0.002689297134550244,2.9322703235297531,-33.217807084216837,-54.009661829987763,-2.358630409321137e-05,0,0,1.14159115333002e-08,-4.7100655875660984e-07,-1.103903647733976e-06,1.0471657992928022e-06,0.00089895283420070716,31.717333768349963,0.4712388980384688,0.84374999999999967,0.0010399853824648113,1.9736915837766289e-07,1.0670694836665826e-05,-0.010919329317410086,-0.00126009981495866,0.00042473016644654021
FREE_6DOF,robot_component_fluid,0.00074999999999999969,0.0012279312193000601,1.6715731494625869e-07,-1.0337381889378425e-06,0.99998424265330965,0.00027930334800136498,-0.0036323057839733686,-0.0042711578545083801,0.00055860963007434746,-0.0072646497251882564,-0.0085423605773762845,0.055976667017527154,0.0017555451314546504,-0.002689297134550244,2.938944047801392,-33.242152133924776,-54.04845166457735,-2.3586304021729515e-05,0,0,1.1416067010496192e-08,-4.7100947360079976e-07,-1.1039082984229923e-06,1.0471657992928022e-06,0.00089895283420070716,31.71733376834371,0.4712388980384688,0.84374999999999967,0.0010399853793130816,1.9686400837651833e-07,1.0671011336762607e-05,-0.010919329317410086,-0.00126009981495866,0.00042473016644654021
FREE_6DOF,robot_component_fluid,0.00074999999999999969,0.0012279312193000614,1.6715731494625869e-07,-1.0337381889378425e-06,0.99998424265269981,0.00027930336386555857,-0.0036323058419961561,-0.0042711579469198518,0.00055860966180301468,-0.0072646498412359166,-0.0085423607622019341,0.055976667017627504,0.0017555451314546504,-0.002689297134550244,2.9389466002238263,-33.242161424418093,-54.048466443996418,-2.358630402170224e-05,0,0,1.1416067069937996e-08,-4.7100947471315503e-07,-1.1039083001949738e-06,1.0471657992928022e-06,0.00089895283420070716,31.71733376834371,0.4712388980384688,0.84374999999999967,0.001039985379311879,1.9686381590667198e-07,1.0671011457544545e-05,-0.010919329317410086,-0.00126009981495866,0.00042473016644654021
FREE_6DOF,robot_component_fluid,0.00074999999999999969,0.0012279312193000614,1.6715731494625869e-07,-1.0337381889378425e-06,0.99998424265269958,0.0002793033638716262,-0.0036323058420182981,-0.0042711579469550615,0.00055860966181515016,-0.0072646498412802015,-0.0085423607622723569,0.055976667017627539,0.0017555451314546504,-0.002689297134550244,2.9389466012000227,-33.242161427963524,-54.048466449627597,-2.358630402170223e-05,0,0,1.1416067069960722e-08,-4.7100947471357955e-07,-1.1039083001956491e-06,1.0471657992928022e-06,0.00089895283420070716,31.71733376834371,0.4712388980384688,0.84374999999999967,0.0010399853793118786,1.9686381583333844e-07,1.0671011457590637e-05,-0.010919329317410086,-0.00126009981495866,0.00042473016644654021
FREE_6DOF,robot_component_fluid,0.00074999999999999969,0.0012279312193000614,1.6715731494625869e-07,-1.0337381889378425e-06,0.99998424265269958,0.00027930336387162853,-0.0036323058420183064,-0.0042711579469550754,0.00055860966181515482,-0.007264649841280218,-0.0085423607622723829,0.055976667017627539,0.0017555451314546504,-0.002689297134550244,2.9389466012003953,-33.242161427964881,-54.048466449629728,-2.358630402170223e-05,0,0,1.141606706996073e-08,-4.7100947471357971e-07,-1.1039083001956493e-06,1.0471657992928022e-06,0.00089895283420070716,31.71733376834371,0.4712388980384688,0.84374999999999967,0.0010399853793118786,1.9686381583330961e-07,1.0671011457590654e-05,-0.010919329317410086,-0.00126009981495866,0.00042473016644654021
FREE_6DOF,robot_component_fluid,0.00074999999999999969,0.0012279312193000614,1.6715731494625869e-07,-1.0337381889378425e-06,0.99998424265269958,0.00027930336387162853,-0.0036323058420183064,-0.0042711579469550754,0.00055860966181515482,-0.007264649841280218,-0.0085423607622723829,0.055976667017627539,0.0017555451314546504,-0.002689297134550244,2.9389466012003953,-33.242161427964881,-54.048466449629728,-2.358630402170223e-05,0,0,1.141606706996073e-08,-4.7100947471357971e-07,-1.1039083001956493e-06,1.0471657992928022e-06,0.00089895283420070716,31.71733376834371,0.4712388980384688,0.84374999999999967,0.0010399853793118786,1.9686381583330961e-07,1.0671011457590654e-05,-0.010919329317410086,-0.00126009981495866,0.00042473016644654021
FREE_6DOF,robot_component_fluid,0.00074999999999999969,0.0012279312193000614,1.6715731494625869e-07,-1.0337381889378425e-06,0.99998424265269958,0.00027930336387162853,-0.0036323058420183064,-0.0042711579469550754,0.00055860966181515482,-0.007264649841280218,-0.0085423607622723829,0.055976667017627539,0.0017555451314546504,-0.002689297134550244,2.9389466012003953,-33.242161427964881,-54.048466449629728,-2.358630402170223e-05,0,0,1.141606706996073e-08,-4.7100947471357971e-07,-1.1039083001956493e-06,1.0471657992928022e-06,0.00089895283420070716,31.71733376834371,0.4712388980384688,0.84374999999999967,0.0010399853793118786,1.9686381583330961e-07,1.0671011457590654e-05,-0.010919329317410086,-0.00126009981495866,0.00042473016644654021
FREE_6DOF,robot_component_fluid,0.00074999999999999969,0.0012279312193000614,1.6715731494625869e-07,-1.0337381889378425e-06,0.99998424265269958,0.00027930336387162853,-0.0036323058420183064,-0.0042711579469550754,0.00055860966181515482,-0.007264649841280218,-0.0085423607622723829,0.055976667017627539,0.0017555451314546504,-0.002689297134550244,2.9389466012003953,-33.242161427964881,-54.048466449629728,-2.358630402170223e-05,0,0,1.141606706996073e-08,-4.7100947471357971e-07,-1.1039083001956493e-06,1.0471657992928022e-06,0.00089895283420070716,31.71733376834371,0.4712388980384688,0.84374999999999967,0.0010399853793118786,1.9686381583330961e-07,1.0671011457590654e-05,-0.010919329317410086,-0.00126009981495866,0.00042473016644654021
FREE_6DOF,robot_component_fluid,0.00074999999999999969,0.0012279312193000614,1.6715731494625869e-07,-1.0337381889378425e-06,0.99998424265269958,0.00027930336387162853,-0.0036323058420183064,-0.0042711579469550754,0.00055860966181515482,-0.007264649841280218,-0.0085423607622723829,0.055976667017627539,0.0017555451314546504,-0.002689297134550244,2.9389466012003953,-33.242161427964881,-54.048466449629728,-2.358630402170223e-05,0,0,1.141606706996073e-08,-4.7100947471357971e-07,-1.1039083001956493e-06,1.0471657992928022e-06,0.00089895283420070716,31.71733376834371,0.4712388980384688,0.84374999999999967,0.0010399853793118786,1.9686381583330961e-07,1.0671011457590654e-05,-0.010919329317410086,-0.00126009981495866,0.00042473016644654021
FREE_6DOF,robot_component_fluid,0.00074999999999999969,0.0012279312193000614,1.6715731494625869e-07,-1.0337381889378425e-06,0.99998424265269958,0.00027930336387162853,-0.0036323058420183064,-0.0042711579469550754,0.00055860966181515482,-0.007264649841280218,-0.0085423607622723829,0.055976667017627539,0.0017555451314546504,-0.002689297134550244,2.9389466012003953,-33.242161427964881,-54.048466449629728,-2.358630402170223e-05,0,0,1.141606706996073e-08,-4.7100947471357971e-07,-1.1039083001956493e-06,1.0471657992928022e-06,0.00089895283420070716,31.71733376834371,0.4712388980384688,0.84374999999999967,0.0010399853793118786,1.9686381583330961e-07,1.0671011457590654e-05,-0.010919329317410086,-0.00126009981495866,0.00042473016644654021
FREE_6DOF,robot_component_fluid,0.00074999999999999969,0.0012279312193000614,1.6715731494625869e-07,-1.0337381889378425e-06,0.99998424265269958,0.00027930336387162853,-0.0036323058420183064,-0.0042711579469550754,0.00055860966181515482,-0.007264649841280218,-0.0085423607622723829,0.055976667017627539,0.0017555451314546504,-0.002689297134550244,2.9389466012003953,-33.242161427964881,-54.048466449629728,-2.358630402170223e-05,0,0,1.141606706996073e-08,-4.7100947471357971e-07,-1.1039083001956493e-06,1.0471657992928022e-06,0.00089895283420070716,31.71733376834371,0.4712388980384688,0.84374999999999967,0.0010399853793118786,1.9686381583330961e-07,1.0671011457590654e-05,-0.010919329317410086,-0.00126009981495866,0.00042473016644654021
FREE_6DOF,robot_component_fluid,0.00074999999999999969,0.0012279312193000614,1.6715731494625869e-07,-1.0337381889378425e-06,0.99998424265269958,0.00027930336387162853,-0.0036323058420183064,-0.0042711579469550754,0.00055860966181515482,-0.007264649841280218,-0.0085423607622723829,0.055976667017627539,0.0017555451314546504,-0.002689297134550244,2.9389466012003953,-33.242161427964881,-54.048466449629728,-2.358630402170223e-05,0,0,1.141606706996073e-08,-4.7100947471357971e-07,-1.1039083001956493e-06,1.0471657992928022e-06,0.00089895283420070716,31.71733376834371,0.4712388980384688,0.84374999999999967,0.0010399853793118786,1.9686381583330961e-07,1.0671011457590654e-05,-0.010919329317410086,-0.00126009981495866,0.00042473016644654021
FREE_6DOF,robot_component_fluid,0.00074999999999999969,0.0012279312193000614,1.6715731494625869e-07,-1.0337381889378425e-06,0.99998424265269958,0.00027930336387162853,-0.0036323058420183064,-0.0042711579469550754,0.00055860966181515482,-0.007264649841280218,-0.0085423607622723829,0.055976667017627539,0.0017555451314546504,-0.002689297134550244,2.9389466012003953,-33.242161427964881,-54.048466449629728,-2.358630402170223e-05,0,0,1.141606706996073e-08,-4.7100947471357971e-07,-1.1039083001956493e-06,1.0471657992928022e-06,0.00089895283420070716,31.71733376834371,0.4712388980384688,0.84374999999999967,0.0010399853793118786,1.9686381583330961e-07,1.0671011457590654e-05,-0.010919329317410086,-0.00126009981495866,0.00042473016644654021
FREE_6DOF,robot_component_fluid,0.00074999999999999969,0.0012279312193000614,1.6715731494625869e-07,-1.0337381889378425e-06,0.99998424265269958,0.00027930336387162853,-0.0036323058420183064,-0.0042711579469550754,0.00055860966181515482,-0.007264649841280218,-0.0085423607622723829,0.055976667017627539,0.0017555451314546504,-0.002689297134550244,2.9389466012003953,-33.242161427964881,-54.048466449629728,-2.358630402170223e-05,0,0,1.141606706996073e-08,-4.7100947471357971e-07,-1.1039083001956493e-06,1.0471657992928022e-06,0.00089895283420070716,31.71733376834371,0.4712388980384688,0.84374999999999967,0.0010399853793118786,1.9686381583330961e-07,1.0671011457590654e-05,-0.010919329317410086,-0.00126009981495866,0.00042473016644654021
FREE_6DOF,robot_component_fluid,0.00074999999999999969,0.0012279312193000614,1.6715731494625869e-07,-1.0337381889378425e-06,0.99998424265269958,0.00027930336387162853,-0.0036323058420183064,-0.0042711579469550754,0.00055860966181515482,-0.007264649841280218,-0.0085423607622723829,0.055976667017627539,0.0017555451314546504,-0.002689297134550244,2.9389466012003953,-33.242161427964881,-54.048466449629728,-2.358630402170223e-05,0,0,1.141606706996073e-08,-4.7100947471357971e-07,-1.1039083001956493e-06,1.0471657992928022e-06,0.00089895283420070716,31.71733376834371,0.4712388980384688,0.84374999999999967,0.0010399853793118786,1.9686381583330961e-07,1.0671011457590654e-05,-0.010919329317410086,-0.00126009981495866,0.00042473016644654021
FREE_6DOF,robot_component_fluid,0.00074999999999999969,0.0012279312193000614,1.6715731494625869e-07,-1.0337381889378425e-06,0.99998424265269958,0.00027930336387162853,-0.0036323058420183064,-0.0042711579469550754,0.00055860966181515482,-0.007264649841280218,-0.0085423607622723829,0.055976667017627539,0.0017555451314546504,-0.002689297134550244,2.9389466012003953,-33.242161427964881,-54.048466449629728,-2.358630402170223e-05,0,0,1.141606706996073e-08,-4.7100947471357971e-07,-1.1039083001956493e-06,1.0471657992928022e-06,0.00089895283420070716,31.71733376834371,0.4712388980384688,0.84374999999999967,0.0010399853793118786,1.9686381583330961e-07,1.0671011457590654e-05,-0.010919329317410086,-0.00126009981495866,0.00042473016644654021
FREE_6DOF,robot_component_fluid,0.00074999999999999969,0.0012279312193000614,1.6715731494625869e-07,-1.0337381889378425e-06,0.99998424265269958,0.00027930336387162853,-0.0036323058420183064,-0.0042711579469550754,0.00055860966181515482,-0.007264649841280218,-0.0085423607622723829,0.055976667017627539,0.0017555451314546504,-0.002689297134550244,2.9389466012003953,-33.242161427964881,-54.048466449629728,-2.358630402170223e-05,0,0,1.141606706996073e-08,-4.7100947471357971e-07,-1.1039083001956493e-06,1.0471657992928022e-06,0.00089895283420070716,31.71733376834371,0.4712388980384688,0.84374999999999967,0.0010399853793118786,1.9686381583330961e-07,1.0671011457590654e-05,-0.010919329317410086,-0.00126009981495866,0.00042473016644654021
FREE_6DOF,robot_component_fluid,0.00074999999999999969,0.0012279312193000614,1.6715731494625869e-07,-1.0337381889378425e-06,0.99998424265269958,0.00027930336387162853,-0.0036323058420183064,-0.0042711579469550754,0.00055860966181515482,-0.007264649841280218,-0.0085423607622723829,0.055976667017627539,0.0017555451314546504,-0.002689297134550244,2.9389466012003953,-33.242161427964881,-54.048466449629728,-2.358630402170223e-05,0,0,1.141606706996073e-08,-4.7100947471357971e-07,-1.1039083001956493e-06,1.0471657992928022e-06,0.00089895283420070716,31.71733376834371,0.4712388980384688,0.84374999999999967,0.0010399853793118786,1.9686381583330961e-07,1.0671011457590654e-05,-0.010919329317410086,-0.00126009981495866,0.00042473016644654021
FREE_6DOF,robot_component_fluid,0.00074999999999999969,0.0012279312193000614,1.6715731494625869e-07,-1.0337381889378425e-06,0.99998424265269958,0.00027930336387162853,-0.0036323058420183064,-0.0042711579469550754,0.00055860966181515482,-0.007264649841280218,-0.0085423607622723829,0.055976667017627539,0.0017555451314546504,-0.002689297134550244,2.9389466012003953,-33.242161427964881,-54.048466449629728,-2.358630402170223e-05,0,0,1.141606706996073e-08,-4.7100947471357971e-07,-1.1039083001956493e-06,1.0471657992928022e-06,0.00089895283420070716,31.71733376834371,0.4712388980384688,0.84374999999999967,0.0010399853793118786,1.9686381583330961e-07,1.0671011457590654e-05,-0.010919329317410086,-0.00126009981495866,0.00042473016644654021
FREE_6DOF,robot_component_fluid,0.00074999999999999969,0.0012279312193000614,1.6715731494625869e-07,-1.0337381889378425e-06,0.99998424265269958,0.00027930336387162853,-0.0036323058420183064,-0.0042711579469550754,0.00055860966181515482,-0.007264649841280218,-0.0085423607622723829,0.055976667017627539,0.0017555451314546504,-0.002689297134550244,2.9389466012003953,-33.242161427964881,-54.048466449629728,-2.358630402170223e-05,0,0,1.141606706996073e-08,-4.7100947471357971e-07,-1.1039083001956493e-06,1.0471657992928022e-06,0.00089895283420070716,31.71733376834371,0.4712388980384688,0.84374999999999967,0.0010399853793118786,1.9686381583330961e-07,1.0671011457590654e-05,-0.010919329317410086,-0.00126009981495866,0.00042473016644654021
FREE_6DOF,robot_component_fluid,0.00077499999999999965,0.0012279312193000614,1.6715731494625869e-07,-1.0337381889378425e-06,0.99998424265269958,0.00027930336387162853,-0.0036323058420183064,-0.0042711579469550754,0.00055860966181515482,-0.007264649841280218,-0.0085423607622723829,0.055976667017627539,0.0017555451314546504,-0.002689297134550244,2.9389466012003953,-33.242161427964881,-54.048466449629728,-2.4345375645824849e-05,0,0,1.2140934282959664e-08,-4.8284611910412403e-07,-1.1743347166105126e-06,1.0471657992928022e-06,0.00089895283420070716,31.717183768343709,0.48694686130641773,0.87090624999999944,0.0010399853793118786,1.9686381583330961e-07,1.0671011457590654e-05,-0.010914954633199707,-0.0012986280543820785,0.00042110631859909299
FREE_6DOF,robot_component_fluid,0.00077499999999999965,0.0012293477851459164,2.1483673143353252e-07,-1.103653623284905e-06,0.99997924794715232,0.00031707004804882232,-0.0040650614242012523,-0.0049878269065501222,0.00063414448270365277,-0.00813017908778234,-0.0099757228187714216,0.057348600650764581,0.0020588081875272555,-0.0029039376132147551,3.2254888089996148,-35.994286146037332,-60.617559382015884,-2.4345679046832074e-05,0,0,1.2611842226491852e-08,-4.913977572528913e-07,-1.1885008739616814e-06,1.1243692193238584e-06,0.00089887563078067611,31.718600334189563,0.48694686130641773,0.87090624999999944,0.0010399749678311474,-1.2946234991931094e-06,1.1571026659776054e-05,-0.010914954633199707,-0.0012986280543820785,0.00042110631859909299
FREE_6DOF,robot_component_fluid,0.00077499999999999965,0.0012293477851405925,2.1483673143353252e-07,-1.103653623284905e-06,0.99997924583583797,0.00031711780971751787,-0.004065231690430199,-0.0049881083775956438,0.00063424000714818211,-0.0081305196283179195,-0.0099762857717776571,0.057348600224851519,0.0020588081875272555,-0.0029039376132147551,3.233178158708669,-36.021553152680823,-60.662573156146458,-2.4345678937446297e-05,0,0,1.2612027967118904e-08,-4.9140112387156706e-07,-1.1885064417597391e-06,1.1243692193238584e-06,0.00089887563078067611,31.718600334184242,0.48694686130641773,0.87090624999999944,0.0010399749631586001,-1.2952097752254561e-06,1.157138100092443e-05,-0.010914954633199707,-0.0012986280543820785,0.00042110631859909299
FREE_6DOF,robot_component_fluid,0.00077499999999999965,0.0012293477851405945,2.1483673143353252e-07,-1.103653623284905e-06,0.99997924583500764,0.00031711782856528833,-0.004065231757460889,-0.0049881084882234259,0.00063424004484415942,-0.0081305197623824776,-0.0099762859930375147,0.05734860022500507,0.0020588081875272555,-0.0029039376132147551,3.2331811929268199,-36.021563887245314,-60.662590848061669,-2.4345678937403241e-05,0,0,1.2612028040380838e-08,-4.9140112519694736e-07,-1.188506443948083e-06,1.1243692193238584e-06,0.00089887563078067611,31.718600334184242,0.48694686130641773,0.87090624999999944,0.0010399749631567609,-1.2952100056532454e-06,1.1571381140422488e-05,-0.010914954633199707,-0.0012986280543820785,0.00042110631859909299
FREE_6DOF,robot_component_fluid,0.0007999999999999996,0.0012293477851405945,2.1483673143353252e-07,-1.103653623284905e-06,0.9999792458350073,0.00031711782857272612,-0.0040652317574872785,-0.0049881084882669067,0.00063424004485903511,-0.0081305197624352565,-0.0099762859931244782,0.057348600225005132,0.0020588081875272555,-0.0029039376132147551,3.2331811941241231,-36.021563891471352,-60.662590855015182,-2.5047100558212516e-05,0,0,1.3375750240518283e-08,-5.0203938429995983e-07,-1.2583365477838763e-06,1.1243692193238584e-06,0.00089887563078067611,31.718450334184244,0.50265482457436672,0.89599999999999957,0.0010399749631567602,-1.2952100057438121e-06,1.1571381140477409e-05,-0.010910485826735561,-0.0013368226614595112,0.00041737776223793051
FREE_6DOF,robot_component_fluid,0.0007999999999999996,0.0012307982473003809,2.7086661039102331e-07,-1.1793887440566823e-06,0.99997289511462506,0.00035850137843684729,-0.0045333227563938636,-0.0057904660972250988,0.00071700923503644344,-0.0090667274304716619,-0.011581036828864529,0.05868837255790868,0.0024235821290720036,-0.0031548720485274221,3.5376902068449549,-38.867846466277904,-67.713860116716106,-2.5047322668370717e-05,0,0,1.3917145961314525e-08,-5.1154918179805612e-07,-1.2746431723305467e-06,1.2100936039134827e-06,0.00089878990639608654,31.719900796344032,0.50265482457436672,0.89599999999999957,0.0010399602571334592,-2.9650730519469853e-06,1.2544733877914548e-05,-0.010910485826735561,-0.0013368226614595112,0.00041737776223793051
FREE_6DOF,robot_component_fluid,0.0007999999999999996,0.0012307982472964834,2.7086661039102331e-07,-1.1793887440566823e-06,0.9999728923603548,0.00035855595888583059,-0.0045335121477427616,-0.0057907900753689763,0.00071711839757907284,-0.0090671062249163079,-0.01158168480163977,0.05868837224611137,0.0024235821290720036,-0.0031548720485274221,3.5464829388312986,-38.898181953919533,-67.765669139639868,-2.5047322507543887e-05,0,0,1.3917365539588535e-08,-5.1155303119991744e-07,-1.2746497617136996e-06,1.2100936039134827e-06,0.00089878990639608654,31.719900796340134,0.50265482457436672,0.89599999999999957,0.0010399602504560228,-2.9657479209614315e-06,1.2545127902022753e-05,-0.010910485826735561,-0.0013368226614595112,0.00041737776223793051
FREE_6DOF,robot_component_fluid,0.0007999999999999996,0.0012307982472964862,2.7086661039102331e-07,-1.1793887440566823e-06,0.99997289235924114,0.00035855598103488753,-0.0045335122244052417,-0.0057907902062857581,0.0007171184418778532,-0.0090671063782460197,-0.01158168506348,0.058688372246337141,0.0024235821290720036,-0.0031548720485274221,3.5464865067485043,-38.898194233285487,-67.765690075160819,-2.5047322507478811e-05,0,0,1.3917365628644838e-08,-5.115530327580967e-07,-1.2746497643764237e-06,1.2100936039134827e-06,0.00089878990639608654,31.719900796340138,0.50265482457436672,0.89599999999999957,0.001039960250453321,-2.9657481936717573e-06,1.2545128061517671e-05,-0.010910485826735561,-0.0013368226614595112,0.00041737776223793051
FREE_6DOF,robot_component_fluid,0.00082499999999999956,0.0012307982472964862,2.7086661039102331e-07,-1.1793887440566823e-06,0.99997289235924069,0.00035855598104387573,-0.0045335122244362742,-0.0057907902063386594,0.00071711844189582992,-0.0090671063783080864,-0.011581685063585806,0.058688372246337231,0.0024235821290720036,-0.0031548720485274221,3.5464865081962946,-38.898194238256025,-67.765690083620697,-2.5685849310287079e-05,0,0,1.4718949494452293e-08,-5.2088095960292104e-07,-1.343304275975062e-06,1.2100936039134827e-06,0.00089878990639608654,31.719750796340136,0.5183627878423156,0.91884374999999952,0.0010399602504533201,-2.9657481937819555e-06,1.2545128061582232e-05,-0.010905927327028515,-0.0013746741557465235,0.00041354576904525367
FREE_6DOF,robot_component_fluid,0.00082499999999999956,0.0012322818860256797,3.3623694093215025e-07,-1.2614361188009991e-06,0.99996488140916728,0.00040376655958394186,-0.0050382132813256708,-0.0066850076923796247,0.00080754257244241006,-0.010076544520942192,-0.013370171898991116,0.060002726089158125,0.0028060443142181452,-0.0034089179310179134,3.8696521920265825,-41.84813879553888,-75.308810571774529,-2.5685955813150618e-05,0,0,1.5337136576078321e-08,-5.313880902597902e-07,-1.3619285206290704e-06,1.3054793611019434e-06,0.000898694520638898,31.721234435069331,0.5183627878423156,0.91884374999999952,0.0010399400904767553,-4.8268399836666386e-06,1.3594420117540093e-05,-0.010905927327028515,-0.0013746741557465235,0.00041354576904525367
FREE_6DOF,robot_component_fluid,0.00082499999999999956,0.001232281886023811,3.3623694093215025e-07,-1.2614361188009991e-06,0.99996487785595312,0.00040382847894119661,-0.0050384225947479322,-0.0066853776890402183,0.00080766641356323993,-0.010076963164622709,-0.013370911916811763,0.060002725939649851,0.0028060443142181452,-0.0034089179310179134,3.8796340361582615,-41.881672606910016,-75.367975483287751,-2.5685955584220899e-05,0,0,1.5337393539883239e-08,-5.313924489783846e-07,-1.3619362329295225e-06,1.3054793611019434e-06,0.000898694520638898,31.721234435067462,0.5183627878423156,0.91884374999999952,0.0010399400812081728,-4.8276107778576249e-06,1.3594855434253078e-05,-0.010905927327028515,-0.0013746741557465235,0.00041354576904525367
FREE_6DOF,robot_component_fluid,0.00082499999999999956,0.0012322818860238149,3.3623694093215025e-07,-1.2614361188009991e-06,0.99996487785448085,0.00040382850469611,-0.0050384226815785201,-0.0066853778422554071,0.00080766646507406613,-0.010076963338290865,-0.013370912223252292,0.060002725939971226,0.0028060443142181452,-0.0034089179310179134,3.8796381877327373,-41.881686518006354,-75.367999983328346,-2.5685955584126e-05,0,0,1.5337393646696427e-08,-5.3139245078654054e-07,-1.361936236123192e-06,1.3054793611019434e-06,0.000898694520638898,31.721234435067466,0.5183627878423156,0.91884374999999952,0.0010399400812043304,-4.827611097044637e-06,1.3594855614838295e-05,-0.010905927327028515,-0.0013746741557465235,0.00041354576904525367
FREE_6DOF,robot_component_fluid,0.00084999999999999952,0.0012322818860238149,3.3623694093215025e-07,-1.2614361188009991e-06,0.99996487785448029,0.00040382850470682252,-0.0050384226816145407,-0.0066853778423188537,0.00080766646509549159,-0.010076963338362907,-0.013370912223379189,0.060002725939971358,0.0028060443142181452,-0.0034089179310179134,3.8796381894594285,-41.88168652377724,-75.367999993473745,-2.6256342700346332e-05,0,0,1.61746783616216e-08,-5.3929193059466776e-07,-1.4287895795147366e-06,1.3054793611019434e-06,0.000898694520638898,31.721084435067468,0.53407075111026459,0.9392499999999997,0.0010399400812043293,-4.8276110971768123e-06,1.359485561491321e-05,-0.010901283651122896,-0.0014121731708422799,0.00040961163718073823
FREE_6DOF,robot_component_fluid,0.00084999999999999952,0.0012337981441913985,4.1124340365878864e-07,-1.3496930991274175e-06,0.99995484834260995,0.0004530812933925219,-0.0055810737001189643,-0.0076777346791439246,0.00090617622527891723,-0.011162315399757166,-0.015355700470759076,0.061297927466734216,0.0031944727039129226,-0.0036516404950955577,4.2220472186061171,-44.93602851298099,-83.40960528884824,-2.6256292449188053e-05,0,0,1.6876168284294746e-08,-5.5083074692906472e-07,-1.4499014460739189e-06,1.4109544992256264e-06,0.00089858904550077436,31.722600693235051,0.53407075111026459,0.9392499999999997,0.0010399130846322799,-6.8930091855277097e-06,1.4722814211511063e-05,-0.010901283651122896,-0.0014121731708422799,0.00040961163718073823
FREE_6DOF,robot_component_fluid,0.00084999999999999952,0.0012337981441922804,4.1124340365878864e-07,-1.3496930991274175e-06,0.99995484380745236,0.0004531510754131068,-0.0055813036398178594,-0.0076781540617929097,0.00090631579279076466,-0.011162775302951858,-0.015356539271896419,0.061297927537276586,0.0031944727039129226,-0.0036516404950955577,4.2333047654070288,-44.972876152276669,-83.47666354564322,-2.6256292132073798e-05,0,0,1.6876466157706386e-08,-5.5083563650482737e-07,-1.4499103758132729e-06,1.4109544992256264e-06,0.00089858904550077436,31.722600693235933,0.53407075111026459,0.9392499999999997,0.0010399130720725614,-6.8938829399531114e-06,1.4723292226275611e-05,-0.010901283651122896,-0.0014121731708422799,0.00040961163718073823
FREE_6DOF,robot_component_fluid,0.00084999999999999952,0.0012337981441922859,4.1124340365878864e-07,-1.3496930991274175e-06,0.99995484380553301,0.00045315110506672664,-0.0055813037372551321,-0.0076781542391796522,0.00090631585209947668,-0.011162775497836478,-0.015356539626685067,0.061297927537721744,0.0031944727039129226,-0.0036516404950955577,4.2333095488587924,-44.972891766639208,-83.47669190924006,-2.625629213193953e-05,0,0,1.6876466284192582e-08,-5.5083563857679839e-07,-1.4499103795903137e-06,1.4109544992256264e-06,0.00089858904550077436,31.722600693235936,0.53407075111026459,0.9392499999999997,0.0010399130720672434,-6.8938833095286024e-06,1.4723292428835505e-05,-0.010901283651122896,-0.0014121731708422799,0.00040961163718073823
FREE_6DOF,robot_component_fluid,0.00087499999999999948,0.0012337981441922859,4.1124340365878864e-07,-1.3496930991274175e-06,0.99995484380553212,0.00045315110507932778,-0.0055813037372964202,-0.0076781542392546807,0.00090631585212467972,-0.01116277549791906,-0.015356539626835133,0.061297927537721938,0.0031944727039129226,-0.0036516404950955577,4.2333095508913319,-44.972891773255945,-83.476691921236977,-2.6753294977550408e-05,0,0,1.7745869955211039e-08,-5.5718142353589381e-07,-1.5142880551645237e-06,1.4109544992256264e-06,0.00089858904550077436,31.722450693235935,0.54977871437821346,0.95703124999999956,0.0010399130720672408,-6.8938833096849198e-06,1.4723292428921337e-05,-0.010896559399566486,-0.0014493104567710549,0.00040557669017503181
FREE_6DOF,robot_component_fluid,0.00087499999999999948,0.001235346781535446,4.9644258858720097e-07,-1.4440704459940881e-06,0.99994237636561023,0.00050666420569373254,-0.0061633759361902161,-0.0087749664813074196,0.0010133478757247396,-0.012326988648585705,-0.017550270067358466,0.062593059915100224,0.0036214620903600664,-0.0038985472542380738,4.5951734161373441,-48.151755565416138,-92.01508360592085,-2.6753039426614208e-05,0,0,1.8537557080848909e-08,-5.6978192718965334e-07,-1.5380452782717793e-06,1.5270215115566401e-06,0.00089847297848844336,31.723999330579097,0.54977871437821346,0.95703124999999956,0.0010398776025947742,-9.1767396963508001e-06,1.5932906001465107e-05,-0.010896559399566486,-0.0014493104567710549,0.00040557669017503181
FREE_6DOF,robot_component_fluid,0.00087499999999999948,0.0012353467815399302,4.9644258858720097e-07,-1.4440704459940881e-06,0.99994237063653402,0.00050674240168461289,-0.0061636271233819918,-0.0087754383714197769,0.0010135042726460608,-0.01232749105616137,-0.017551213899229926,0.062593060273841566,0.0036214620903600664,-0.0038985472542380738,4.6077978476761503,-48.1920198799384,-92.090533126960253,-2.6753038997628778e-05,0,0,1.8537899375851373e-08,-5.6978736361495432e-07,-1.5380555087172416e-06,1.5270215115566401e-06,0.00089847297848844336,31.723999330583581,0.54977871437821346,0.95703124999999956,0.0010398775859202457,-9.1777229368178912e-06,1.5933427934333434e-05,-0.010896559399566486,-0.0014493104567710549,0.00040557669017503181
FREE_6DOF,robot_component_fluid,0.00087499999999999948,0.0012353467815399378,4.9644258858720097e-07,-1.4440704459940881e-06,0.99994237063406555,0.0005067424355223863,-0.0061636272317558667,-0.0087754385746265009,0.0010135043403237416,-0.012327491272923428,-0.017551214305665627,0.062593060274443779,0.0036214620903600664,-0.0038985472542380738,4.6078033101215965,-48.192037252010508,-92.090565617114351,-2.6753038997443881e-05,0,0,1.8537899523846972e-08,-5.697873659604884e-07,-1.5380555131227317e-06,1.5270215115566401e-06,0.00089847297848844336,31.723999330583588,0.54977871437821346,0.95703124999999956,0.0010398775859130586,-9.177723360227166e-06,1.5933428159519993e-05,-0.010896559399566486,-0.0014493104567710549,0.00040557669017503181
FREE_6DOF,robot_component_fluid,0.00089999999999999943,0.0012353467815399378,4.9644258858720097e-07,-1.4440704459940881e-06,0.99994237063406455,0.00050674243553702888,-0.0061636272318026254,-0.0087754385747140073,0.0010135043403530278,-0.012327491273016951,-0.017551214305840647,0.062593060274444029,0.0036214620903600664,-0.0038985472542380738,4.6078033124851334,-48.192037259505774,-92.090565631105378,-2.7171413742762379e-05,0,0,1.9434141844156677e-08,-5.7444605935992628e-07,-1.5992312055015147e-06,1.5270215115566401e-06,0.00089847297848844336,31.723849330583587,0.56548667764616245,0.97199999999999975,0.0010398775859130555,-9.1777233604094984e-06,1.5933428159617151e-05,-0.010891759251799936,-0.0014860768822700318,0.00040144227581695408
FREE_6DOF,robot_component_fluid,0.00089999999999999943,0.0012369279716304212,5.931133779287618e-07,-1.5449793058976834e-06,0.99992697879886339,0.00056473757077376077,-0.0067866465737755118,-0.0099829639855185653,0.0011295026342277058,-0.013573623536590876,-0.019966413963913025,0.063902146964226511,0.0041122010569648055,-0.0041741615380495372,4.9898577231667609,-51.483967149639803,-101.11731606901695,-2.7170896628450722e-05,0,0,2.0323086805367791e-08,-5.8813125301718577e-07,-1.625773191883358e-06,1.6549152651208924e-06,0.0008983450847348791,31.72543052067407,0.56548667764616245,0.97199999999999975,0.0010398317271641607,-1.1691065727369106e-05,1.7227785357335445e-05,-0.010891759251799936,-0.0014860768822700318,0.00040144227581695408
FREE_6DOF,robot_component_fluid,0.00089999999999999943,0.0012369279716394953,5.931133779287618e-07,-1.5449793058976834e-06,0.99992697163417599,0.00056482473837493846,-0.006786919494220181,-0.0099834911378582115,0.0011296769763715932,-0.013574169423185923,-0.019967468341943781,0.063902147690149416,0.0041122010569648055,-0.0041741615380495372,5.0039413839257962,-51.527730017733823,-101.20159592194263,-2.7170896060345548e-05,0,0,2.0323476859342274e-08,-5.8813724485910638e-07,-1.6257847899736827e-06,1.6549152651208924e-06,0.0008983450847348791,31.725430520683144,0.56548667764616245,0.97199999999999975,0.0010398317054225944,-1.1692164218536086e-05,1.722835213211089e-05,-0.010891759251799936,-0.0014860768822700318,0.00040144227581695408
FREE_6DOF,robot_component_fluid,0.00089999999999999943,0.0012369279716395053,5.931133779287618e-07,-1.5449793058976834e-06,0.99992697163104349,0.00056482477665969696,-0.0067869196137145624,-0.0099834913682077166,0.0011296770529441538,-0.013574169662194676,-0.019967468802674856,0.063902147690946917,0.0041122010569648055,-0.0041741615380495372,5.0039475689063684,-51.527749178916949,-101.20163274948256,-2.7170896060097093e-05,0,0,2.0323477030491935e-08,-5.8813724748255609e-07,-1.6257847950417269e-06,1.6549152651208924e-06,0.0008983450847348791,31.725430520683155,0.56548667764616245,0.97199999999999975,0.0010398317054130855,-1.1692164698547461e-05,1.7228352380265451e-05,-0.010891759251799936,-0.0014860768822700318,0.00040144227581695408
FREE_6DOF,robot_component_fluid,0.00092499999999999939,0.0012369279716395053,5.931133779287618e-07,-1.5449793058976834e-06,0.99992697163104205,0.00056482477667651185,-0.0067869196137668826,-0.009983491368308374,0.0011296770529777851,-0.013574169662299324,-0.019967468802876181,0.063902147690947264,0.0041122010569648055,-0.0041741615380495372,5.0039475716225601,-51.527749187306526,-101.20163276557497,-2.7505400262054422e-05,0,0,2.123925533198443e-08,-5.9096616974172455e-07,-1.6829772366744219e-06,1.6549152651208924e-06,0.0008983450847348791,31.725280520683157,0.58119464091411133,0.98396874999999973,0.0010398317054130812,-1.1692164698757217e-05,1.7228352380374102e-05,-0.01088688796147046,-0.0015224634369827325,0.00039720976503644238
FREE_6DOF,robot_component_fluid,0.00092499999999999939,0.0012385422148163121,7.0285338332042067e-07,-1.653207736410796e-06,0.99990809743187914,0.00062752570312513589,-0.0074521616228083939,-0.011307881711404696,0.0012550898551461492,-0.01490477984426266,-0.022616456263858532,0.0652373064535893,0.0046669993743679106,-0.0044841129029994592,5.4065639834264241,-54.904116827936086,-110.70755750352762,-2.7504557678504016e-05,0,0,2.223164263124488e-08,-6.0574408155359596e-07,-1.7124196675925586e-06,1.7964127304640964e-06,0.00089820358726953593,31.726894763859963,0.58119464091411133,0.98396874999999973,0.0010397732437626029,-1.4448795035577018e-05,1.8610005394322944e-05,-0.01088688796147046,-0.0015224634369827325,0.00039720976503644238
FREE_6DOF,robot_component_fluid,0.00092499999999999939,0.0012385422148310974,7.0285338332042067e-07,-1.653207736410796e-06,0.99990808856133451,0.00062762228615417109,-0.0074524564676044071,-0.011308466407205595,0.0012552830308337631,-0.014905369595994818,-0.022617625758164762,0.065237307636404562,0.0046669993743679106,-0.0044841129029994592,5.4221812764184838,-54.9514135830348,-110.8010309368414,-2.7504556940866285e-05,0,0,2.2232083061450894e-08,-6.0575062567621184e-07,-1.7124326790377876e-06,1.7964127304640964e-06,0.00089820358726953593,31.726894763874746,0.58119464091411133,0.98396874999999973,0.0010397732158769456,-1.4450013555353868e-05,1.8610617306451358e-05,-0.01088688796147046,-0.0015224634369827325,0.00039720976503644238
FREE_6DOF,robot_component_fluid,0.00092499999999999939,0.0012385422148311102,7.0285338332042067e-07,-1.653207736410796e-06,0.99990808855741209,0.00062762232906560689,-0.0074524565981716881,-0.011308466665597941,0.0012552831166609056,-0.01490536985715687,-0.022617626274994862,0.065237307637440053,0.0046669993743679106,-0.0044841129029994592,5.4221882142429489,-54.951434527943313,-110.80107224495188,-2.7504556940540032e-05,0,0,2.2232083256918464e-08,-6.0575062857417614e-07,-1.712432684787926e-06,1.7964127304640964e-06,0.00089820358726953593,31.72689476387476,0.58119464091411133,0.98396874999999973,0.0010397732158646117,-1.4450014093854865e-05,1.8610617577426711e-05,-0.01088688796147046,-0.0015224634369827325,0.00039720976503644238
FREE_6DOF,robot_component_fluid,0.00094999999999999935,0.0012385422148311102,7.0285338332042067e-07,-1.653207736410796e-06,0.99990808855741042,0.00062762232908467226,-0.0074524565982295081,-0.011308466665712131,0.0012552831166990383,-0.014905369857272522,-0.022617626275223263,0.065237307637440511,0.0046669993743679106,-0.0044841129029994592,5.4221882173250036,-54.951434537218645,-110.80107226320692,-2.7749950370501939e-05,0,0,2.3157677256180202e-08,-6.0659654817933786e-07,-1.7648023278313045e-06,1.7964127304640964e-06,0.00089820358726953593,31.726744763874759,0.59690260418206031,0.9927499999999998,0.0010397732158646063,-1.4450014094092842e-05,1.8610617577546716e-05,-0.010881950351674682,-0.0015584612335576083,0.00039288055078527543
FREE_6DOF,robot_component_fluid,0.00094999999999999935,0.0012401899972770154,8.2708124976393621e-07,-1.7695523681110303e-06,0.99988509516712454,0.00069525303509121515,-0.0081610353836060485,-0.012755806023733218,0.0013905593312529556,-0.016322695957551713,-0.025512589228219265,0.066585288034979359,0.0052712299411133328,-0.0048234576330192869,5.8458310976924217,-58.415154195244767,-120.78410083458402,-2.7748710676869115e-05,0,0,2.4258781413919215e-08,-6.2246072905942362e-07,-1.7972334321497892e-06,1.9532995103666078e-06,0.00089804670048963342,31.728392546320663,0.59690260418206031,0.9927499999999998,0.0010396996100899103,-1.7462586070690659e-05,2.008176511103605e-05,-0.010881950351674682,-0.0015584612335576083,0.00039288055078527543
FREE_6DOF,robot_component_fluid,0.00094999999999999935,0.0012401899972987688,8.2708124976393621e-07,-1.7695523681110303e-06,0.99988508429289669,0.00069535936358989636,-0.008161352058852241,-0.012756449996524571,0.0013907720014372589,-0.016323329391474597,-0.025513877315620829,0.066585289775256101,0.0052712299411133328,-0.0048234576330192869,5.8630384101132247,-58.465975185121451,-120.88704346026083,-2.7748709736647104e-05,0,0,2.425927399699567e-08,-6.2246781007958159e-07,-1.7972478773311982e-06,1.9532995103666078e-06,0.00089804670048963342,31.72839254634242,0.59690260418206031,0.9927499999999998,0.0010396995748609436,-1.7463928254426194e-05,2.008242184746778e-05,-0.010881950351674682,-0.0015584612335576083,0.00039288055078527543
FREE_6DOF,robot_component_fluid,0.00094999999999999935,0.0012401899972987853,8.2708124976393621e-07,-1.7695523681110303e-06,0.99988508428805045,0.0006953594112151715,-0.0081613522002021311,-0.012756450283355685,0.0013907720966937047,-0.016323329674211576,-0.02551387788934625,0.066585289776575976,0.0052712299411133328,-0.0048234576330192869,5.8630461162879994,-58.465997869766788,-120.88708931149978,-2.7748709736227989e-05,0,0,2.4259274217355586e-08,-6.2246781324023972e-07,-1.7972478837652592e-06,1.9532995103666078e-06,0.00089804670048963342,31.728392546342434,0.59690260418206031,0.9927499999999998,0.0010396995748452396,-1.7463928852253103e-05,2.008242214060549e-05,-0.010881950351674682,-0.0015584612335576083,0.00039288055078527543
FREE_6DOF,robot_component_fluid,0.0009749999999999993,0.0012401899972987853,8.2708124976393621e-07,-1.7695523681110303e-06,0.99988508428804834,0.00069535941123650307,-0.0081613522002652247,-0.012756450283483444,0.0013907720967363706,-0.016323329674337778,-0.025513877889601792,0.066585289776576573,0.0052712299411133328,-0.0048234576330192869,5.8630461197391526,-58.465997879892456,-120.8870893319222,-2.7899755431673029e-05,0,0,2.5182132070795982e-08,-6.2116572483554702e-07,-1.8438934194467133e-06,1.9532995103666078e-06,0.00089804670048963342,31.728242546342436,0.6126105674500093,0.99815624999999986,0.0010396995748452327,-1.7463928852519387e-05,2.0082422140736336e-05,-0.010876951310135613,-0.0015940615096514618,0.0003884560469175989
FREE_6DOF,robot_component_fluid,0.0009749999999999993,0.0012418711758224435,9.6720016769671944e-07,-1.8946532325798116e-06,0.99985724777165774,0.00076814375579020732,-0.0089144145210279767,-0.014332733424000888,0.0015363606185767906,-0.017829677458859668,-0.028666830945649625,0.067908992116102393,0.0059382834935093245,-0.0051846115244832108,6.3077915973543757,-62.019626384527314,-131.33485076863408,-2.7898039227950691e-05,0,0,2.6396715848443224e-08,-6.380983063705267e-07,-1.8793687530957727e-06,2.1272487010497133e-06,0.00089787275129895022,31.729923724866094,0.6126105674500093,0.99815624999999986,0.001039607920356269,-2.074490014576869e-05,2.1645310665757934e-05,-0.010876951310135613,-0.0015940615096514618,0.0003884560469175989
FREE_6DOF,robot_component_fluid,0.0009749999999999993,0.0012418711758525585,9.6720016769671944e-07,-1.8946532325798116e-06,0.99985723457034958,0.00076826010184781826,-0.0089147527088286882,-0.014333437755447386,0.0015365933285272151,-0.017830353945114199,-0.028668239801737532,0.067908994525302011,0.0059382834935093245,-0.0051846115244832108,6.3266360108810638,-62.07392686602109,-131.44743387334228,-2.7898038050238849e-05,0,0,2.6397261602267923e-08,-6.3810589749296977e-07,-1.8793846225316371e-06,2.1272487010497133e-06,0.00089787275129895022,31.72992372489621,0.6126105674500093,0.99815624999999986,0.0010396078764688692,-2.0746368269321218e-05,2.1646011431306706e-05,-0.010876951310135613,-0.0015940615096514618,0.0003884560469175989
FREE_6DOF,robot_component_fluid,0.0009749999999999993,0.0012418711758525793,9.6720016769671944e-07,-1.8946532325798116e-06,0.99985723456444087,0.00076826015419861058,-0.0089147528604445799,-0.014333438070518942,0.0015365934332368092,-0.017830354248395533,-0.028668240431967099,0.067908994526955271,0.0059382834935093245,-0.0051846115244832108,6.3266444887006337,-62.073951210444427,-131.44748423523134,-2.7898038049711622e-05,0,0,2.6397261847495006e-08,-6.3810590089620998e-07,-1.8793846296306423e-06,2.1272487010497133e-06,0.00089787275129895022,31.729923724896231,0.6126105674500093,0.99815624999999986,0.0010396078764492219,-2.0746368926071124e-05,2.1646011745471829e-05,-0.010876951310135613,-0.0015940615096514618,0.0003884560469175989
FREE_6DOF,robot_component_fluid,0.00099999999999999937,0.0012418711758525793,9.6720016769671944e-07,-1.8946532325798116e-06,0.9998572345644382,0.00076826015422216628,-0.0089147528605125533,-0.014333438070659885,0.0015365934332839243,-0.017830354248531504,-0.028668240432249029,0.067908994526956021,0.0059382834935093245,-0.0051846115244832108,6.3266444925146788,-62.07395122135879,-131.44748425775978,-2.7949503632060816e-05,0,0,2.7301573599333079e-08,-6.344778273904598e-07,-1.9193393463988244e-06,2.1272487010497133e-06,0.00089787275129895022,31.72977372489623,0.62831853071795829,1,0.0010396078764492128,-2.0746368926364916e-05,2.1646011745612677e-05,-0.010871895784318767,-0.0016292556298375652,0.00038393768707226404
FREE_6DOF,robot_component_fluid,0.00099999999999999937,0.0012435847906137523,1.1249194206368847e-06,-2.0288586387082676e-06,0.99982374000861451,0.0008464193024799835,-0.0097134428418932332,-0.016044360931741771,0.0016929380718787935,-0.019428027158499825,-0.032090607315695872,0.069180186366875174,0.0066792567417039012,-0.0055518209657932291,6.7923333538697719,-65.714895150173049,-142.32468925110359,-2.7947224775950513e-05,0,0,2.8633726573122532e-08,-6.5244752654122369e-07,-1.9578721753088332e-06,2.3198515208493817e-06,0.00089768014847915062,31.731487339657402,0.62831853071795829,1,0.0010394948857858329,-2.4307561965051268e-05,2.3302859905498839e-05,-0.010871895784318767,-0.0016292556298375652,0.00038393768707226404
FREE_6DOF,robot_component_fluid,0.00099999999999999937,0.0012435847906537404,1.1249194206368847e-06,-2.0288586387082676e-06,0.99982372413725029,0.00084654587569907736,-0.0097138019602941526,-0.016045125860401563,0.0016931912421497145,-0.019428745540298796,-0.032092137432701971,0.069180189565923852,0.0066792567417039012,-0.0055518209657932291,6.8128516939938626,-65.77258892949159,-142.44694922732336,-2.7947223325364405e-05,0,0,2.8634325597794195e-08,-6.5245558836353811e-07,-1.9578894235129379e-06,2.3198515208493817e-06,0.00089768014847915062,31.731487339697392,0.62831853071795829,1,0.0010394948318307351,-2.4309156545343007e-05,2.3303603339566852e-05,-0.010871895784318767,-0.0016292556298375652,0.00038393768707226404
FREE_6DOF,robot_component_fluid,0.00099999999999999937,0.0012435847906537658,1.1249194206368847e-06,-2.0288586387082676e-06,0.99982372413014198,0.0008465459327030748,-0.0097138021214087811,-0.016045126202799104,0.0016931913561684213,-0.019428745862593026,-0.032092138117613342,0.069180189567960182,0.0066792567417039012,-0.0055518209657932291,6.8128609330354806,-65.772614813832419,-142.44700395288243,-2.7947223324714619e-05,0,0,2.8634325867157217e-08,-6.5245559198038161e-07,-1.9578894312336594e-06,2.3198515208493817e-06,0.00089768014847915062,31.731487339697416,0.62831853071795829,1,0.0010394948318065659,-2.4309157259119112e-05,2.3303603673098655e-05,-0.010871895784318767,-0.0016292556298375652,0.00038393768707226404
FREE_6DOF,robot_component_fluid,0.00099999999999999937,0.001243584790653766,1.1249194206368847e-06,-2.0288586387082676e-06,0.99982372413013876,0.00084654593272874719,-0.0097138021214810619,-0.01604512620295236,0.0016931913562197708,-0.019428745862737618,-0.032092138117919909,0.069180189567961084,0.0066792567417039012,-0.0055518209657932291,6.812860937195655,-65.772614825445572,-142.44700397737859,-2.7947223324714328e-05,0,0,2.8634325867278349e-08,-6.5245559198200431e-07,-1.9578894312371148e-06,2.3198515208493817e-06,0.00089768014847915062,31.731487339697416,0.62831853071795829,1,0.001039494831806555,-2.4309157259438585e-05,2.3303603673248288e-05,-0.010871895784318767,-0.0016292556298375652,0.00038393768707226404
FREE_6DOF,robot_component_fluid,0.00099999999999999937,0.001243584790653766,1.1249194206368847e-06,-2.0288586387082676e-06,0.99982372413013876,0.00084654593272875879,-0.0097138021214810948,-0.016045126202952436,0.001693191356219794,-0.019428745862737684,-0.032092138117920055,0.069180189567961084,0.0066792567417039012,-0.0055518209657932291,6.8128609371975282,-65.772614825450788,-142.44700397738958,-2.7947223324714328e-05,0,0,2.8634325867278396e-08,-6.5245559198200495e-07,-1.9578894312371169e-06,2.3198515208493817e-06,0.00089768014847915062,31.731487339697416,0.62831853071795829,1,0.001039494831806555,-2.4309157259438748e-05,2.3303603673248356e-05,-0.010871895784318767,-0.0016292556298375652,0.00038393768707226404
FREE_6DOF,robot_component_fluid,0.00099999999999999937,0.001243584790653766,1.1249194206368847e-06,-2.0288586387082676e-06,0.99982372413013876,0.00084654593272875879,-0.0097138021214810948,-0.016045126202952436,0.001693191356219794,-0.019428745862737684,-0.032092138117920055,0.069180189567961084,0.0066792567417039012,-0.0055518209657932291,6.8128609371975282,-65.772614825450788,-142.44700397738958,-2.7947223324714328e-05,0,0,2.8634325867278396e-08,-6.5245559198200495e-07,-1.9578894312371169e-06,2.3198515208493817e-06,0.00089768014847915062,31.731487339697416,0.62831853071795829,1,0.001039494831806555,-2.4309157259438748e-05,2.3303603673248356e-05,-0.010871895784318767,-0.0016292556298375652,0.00038393768707226404
FREE_6DOF,robot_component_fluid,0.00099999999999999937,0.001243584790653766,1.1249194206368847e-06,-2.0288586387082676e-06,0.99982372413013876,0.00084654593272875879,-0.0097138021214810948,-0.016045126202952436,0.001693191356219794,-0.019428745862737684,-0.032092138117920055,0.069180189567961084,0.0066792567417039012,-0.0055518209657932291,6.8128609371975282,-65.772614825450788,-142.44700397738958,-2.7947223324714328e-05,0,0,2.8634325867278396e-08,-6.5245559198200495e-07,-1.9578894312371169e-06,2.3198515208493817e-06,0.00089768014847915062,31.731487339697416,0.62831853071795829,1,0.001039494831806555,-2.4309157259438748e-05,2.3303603673248356e-05,-0.010871895784318767,-0.0016292556298375652,0.00038393768707226404
FREE_6DOF,robot_component_fluid,0.00099999999999999937,0.001243584790653766,1.1249194206368847e-06,-2.0288586387082676e-06,0.99982372413013876,0.00084654593272875879,-0.0097138021214810948,-0.016045126202952436,0.001693191356219794,-0.019428745862737684,-0.032092138117920055,0.069180189567961084,0.0066792567417039012,-0.0055518209657932291,6.8128609371975282,-65.772614825450788,-142.44700397738958,-2.7947223324714328e-05,0,0,2.8634325867278396e-08,-6.5245559198200495e-07,-1.9578894312371169e-06,2.3198515208493817e-06,0.00089768014847915062,31.731487339697416,0.62831853071795829,1,0.001039494831806555,-2.4309157259438748e-05,2.3303603673248356e-05,-0.010871895784318767,-0.0016292556298375652,0.00038393768707226404
FREE_6DOF,robot_component_fluid,0.00099999999999999937,0.001243584790653766,1.1249194206368847e-06,-2.0288586387082676e-06,0.99982372413013876,0.00084654593272875879,-0.0097138021214810948,-0.016045126202952436,0.001693191356219794,-0.019428745862737684,-0.032092138117920055,0.069180189567961084,0.0066792567417039012,-0.0055518209657932291,6.8128609371975282,-65.772614825450788,-142.44700397738958,-2.7947223324714328e-05,0,0,2.8634325867278396e-08,-6.5245559198200495e-07,-1.9578894312371169e-06,2.3198515208493817e-06,0.00089768014847915062,31.731487339697416,0.62831853071795829,1,0.001039494831806555,-2.4309157259438748e-05,2.3303603673248356e-05,-0.010871895784318767,-0.0016292556298375652,0.00038393768707226404
FREE_6DOF,robot_component_fluid,0.00099999999999999937,0.001243584790653766,1.1249194206368847e-06,-2.0288586387082676e-06,0.99982372413013876,0.00084654593272875879,-0.0097138021214810948,-0.016045126202952436,0.001693191356219794,-0.019428745862737684,-0.032092138117920055,0.069180189567961084,0.0066792567417039012,-0.0055518209657932291,6.8128609371975282,-65.772614825450788,-142.44700397738958,-2.7947223324714328e-05,0,0,2.8634325867278396e-08,-6.5245559198200495e-07,-1.9578894312371169e-06,2.3198515208493817e-06,0.00089768014847915062,31.731487339697416,0.62831853071795829,1,0.001039494831806555,-2.4309157259438748e-05,2.3303603673248356e-05,-0.010871895784318767,-0.0016292556298375652,0.00038393768707226404
FREE_6DOF,robot_component_fluid,0.00099999999999999937,0.001243584790653766,1.1249194206368847e-06,-2.0288586387082676e-06,0.99982372413013876,0.00084654593272875879,-0.0097138021214810948,-0.016045126202952436,0.001693191356219794,-0.019428745862737684,-0.032092138117920055,0.069180189567961084,0.0066792567417039012,-0.0055518209657932291,6.8128609371975282,-65.772614825450788,-142.44700397738958,-2.7947223324714328e-05,0,0,2.8634325867278396e-08,-6.5245559198200495e-07,-1.9578894312371169e-06,2.3198515208493817e-06,0.00089768014847915062,31.731487339697416,0.62831853071795829,1,0.001039494831806555,-2.4309157259438748e-05,2.3303603673248356e-05,-0.010871895784318767,-0.0016292556298375652,0.00038393768707226404
FREE_6DOF,robot_component_fluid,0.00099999999999999937,0.001243584790653766,1.1249194206368847e-06,-2.0288586387082676e-06,0.99982372413013876,0.00084654593272875879,-0.0097138021214810948,-0.016045126202952436,0.001693191356219794,-0.019428745862737684,-0.032092138117920055,0.069180189567961084,0.0066792567417039012,-0.0055518209657932291,6.8128609371975282,-65.772614825450788,-142.44700397738958,-2.7947223324714328e-05,0,0,2.8634325867278396e-08,-6.5245559198200495e-07,-1.9578894312371169e-06,2.3198515208493817e-06,0.00089768014847915062,31.731487339697416,0.62831853071795829,1,0.001039494831806555,-2.4309157259438748e-05,2.3303603673248356e-05,-0.010871895784318767,-0.0016292556298375652,0.00038393768707226404
FREE_6DOF,robot_component_fluid,0.00099999999999999937,0.001243584790653766,1.1249194206368847e-06,-2.0288586387082676e-06,0.99982372413013876,0.00084654593272875879,-0.0097138021214810948,-0.016045126202952436,0.001693191356219794,-0.019428745862737684,-0.032092138117920055,0.069180189567961084,0.0066792567417039012,-0.0055518209657932291,6.8128609371975282,-65.772614825450788,-142.44700397738958,-2.7947223324714328e-05,0,0,2.8634325867278396e-08,-6.5245559198200495e-07,-1.9578894312371169e-06,2.3198515208493817e-06,0.00089768014847915062,31.731487339697416,0.62831853071795829,1,0.001039494831806555,-2.4309157259438748e-05,2.3303603673248356e-05,-0.010871895784318767,-0.0016292556298375652,0.00038393768707226404
FREE_6DOF,robot_component_fluid,0.00099999999999999937,0.001243584790653766,1.1249194206368847e-06,-2.0288586387082676e-06,0.99982372413013876,0.00084654593272875879,-0.0097138021214810948,-0.016045126202952436,0.001693191356219794,-0.019428745862737684,-0.032092138117920055,0.069180189567961084,0.0066792567417039012,-0.0055518209657932291,6.8128609371975282,-65.772614825450788,-142.44700397738958,-2.7947223324714328e-05,0,0,2.8634325867278396e-08,-6.5245559198200495e-07,-1.9578894312371169e-06,2.3198515208493817e-06,0.00089768014847915062,31.731487339697416,0.62831853071795829,1,0.001039494831806555,-2.4309157259438748e-05,2.3303603673248356e-05,-0.010871895784318767,-0.0016292556298375652,0.00038393768707226404
FREE_6DOF,robot_component_fluid,0.00099999999999999937,0.001243584790653766,1.1249194206368847e-06,-2.0288586387082676e-06,0.99982372413013876,0.00084654593272875879,-0.0097138021214810948,-0.016045126202952436,0.001693191356219794,-0.019428745862737684,-0.032092138117920055,0.069180189567961084,0.0066792567417039012,-0.0055518209657932291,6.8128609371975282,-65.772614825450788,-142.44700397738958,-2.7947223324714328e-05,0,0,2.8634325867278396e-08,-6.5245559198200495e-07,-1.9578894312371169e-06,2.3198515208493817e-06,0.00089768014847915062,31.731487339697416,0.62831853071795829,1,0.001039494831806555,-2.4309157259438748e-05,2.3303603673248356e-05,-0.010871895784318767,-0.0016292556298375652,0.00038393768707226404
FREE_6DOF,robot_component_fluid,0.00099999999999999937,0.001243584790653766,1.1249194206368847e-06,-2.0288586387082676e-06,0.99982372413013876,0.00084654593272875879,-0.0097138021214810948,-0.016045126202952436,0.001693191356219794,-0.019428745862737684,-0.032092138117920055,0.069180189567961084,0.0066792567417039012,-0.0055518209657932291,6.8128609371975282,-65.772614825450788,-142.44700397738958,-2.7947223324714328e-05,0,0,2.8634325867278396e-08,-6.5245559198200495e-07,-1.9578894312371169e-06,2.3198515208493817e-06,0.00089768014847915062,31.731487339697416,0.62831853071795829,1,0.001039494831806555,-2.4309157259438748e-05,2.3303603673248356e-05,-0.010871895784318767,-0.0016292556298375652,0.00038393768707226404
FREE_6DOF,robot_component_fluid,0.00099999999999999937,0.001243584790653766,1.1249194206368847e-06,-2.0288586387082676e-06,0.99982372413013876,0.00084654593272875879,-0.0097138021214810948,-0.016045126202952436,0.001693191356219794,-0.019428745862737684,-0.032092138117920055,0.069180189567961084,0.0066792567417039012,-0.0055518209657932291,6.8128609371975282,-65.772614825450788,-142.44700397738958,-2.7947223324714328e-05,0,0,2.8634325867278396e-08,-6.5245559198200495e-07,-1.9578894312371169e-06,2.3198515208493817e-06,0.00089768014847915062,31.731487339697416,0.62831853071795829,1,0.001039494831806555,-2.4309157259438748e-05,2.3303603673248356e-05,-0.010871895784318767,-0.0016292556298375652,0.00038393768707226404
FREE_6DOF,robot_component_fluid,0.00099999999999999937,0.001243584790653766,1.1249194206368847e-06,-2.0288586387082676e-06,0.99982372413013876,0.00084654593272875879,-0.0097138021214810948,-0.016045126202952436,0.001693191356219794,-0.019428745862737684,-0.032092138117920055,0.069180189567961084,0.0066792567417039012,-0.0055518209657932291,6.8128609371975282,-65.772614825450788,-142.44700397738958,-2.7947223324714328e-05,0,0,2.8634325867278396e-08,-6.5245559198200495e-07,-1.9578894312371169e-06,2.3198515208493817e-06,0.00089768014847915062,31.731487339697416,0.62831853071795829,1,0.001039494831806555,-2.4309157259438748e-05,2.3303603673248356e-05,-0.010871895784318767,-0.0016292556298375652,0.00038393768707226404
FREE_6DOF,robot_component_fluid,0.00099999999999999937,0.001243584790653766,1.1249194206368847e-06,-2.0288586387082676e-06,0.99982372413013876,0.00084654593272875879,-0.0097138021214810948,-0.016045126202952436,0.001693191356219794,-0.019428745862737684,-0.032092138117920055,0.069180189567961084,0.0066792567417039012,-0.0055518209657932291,6.8128609371975282,-65.772614825450788,-142.44700397738958,-2.7947223324714328e-05,0,0,2.8634325867278396e-08,-6.5245559198200495e-07,-1.9578894312371169e-06,2.3198515208493817e-06,0.00089768014847915062,31.731487339697416,0.62831853071795829,1,0.001039494831806555,-2.4309157259438748e-05,2.3303603673248356e-05,-0.010871895784318767,-0.0016292556298375652,0.00038393768707226404
FREE_6DOF,robot_component_fluid,0.00099999999999999937,0.001243584790653766,1.1249194206368847e-06,-2.0288586387082676e-06,0.99982372413013876,0.00084654593272875879,-0.0097138021214810948,-0.016045126202952436,0.001693191356219794,-0.019428745862737684,-0.032092138117920055,0.069180189567961084,0.0066792567417039012,-0.0055518209657932291,6.8128609371975282,-65.772614825450788,-142.44700397738958,-2.7947223324714328e-05,0,0,2.8634325867278396e-08,-6.5245559198200495e-07,-1.9578894312371169e-06,2.3198515208493817e-06,0.00089768014847915062,31.731487339697416,0.62831853071795829,1,0.001039494831806555,-2.4309157259438748e-05,2.3303603673248356e-05,-0.010871895784318767,-0.0016292556298375652,0.00038393768707226404
FREE_6DOF,robot_component_fluid,0.0010249999999999994,0.001243584790653766,1.1249194206368847e-06,-2.0288586387082676e-06,0.99982372413013876,0.00084654593272875879,-0.0097138021214810948,-0.016045126202952436,0.001693191356219794,-0.019428745862737684,-0.032092138117920055,0.069180189567961084,0.0066792567417039012,-0.0055518209657932291,6.8128609371975282,-65.772614825450788,-142.44700397738958,-2.7947156902573638e-05,0,0,2.9556896338045447e-08,-6.4754371545291584e-07,-1.9939183505891457e-06,2.3198515208493817e-06,0.00089768014847915062,31.731337339697415,0.64402649398590728,1,0.001039494831806555,-2.4309157259438748e-05,2.3303603673248356e-05,-0.010866788776492503,-0.0016640350874184864,0.00037932692355897163
FREE_6DOF,robot_component_fluid,0.0010249999999999994,0.0012453297104207399,1.301973094799003e-06,-2.172486075738179e-06,0.99978366006870589,0.00093029827144867829,-0.010559215657315947,-0.017896104868121824,0.0018607307282853768,-0.021119954366424692,-0.035794791054353632,0.070413391789949764,0.007485037191265571,-0.0059383739965996607,7.2996893911156349,-69.496273644678482,-153.74469253370856,-2.7944218728473056e-05,0,0,3.1012376211698667e-08,-6.6653976703574864e-07,-2.0355544776866849e-06,2.5327514068413361e-06,0.00089746724859315864,31.733082259464389,0.64402649398590728,1,0.0010393568123198132,-2.8161794614164067e-05,2.5056504781562536e-05,-0.010866788776492503,-0.0016640350874184864,0.00037932692355897163
FREE_6DOF,robot_component_fluid,0.0010249999999999994,0.0012453297104722974,1.301973094799003e-06,-2.172486075738179e-06,0.99978364113587459,0.00093043543866913332,-0.010559595538295772,-0.0178969312747961,0.0018610050942570481,-0.021120714316483134,-0.035796444212834504,0.07041339591454629,0.007485037191265571,-0.0059383739965996607,7.3219438835588004,-69.55734202361009,-153.87676834407537,-2.7944216964161598e-05,0,0,3.1013029904764344e-08,-6.6654827886655059e-07,-2.0355730907621205e-06,2.5327514068413361e-06,0.00089746724859315864,31.733082259515946,0.64402649398590728,1,0.0010393567466971925,-2.8163517503433763e-05,2.505729036076208e-05,-0.010866788776492503,-0.0016640350874184864,0.00037932692355897163
FREE_6DOF,robot_component_fluid,0.0010249999999999994,0.0012453297104723284,1.301973094799003e-06,-2.172486075738179e-06,0.99978364112740614,0.00093043550038070038,-0.010559595708516802,-0.017896931644230962,0.001861005217694338,-0.021120714657009376,-0.035796444951858575,0.070413395917023017,0.007485037191265571,-0.0059383739965996607,7.3219538938260644,-69.557369388577797,-153.87682738634112,-2.7944216963372316e-05,0,0,3.1013030198356578e-08,-6.6654828268060591e-07,-2.0355730990829571e-06,2.5327514068413361e-06,0.00089746724859315864,31.733082259515978,0.64402649398590728,1,0.0010393567466678356,-2.8163518273641734e-05,2.5057290712769596e-05,-0.010866788776492503,-0.0016640350874184864,0.00037932692355897163
FREE_6DOF,robot_component_fluid,0.0010499999999999995,0.0012453297104723284,1.301973094799003e-06,-2.172486075738179e-06,0.99978364112740237,0.00093043550040846441,-0.010559595708593076,-0.017896931644396114,0.0018610052177498724,-0.021120714657161959,-0.035796444952188949,0.070413395917024127,0.007485037191265571,-0.0059383739965996607,7.3219538983287649,-69.557369400840273,-153.876827412735,-2.7944150558317155e-05,0,0,3.2006325308418371e-08,-6.6153241067564957e-07,-2.0711365357417976e-06,2.5327514068413361e-06,0.00089746724859315864,31.73293225951598,0.65973445725385627,1,0.0010393567466678228,-2.8163518273986053e-05,2.5057290712927327e-05,-0.010861635338737697,-0.0016983915061438023,0.00037462522625018971
FREE_6DOF,robot_component_fluid,0.0010499999999999995,0.0012471054493024417,1.4998566675437889e-06,-2.3259309919233865e-06,0.99973598411711784,0.0010200018485667958,-0.011452929226224892,-0.019893518284755531,0.0020401832472210918,-0.022907874502173214,-0.039790538409192763,0.071645710492049847,0.0083456486283173051,-0.0063372192982169614,7.8307567640538123,-73.384847299786358,-165.62621258672181,-2.794044107210618e-05,0,0,3.3593654766873745e-08,-6.8157712912385073e-07,-2.1159887897757242e-06,2.7675846874784639e-06,0.00089723241531252155,31.734707998346092,0.65973445725385627,1,0.0010391895433160257,-3.2319083193887252e-05,2.6908518121564929e-05,-0.010861635338737697,-0.0016983915061438023,0.00037462522625018971
FREE_6DOF,robot_component_fluid,0.0010499999999999995,0.0012471054493675337,1.4998566675437889e-06,-2.3259309919233865e-06,0.99973596165805123,0.0010201502288204132,-0.011453330368293275,-0.019894408376147373,0.0020404800491252225,-0.022908677028446327,-0.039792319046594651,0.071645715699411069,0.0083456486283173051,-0.0063372192982169614,7.8548505549271859,-73.449379951651963,-165.76845503198692,-2.7940438943441023e-05,0,0,3.3594366743508912e-08,-6.8158609891952333e-07,-2.1160088124375085e-06,2.7675846874784639e-06,0.00089723241531252155,31.734707998411185,0.65973445725385627,1,0.0010391894641434563,-3.2320939003548977e-05,2.6909346675961534e-05,-0.010861635338737697,-0.0016983915061438023,0.00037462522625018971
FREE_6DOF,robot_component_fluid,0.0010499999999999995,0.001247105449367571,1.4998566675437889e-06,-2.3259309919233865e-06,0.99973596164801959,0.0010201502955017386,-0.011453330547803084,-0.019894408773492484,0.0020404801825064361,-0.022908677387574156,-0.0397923198414879,0.07164571570239929,0.0083456486283173051,-0.0063372192982169614,7.8548613800983045,-73.449408830826016,-165.76851852962145,-2.7940438942490113e-05,0,0,3.3594367062859596e-08,-6.8158610293345408e-07,-2.1160088213759224e-06,2.7675846874784639e-06,0.00089723241531252155,31.734707998411221,0.65973445725385627,1,0.0010391894641080884,-3.232093983201375e-05,2.6909347046732632e-05,-0.010861635338737697,-0.0016983915061438023,0.00037462522625018971
FREE_6DOF,robot_component_fluid,0.0010499999999999995,0.0012471054493675712,1.4998566675437889e-06,-2.3259309919233865e-06,0.99973596164801515,0.0010201502955317046,-0.011453330547883415,-0.01989440877366986,0.0020404801825663764,-0.022908677387734867,-0.039792319841842748,0.071645715702400622,0.0083456486283173051,-0.0063372192982169614,7.8548613849619748,-73.44940884374995,-165.76851855796704,-2.7940438942489693e-05,0,0,3.3594367063002837e-08,-6.8158610293525032e-07,-2.1160088213799128e-06,2.7675846874784639e-06,0.00089723241531252155,31.734707998411221,0.65973445725385627,1,0.0010391894641080728,-3.2320939832383584e-05,2.6909347046898553e-05,-0.010861635338737697,-0.0016983915061438023,0.00037462522625018971
FREE_6DOF,robot_component_fluid,0.0010749999999999996,0.0012471054493675712,1.4998566675437889e-06,-2.3259309919233865e-06,0.99973596164801515,0.0010201502955317183,-0.011453330547883452,-0.019894408773669939,0.0020404801825664033,-0.02290867738773494,-0.039792319841842907,0.071645715702400622,0.0083456486283173051,-0.0063372192982169614,7.8548613849641598,-73.449408843755762,-165.76851855797975,-2.7940372556543436e-05,0,0,3.466212461469837e-08,-6.7646740787889381e-07,-2.1510955650813274e-06,2.7675846874784639e-06,0.00089723241531252155,31.734557998411219,0.67544242052180525,1,0.0010391894641080728,-3.2320939832383754e-05,2.6909347046898634e-05,-0.010856440567911909,-0.0017323166418330624,0.00036983408148078949
FREE_6DOF,robot_component_fluid,0.0010749999999999996,0.0012489119063013325,1.7196461153616345e-06,-2.4892477980836206e-06,0.99967956377259193,0.0011157633492226936,-0.012395902179894747,-0.022042378654203287,0.0022317650829993558,-0.02479445276333694,-0.044089466696474885,0.072870838998477849,0.0092375071971103548,-0.006728125194601765,8.3873919686313325,-77.379373206768165,-177.9742883680143,-2.7935766141439396e-05,0,0,3.6390377033825435e-08,-6.9758533057302164e-07,-2.1992800352037885e-06,3.0254813439091826e-06,0.00089697451865609077,31.736364455344983,0.67544242052180525,1,0.001038988409373454,-3.6791351684368409e-05,2.8861393802431975e-05,-0.010856440567911909,-0.0017323166418330624,0.00036983408148078949
FREE_6DOF,robot_component_fluid,0.0010749999999999996,0.0012489119063821632,1.7196461153616345e-06,-2.4892477980836206e-06,0.99967953726842151,0.0011159235993580343,-0.012396325132421032,-0.022043334696147755,0.0022320856372305335,-0.024795298977846342,-0.04409137937421706,0.072870845464944101,0.0092375071971103548,-0.006728125194601765,8.4134344135798713,-77.447469509393002,-178.12705762638379,-2.7935763591820372e-05,0,0,3.6391151116361333e-08,-6.9759476702643989e-07,-2.1993015127923835e-06,3.0254813439091826e-06,0.00089697451865609077,31.736364455425811,0.67544242052180525,1,0.0010389883145465659,-3.6793345142413549e-05,2.8862266236041686e-05,-0.010856440567911909,-0.0017323166418330624,0.00036983408148078949
FREE_6DOF,robot_component_fluid,0.0010749999999999996,0.0012489119063822079,1.7196461153616345e-06,-2.4892477980836206e-06,0.99967953725660108,0.0011159236712854166,-0.012396325321419479,-0.022043335122286012,0.0022320857811094627,-0.024795299355981331,-0.044091380226758375,0.072870845468523252,0.0092375071971103548,-0.006728125194601765,8.4134460996397955,-77.447499939831275,-178.12712571961416,-2.7935763590683152e-05,0,0,3.6391151463075245e-08,-6.9759477124312819e-07,-2.1993015223657586e-06,3.0254813439091826e-06,0.00089697451865609077,31.736364455425857,0.67544242052180525,1,0.0010389883145042694,-3.6793346030977877e-05,2.8862266625886861e-05,-0.010856440567911909,-0.0017323166418330624,0.00036983408148078949
FREE_6DOF,robot_component_fluid,0.0010999999999999996,0.0012489119063822079,1.7196461153616345e-06,-2.4892477980836206e-06,0.99967953725659575,0.0011159236713177004,-0.012396325321503931,-0.022043335122475954,0.0022320857811740417,-0.0247952993561503,-0.044091380227138384,0.072870845468524847,0.0092375071971103548,-0.006728125194601765,8.4134461048836862,-77.447499953429968,-178.12712574996519,-2.7935697226164606e-05,0,0,3.7537143945016636e-08,-6.9237447563166548e-07,-2.2339003522933787e-06,3.0254813439091826e-06,0.00089697451865609077,31.736214455425859,0.69115038378975424,1,0.0010389883145042508,-3.6793346031373936e-05,2.8862266626061055e-05,-0.010851209600573225,-0.0017658023839044969,0.00036495499095730798
FREE_6DOF,robot_component_fluid,0.0010999999999999996,0.0012507488194093191,1.9621734970092682e-06,-2.6623190122538213e-06,0.99961311974807843,0.001217831019568251,-0.013389336242168166,-0.024348580864513698,0.0024359761909337895,-0.026782126398695032,-0.048703442691096083,0.074082196700380173,0.010164683334700346,-0.007117571939014319,8.9716813131847033,-81.462966193795864,-190.80368959205123,-2.7930053688408979e-05,0,0,3.9415175378839607e-08,-7.1458692893717824e-07,-2.2855338159841603e-06,3.307274913788351e-06,0.0008966927250862116,31.738051368452972,0.69115038378975424,1,0.0010387482019809534,-4.1590733315651929e-05,3.0917344759295482e-05,-0.010851209600573225,-0.0017658023839044969,0.00036495499095730798
FREE_6DOF,robot_component_fluid,0.0010999999999999996,0.0012507488195083486,1.9621734970092682e-06,-2.6623190122538213e-06,0.99961308862396547,0.0012180037340360319,-0.013389781496166105,-0.024349605131191589,0.0024363216897034718,-0.026783017299464734,-0.048705491994068109,0.074082204622754874,0.010164683334700346,-0.007117571939014319,8.9997722080268616,-81.534717571256863,-190.967347319715,-2.7930050655046488e-05,0,0,3.9416015245631457e-08,-7.1459683900736969e-07,-2.2855567932147271e-06,3.307274913788351e-06,0.0008966927250862116,31.738051368552,0.69115038378975424,1,0.0010387480891653686,-4.159286915501443e-05,3.0918261822292929e-05,-0.010851209600573225,-0.0017658023839044969,0.00036495499095730798
FREE_6DOF,robot_component_fluid,0.0010999999999999996,0.001250748819508402,1.9621734970092682e-06,-2.6623190122538213e-06,0.99961308861010734,0.0012180038114544436,-0.013389781694820859,-0.024349605586991202,0.0024363218445715238,-0.026783017696949234,-0.048705492906009951,0.074082204627013107,0.010164683334700346,-0.007117571939014319,8.9997847961131754,-81.534749585456694,-190.9674201464868,-2.7930050653695731e-05,0,0,3.9416015621228689e-08,-7.1459684342879644e-07,-2.2855568034397735e-06,3.307274913788351e-06,0.0008966927250862116,31.738051368552053,0.69115038378975424,1,0.0010387480891151319,-4.15928701054849e-05,3.0918262231441867e-05,-0.010851209600573225,-0.0017658023839044969,0.00036495499095730798
FREE_6DOF,robot_component_fluid,0.0010999999999999996,0.001250748819508402,1.9621734970092682e-06,-2.6623190122538213e-06,0.99961308861010112,0.0012180038114891457,-0.013389781694909491,-0.024349605587194029,0.0024363218446409422,-0.026783017697126574,-0.048705492906415765,0.074082204627014994,0.010164683334700346,-0.007117571939014319,8.9997848017541457,-81.53474959974109,-190.9674201788944,-2.7930050653695131e-05,0,0,3.9416015621396647e-08,-7.1459684343076908e-07,-2.2855568034443237e-06,3.307274913788351e-06,0.0008966927250862116,31.738051368552053,0.69115038378975424,1,0.0010387480891151095,-4.1592870105907874e-05,3.0918262231624406e-05,-0.010851209600573225,-0.0017658023839044969,0.00036495499095730798
FREE_6DOF,robot_component_fluid,0.0010999999999999996,0.001250748819508402,1.9621734970092682e-06,-2.6623190122538213e-06,0.99961308861010112,0.0012180038114891613,-0.013389781694909529,-0.02434960558719412,0.0024363218446409735,-0.026783017697126654,-0.048705492906415945,0.074082204627014994,0.010164683334700346,-0.007117571939014319,8.9997848017566717,-81.534749599747428,-190.96742017890881,-2.7930050653695131e-05,0,0,3.9416015621396713e-08,-7.1459684343076982e-07,-2.2855568034443258e-06,3.307274913788351e-06,0.0008966927250862116,31.738051368552053,0.69115038378975424,1,0.0010387480891151095,-4.1592870105908064e-05,3.0918262231624481e-05,-0.010851209600573225,-0.0017658023839044969,0.00036495499095730798
FREE_6DOF,robot_component_fluid,0.0010999999999999996,0.001250748819508402,1.9621734970092682e-06,-2.6623190122538213e-06,0.99961308861010112,0.0012180038114891613,-0.013389781694909529,-0.02434960558719412,0.0024363218446409735,-0.026783017697126654,-0.048705492906415945,0.074082204627014994,0.010164683334700346,-0.007117571939014319,8.9997848017566753,-81.534749599747428,-190.96742017890881,-2.7930050653695131e-05,0,0,3.9416015621396713e-08,-7.1459684343076982e-07,-2.2855568034443258e-06,3.307274913788351e-06,0.0008966927250862116,31.738051368552053,0.69115038378975424,1,0.0010387480891151095,-4.1592870105908064e-05,3.0918262231624481e-05,-0.010851209600573225,-0.0017658023839044969,0.00036495499095730798
FREE_6DOF,robot_component_fluid,0.0010999999999999996,0.001250748819508402,1.9621734970092682e-06,-2.6623190122538213e-06,0.99961308861010112,0.0012180038114891613,-0.013389781694909529,-0.02434960558719412,0.0024363218446409735,-0.026783017697126654,-0.048705492906415945,0.074082204627014994,0.010164683334700346,-0.007117571939014319,8.9997848017566753,-81.534749599747428,-190.96742017890881,-2.7930050653695131e-05,0,0,3.9416015621396713e-08,-7.1459684343076982e-07,-2.2855568034443258e-06,3.307274913788351e-06,0.0008966927250862116,31.738051368552053,0.69115038378975424,1,0.0010387480891151095,-4.1592870105908064e-05,3.0918262231624481e-05,-0.010851209600573225,-0.0017658023839044969,0.00036495499095730798
FREE_6DOF,robot_component_fluid,0.0010999999999999996,0.001250748819508402,1.9621734970092682e-06,-2.6623190122538213e-06,0.99961308861010112,0.0012180038114891613,-0.013389781694909529,-0.02434960558719412,0.0024363218446409735,-0.026783017697126654,-0.048705492906415945,0.074082204627014994,0.010164683334700346,-0.007117571939014319,8.9997848017566753,-81.534749599747428,-190.96742017890881,-2.7930050653695131e-05,0,0,3.9416015621396713e-08,-7.1459684343076982e-07,-2.2855568034443258e-06,3.307274913788351e-06,0.0008966927250862116,31.738051368552053,0.69115038378975424,1,0.0010387480891151095,-4.1592870105908064e-05,3.0918262231624481e-05,-0.010851209600573225,-0.0017658023839044969,0.00036495499095730798
FREE_6DOF,robot_component_fluid,0.0010999999999999996,0.001250748819508402,1.9621734970092682e-06,-2.6623190122538213e-06,0.99961308861010112,0.0012180038114891613,-0.013389781694909529,-0.02434960558719412,0.0024363218446409735,-0.026783017697126654,-0.048705492906415945,0.074082204627014994,0.010164683334700346,-0.007117571939014319,8.9997848017566753,-81.534749599747428,-190.96742017890881,-2.7930050653695131e-05,0,0,3.9416015621396713e-08,-7.1459684343076982e-07,-2.2855568034443258e-06,3.307274913788351e-06,0.0008966927250862116,31.738051368552053,0.69115038378975424,1,0.0010387480891151095,-4.1592870105908064e-05,3.0918262231624481e-05,-0.010851209600573225,-0.0017658023839044969,0.00036495499095730798
FREE_6DOF,robot_component_fluid,0.0010999999999999996,0.001250748819508402,1.9621734970092682e-06,-2.6623190122538213e-06,0.99961308861010112,0.0012180038114891613,-0.013389781694909529,-0.02434960558719412,0.0024363218446409735,-0.026783017697126654,-0.048705492906415945,0.074082204627014994,0.010164683334700346,-0.007117571939014319,8.9997848017566753,-81.534749599747428,-190.96742017890881,-2.7930050653695131e-05,0,0,3.9416015621396713e-08,-7.1459684343076982e-07,-2.2855568034443258e-06,3.307274913788351e-06,0.0008966927250862116,31.738051368552053,0.69115038378975424,1,0.0010387480891151095,-4.1592870105908064e-05,3.0918262231624481e-05,-0.010851209600573225,-0.0017658023839044969,0.00036495499095730798
FREE_6DOF,robot_component_fluid,0.0010999999999999996,0.001250748819508402,1.9621734970092682e-06,-2.6623190122538213e-06,0.99961308861010112,0.0012180038114891613,-0.013389781694909529,-0.02434960558719412,0.0024363218446409735,-0.026783017697126654,-0.048705492906415945,0.074082204627014994,0.010164683334700346,-0.007117571939014319,8.9997848017566753,-81.534749599747428,-190.96742017890881,-2.7930050653695131e-05,0,0,3.9416015621396713e-08,-7.1459684343076982e-07,-2.2855568034443258e-06,3.307274913788351e-06,0.0008966927250862116,31.738051368552053,0.69115038378975424,1,0.0010387480891151095,-4.1592870105908064e-05,3.0918262231624481e-05,-0.010851209600573225,-0.0017658023839044969,0.00036495499095730798
FREE_6DOF,robot_component_fluid,0.0010999999999999996,0.001250748819508402,1.9621734970092682e-06,-2.6623190122538213e-06,0.99961308861010112,0.0012180038114891613,-0.013389781694909529,-0.02434960558719412,0.0024363218446409735,-0.026783017697126654,-0.048705492906415945,0.074082204627014994,0.010164683334700346,-0.007117571939014319,8.9997848017566753,-81.534749599747428,-190.96742017890881,-2.7930050653695131e-05,0,0,3.9416015621396713e-08,-7.1459684343076982e-07,-2.2855568034443258e-06,3.307274913788351e-06,0.0008966927250862116,31.738051368552053,0.69115038378975424,1,0.0010387480891151095,-4.1592870105908064e-05,3.0918262231624481e-05,-0.010851209600573225,-0.0017658023839044969,0.00036495499095730798
FREE_6DOF,robot_component_fluid,0.0010999999999999996,0.001250748819508402,1.9621734970092682e-06,-2.6623190122538213e-06,0.99961308861010112,0.0012180038114891613,-0.013389781694909529,-0.02434960558719412,0.0024363218446409735,-0.026783017697126654,-0.048705492906415945,0.074082204627014994,0.010164683334700346,-0.007117571939014319,8.9997848017566753,-81.534749599747428,-190.96742017890881,-2.7930050653695131e-05,0,0,3.9416015621396713e-08,-7.1459684343076982e-07,-2.2855568034443258e-06,3.307274913788351e-06,0.0008966927250862116,31.738051368552053,0.69115038378975424,1,0.0010387480891151095,-4.1592870105908064e-05,3.0918262231624481e-05,-0.010851209600573225,-0.0017658023839044969,0.00036495499095730798
FREE_6DOF,robot_component_fluid,0.0010999999999999996,0.001250748819508402,1.9621734970092682e-06,-2.6623190122538213e-06,0.99961308861010112,0.0012180038114891613,-0.013389781694909529,-0.02434960558719412,0.0024363218446409735,-0.026783017697126654,-0.048705492906415945,0.074082204627014994,0.010164683334700346,-0.007117571939014319,8.9997848017566753,-81.534749599747428,-190.96742017890881,-2.7930050653695131e-05,0,0,3.9416015621396713e-08,-7.1459684343076982e-07,-2.2855568034443258e-06,3.307274913788351e-06,0.0008966927250862116,31.738051368552053,0.69115038378975424,1,0.0010387480891151095,-4.1592870105908064e-05,3.0918262231624481e-05,-0.010851209600573225,-0.0017658023839044969,0.00036495499095730798
FREE_6DOF,robot_component_fluid,0.0010999999999999996,0.001250748819508402,1.9621734970092682e-06,-2.6623190122538213e-06,0.99961308861010112,0.0012180038114891613,-0.013389781694909529,-0.02434960558719412,0.0024363218446409735,-0.026783017697126654,-0.048705492906415945,0.074082204627014994,0.010164683334700346,-0.007117571939014319,8.9997848017566753,-81.534749599747428,-190.96742017890881,-2.7930050653695131e-05,0,0,3.9416015621396713e-08,-7.1459684343076982e-07,-2.2855568034443258e-06,3.307274913788351e-06,0.0008966927250862116,31.738051368552053,0.69115038378975424,1,0.0010387480891151095,-4.1592870105908064e-05,3.0918262231624481e-05,-0.010851209600573225,-0.0017658023839044969,0.00036495499095730798
FREE_6DOF,robot_component_fluid,0.0010999999999999996,0.001250748819508402,1.9621734970092682e-06,-2.6623190122538213e-06,0.99961308861010112,0.0012180038114891613,-0.013389781694909529,-0.02434960558719412,0.0024363218446409735,-0.026783017697126654,-0.048705492906415945,0.074082204627014994,0.010164683334700346,-0.007117571939014319,8.9997848017566753,-81.534749599747428,-190.96742017890881,-2.7930050653695131e-05,0,0,3.9416015621396713e-08,-7.1459684343076982e-07,-2.2855568034443258e-06,3.307274913788351e-06,0.0008966927250862116,31.738051368552053,0.69115038378975424,1,0.0010387480891151095,-4.1592870105908064e-05,3.0918262231624481e-05,-0.010851209600573225,-0.0017658023839044969,0.00036495499095730798
FREE_6DOF,robot_component_fluid,0.0010999999999999996,0.001250748819508402,1.9621734970092682e-06,-2.6623190122538213e-06,0.99961308861010112,0.0012180038114891613,-0.013389781694909529,-0.02434960558719412,0.0024363218446409735,-0.026783017697126654,-0.048705492906415945,0.074082204627014994,0.010164683334700346,-0.007117571939014319,8.9997848017566753,-81.534749599747428,-190.96742017890881,-2.7930050653695131e-05,0,0,3.9416015621396713e-08,-7.1459684343076982e-07,-2.2855568034443258e-06,3.307274913788351e-06,0.0008966927250862116,31.738051368552053,0.69115038378975424,1,0.0010387480891151095,-4.1592870105908064e-05,3.0918262231624481e-05,-0.010851209600573225,-0.0017658023839044969,0.00036495499095730798
FREE_6DOF,robot_component_fluid,0.0010999999999999996,0.001250748819508402,1.9621734970092682e-06,-2.6623190122538213e-06,0.99961308861010112,0.0012180038114891613,-0.013389781694909529,-0.02434960558719412,0.0024363218446409735,-0.026783017697126654,-0.048705492906415945,0.074082204627014994,0.010164683334700346,-0.007117571939014319,8.9997848017566753,-81.534749599747428,-190.96742017890881,-2.7930050653695131e-05,0,0,3.9416015621396713e-08,-7.1459684343076982e-07,-2.2855568034443258e-06,3.307274913788351e-06,0.0008966927250862116,31.738051368552053,0.69115038378975424,1,0.0010387480891151095,-4.1592870105908064e-05,3.0918262231624481e-05,-0.010851209600573225,-0.0017658023839044969,0.00036495499095730798
FREE_6DOF,robot_component_fluid,0.0010999999999999996,0.001250748819508402,1.9621734970092682e-06,-2.6623190122538213e-06,0.99961308861010112,0.0012180038114891613,-0.013389781694909529,-0.02434960558719412,0.0024363218446409735,-0.026783017697126654,-0.048705492906415945,0.074082204627014994,0.010164683334700346,-0.007117571939014319,8.9997848017566753,-81.534749599747428,-190.96742017890881,-2.7930050653695131e-05,0,0,3.9416015621396713e-08,-7.1459684343076982e-07,-2.2855568034443258e-06,3.307274913788351e-06,0.0008966927250862116,31.738051368552053,0.69115038378975424,1,0.0010387480891151095,-4.1592870105908064e-05,3.0918262231624481e-05,-0.010851209600573225,-0.0017658023839044969,0.00036495499095730798
FREE_6DOF,robot_component_fluid,0.0010999999999999996,0.001250748819508402,1.9621734970092682e-06,-2.6623190122538213e-06,0.99961308861010112,0.0012180038114891613,-0.013389781694909529,-0.02434960558719412,0.0024363218446409735,-0.026783017697126654,-0.048705492906415945,0.074082204627014994,0.010164683334700346,-0.007117571939014319,8.9997848017566753,-81.534749599747428,-190.96742017890881,-2.7930050653695131e-05,0,0,3.9416015621396713e-08,-7.1459684343076982e-07,-2.2855568034443258e-06,3.307274913788351e-06,0.0008966927250862116,31.738051368552053,0.69115038378975424,1,0.0010387480891151095,-4.1592870105908064e-05,3.0918262231624481e-05,-0.010851209600573225,-0.0017658023839044969,0.00036495499095730798
FREE_6DOF,robot_component_fluid,0.0011249999999999997,0.001250748819508402,1.9621734970092682e-06,-2.6623190122538213e-06,0.99961308861010112,0.0012180038114891613,-0.013389781694909529,-0.02434960558719412,0.0024363218446409735,-0.026783017697126654,-0.048705492906415945,0.074082204627014994,0.010164683334700346,-0.007117571939014319,8.9997848017566753,-81.534749599747428,-190.96742017890881,-2.7929984313255313e-05,0,0,4.0644034938555804e-08,-7.0927622705963025e-07,-2.3196564887885069e-06,3.307274913788351e-06,0.0008966927250862116,31.737901368552052,0.70685834705770334,1,0.0010387480891151095,-4.1592870105908064e-05,3.0918262231624481e-05,-0.010845947607868991,-0.0017988407568101565,0.00035998947067871645
FREE_6DOF,robot_component_fluid,0.0011249999999999997,0.0012526163027909594,2.2286816915352004e-06,-2.8455066338225244e-06,0.99953522599342604,0.0013264654210982595,-0.014434421682739215,-0.026818276574794526,0.0026533419230536431,-0.02887331669312275,-0.053644864319971342,0.075316457977586085,0.011155972227374236,-0.0075374377864819552,9.5850981829474442,-85.651368891278111,-204.1420171152557,-2.792314741241763e-05,0,0,4.2680729456119705e-08,-7.3260364568935075e-07,-2.3748592960098256e-06,3.6144059104245881e-06,0.00089638559408957536,31.739768851834608,0.70685834705770334,1,0.0010384631101094607,-4.6729852238395265e-05,3.3078516818703587e-05,-0.010845947607868991,-0.0017988407568101565,0.00035998947067871645
FREE_6DOF,robot_component_fluid,0.0011249999999999997,0.0012526163029109296,2.2286816915352004e-06,-2.8455066338225244e-06,0.9995351896121426,0.00132665115778869,-0.014434889717620412,-0.026819371405081557,0.002653713486184412,-0.028874253258169169,-0.053647054970564968,0.0753164675751989,0.011155972227374236,-0.0075374377864819552,9.6153318427672616,-85.726866463966132,-204.31693553090204,-2.7923143825646231e-05,0,0,4.268163874647869e-08,-7.3261403561720895e-07,-2.3748838181439904e-06,3.6144059104245881e-06,0.00089638559408957536,31.73976885195458,0.70685834705770334,1,0.0010384629767152978,-4.6732135311291894e-05,3.3079479201035657e-05,-0.010845947607868991,-0.0017988407568101565,0.00035998947067871645
FREE_6DOF,robot_component_fluid,0.0011249999999999997,0.0012526163029109925,2.2286816915352004e-06,-2.8455066338225244e-06,0.99953518959597243,0.0013266512409231552,-0.014434889926087395,-0.026819371891418937,0.002653713652493415,-0.028874253675323414,-0.053647055943679675,0.075316467580233984,0.011155972227374236,-0.0075374377864819552,9.6153453709614922,-85.72690009320317,-204.31701323057189,-2.7923143824051908e-05,0,0,4.2681639152439618e-08,-7.3261404024489976e-07,-2.3748838290372199e-06,3.6144059104245881e-06,0.00089638559408957536,31.739768851954643,0.70685834705770334,1,0.0010384629766560041,-4.6732136325485357e-05,3.307947962967832e-05,-0.010845947607868991,-0.0017988407568101565,0.00035998947067871645
FREE_6DOF,robot_component_fluid,0.0011249999999999997,0.0012526163029109927,2.2286816915352004e-06,-2.8455066338225244e-06,0.99953518959596521,0.0013266512409603655,-0.014434889926180248,-0.026819371891634972,0.0026537136525678533,-0.028874253675509221,-0.053647055944111947,0.075316467580236232,0.011155972227374236,-0.0075374377864819552,9.6153453770147426,-85.726900108183003,-204.31701326508662,-2.7923143824051196e-05,0,0,4.268163915262085e-08,-7.326140402469608e-07,-2.3748838290420586e-06,3.6144059104245881e-06,0.00089638559408957536,31.739768851954643,0.70685834705770334,1,0.0010384629766559776,-4.6732136325935884e-05,3.3079479629869234e-05,-0.010845947607868991,-0.0017988407568101565,0.00035998947067871645
FREE_6DOF,robot_component_fluid,0.0011499999999999998,0.0012526163029109927,2.2286816915352004e-06,-2.8455066338225244e-06,0.99953518959596521,0.0013266512409603824,-0.014434889926180292,-0.026819371891635069,0.0026537136525678876,-0.028874253675509304,-0.053647055944112142,0.075316467580236232,0.011155972227374236,-0.0075374377864819552,9.615345377017448,-85.726900108189682,-204.31701326510182,-2.7923077510710226e-05,0,0,4.3995490234941564e-08,-7.2719444697069846e-07,-2.4084731281013058e-06,3.6144059104245881e-06,0.00089638559408957536,31.739618851954642,0.72256631032565233,1,0.0010384629766559776,-4.6732136325936087e-05,3.3079479629869322e-05,-0.010840659790394693,-0.0018314239213783141,0.00035493904987052868
FREE_6DOF,robot_component_fluid,0.0011499999999999998,0.0012545151450011969,2.5211695821701542e-06,-3.0398967083649833e-06,0.99944429480645258,0.0014419407212688737,-0.015532527939572828,-0.02945781664678368,0.0028844157572732875,-0.031070811496166445,-0.058926548961097273,0.076590899636084453,0.012243059023422062,-0.0080137681769147928,10.229200221480664,-89.958315180028791,-217.99511157188891,-2.7914873387122787e-05,0,0,4.6200517169049631e-08,-7.51660601697278e-07,-2.4673676177797548e-06,3.9493376735331575e-06,0.0008960506623264668,31.741517694044845,0.72256631032565233,1,0.0010381266569256026,-5.2221694602695071e-05,3.5347379204940898e-05,-0.010840659790394693,-0.0018314239213783141,0.00035493904987052868
FREE_6DOF,robot_component_fluid,0.0011499999999999998,0.0012545151451451584,2.5211695821701542e-06,-3.0398967083649833e-06,0.99944425246261082,0.0014421401042780597,-0.015533019309186099,-0.029458984410757401,0.0028848146379021385,-0.031071794856151372,-0.058928885753736802,0.076590911152998833,0.012243059023422062,-0.0080137681769147928,10.261681513788917,-90.03766412953523,-218.18166796909543,-2.7914869169751713e-05,0,0,4.6201499814545073e-08,-7.5167147886262621e-07,-2.4673937297990103e-06,3.9493376735331575e-06,0.0008960506623264668,31.741517694188808,0.72256631032565233,1,0.0010381265000833589,-5.2224129810920653e-05,3.5348387707651663e-05,-0.010840659790394693,-0.0018314239213783141,0.00035493904987052868
FREE_6DOF,robot_component_fluid,0.0011499999999999998,0.0012545151451452323,2.5211695821701542e-06,-3.0398967083649833e-06,0.99944425244382629,0.0014421401933791551,-0.015533019527647242,-0.029458984928499868,0.0028848148161554166,-0.031071795293349223,-0.058928886789782677,0.076590911158919153,0.012243059023422062,-0.0080137681769147928,10.261696024209311,-90.037699410162077,-218.18175067960763,-2.7914869167880678e-05,0,0,4.6201500252455555e-08,-7.5167148369846817e-07,-2.4673937413763168e-06,3.9493376735331575e-06,0.0008960506623264668,31.741517694188882,0.72256631032565233,1,0.0010381265000137759,-5.2224130890628251e-05,3.5348388156013653e-05,-0.010840659790394693,-0.0018314239213783141,0.00035493904987052868
FREE_6DOF,robot_component_fluid,0.0011749999999999998,0.0012545151451452323,2.5211695821701542e-06,-3.0398967083649833e-06,0.99944425244381796,0.0014421401934189729,-0.015533019527744373,-0.029458984928729413,0.0028848148162350746,-0.031071795293543605,-0.058928886790242017,0.07659091115892179,0.012243059023422062,-0.0080137681769147928,10.261696030691565,-90.037699425849041,-218.18175071627775,-2.7914802885074692e-05,0,0,4.7605006678330107e-08,-7.4615432670574707e-07,-2.5004614014746011e-06,3.9493376735331575e-06,0.0008960506623264668,31.741367694188884,0.73827427359360132,1,0.0010381265000137451,-5.2224130891106954e-05,3.534838815621299e-05,-0.010835351373028192,-0.0018635441760641179,0.00034980526993404274
FREE_6DOF,robot_component_fluid,0.0011749999999999998,0.0012564461842059396,2.8420265423184175e-06,-3.2467229251479108e-06,0.99933856725165093,0.0015645443807493407,-0.016685204053135241,-0.032273583160280006,0.0031297788380042608,-0.033377767480315443,-0.064561401290027035,0.077892213697677223,0.013425497788438982,-0.0085323291657193861,10.904897470932262,-94.39974822281259,-232.36401473852109,-2.7905038656174078e-05,0,0,4.99889809966689e-08,-7.7178626316265553e-07,-2.5631678509977238e-06,4.3148956673277031e-06,0.00089568510433267229,31.743298733249592,0.73827427359360132,1,0.0010377316579828133,-5.8079248358571289e-05,3.7726719360521499e-05,-0.010835351373028192,-0.0018635441760641179,0.00034980526993404274
FREE_6DOF,robot_component_fluid,0.0011749999999999998,0.0012564461843772769,2.8420265423184175e-06,-3.2467229251479108e-06,0.99933851816879171,0.0015647581317317367,-0.016685719386077377,-0.032274826177095421,0.0031302064854775713,-0.033378798919776152,-0.06456388892857054,0.077892227404660924,0.013425497788438982,-0.0085323291657193861,10.939746523079203,-94.483068300668222,-232.5625783177496,-2.7905033723145842e-05,0,0,4.9990041283484778e-08,-7.7179763601624595e-07,-2.5631955956765537e-06,4.3148956673277031e-06,0.00089568510433267229,31.743298733420929,0.73827427359360132,1,0.0010377314745307076,-5.8081840480318543e-05,3.772777488938346e-05,-0.010835351373028192,-0.0018635441760641179,0.00034980526993404274
FREE_6DOF,robot_component_fluid,0.0011749999999999998,0.0012564461843773635,2.8420265423184175e-06,-3.2467229251479108e-06,0.99933851814706265,0.0015647582270889267,-0.016685719614739896,-0.032274826727062236,0.003130206676256693,-0.033378799377443896,-0.064563890029214532,0.077892227411585885,0.013425497788438982,-0.0085323291657193861,10.939762063872333,-94.483105274188873,-232.56266616938927,-2.7905033720961859e-05,0,0,4.9990041755060319e-08,-7.7179764106244452e-07,-2.5631956079523184e-06,4.3148956673277031e-06,0.00089568510433267229,31.743298733421014,0.73827427359360132,1,0.0010377314744494884,-5.8081841627223705e-05,3.7727775357721705e-05,-0.010835351373028192,-0.0018635441760641179,0.00034980526993404274
FREE_6DOF,robot_component_fluid,0.0011999999999999999,0.0012564461843773635,2.8420265423184175e-06,-3.2467229251479108e-06,0.9993385181470531,0.0015647582271314661,-0.01668571961484136,-0.032274826727305563,0.0031302066763418011,-0.033378799377646977,-0.064563890029701504,0.077892227411588952,0.013425497788438982,-0.0085323291657193861,10.939762070802686,-94.483105290596271,-232.56266620825821,-2.7904967472590033e-05,0,0,5.1487048492753296e-08,-7.6618440865102714e-07,-2.5957303683891418e-06,4.3148956673277031e-06,0.00089568510433267229,31.743148733421013,0.7539822368615503,1,0.0010377314744494527,-5.8081841627731153e-05,3.7727775357929506e-05,-0.010830027599744628,-0.001895193958109646,0.00034458968341246298
FREE_6DOF,robot_component_fluid,0.0011999999999999999,0.0012584098635464935,3.1934212426785703e-06,-3.4668623795510727e-06,0.99921609179095439,0.0016945814403541829,-0.017894158751587886,-0.035272218279065883,0.0033900487560272223,-0.035797672021767937,-0.070562875794435584,0.079202106118811802,0.014686078240373223,-0.0090788271865335501,11.615041830872352,-98.986362114309188,-247.29156460003847,-2.7893428796224414e-05,0,0,5.4061311252839295e-08,-7.9301189070954849e-07,-2.6623717864968086e-06,4.7134991239987808e-06,0.00089528650087600118,31.745112412590142,0.7539822368615503,1,0.0010372701380388287,-6.4315966099152538e-05,4.0219592998989e-05,-0.010830027599744628,-0.001895193958109646,0.00034458968341246298
FREE_6DOF,robot_component_fluid,0.0011999999999999999,0.0012584098637489678,3.1934212426785703e-06,-3.4668623795510727e-06,0.99921603511332291,0.0016948103400027657,-0.017894698740317204,-0.035273538911136076,0.0033905067390648585,-0.035798752958093184,-0.070565519082612063,0.079202122316757426,0.014686078240373223,-0.0090788271865335501,11.652388047294364,-99.073786047966379,-247.50251169449288,-2.7893423053761187e-05,0,0,5.4062453711642182e-08,-7.93023768463278e-07,-2.6624012063756537e-06,4.7134991239987808e-06,0.00089528650087600118,31.745112412792619,0.7539822368615503,1,0.0010372699244911012,-6.4318719978857244e-05,4.0220696536349667e-05,-0.010830027599744628,-0.001895193958109646,0.00034458968341246298
FREE_6DOF,robot_component_fluid,0.0011999999999999999,0.0012584098637490684,3.1934212426785703e-06,-3.4668623795510727e-06,0.99921603508828749,0.0016948104419262837,-0.017894698979407458,-0.035273539494137265,0.0033905069429934855,-0.035798753436697542,-0.070565520249508323,0.079202122324818672,0.014686078240373223,-0.0090788271865335501,11.652404669812986,-99.0738247600991,-247.50260481616522,-2.7893423051224534e-05,0,0,5.4062454218673788e-08,-7.9302377372219227e-07,-2.6624012193635537e-06,4.7134991239987808e-06,0.00089528650087600118,31.745112412792718,0.7539822368615503,1,0.0010372699243967692,-6.4318721194613825e-05,4.0220697024937535e-05,-0.010830027599744628,-0.001895193958109646,0.00034458968341246298
FREE_6DOF,robot_component_fluid,0.0011999999999999999,0.0012584098637490686,3.1934212426785703e-06,-3.4668623795510727e-06,0.9992160350882765,0.0016948104419716673,-0.017894698979513318,-0.035273539494394636,0.0033905069430842892,-0.035798753436909449,-0.070565520250023453,0.079202122324822238,0.014686078240373223,-0.0090788271865335501,11.652404677211534,-99.073824777241455,-247.5026048572735,-2.7893423051223426e-05,0,0,5.4062454218898794e-08,-7.9302377372452087e-07,-2.6624012193692881e-06,4.7134991239987808e-06,0.00089528650087600118,31.745112412792718,0.7539822368615503,1,0.001037269924396728,-6.4318721195150559e-05,4.0220697025153854e-05,-0.010830027599744628,-0.001895193958109646,0.00034458968341246298
FREE_6DOF,robot_component_fluid,0.001225,0.0012584098637490686,3.1934212426785703e-06,-3.4668623795510727e-06,0.9992160350882765,0.0016948104419716879,-0.01789469897951337,-0.035273539494394754,0.00339050694308433,-0.035798753436909553,-0.070565520250023689,0.079202122324822238,0.014686078240373223,-0.0090788271865335501,11.652404677214824,-99.073824777249072,-247.50260485729169,-2.7893356841694958e-05,0,0,5.5656830263084938e-08,-7.8731603606502524e-07,-2.6943918119448467e-06,4.7134991239987808e-06,0.00089528650087600118,31.74496241279272,0.76969020012949929,1,0.001037269924396728,-6.4318721195150803e-05,4.0220697025153962e-05,-0.010824693728417217,-0.0019263658446146551,0.00033929385297559717
FREE_6DOF,robot_component_fluid,0.001225,0.0012604062966005559,3.5773764235764783e-06,-3.700603587348096e-06,0.99907470137502963,0.0018323770817417972,-0.019161054894253262,-0.03846085597026002,0.0036658849126697036,-0.038333933963477146,-0.076945445909919002,0.080512505794152103,0.016030336231459375,-0.0096204694372282896,12.362776942987901,-103.70139381718845,-262.81620769737111,-2.7879805575421754e-05,0,0,5.8432484857159079e-08,-8.1536679933309614e-07,-2.7650987262843221e-06,5.1470466275966871e-06,0.00089485295337240328,31.746958845644208,0.76969020012949929,1,0.001036733243050463,-7.0946230550545013e-05,4.2828886841716407e-05,-0.010824693728417217,-0.0019263658446146551,0.00033929385297559717
FREE_6DOF,robot_component_fluid,0.001225,0.0012604062968383459,3.5773764235764783e-06,-3.700603587348096e-06,0.99907463615924941,0.0018326218183091201,-0.019161620198054501,-0.038462256719023175,0.0036663746165661129,-0.038335065753635711,-0.07694824994530855,0.080512524817363013,0.016030336231459375,-0.0096204694372282896,12.402735508467817,-103.79305121051148,-263.03993762715629,-2.7879798920157005e-05,0,0,5.8433713823023709e-08,-8.153791897910922e-07,-2.7651298655929267e-06,5.1470466275966871e-06,0.00089485295337240328,31.746958845881998,0.76969020012949929,1,0.0010367329955651306,-7.0949151284996196e-05,4.2830039246445911e-05,-0.010824693728417217,-0.0019263658446146551,0.00033929385297559717
FREE_6DOF,robot_component_fluid,0.001225,0.0012604062968384628,3.5773764235764783e-06,-3.700603587348096e-06,0.99907463613051206,0.0018326219270619276,-0.019161620447773555,-0.038462257335898094,0.003666374834173979,-0.038335066253595305,-0.076948251180176494,0.08051252482670565,0.016030336231459375,-0.0096204694372282896,12.402753256706692,-103.7930917038112,-263.0400361527951,-2.7879798917224252e-05,0,0,5.8433714367177586e-08,-8.1537919526425001e-07,-2.7651298793067179e-06,5.1470466275966871e-06,0.00089485295337240328,31.746958845882116,0.76969020012949929,1,0.001036732995456072,-7.0949152571303059e-05,4.2830039755482084e-05,-0.010824693728417217,-0.0019263658446146551,0.00033929385297559717
FREE_6DOF,robot_component_fluid,0.00125,0.0012604062968384628,3.5773764235764783e-06,-3.700603587348096e-06,0.9990746361304994,0.0018326219271102538,-0.01916162044788387,-0.038462257336169765,0.0036663748342706769,-0.038335066253816164,-0.076948251180720323,0.080512524826709772,0.016030336231459375,-0.0096204694372282896,12.402753264589837,-103.7930917217011,-263.04003619618368,-2.7879732751508662e-05,0,0,6.012934373126044e-08,-8.0957861428454862e-07,-2.7965650265162759e-06,5.1470466275966871e-06,0.00089485295337240328,31.746808845882114,0.78539816339744828,1,0.0010367329954560241,-7.0949152571869582e-05,4.2830039755706941e-05,-0.010819355025609188,-0.0019570525535194745,0.00033391935042476788
FREE_6DOF,robot_component_fluid,0.00125,0.0012624357423424255,3.9960469018582088e-06,-3.9477059908541567e-06,0.99891200866679686,0.0019782723076437864,-0.02048732858234922,-0.041846800923139943,0.0039579801354573544,-0.040989523658704993,-0.083723967699622689,0.081843115490306484,0.017463302031079028,-0.010147722843256532,13.150713658379679,-108.52689888376294,-278.92977235810156,-2.786390655575612e-05,0,0,6.3116725264287452e-08,-8.3887423422875062e-07,-2.8714679226322163e-06,5.6171855436754435e-06,0.00089438281445632453,31.748838291386075,0.78539816339744828,1,0.0010361112177590256,-7.7984668789370405e-05,4.5556934610257766e-05,-0.010819355025609188,-0.0019570525535194745,0.00033391935042476788
FREE_6DOF,robot_component_fluid,0.00125,0.001262435742620135,3.9960469018582088e-06,-3.9477059908541567e-06,0.99891193388261013,0.0019785334090176129,-0.020487919742354518,-0.041848284278858755,0.0039585026263994141,-0.040990707430024913,-0.08372693757565812,0.081843137707053898,0.017463302031079028,-0.010147722843256532,13.193374777766284,-108.62290226945866,-279.16668382293415,-2.7863898874769062e-05,0,0,6.3118044630340264e-08,-8.3888714191031792e-07,-2.8715008237546679e-06,5.6171855436754435e-06,0.00089438281445632453,31.748838291663784,0.78539816339744828,1,0.0010361109321392161,-7.7987761403980999e-05,4.5558136443039653e-05,-0.010819355025609188,-0.0019570525535194745,0.00033391935042476788
FREE_6DOF,robot_component_fluid,0.00125,0.0012624357426202697,3.9960469018582088e-06,-3.9477059908541567e-06,0.99891193384974242,0.0019785335247846829,-0.020487920002839537,-0.041848284930405974,0.0039585028580609583,-0.040990707951633301,-0.083726938880143154,0.081843137717836426,0.017463302031079028,-0.010147722843256532,13.19339368348925,-108.62294457695084,-279.16678788046869,-2.7863898871393171e-05,0,0,6.311804521304459e-08,-8.3888714759756829e-07,-2.8715008382065492e-06,5.6171855436754435e-06,0.00089438281445632453,31.748838291663919,0.78539816339744828,1,0.0010361109320136824,-7.7987762762431393e-05,4.5558136972569226e-05,-0.010819355025609188,-0.0019570525535194745,0.00033391935042476788
FREE_6DOF,robot_component_fluid,0.0012750000000000001,0.0012624357426202697,3.9960469018582088e-06,-3.9477059908541567e-06,0.99891193384972798,0.0019785335248360117,-0.020487920002954321,-0.041848284930692176,0.0039585028581636712,-0.040990707951863145,-0.083726938880716154,0.081843137717841172,0.017463302031079028,-0.010147722843256532,13.193393691867509,-108.62294459559563,-279.16678792617358,-2.7863832755084837e-05,0,0,6.4918803088030229e-08,-8.3299548935529957e-07,-2.9023692575093397e-06,5.6171855436754435e-06,0.00089438281445632453,31.748688291663917,0.80110612666539738,1,0.0010361109320136273,-7.7987762763028124e-05,4.5558136972802559e-05,-0.010814016761362148,-0.0019872469445016317,0.00032846775571952362
FREE_6DOF,robot_component_fluid,0.0012750000000000001,0.0012644991385503943,4.4516730569279684e-06,-4.2084006272202837e-06,0.99872539825750584,0.0021326220424303694,-0.021874319049730466,-0.045437264054089196,0.0042670571717941608,-0.04376723494468597,-0.090913157414313231,0.083228536692133329,0.018986790374501739,-0.010707848066033632,13.980476697699228,-113.46719037105782,-295.62898264475382,-2.7845444372650024e-05,0,0,6.8128116418638752e-08,-8.6355423600565001e-07,-2.9815922780522299e-06,6.1260124750906672e-06,0.00089387398752490928,31.750751687594043,0.80110612666539738,1,0.0010353933703611882,-8.544558297210579e-05,4.8405778436235856e-05,-0.010814016761362148,-0.0019872469445016317,0.00032846775571952362
FREE_6DOF,robot_component_fluid,0.0012750000000000001,0.0012644991388730635,4.4516730569279684e-06,-4.2084006272202837e-06,0.99872531278712606,0.0021328999800919271,-0.02187493654777416,-0.045438832367953305,0.0042676134050681838,-0.043768471713461897,-0.090916297967130147,0.083228562505667694,0.018986790374501739,-0.010707848066033632,14.025921532789042,-113.56764527380862,-295.87945323542959,-2.7845435543369012e-05,0,0,6.8129529911050136e-08,-8.6356766339276218e-07,-2.9816269785766615e-06,6.1260124750906672e-06,0.00089387398752490928,31.750751687916711,0.80110612666539738,1,0.001035393042051608,-8.5448852151118738e-05,4.8407030073487936e-05,-0.010814016761362148,-0.0019872469445016317,0.00032846775571952362
FREE_6DOF,robot_component_fluid,0.0012750000000000001,0.0012644991388732184,4.4516730569279684e-06,-4.2084006272202837e-06,0.99872531274966758,0.0021329001030262469,-0.021874936819124006,-0.045438833054870953,0.0042676136510946634,-0.043768472256939119,-0.090916299342685358,0.083228562518062196,0.018986790374501739,-0.010707848066033632,14.025941622572301,-113.56768942335448,-295.87956293721538,-2.7845435539499399e-05,0,0,6.8129530533614125e-08,-8.6356766929282534e-07,-2.9816269937759164e-06,6.1260124750906672e-06,0.00089387398752490928,31.750751687916868,0.80110612666539738,1,0.0010353930419077192,-8.5448853583074841e-05,4.8407030623452503e-05,-0.010814016761362148,-0.0019872469445016317,0.00032846775571952362
FREE_6DOF,robot_component_fluid,0.0013000000000000002,0.0012644991388732184,4.4516730569279684e-06,-4.2084006272202837e-06,0.99872531274965126,0.0021329001030806214,-0.021874936819243244,-0.045438833055171823,0.0042676136512034817,-0.043768472257177941,-0.090916299343287849,0.083228562518067636,0.018986790374501739,-0.010707848066033632,14.025941631453378,-113.56768944275854,-295.87956298526308,-2.7845369478875939e-05,0,0,7.003926528495728e-08,-8.5758681546433561e-07,-3.0119174071984853e-06,6.1260124750906672e-06,0.00089387398752490928,31.75060168791687,0.81681408993334637,1,0.0010353930419076567,-8.5448853583702051e-05,4.8407030623694159e-05,-0.010808684203986079,-0.0020169420197879372,0.00032294065602766873
FREE_6DOF,robot_component_fluid,0.0013000000000000002,0.0012665978334515709,4.946734757666815e-06,-4.4837146993788575e-06,0.99851199152287984,0.0022957979016475878,-0.023323515704320511,-0.049239676199154238,0.004593874604195824,-0.046670182248074732,-0.098528227527251544,0.084667003750132225,0.020618145684605935,-0.011317277706652289,14.854634640643336,-118.54404178647667,-312.9566383020362,-2.7824102881977355e-05,0,0,7.3481342673962164e-08,-8.8942904564149312e-07,-3.0955848056517748e-06,6.6763674455601231e-06,0.00089332363255443983,31.75270038249522,0.81681408993334637,1,0.0010345679338871294,-9.3343578961957278e-05,5.1377668908302303e-05,-0.010808684203986079,-0.0020169420197879372,0.00032294065602766873
FREE_6DOF,robot_component_fluid,0.0013000000000000002,0.0012665978338247453,4.946734757666815e-06,-4.4837146993788575e-06,0.99851189414785002,0.0022960931876307468,-0.023324160072901032,-0.049241331808149408,0.0045944656184943406,-0.046671473140765155,-0.098531543588986636,0.084667033604092015,0.020618145684605935,-0.011317277706652289,14.902950432219104,-118.64906514783355,-313.22104445411833,-2.7824092770814868e-05,0,0,7.3482854172294611e-08,-8.8944299550170324e-07,-3.0956213410054302e-06,6.6763674455601231e-06,0.00089332363255443983,31.752700382868397,0.81681408993334637,1,0.0010345675579233689,-9.3347029303373326e-05,5.1378970757253386e-05,-0.010808684203986079,-0.0020169420197879372,0.00032294065602766873
FREE_6DOF,robot_component_fluid,0.0013000000000000002,0.0012665978338249227,4.946734757666815e-06,-4.4837146993788575e-06,0.99851189410530428,0.0022960933178953697,-0.023324160355223559,-0.049241332531086125,0.0045944658792180992,-0.046671473706352808,-0.098531545036976032,0.084667033618286022,0.020618145684605935,-0.011317277706652289,14.902971734000285,-118.64911117002919,-313.22115990508354,-2.7824092766396981e-05,0,0,7.3482854836044968e-08,-8.8944300161317915e-07,-3.0956213569595211e-06,6.6763674455601231e-06,0.00089332363255443983,31.752700382868575,0.81681408993334637,1,0.0010345675577590984,-9.3347030810070572e-05,5.137897132758419e-05,-0.010808684203986079,-0.0020169420197879372,0.00032294065602766873
FREE_6DOF,robot_component_fluid,0.0013000000000000002,0.0012665978338249229,4.946734757666815e-06,-4.4837146993788575e-06,0.99851189410528562,0.0022960933179528363,-0.023324160355347262,-0.04924133253140181,0.0045944658793331174,-0.046671473706600623,-0.098531545037608331,0.084667033618292226,0.020618145684605935,-0.011317277706652289,14.902971743391934,-118.64911119019705,-313.2211599554945,-2.7824092766395053e-05,0,0,7.348285483633648e-08,-8.8944300161585683e-07,-3.0956213569664875e-06,6.6763674455601231e-06,0.00089332363255443983,31.752700382868575,0.81681408993334637,1,0.0010345675577590266,-9.3347030810728507e-05,5.1378971327834064e-05,-0.010808684203986079,-0.0020169420197879372,0.00032294065602766873
FREE_6DOF,robot_component_fluid,0.0013250000000000002,0.0012665978338249229,4.946734757666815e-06,-4.4837146993788575e-06,0.99851189410528562,0.002296093317952861,-0.023324160355347314,-0.049241332531401935,0.0045944658793331669,-0.046671473706600727,-0.098531545037608581,0.084667033618292226,0.020618145684605935,-0.011317277706652289,14.90297174339608,-118.64911119020586,-313.22115995551667,-2.7824026768490483e-05,0,0,7.5505388521987036e-08,-8.833749593338161e-07,-3.1253224966808127e-06,6.6763674455601231e-06,0.00089332363255443983,31.752550382868574,0.83252205320129535,1,0.0010345675577590266,-9.3347030810728764e-05,5.1378971327834166e-05,-0.010803362614856166,-0.002046130924883904,0.00031733964480007014
FREE_6DOF,robot_component_fluid,0.0013250000000000002,0.0012687326906746421,5.4836628402196759e-06,-4.7745422745478131e-06,0.99826861023241575,0.0024681864744897177,-0.024836724743292269,-0.053261871767657329,0.0049392238520245095,-0.049702137389598409,-0.10658526418376572,0.086121514359239676,0.022336100919622858,-0.011948928306864203,15.773788209647648,-123.78862536189705,-330.93968528823706,-2.7799532863390486e-05,0,0,7.9192280515663569e-08,-9.1652667268566429e-07,-3.2135620697421851e-06,7.270956751119506e-06,0.00089272904324888048,31.754685239718292,0.83252205320129535,1,0.0010336219213487219,-0.00010169391984694333,5.447539625282959e-05,-0.010803362614856166,-0.002046130924883904,0.00031733964480007014
FREE_6DOF,robot_component_fluid,0.0013250000000000002,0.0012687326911044476,5.4836628402196759e-06,-4.7745422745478131e-06,0.99826849962069508,0.0024684997463104335,-0.024837396640471025,-0.053263617058671352,0.0049398509397960613,-0.04970348379411528,-0.10658876071487609,0.08612154874368122,0.022336100919622858,-0.011948928306864203,15.825081293619103,-123.89835860099912,-331.21841248899977,-2.7799521324394541e-05,0,0,7.9193894296294163e-08,-9.1654114956532272e-07,-3.213600474442107e-06,7.270956751119506e-06,0.00089272904324888048,31.754685240148095,0.83252205320129535,1,0.0010336214923071809,-0.00010169755599028936,5.447674889015832e-05,-0.010803362614856166,-0.002046130924883904,0.00031733964480007014
FREE_6DOF,robot_component_fluid,0.0013250000000000002,0.0012687326911046501,5.4836628402196759e-06,-4.7745422745478131e-06,0.99826849957252517,0.0024684998841149994,-0.024837396933914496,-0.053263617818249578,0.0049398512156437566,-0.049703484382139902,-0.10658876223662282,0.08612154875987961,0.022336100919622858,-0.011948928306864203,15.82510384227982,-123.89840653463416,-331.21853379033229,-2.7799521319369437e-05,0,0,7.9193895002676204e-08,-9.165411558873239e-07,-3.2136004911571342e-06,7.270956751119506e-06,0.00089272904324888048,31.754685240148298,0.83252205320129535,1,0.0010336214921203382,-0.00010169755757288288,5.4476749480834943e-05,-0.010803362614856166,-0.002046130924883904,0.00031733964480007014
FREE_6DOF,robot_component_fluid,0.0013250000000000002,0.0012687326911046501,5.4836628402196759e-06,-4.7745422745478131e-06,0.99826849957250419,0.002468499884175618,-0.024837396934042657,-0.053263617818580168,0.0049398512157650979,-0.049703484382396725,-0.10658876223728513,0.08612154875988666,0.022336100919622858,-0.011948928306864203,15.825103852192296,-123.898406555573,-331.21853384312243,-2.7799521319367245e-05,0,0,7.9193895002985398e-08,-9.165411558900847e-07,-3.2136004911644085e-06,7.270956751119506e-06,0.00089272904324888048,31.754685240148298,0.83252205320129535,1,0.0010336214921202566,-0.0001016975575735717,5.4476749481092888e-05,-0.010803362614856166,-0.002046130924883904,0.00031733964480007014
FREE_6DOF,robot_component_fluid,0.0013250000000000002,0.0012687326911046501,5.4836628402196759e-06,-4.7745422745478131e-06,0.99826849957250419,0.002468499884175644,-0.024837396934042712,-0.053263617818580314,0.0049398512157651508,-0.049703484382396829,-0.10658876223728542,0.08612154875988666,0.022336100919622858,-0.011948928306864203,15.825103852196651,-123.8984065555822,-331.21853384314545,-2.7799521319367245e-05,0,0,7.9193895002985557e-08,-9.1654115589008608e-07,-3.2136004911644119e-06,7.270956751119506e-06,0.00089272904324888048,31.754685240148298,0.83252205320129535,1,0.0010336214921202566,-0.000101697557573572,5.447674948109301e-05,-0.010803362614856166,-0.002046130924883904,0.00031733964480007014
FREE_6DOF,robot_component_fluid,0.0013250000000000002,0.0012687326911046501,5.4836628402196759e-06,-4.7745422745478131e-06,0.99826849957250419,0.002468499884175644,-0.024837396934042712,-0.053263617818580314,0.0049398512157651508,-0.049703484382396829,-0.10658876223728542,0.08612154875988666,0.022336100919622858,-0.011948928306864203,15.825103852196658,-123.8984065555822,-331.21853384314545,-2.7799521319367245e-05,0,0,7.9193895002985557e-08,-9.1654115589008608e-07,-3.2136004911644119e-06,7.270956751119506e-06,0.00089272904324888048,31.754685240148298,0.83252205320129535,1,0.0010336214921202566,-0.000101697557573572,5.447674948109301e-05,-0.010803362614856166,-0.002046130924883904,0.00031733964480007014
FREE_6DOF,robot_component_fluid,0.0013250000000000002,0.0012687326911046501,5.4836628402196759e-06,-4.7745422745478131e-06,0.99826849957250419,0.002468499884175644,-0.024837396934042712,-0.053263617818580314,0.0049398512157651508,-0.049703484382396829,-0.10658876223728542,0.08612154875988666,0.022336100919622858,-0.011948928306864203,15.825103852196658,-123.8984065555822,-331.21853384314545,-2.7799521319367245e-05,0,0,7.9193895002985557e-08,-9.1654115589008608e-07,-3.2136004911644119e-06,7.270956751119506e-06,0.00089272904324888048,31.754685240148298,0.83252205320129535,1,0.0010336214921202566,-0.000101697557573572,5.447674948109301e-05,-0.010803362614856166,-0.002046130924883904,0.00031733964480007014
FREE_6DOF,robot_component_fluid,0.0013250000000000002,0.0012687326911046501,5.4836628402196759e-06,-4.7745422745478131e-06,0.99826849957250419,0.002468499884175644,-0.024837396934042712,-0.053263617818580314,0.0049398512157651508,-0.049703484382396829,-0.10658876223728542,0.08612154875988666,0.022336100919622858,-0.011948928306864203,15.825103852196658,-123.8984065555822,-331.21853384314545,-2.7799521319367245e-05,0,0,7.9193895002985557e-08,-9.1654115589008608e-07,-3.2136004911644119e-06,7.270956751119506e-06,0.00089272904324888048,31.754685240148298,0.83252205320129535,1,0.0010336214921202566,-0.000101697557573572,5.447674948109301e-05,-0.010803362614856166,-0.002046130924883904,0.00031733964480007014
FREE_6DOF,robot_component_fluid,0.0013250000000000002,0.0012687326911046501,5.4836628402196759e-06,-4.7745422745478131e-06,0.99826849957250419,0.002468499884175644,-0.024837396934042712,-0.053263617818580314,0.0049398512157651508,-0.049703484382396829,-0.10658876223728542,0.08612154875988666,0.022336100919622858,-0.011948928306864203,15.825103852196658,-123.8984065555822,-331.21853384314545,-2.7799521319367245e-05,0,0,7.9193895002985557e-08,-9.1654115589008608e-07,-3.2136004911644119e-06,7.270956751119506e-06,0.00089272904324888048,31.754685240148298,0.83252205320129535,1,0.0010336214921202566,-0.000101697557573572,5.447674948109301e-05,-0.010803362614856166,-0.002046130924883904,0.00031733964480007014
FREE_6DOF,robot_component_fluid,0.0013250000000000002,0.0012687326911046501,5.4836628402196759e-06,-4.7745422745478131e-06,0.99826849957250419,0.002468499884175644,-0.024837396934042712,-0.053263617818580314,0.0049398512157651508,-0.049703484382396829,-0.10658876223728542,0.08612154875988666,0.022336100919622858,-0.011948928306864203,15.825103852196658,-123.8984065555822,-331.21853384314545,-2.7799521319367245e-05,0,0,7.9193895002985557e-08,-9.1654115589008608e-07,-3.2136004911644119e-06,7.270956751119506e-06,0.00089272904324888048,31.754685240148298,0.83252205320129535,1,0.0010336214921202566,-0.000101697557573572,5.447674948109301e-05,-0.010803362614856166,-0.002046130924883904,0.00031733964480007014
FREE_6DOF,robot_component_fluid,0.0013250000000000002,0.0012687326911046501,5.4836628402196759e-06,-4.7745422745478131e-06,0.99826849957250419,0.002468499884175644,-0.024837396934042712,-0.053263617818580314,0.0049398512157651508,-0.049703484382396829,-0.10658876223728542,0.08612154875988666,0.022336100919622858,-0.011948928306864203,15.825103852196658,-123.8984065555822,-331.21853384314545,-2.7799521319367245e-05,0,0,7.9193895002985557e-08,-9.1654115589008608e-07,-3.2136004911644119e-06,7.270956751119506e-06,0.00089272904324888048,31.754685240148298,0.83252205320129535,1,0.0010336214921202566,-0.000101697557573572,5.447674948109301e-05,-0.010803362614856166,-0.002046130924883904,0.00031733964480007014
FREE_6DOF,robot_component_fluid,0.0013250000000000002,0.0012687326911046501,5.4836628402196759e-06,-4.7745422745478131e-06,0.99826849957250419,0.002468499884175644,-0.024837396934042712,-0.053263617818580314,0.0049398512157651508,-0.049703484382396829,-0.10658876223728542,0.08612154875988666,0.022336100919622858,-0.011948928306864203,15.825103852196658,-123.8984065555822,-331.21853384314545,-2.7799521319367245e-05,0,0,7.9193895002985557e-08,-9.1654115589008608e-07,-3.2136004911644119e-06,7.270956751119506e-06,0.00089272904324888048,31.754685240148298,0.83252205320129535,1,0.0010336214921202566,-0.000101697557573572,5.447674948109301e-05,-0.010803362614856166,-0.002046130924883904,0.00031733964480007014
FREE_6DOF,robot_component_fluid,0.0013250000000000002,0.0012687326911046501,5.4836628402196759e-06,-4.7745422745478131e-06,0.99826849957250419,0.002468499884175644,-0.024837396934042712,-0.053263617818580314,0.0049398512157651508,-0.049703484382396829,-0.10658876223728542,0.08612154875988666,0.022336100919622858,-0.011948928306864203,15.825103852196658,-123.8984065555822,-331.21853384314545,-2.7799521319367245e-05,0,0,7.9193895002985557e-08,-9.1654115589008608e-07,-3.2136004911644119e-06,7.270956751119506e-06,0.00089272904324888048,31.754685240148298,0.83252205320129535,1,0.0010336214921202566,-0.000101697557573572,5.447674948109301e-05,-0.010803362614856166,-0.002046130924883904,0.00031733964480007014
FREE_6DOF,robot_component_fluid,0.0013250000000000002,0.0012687326911046501,5.4836628402196759e-06,-4.7745422745478131e-06,0.99826849957250419,0.002468499884175644,-0.024837396934042712,-0.053263617818580314,0.0049398512157651508,-0.049703484382396829,-0.10658876223728542,0.08612154875988666,0.022336100919622858,-0.011948928306864203,15.825103852196658,-123.8984065555822,-331.21853384314545,-2.7799521319367245e-05,0,0,7.9193895002985557e-08,-9.1654115589008608e-07,-3.2136004911644119e-06,7.270956751119506e-06,0.00089272904324888048,31.754685240148298,0.83252205320129535,1,0.0010336214921202566,-0.000101697557573572,5.447674948109301e-05,-0.010803362614856166,-0.002046130924883904,0.00031733964480007014
FREE_6DOF,robot_component_fluid,0.0013250000000000002,0.0012687326911046501,5.4836628402196759e-06,-4.7745422745478131e-06,0.99826849957250419,0.002468499884175644,-0.024837396934042712,-0.053263617818580314,0.0049398512157651508,-0.049703484382396829,-0.10658876223728542,0.08612154875988666,0.022336100919622858,-0.011948928306864203,15.825103852196658,-123.8984065555822,-331.21853384314545,-2.7799521319367245e-05,0,0,7.9193895002985557e-08,-9.1654115589008608e-07,-3.2136004911644119e-06,7.270956751119506e-06,0.00089272904324888048,31.754685240148298,0.83252205320129535,1,0.0010336214921202566,-0.000101697557573572,5.447674948109301e-05,-0.010803362614856166,-0.002046130924883904,0.00031733964480007014
FREE_6DOF,robot_component_fluid,0.0013250000000000002,0.0012687326911046501,5.4836628402196759e-06,-4.7745422745478131e-06,0.99826849957250419,0.002468499884175644,-0.024837396934042712,-0.053263617818580314,0.0049398512157651508,-0.049703484382396829,-0.10658876223728542,0.08612154875988666,0.022336100919622858,-0.011948928306864203,15.825103852196658,-123.8984065555822,-331.21853384314545,-2.7799521319367245e-05,0,0,7.9193895002985557e-08,-9.1654115589008608e-07,-3.2136004911644119e-06,7.270956751119506e-06,0.00089272904324888048,31.754685240148298,0.83252205320129535,1,0.0010336214921202566,-0.000101697557573572,5.447674948109301e-05,-0.010803362614856166,-0.002046130924883904,0.00031733964480007014
FREE_6DOF,robot_component_fluid,0.0013250000000000002,0.0012687326911046501,5.4836628402196759e-06,-4.7745422745478131e-06,0.99826849957250419,0.002468499884175644,-0.024837396934042712,-0.053263617818580314,0.0049398512157651508,-0.049703484382396829,-0.10658876223728542,0.08612154875988666,0.022336100919622858,-0.011948928306864203,15.825103852196658,-123.8984065555822,-331.21853384314545,-2.7799521319367245e-05,0,0,7.9193895002985557e-08,-9.1654115589008608e-07,-3.2136004911644119e-06,7.270956751119506e-06,0.00089272904324888048,31.754685240148298,0.83252205320129535,1,0.0010336214921202566,-0.000101697557573572,5.447674948109301e-05,-0.010803362614856166,-0.002046130924883904,0.00031733964480007014
FREE_6DOF,robot_component_fluid,0.0013250000000000002,0.0012687326911046501,5.4836628402196759e-06,-4.7745422745478131e-06,0.99826849957250419,0.002468499884175644,-0.024837396934042712,-0.053263617818580314,0.0049398512157651508,-0.049703484382396829,-0.10658876223728542,0.08612154875988666,0.022336100919622858,-0.011948928306864203,15.825103852196658,-123.8984065555822,-331.21853384314545,-2.7799521319367245e-05,0,0,7.9193895002985557e-08,-9.1654115589008608e-07,-3.2136004911644119e-06,7.270956751119506e-06,0.00089272904324888048,31.754685240148298,0.83252205320129535,1,0.0010336214921202566,-0.000101697557573572,5.447674948109301e-05,-0.010803362614856166,-0.002046130924883904,0.00031733964480007014
FREE_6DOF,robot_component_fluid,0.0013250000000000002,0.0012687326911046501,5.4836628402196759e-06,-4.7745422745478131e-06,0.99826849957250419,0.002468499884175644,-0.024837396934042712,-0.053263617818580314,0.0049398512157651508,-0.049703484382396829,-0.10658876223728542,0.08612154875988666,0.022336100919622858,-0.011948928306864203,15.825103852196658,-123.8984065555822,-331.21853384314545,-2.7799521319367245e-05,0,0,7.9193895002985557e-08,-9.1654115589008608e-07,-3.2136004911644119e-06,7.270956751119506e-06,0.00089272904324888048,31.754685240148298,0.83252205320129535,1,0.0010336214921202566,-0.000101697557573572,5.447674948109301e-05,-0.010803362614856166,-0.002046130924883904,0.00031733964480007014
FREE_6DOF,robot_component_fluid,0.0013250000000000002,0.0012687326911046501,5.4836628402196759e-06,-4.7745422745478131e-06,0.99826849957250419,0.002468499884175644,-0.024837396934042712,-0.053263617818580314,0.0049398512157651508,-0.049703484382396829,-0.10658876223728542,0.08612154875988666,0.022336100919622858,-0.011948928306864203,15.825103852196658,-123.8984065555822,-331.21853384314545,-2.7799521319367245e-05,0,0,7.9193895002985557e-08,-9.1654115589008608e-07,-3.2136004911644119e-06,7.270956751119506e-06,0.00089272904324888048,31.754685240148298,0.83252205320129535,1,0.0010336214921202566,-0.000101697557573572,5.447674948109301e-05,-0.010803362614856166,-0.002046130924883904,0.00031733964480007014
FREE_6DOF,robot_component_fluid,0.0013500000000000003,0.0012687326911046501,5.4836628402196759e-06,-4.7745422745478131e-06,0.99826849957250419,0.002468499884175644,-0.024837396934042712,-0.053263617818580314,0.0049398512157651508,-0.049703484382396829,-0.10658876223728542,0.08612154875988666,0.022336100919622858,-0.011948928306864203,15.825103852196658,-123.8984065555822,-331.21853384314545,-2.7799455392041286e-05,0,0,8.133303478383776e-08,-9.1038806694445795e-07,-3.2427011028920844e-06,7.270956751119506e-06,0.00089272904324888048,31.7545352401483,0.84823001646924434,1,0.0010336214921202566,-0.000101697557573572,5.447674948109301e-05,-0.010798057243221691,-0.0020748069492224825,0.00031166632087163319
FREE_6DOF,robot_component_fluid,0.0013500000000000003,0.0012709044107673806,6.0645734382449305e-06,-5.0812948210999589e-06,0.99799176673199508,0.0026501880786890912,-0.0264160899628763,-0.057511739926487775,0.0053039271406003915,-0.052867574806972108,-0.11510053975117721,0.087616024258549516,0.024136746922397499,-0.012591275417307521,16.738501681042248,-129.22641378072294,-349.56594681251175,-2.7771351019945663e-05,0,0,8.5278377925853752e-08,-9.448812372160877e-07,-3.3356358422237057e-06,7.9119282129455139e-06,0.00089208807178705446,31.756706959811034,0.84823001646924434,1,0.0010325410835361768,-0.00011051177076267286,5.7702320197707972e-05,-0.010798057243221691,-0.0020748069492224825,0.00031166632087163319
FREE_6DOF,robot_component_fluid,0.0013500000000000003,0.0012709044112605406,6.0645734382449305e-06,-5.0812948210999589e-06,0.99799164143830932,0.0026505201895412403,-0.026416790183450067,-0.057513577165721225,0.0053045920290513389,-0.052868978396465267,-0.11510422150314541,0.087616063711349529,0.024136746922397499,-0.012591275417307521,16.792910811502114,-129.34102606047367,-349.85936209069393,-2.777133789485037e-05,0,0,8.5280098798488316e-08,-9.4489624748197666e-07,-3.335676145977813e-06,7.9119282129455139e-06,0.00089208807178705446,31.756706960304193,0.84823001646924434,1,0.00103254059553602,-0.00011051559703061095,5.7703724372436897e-05,-0.010798057243221691,-0.0020748069492224825,0.00031166632087163319
FREE_6DOF,robot_component_fluid,0.0013500000000000003,0.0012709044112607709,6.0645734382449305e-06,-5.0812948210999589e-06,0.99799164138394025,0.0026505203351794714,-0.026416790488205773,-0.05751357796245795,0.0053045923206191782,-0.052868979007344087,-0.11510422309977444,0.087616063729774471,0.024136746922397499,-0.012591275417307521,16.792934654381497,-129.34107595354661,-349.85948932705247,-2.7771337889154985e-05,0,0,8.5280099549116341e-08,-9.4489625401411095e-07,-3.3356761634567398e-06,7.9119282129455139e-06,0.00089208807178705446,31.756706960304424,0.84823001646924434,1,0.0010325405953242614,-0.00011051559869000992,5.7703724983484981e-05,-0.010798057243221691,-0.0020748069492224825,0.00031166632087163319
FREE_6DOF,robot_component_fluid,0.0013750000000000004,0.0012709044112607709,6.0645734382449305e-06,-5.0812948210999589e-06,0.99799164138391672,0.0026505203352433361,-0.02641679048833841,-0.057513577962803451,0.0053045923207470343,-0.052868979007609951,-0.11510422310046683,0.087616063729782478,0.024136746922397499,-0.012591275417307521,16.792934664829808,-129.34107597526668,-349.85948938222754,-2.7771272041174817e-05,0,0,8.7539644231711508e-08,-9.3866040447966295e-07,-3.3641650169463828e-06,7.9119282129455139e-06,0.00089208807178705446,31.756556960304422,0.86393797973719333,1,0.0010325405953241697,-0.00011051559869072955,5.7703724983750896e-05,-0.010792773321032055,-0.0021029635267342441,0.00030592228758976274
FREE_6DOF,robot_component_fluid,0.0013750000000000004,0.0012731145625081628,6.6917114902650432e-06,-5.4049241777319691e-06,0.99767764542577508,0.0028422266617338502,-0.028063838746562101,-0.06199724606860986,0.0056888578540179322,-0.05617116735154408,-0.12409056778383012,0.089196036061577541,0.026034297239211544,-0.013299073113253302,17.753049972044863,-134.84843613856512,-368.86663824781425,-2.7739138575342892e-05,0,0,9.1757565321237395e-08,-9.7452709760816805e-07,-3.4619129826279878e-06,8.6018723564103644e-06,0.00089139812764358966,31.758767111551812,0.86393797973719333,1,0.0010313098403351199,-0.00011981220814868936,6.106182465212712e-05,-0.010792773321032055,-0.0021029635267342441,0.00030592228758976274
FREE_6DOF,robot_component_fluid,0.0013750000000000004,0.0012731145630720231,6.6917114902650432e-06,-5.4049241777319691e-06,0.99767750388918197,0.0028425785109453057,-0.028064568101148667,-0.061999177399029388,0.0056895623664114667,-0.056172629844016823,-0.1240944392985926,0.089196081170402494,0.026034297239211544,-0.013299073113253302,17.81071995470727,-134.96810427141008,-369.17509054976199,-2.7739123693358375e-05,0,0,9.1759398123853378e-08,-9.7454264677034646e-07,-3.4619552100114786e-06,8.6018723564103644e-06,0.00089139812764358966,31.758767112115674,0.86393797973719333,1,0.0010313092870305549,-0.00011981622852061041,6.1063281036868034e-05,-0.010792773321032055,-0.0021029635267342441,0.00030592228758976274
FREE_6DOF,robot_component_fluid,0.0013750000000000004,0.0012731145630722842,6.6917114902650432e-06,-5.4049241777319691e-06,0.99767750382800158,0.0028425786647188265,-0.028064568417395738,-0.061999178233329885,0.0056895626743129783,-0.056172630478147877,-0.12409444097102003,0.089196081191293755,0.026034297239211544,-0.013299073113253302,17.810745139746651,-134.96815617190336,-369.17522378862577,-2.7739123686925593e-05,0,0,9.1759398920280713e-08,-9.7454265351151132e-07,-3.4619552282539035e-06,8.6018723564103644e-06,0.00089139812764358966,31.758767112115933,0.86393797973719333,1,0.0010313092867913869,-0.00011981623025745651,6.1063281668247152e-05,-0.010792773321032055,-0.0021029635267342441,0.00030592228758976274
FREE_6DOF,robot_component_fluid,0.0013750000000000004,0.0012731145630722844,6.6917114902650432e-06,-5.4049241777319691e-06,0.99767750382797504,0.0028425786647860323,-0.028064568417532867,-0.061999178233690298,0.0056895626744475443,-0.056172630478422837,-0.12409444097174252,0.08919608119130279,0.026034297239211544,-0.013299073113253302,17.810745150745188,-134.9681561944135,-369.1752238461799,-2.7739123686922805e-05,0,0,9.1759398920626779e-08,-9.7454265351443379e-07,-3.4619552282617834e-06,8.6018723564103644e-06,0.00089139812764358966,31.758767112115933,0.86393797973719333,1,0.0010313092867912832,-0.00011981623025820684,6.1063281668520872e-05,-0.010792773321032055,-0.0021029635267342441,0.00030592228758976274
FREE_6DOF,robot_component_fluid,0.0014000000000000004,0.0012731145630722844,6.6917114902650432e-06,-5.4049241777319691e-06,0.99767750382797504,0.0028425786647860614,-0.02806456841753293,-0.061999178233690451,0.0056895626744476024,-0.056172630478422969,-0.12409444097174283,0.08919608119130279,0.026034297239211544,-0.013299073113253302,17.810745150750005,-134.96815619442322,-369.17522384620486,-2.7739057928059881e-05,0,0,9.4143128719813574e-08,-9.6822648701955476e-07,-3.4898211302164087e-06,8.6018723564103644e-06,0.00089139812764358966,31.758617112115932,0.87964594300514243,1,0.0010313092867912832,-0.00011981623025820716,6.1063281668521008e-05,-0.010787516057785143,-0.0021305942363412534,0.00030010915197156072
FREE_6DOF,robot_component_fluid,0.0014000000000000004,0.0012753650896630919,7.3675097352717778e-06,-5.747256935093444e-06,0.99732204338621233,0.0030447453306888823,-0.029782280116317256,-0.066726959266060135,0.0060949322880638904,-0.059617787689335448,-0.13357317422111545,0.090846046073292733,0.028029562361327254,-0.014087547475664635,18.819391175808171,-140.68019319836316,-388.91525112025676,-2.7702434873673899e-05,0,0,9.864786210845079e-08,-1.005498536641382e-06,-3.5925062037387454e-06,9.3440441981673062e-06,0.00089065595580183272,31.760867638706742,0.87964594300514243,1,0.0010299110512339564,-0.00012961126978128335,6.4557290178662863e-05,-0.010787516057785143,-0.0021305942363412534,0.00030010915197156072
FREE_6DOF,robot_component_fluid,0.0014000000000000004,0.001275365090305733,7.3675097352717778e-06,-5.747256935093444e-06,0.99732188390973087,0.0030451177682141901,-0.029783039421271893,-0.066728986919883423,0.0060956781531865106,-0.059619310829547467,-0.13357724026231843,0.090846097484583319,0.028029562361327254,-0.014087547475664635,18.880458282120319,-140.8050995249032,-389.23910615727243,-2.7702418049383027e-05,0,0,9.8649811512139998e-08,-1.0055146290914516e-06,-3.5925503785254166e-06,9.3440441981673062e-06,0.00089065595580183272,31.760867639349382,0.87964594300514243,1,0.0010299104257361295,-0.00012961548831208247,6.4558799346074968e-05,-0.010787516057785143,-0.0021305942363412534,0.00030010915197156072
FREE_6DOF,robot_component_fluid,0.0014000000000000004,0.0012753650903060282,7.3675097352717778e-06,-5.747256935093444e-06,0.99732188384108345,0.0030451179303888709,-0.029783039749170265,-0.066728987792127339,0.0060956784779653897,-0.059619311487296225,-0.13357724201142568,0.09084609750820119,0.028029562361327254,-0.014087547475664635,18.880484851179588,-140.80515347935463,-389.23924546304164,-2.7702418042141075e-05,0,0,9.8649812355763903e-08,-1.0055146360396834e-06,-3.5925503975293554e-06,9.3440441981673062e-06,0.00089065595580183272,31.760867639349676,0.87964594300514243,1,0.0010299104254668861,-0.00012961549012691984,6.4558799997664645e-05,-0.010787516057785143,-0.0021305942363412534,0.00030010915197156072
FREE_6DOF,robot_component_fluid,0.0014000000000000004,0.0012753650903060284,7.3675097352717778e-06,-5.747256935093444e-06,0.99732188384105391,0.0030451179304594868,-0.029783039749311874,-0.066728987792502567,0.0060956784781068087,-0.059619311487580283,-0.1335772420121781,0.090846097508211363,0.028029562361327254,-0.014087547475664635,18.880484862739252,-140.80515350266157,-389.23924552296398,-2.7702418042137955e-05,0,0,9.8649812356129013e-08,-1.0055146360426836e-06,-3.592550397537531e-06,9.3440441981673062e-06,0.00089065595580183272,31.760867639349676,0.87964594300514243,1,0.0010299104254667701,-0.00012961549012770066,6.4558799997945995e-05,-0.010787516057785143,-0.0021305942363412534,0.00030010915197156072
FREE_6DOF,robot_component_fluid,0.0014000000000000004,0.0012753650903060284,7.3675097352717778e-06,-5.747256935093444e-06,0.9973218838410538,0.003045117930459518,-0.029783039749311933,-0.06672898779250272,0.0060956784781068711,-0.059619311487580401,-0.13357724201217841,0.090846097508211363,0.028029562361327254,-0.014087547475664635,18.880484862744254,-140.8051535026716,-389.23924552298985,-2.7702418042137945e-05,0,0,9.8649812356129146e-08,-1.0055146360426846e-06,-3.5925503975375327e-06,9.3440441981673062e-06,0.00089065595580183272,31.760867639349676,0.87964594300514243,1,0.0010299104254667697,-0.00012961549012770093,6.455879999794609e-05,-0.010787516057785143,-0.0021305942363412534,0.00030010915197156072
FREE_6DOF,robot_component_fluid,0.0014000000000000004,0.0012753650903060284,7.3675097352717778e-06,-5.747256935093444e-06,0.9973218838410538,0.003045117930459518,-0.029783039749311933,-0.06672898779250272,0.0060956784781068711,-0.059619311487580401,-0.13357724201217841,0.090846097508211363,0.028029562361327254,-0.014087547475664635,18.880484862744254,-140.8051535026716,-389.23924552298985,-2.7702418042137945e-05,0,0,9.8649812356129146e-08,-1.0055146360426846e-06,-3.5925503975375327e-06,9.3440441981673062e-06,0.00089065595580183272,31.760867639349676,0.87964594300514243,1,0.0010299104254667697,-0.00012961549012770093,6.455879999794609e-05,-0.010787516057785143,-0.0021305942363412534,0.00030010915197156072
FREE_6DOF,robot_component_fluid,0.0014000000000000004,0.0012753650903060284,7.3675097352717778e-06,-5.747256935093444e-06,0.9973218838410538,0.003045117930459518,-0.029783039749311933,-0.06672898779250272,0.0060956784781068711,-0.059619311487580401,-0.13357724201217841,0.090846097508211363,0.028029562361327254,-0.014087547475664635,18.880484862744254,-140.8051535026716,-389.23924552298985,-2.7702418042137945e-05,0,0,9.8649812356129146e-08,-1.0055146360426846e-06,-3.5925503975375327e-06,9.3440441981673062e-06,0.00089065595580183272,31.760867639349676,0.87964594300514243,1,0.0010299104254667697,-0.00012961549012770093,6.455879999794609e-05,-0.010787516057785143,-0.0021305942363412534,0.00030010915197156072
FREE_6DOF,robot_component_fluid,0.0014000000000000004,0.0012753650903060284,7.3675097352717778e-06,-5.747256935093444e-06,0.9973218838410538,0.003045117930459518,-0.029783039749311933,-0.06672898779250272,0.0060956784781068711,-0.059619311487580401,-0.13357724201217841,0.090846097508211363,0.028029562361327254,-0.014087547475664635,18.880484862744254,-140.8051535026716,-389.23924552298985,-2.7702418042137945e-05,0,0,9.8649812356129146e-08,-1.0055146360426846e-06,-3.5925503975375327e-06,9.3440441981673062e-06,0.00089065595580183272,31.760867639349676,0.87964594300514243,1,0.0010299104254667697,-0.00012961549012770093,6.455879999794609e-05,-0.010787516057785143,-0.0021305942363412534,0.00030010915197156072
FREE_6DOF,robot_component_fluid,0.0014000000000000004,0.0012753650903060284,7.3675097352717778e-06,-5.747256935093444e-06,0.9973218838410538,0.003045117930459518,-0.029783039749311933,-0.06672898779250272,0.0060956784781068711,-0.059619311487580401,-0.13357724201217841,0.090846097508211363,0.028029562361327254,-0.014087547475664635,18.880484862744254,-140.8051535026716,-389.23924552298985,-2.7702418042137945e-05,0,0,9.8649812356129146e-08,-1.0055146360426846e-06,-3.5925503975375327e-06,9.3440441981673062e-06,0.00089065595580183272,31.760867639349676,0.87964594300514243,1,0.0010299104254667697,-0.00012961549012770093,6.455879999794609e-05,-0.010787516057785143,-0.0021305942363412534,0.00030010915197156072
FREE_6DOF,robot_component_fluid,0.0014000000000000004,0.0012753650903060284,7.3675097352717778e-06,-5.747256935093444e-06,0.9973218838410538,0.003045117930459518,-0.029783039749311933,-0.06672898779250272,0.0060956784781068711,-0.059619311487580401,-0.13357724201217841,0.090846097508211363,0.028029562361327254,-0.014087547475664635,18.880484862744254,-140.8051535026716,-389.23924552298985,-2.7702418042137945e-05,0,0,9.8649812356129146e-08,-1.0055146360426846e-06,-3.5925503975375327e-06,9.3440441981673062e-06,0.00089065595580183272,31.760867639349676,0.87964594300514243,1,0.0010299104254667697,-0.00012961549012770093,6.455879999794609e-05,-0.010787516057785143,-0.0021305942363412534,0.00030010915197156072
FREE_6DOF,robot_component_fluid,0.0014000000000000004,0.0012753650903060284,7.3675097352717778e-06,-5.747256935093444e-06,0.9973218838410538,0.003045117930459518,-0.029783039749311933,-0.06672898779250272,0.0060956784781068711,-0.059619311487580401,-0.13357724201217841,0.090846097508211363,0.028029562361327254,-0.014087547475664635,18.880484862744254,-140.8051535026716,-389.23924552298985,-2.7702418042137945e-05,0,0,9.8649812356129146e-08,-1.0055146360426846e-06,-3.5925503975375327e-06,9.3440441981673062e-06,0.00089065595580183272,31.760867639349676,0.87964594300514243,1,0.0010299104254667697,-0.00012961549012770093,6.455879999794609e-05,-0.010787516057785143,-0.0021305942363412534,0.00030010915197156072
FREE_6DOF,robot_component_fluid,0.0014000000000000004,0.0012753650903060284,7.3675097352717778e-06,-5.747256935093444e-06,0.9973218838410538,0.003045117930459518,-0.029783039749311933,-0.06672898779250272,0.0060956784781068711,-0.059619311487580401,-0.13357724201217841,0.090846097508211363,0.028029562361327254,-0.014087547475664635,18.880484862744254,-140.8051535026716,-389.23924552298985,-2.7702418042137945e-05,0,0,9.8649812356129146e-08,-1.0055146360426846e-06,-3.5925503975375327e-06,9.3440441981673062e-06,0.00089065595580183272,31.760867639349676,0.87964594300514243,1,0.0010299104254667697,-0.00012961549012770093,6.455879999794609e-05,-0.010787516057785143,-0.0021305942363412534,0.00030010915197156072
FREE_6DOF,robot_component_fluid,0.0014000000000000004,0.0012753650903060284,7.3675097352717778e-06,-5.747256935093444e-06,0.9973218838410538,0.003045117930459518,-0.029783039749311933,-0.06672898779250272,0.0060956784781068711,-0.059619311487580401,-0.13357724201217841,0.090846097508211363,0.028029562361327254,-0.014087547475664635,18.880484862744254,-140.8051535026716,-389.23924552298985,-2.7702418042137945e-05,0,0,9.8649812356129146e-08,-1.0055146360426846e-06,-3.5925503975375327e-06,9.3440441981673062e-06,0.00089065595580183272,31.760867639349676,0.87964594300514243,1,0.0010299104254667697,-0.00012961549012770093,6.455879999794609e-05,-0.010787516057785143,-0.0021305942363412534,0.00030010915197156072
FREE_6DOF,robot_component_fluid,0.0014000000000000004,0.0012753650903060284,7.3675097352717778e-06,-5.747256935093444e-06,0.9973218838410538,0.003045117930459518,-0.029783039749311933,-0.06672898779250272,0.0060956784781068711,-0.059619311487580401,-0.13357724201217841,0.090846097508211363,0.028029562361327254,-0.014087547475664635,18.880484862744254,-140.8051535026716,-389.23924552298985,-2.7702418042137945e-05,0,0,9.8649812356129146e-08,-1.0055146360426846e-06,-3.5925503975375327e-06,9.3440441981673062e-06,0.00089065595580183272,31.760867639349676,0.87964594300514243,1,0.0010299104254667697,-0.00012961549012770093,6.455879999794609e-05,-0.010787516057785143,-0.0021305942363412534,0.00030010915197156072
FREE_6DOF,robot_component_fluid,0.0014000000000000004,0.0012753650903060284,7.3675097352717778e-06,-5.747256935093444e-06,0.9973218838410538,0.003045117930459518,-0.029783039749311933,-0.06672898779250272,0.0060956784781068711,-0.059619311487580401,-0.13357724201217841,0.090846097508211363,0.028029562361327254,-0.014087547475664635,18.880484862744254,-140.8051535026716,-389.23924552298985,-2.7702418042137945e-05,0,0,9.8649812356129146e-08,-1.0055146360426846e-06,-3.5925503975375327e-06,9.3440441981673062e-06,0.00089065595580183272,31.760867639349676,0.87964594300514243,1,0.0010299104254667697,-0.00012961549012770093,6.455879999794609e-05,-0.010787516057785143,-0.0021305942363412534,0.00030010915197156072
FREE_6DOF,robot_component_fluid,0.0014000000000000004,0.0012753650903060284,7.3675097352717778e-06,-5.747256935093444e-06,0.9973218838410538,0.003045117930459518,-0.029783039749311933,-0.06672898779250272,0.0060956784781068711,-0.059619311487580401,-0.13357724201217841,0.090846097508211363,0.028029562361327254,-0.014087547475664635,18.880484862744254,-140.8051535026716,-389.23924552298985,-2.7702418042137945e-05,0,0,9.8649812356129146e-08,-1.0055146360426846e-06,-3.5925503975375327e-06,9.3440441981673062e-06,0.00089065595580183272,31.760867639349676,0.87964594300514243,1,0.0010299104254667697,-0.00012961549012770093,6.455879999794609e-05,-0.010787516057785143,-0.0021305942363412534,0.00030010915197156072
FREE_6DOF,robot_component_fluid,0.0014000000000000004,0.0012753650903060284,7.3675097352717778e-06,-5.747256935093444e-06,0.9973218838410538,0.003045117930459518,-0.029783039749311933,-0.06672898779250272,0.0060956784781068711,-0.059619311487580401,-0.13357724201217841,0.090846097508211363,0.028029562361327254,-0.014087547475664635,18.880484862744254,-140.8051535026716,-389.23924552298985,-2.7702418042137945e-05,0,0,9.8649812356129146e-08,-1.0055146360426846e-06,-3.5925503975375327e-06,9.3440441981673062e-06,0.00089065595580183272,31.760867639349676,0.87964594300514243,1,0.0010299104254667697,-0.00012961549012770093,6.455879999794609e-05,-0.010787516057785143,-0.0021305942363412534,0.00030010915197156072
FREE_6DOF,robot_component_fluid,0.0014000000000000004,0.0012753650903060284,7.3675097352717778e-06,-5.747256935093444e-06,0.9973218838410538,0.003045117930459518,-0.029783039749311933,-0.06672898779250272,0.0060956784781068711,-0.059619311487580401,-0.13357724201217841,0.090846097508211363,0.028029562361327254,-0.014087547475664635,18.880484862744254,-140.8051535026716,-389.23924552298985,-2.7702418042137945e-05,0,0,9.8649812356129146e-08,-1.0055146360426846e-06,-3.5925503975375327e-06,9.3440441981673062e-06,0.00089065595580183272,31.760867639349676,0.87964594300514243,1,0.0010299104254667697,-0.00012961549012770093,6.455879999794609e-05,-0.010787516057785143,-0.0021305942363412534,0.00030010915197156072
FREE_6DOF,robot_component_fluid,0.0014000000000000004,0.0012753650903060284,7.3675097352717778e-06,-5.747256935093444e-06,0.9973218838410538,0.003045117930459518,-0.029783039749311933,-0.06672898779250272,0.0060956784781068711,-0.059619311487580401,-0.13357724201217841,0.090846097508211363,0.028029562361327254,-0.014087547475664635,18.880484862744254,-140.8051535026716,-389.23924552298985,-2.7702418042137945e-05,0,0,9.8649812356129146e-08,-1.0055146360426846e-06,-3.5925503975375327e-06,9.3440441981673062e-06,0.00089065595580183272,31.760867639349676,0.87964594300514243,1,0.0010299104254667697,-0.00012961549012770093,6.455879999794609e-05,-0.010787516057785143,-0.0021305942363412534,0.00030010915197156072
FREE_6DOF,robot_component_fluid,0.0014000000000000004,0.0012753650903060284,7.3675097352717778e-06,-5.747256935093444e-06,0.9973218838410538,0.003045117930459518,-0.029783039749311933,-0.06672898779250272,0.0060956784781068711,-0.059619311487580401,-0.13357724201217841,0.090846097508211363,0.028029562361327254,-0.014087547475664635,18.880484862744254,-140.8051535026716,-389.23924552298985,-2.7702418042137945e-05,0,0,9.8649812356129146e-08,-1.0055146360426846e-06,-3.5925503975375327e-06,9.3440441981673062e-06,0.00089065595580183272,31.760867639349676,0.87964594300514243,1,0.0010299104254667697,-0.00012961549012770093,6.455879999794609e-05,-0.010787516057785143,-0.0021305942363412534,0.00030010915197156072
FREE_6DOF,robot_component_fluid,0.0014250000000000005,0.0012753650903060284,7.3675097352717778e-06,-5.747256935093444e-06,0.9973218838410538,0.003045117930459518,-0.029783039749311933,-0.06672898779250272,0.0060956784781068711,-0.059619311487580401,-0.13357724201217841,0.090846097508211363,0.028029562361327254,-0.014087547475664635,18.880484862744254,-140.8051535026716,-389.23924552298985,-2.7702352383253724e-05,0,0,1.0116148375199029e-07,-9.9912076887567817e-07,-3.6197821975297426e-06,9.3440441981673062e-06,0.00089065595580183272,31.760717639349679,0.89535390627309142,1,0.0010299104254667697,-0.00012961549012770093,6.455879999794609e-05,-0.010782290635403015,-0.0021576928023769788,0.00029422852389093048
FREE_6DOF,robot_component_fluid,0.0014250000000000005,0.001277657483657491,8.0947195427170766e-06,-6.1097572594723602e-06,0.9969203347352058,0.0032582125718324138,-0.03157379789806989,-0.071710009960770607,0.0065231228644751851,-0.063212500242544573,-0.14356743007831779,0.092545370608789854,0.030147222234296597,-0.014912478474648629,19.943229402418712,-146.71228231406582,-409.73745082438603,-2.766073326429153e-05,0,0,1.0596734229117216e-07,-1.0378293733478406e-06,-3.7275321645224132e-06,1.0141677289527652e-05,0.00088985832271047238,31.763010032701143,0.89535390627309142,1,0.0010283258762295454,-0.00013992581668408451,6.8192056175129381e-05,-0.010782290635403015,-0.0021576928023769788,0.00029422852389093048
FREE_6DOF,robot_component_fluid,0.0014250000000000005,0.0012776574843878002,8.0947195427170766e-06,-6.1097572594723602e-06,0.99692015547794566,0.0032586063908472997,-0.031574587967216447,-0.071712136217788339,0.0065239117024367211,-0.063214085787568777,-0.14357169555428184,0.092545429033535007,0.030147222234296597,-0.014912478474648629,20.007820051270201,-146.84261365835746,-410.07708490097036,-2.766071429685845e-05,0,0,1.0596941276364229e-07,-1.0378460120904272e-06,-3.7275783084482797e-06,1.0141677289527652e-05,0.00088985832271047238,31.763010033431449,0.89535390627309142,1,0.0010283251710772193,-0.00013993023739852976,6.8193618572126845e-05,-0.010782290635403015,-0.0021576928023769788,0.00029422852389093048
FREE_6DOF,robot_component_fluid,0.0014250000000000005,0.0012776574843881331,8.0947195427170766e-06,-6.1097572594723602e-06,0.9969201554011321,0.0032586065616491324,-0.031574588306901172,-0.07171213712830396,0.0065239120445587974,-0.063214086469257427,-0.14357169738086625,0.092545429060161402,0.030147222234296597,-0.014912478474648629,20.007848039403481,-146.84266971098796,-410.07723033104332,-2.7660714288730929e-05,0,0,1.0596941365568085e-07,-1.0378460192427603e-06,-3.7275783282095134e-06,1.0141677289527652e-05,0.00088985832271047238,31.763010033431783,0.89535390627309142,1,0.0010283251707750619,-0.00013993023929174494,6.8193619243712937e-05,-0.010782290635403015,-0.0021576928023769788,0.00029422852389093048
FREE_6DOF,robot_component_fluid,0.0014250000000000005,0.0012776574843881333,8.0947195427170766e-06,-6.1097572594723602e-06,0.99692015540109924,0.0032586065617232086,-0.031574588307047215,-0.071712137128693856,0.0065239120447071744,-0.063214086469550526,-0.14357169738164843,0.09254542906017281,0.030147222234296597,-0.014912478474648629,20.007848051531141,-146.8426697350958,-410.07723039331586,-2.7660714288727453e-05,0,0,1.0596941365606516e-07,-1.037846019245835e-06,-3.7275783282179761e-06,1.0141677289527652e-05,0.00088985832271047238,31.763010033431783,0.89535390627309142,1,0.0010283251707749327,-0.00013993023929255574,6.8193619244001619e-05,-0.010782290635403015,-0.0021576928023769788,0.00029422852389093048
FREE_6DOF,robot_component_fluid,0.0014500000000000006,0.0012776574843881333,8.0947195427170766e-06,-6.1097572594723602e-06,0.99692015540109924,0.0032586065617232411,-0.031574588307047277,-0.071712137128694009,0.0065239120447072394,-0.063214086469550651,-0.14357169738164877,0.092545429060172824,0.030147222234296597,-0.014912478474648629,20.007848051536399,-146.8426697351062,-410.07723039334246,-2.7660648741888341e-05,0,0,1.0861275250430499e-07,-1.0313772568059231e-06,-3.754164927030123e-06,1.0141677289527652e-05,0.00088985832271047238,31.762860033431782,0.9110618695410404,1,0.0010283251707749327,-0.00013993023929255606,6.8193619244001741e-05,-0.010777102203139979,-0.0021842530949347117,0.00028828201529668281
FREE_6DOF,robot_component_fluid,0.0014500000000000006,0.0012799932424807159,8.876418521695996e-06,-6.4931276341947996e-06,0.99646747707148242,0.0034831137919011947,-0.0334406500272268,-0.076955558492313461,0.0069744419782113041,-0.066960164744218495,-0.15409260497129104,0.094315218346436067,0.032388696084016989,-0.01575715150314656,21.124991959563353,-152.93871551692718,-431.32294438776432,-2.7613482088507465e-05,0,0,1.1373351646174424e-07,-1.0715483555401694e-06,-3.8670989585763556e-06,1.0997795790350532e-05,0.00088900220420964947,31.765195791524366,0.9110618695410404,1,0.0010265338054559702,-0.00015077237705703704,7.1968986348405268e-05,-0.010777102203139979,-0.0021842530949347117,0.00028828201529668281
FREE_6DOF,robot_component_fluid,0.0014500000000000006,0.0012799932433083703,8.876418521695996e-06,-6.4931276341947996e-06,0.99646727606155505,0.0034835296708029774,-0.033441471575537736,-0.07695778543045384,0.0069752751849403421,-0.066961814272409326,-0.15409707444153092,0.094315284558786822,0.032388696084016989,-0.01575715150314656,21.193213125834454,-153.0746473776444,-431.67870521200155,-2.7613460763119771e-05,0,0,1.1373571197386003e-07,-1.0715655400940761e-06,-3.8671470856042651e-06,1.0997795790350532e-05,0.00088900220420964947,31.765195792352021,0.9110618695410404,1,0.0010265330126692487,-0.00015077700340963344,7.1970602098143211e-05,-0.010777102203139979,-0.0021842530949347117,0.00028828201529668281
FREE_6DOF,robot_component_fluid,0.0014500000000000006,0.0012799932433087446,8.876418521695996e-06,-6.4931276341947996e-06,0.99646727597584162,0.003483529850391106,-0.033441471927074994,-0.076957786379404286,0.0069752755447397754,-0.06696181497822927,-0.15409707634607989,0.094315284588723319,0.032388696084016989,-0.01575715150314656,21.193242556844798,-153.07470556304688,-431.678856798857,-2.7613460754026646e-05,0,0,1.1373571291521624e-07,-1.0715655474456133e-06,-3.8671471061137838e-06,1.0997795790350532e-05,0.00088900220420964947,31.765195792352394,0.9110618695410404,1,0.0010265330123312045,-0.00015077700538121102,7.1970602789329862e-05,-0.010777102203139979,-0.0021842530949347117,0.00028828201529668281
FREE_6DOF,robot_component_fluid,0.0014500000000000006,0.0012799932433087448,8.876418521695996e-06,-6.4931276341947996e-06,0.99646727597580509,0.003483529850468656,-0.033441471927225415,-0.076957786379808643,0.0069752755448951433,-0.066961814978531292,-0.15409707634689143,0.094315284588736073,0.032388696084016989,-0.01575715150314656,21.193242569541511,-153.07470558795407,-431.67885686344749,-2.761346075402277e-05,0,0,1.1373571291561991e-07,-1.0715655474487586e-06,-3.8671471061225244e-06,1.0997795790350532e-05,0.00088900220420964947,31.765195792352394,0.9110618695410404,1,0.0010265330123310605,-0.00015077700538205122,7.1970602789625564e-05,-0.010777102203139979,-0.0021842530949347117,0.00028828201529668281
FREE_6DOF,robot_component_fluid,0.0014750000000000006,0.0012799932433087448,8.876418521695996e-06,-6.4931276341947996e-06,0.99646727597580509,0.0034835298504686889,-0.033441471927225477,-0.076957786379808837,0.0069752755448952101,-0.066961814978531417,-0.15409707634689182,0.094315284588736087,0.032388696084016989,-0.01575715150314656,21.193242569546982,-153.0747055879647,-431.67885686347483,-2.7613395332602979e-05,0,0,1.1651438943232529e-07,-1.0650249031091188e-06,-3.8930774767995933e-06,1.0997795790350532e-05,0.00088900220420964947,31.765045792352396,0.92676983280898939,1,0.0010265330123310605,-0.00015077700538205163,7.19706027896257e-05,-0.010771955872528032,-0.0022102691301470571,0.0002822712394626613
FREE_6DOF,robot_component_fluid,0.0014750000000000006,0.0012823743417907701,9.7156490466759535e-06,-6.8977105130292264e-06,0.99595798211426689,0.0037199451444902033,-0.035385195203521007,-0.082472709616020365,0.0074499305806111334,-0.070865896567873371,-0.16516801661559288,0.096172593973284939,0.034749745914379578,-0.016609478803607587,22.366536439073354,-159.38691737034361,-453.68559882989371,-2.7560081881283631e-05,0,0,1.2196429233426026e-07,-1.1066840147143547e-06,-4.011303247390763e-06,1.1915210729136488e-05,0.00088808478927086354,31.767426890834422,0.92676983280898939,1,0.0010245125480062888,-0.00016216690912550084,7.589091504064206e-05,-0.010771955872528032,-0.0022102691301470571,0.0002822712394626613
FREE_6DOF,robot_component_fluid,0.0014750000000000006,0.001282374342726285,9.7156490466759535e-06,-6.8977105130292264e-06,0.99595775724582225,0.0037203838348037802,-0.035386048953143949,-0.082475039045030285,0.0074508097048217948,-0.070867611693428853,-0.16517269416494984,0.096172668814484941,0.034749745914379578,-0.016609478803607587,22.438503811987651,-159.52863338744339,-454.05779455685615,-2.7560057968987124e-05,0,0,1.2196661676052855e-07,-1.1067017431301744e-06,-4.0113533621422654e-06,1.1915210729136488e-05,0.00088808478927086354,31.767426891769937,0.92676983280898939,1,0.0010245116590805938,-0.00016217174385720049,7.5892584127870989e-05,-0.010771955872528032,-0.0022102691301470571,0.0002822712394626613
FREE_6DOF,robot_component_fluid,0.0014750000000000006,0.0012823743427267048,9.7156490466759535e-06,-6.8977105130292264e-06,0.99595775715044321,0.0037203840233506493,-0.035386049316575137,-0.082475040032379154,0.0074508100826617884,-0.070867612423529541,-0.16517269614757388,0.096172668848052922,0.034749745914379578,-0.016609478803607587,22.438534710430453,-159.52869373859789,-454.05795230234764,-2.7560057958845023e-05,0,0,1.2196661775195692e-07,-1.1067017506749507e-06,-4.0113533833855324e-06,1.1915210729136488e-05,0.00088808478927086354,31.767426891770356,0.92676983280898939,1,0.0010245116587035666,-0.00016217174590665178,7.5892584838159845e-05,-0.010771955872528032,-0.0022102691301470571,0.0002822712394626613
FREE_6DOF,robot_component_fluid,0.0015000000000000007,0.0012823743427267048,9.7156490466759535e-06,-6.8977105130292264e-06,0.99595775715040269,0.0037203840234316843,-0.035386049316729853,-0.082475040032797653,0.0074508100828241776,-0.070867612423840348,-0.16517269614841423,0.096172668848067161,0.034749745914379578,-0.016609478803607587,22.438534723696353,-159.52869376430002,-454.05795236920409,-2.7559992677637063e-05,0,0,1.2488423239914073e-07,-1.1000924632174945e-06,-4.0366165963762818e-06,1.1915210729136488e-05,0.00088808478927086354,31.767276891770354,0.94247779607693838,1,0.0010245116587034066,-0.0001621717459075205,7.5892584838462135e-05,-0.010766856712364515,-0.0022357350703991613,0.00027619781027081848
FREE_6DOF,robot_component_fluid,0.0015000000000000007,0.0012848035640065959,1.0615335801288861e-05,-7.3238679116433643e-06,0.99538584537086594,0.0039692299420224933,-0.037409893522946602,-0.088270968702034922,0.0079506922242627669,-0.074935076548332674,-0.17681397015004024,0.098165033543219718,0.037225194454653061,-0.017483113085523458,23.673646582687169,-166.05182489351856,-476.89010101159204,-2.7499878327676536e-05,0,0,1.3067761295054566e-07,-1.143264275304346e-06,-4.1602389959333266e-06,1.2896681563926604e-05,0.00088710331843607339,31.769706113050244,0.94247779607693838,1,0.0010222377654008886,-0.00017412567322337547,7.9960611153653767e-05,-0.010766856712364515,-0.0022357350703991613,0.00027619781027081848
FREE_6DOF,robot_component_fluid,0.0015000000000000007,0.0012848035650614492,1.0615335801288861e-05,-7.3238679116433643e-06,0.99538559438537377,0.0039696921683907219,-0.037410780189958449,-0.088273402334695911,0.0079516187681672994,-0.074936858897764164,-0.1768188597402256,0.098165117931492782,0.037225194454653061,-0.017483113085523458,23.749469451977248,-166.19951404117097,-477.27902875794996,-2.7499851583523799e-05,0,0,1.3068006988110002e-07,-1.1432825438474552e-06,-4.1602910970099772e-06,1.2896681563926604e-05,0.00088710331843607339,31.769706114105098,0.94247779607693838,1,0.0010222367712382685,-0.00017413071868486307,7.9962333395264593e-05,-0.010766856712364515,-0.0022357350703991613,0.00027619781027081848
FREE_6DOF,robot_component_fluid,0.0015000000000000007,0.0012848035650619186,1.0615335801288861e-05,-7.3238679116433643e-06,0.995385594279528,0.0039696923660365417,-0.037410780565291242,-0.088273403360273298,0.0079516191643492305,-0.074936859652236135,-0.17681886180079315,0.098165117969036111,0.037225194454653061,-0.017483113085523458,23.749501836270625,-166.19957658757139,-477.279192644288,-2.7499851572245773e-05,0,0,1.3068007092311471e-07,-1.1432825515782707e-06,-4.1602911189682713e-06,1.2896681563926604e-05,0.00088710331843607339,31.769706114105567,0.94247779607693838,1,0.0010222367708190292,-0.00017413072081135208,7.9962334124038907e-05,-0.010766856712364515,-0.0022357350703991613,0.00027619781027081848
FREE_6DOF,robot_component_fluid,0.0015000000000000007,0.0012848035650619189,1.0615335801288861e-05,-7.3238679116433643e-06,0.99538559427948337,0.0039696923661210522,-0.037410780565450136,-0.088273403360705507,0.0079516191645186297,-0.074936859652555518,-0.17681886180166151,0.098165117969051946,0.037225194454653061,-0.017483113085523458,23.749501850102092,-166.19957661406093,-477.27919271334696,-2.7499851572241012e-05,0,0,1.3068007092355668e-07,-1.1432825515815426e-06,-4.160291118977526e-06,1.2896681563926604e-05,0.00088710331843607339,31.769706114105567,0.94247779607693838,1,0.0010222367708188523,-0.00017413072081224836,7.9962334124347321e-05,-0.010766856712364515,-0.0022357350703991613,0.00027619781027081848
FREE_6DOF,robot_component_fluid,0.0015000000000000007,0.0012848035650619189,1.0615335801288861e-05,-7.3238679116433643e-06,0.99538559427948337,0.0039696923661210878,-0.037410780565450198,-0.088273403360705688,0.0079516191645187008,-0.074936859652555657,-0.17681886180166187,0.09816511796905196,0.037225194454653061,-0.017483113085523458,23.749501850107965,-166.19957661407219,-477.27919271337595,-2.7499851572241012e-05,0,0,1.3068007092355686e-07,-1.1432825515815439e-06,-4.1602911189775294e-06,1.2896681563926604e-05,0.00088710331843607339,31.769706114105567,0.94247779607693838,1,0.0010222367708188523,-0.00017413072081224874,7.9962334124347443e-05,-0.010766856712364515,-0.0022357350703991613,0.00027619781027081848
FREE_6DOF,robot_component_fluid,0.0015000000000000007,0.0012848035650619189,1.0615335801288861e-05,-7.3238679116433643e-06,0.99538559427948337,0.0039696923661210878,-0.037410780565450198,-0.088273403360705688,0.0079516191645187008,-0.074936859652555657,-0.17681886180166187,0.09816511796905196,0.037225194454653061,-0.017483113085523458,23.749501850107979,-166.19957661407219,-477.27919271337595,-2.7499851572241012e-05,0,0,1.3068007092355686e-07,-1.1432825515815439e-06,-4.1602911189775294e-06,1.2896681563926604e-05,0.00088710331843607339,31.769706114105567,0.94247779607693838,1,0.0010222367708188523,-0.00017413072081224874,7.9962334124347443e-05,-0.010766856712364515,-0.0022357350703991613,0.00027619781027081848
FREE_6DOF,robot_component_fluid,0.0015000000000000007,0.0012848035650619189,1.0615335801288861e-05,-7.3238679116433643e-06,0.99538559427948337,0.0039696923661210878,-0.037410780565450198,-0.088273403360705688,0.0079516191645187008,-0.074936859652555657,-0.17681886180166187,0.09816511796905196,0.037225194454653061,-0.017483113085523458,23.749501850107979,-166.19957661407219,-477.27919271337595,-2.7499851572241012e-05,0,0,1.3068007092355686e-07,-1.1432825515815439e-06,-4.1602911189775294e-06,1.2896681563926604e-05,0.00088710331843607339,31.769706114105567,0.94247779607693838,1,0.0010222367708188523,-0.00017413072081224874,7.9962334124347443e-05,-0.010766856712364515,-0.0022357350703991613,0.00027619781027081848
FREE_6DOF,robot_component_fluid,0.0015000000000000007,0.0012848035650619189,1.0615335801288861e-05,-7.3238679116433643e-06,0.99538559427948337,0.0039696923661210878,-0.037410780565450198,-0.088273403360705688,0.0079516191645187008,-0.074936859652555657,-0.17681886180166187,0.09816511796905196,0.037225194454653061,-0.017483113085523458,23.749501850107979,-166.19957661407219,-477.27919271337595,-2.7499851572241012e-05,0,0,1.3068007092355686e-07,-1.1432825515815439e-06,-4.1602911189775294e-06,1.2896681563926604e-05,0.00088710331843607339,31.769706114105567,0.94247779607693838,1,0.0010222367708188523,-0.00017413072081224874,7.9962334124347443e-05,-0.010766856712364515,-0.0022357350703991613,0.00027619781027081848
FREE_6DOF,robot_component_fluid,0.0015000000000000007,0.0012848035650619189,1.0615335801288861e-05,-7.3238679116433643e-06,0.99538559427948337,0.0039696923661210878,-0.037410780565450198,-0.088273403360705688,0.0079516191645187008,-0.074936859652555657,-0.17681886180166187,0.09816511796905196,0.037225194454653061,-0.017483113085523458,23.749501850107979,-166.19957661407219,-477.27919271337595,-2.7499851572241012e-05,0,0,1.3068007092355686e-07,-1.1432825515815439e-06,-4.1602911189775294e-06,1.2896681563926604e-05,0.00088710331843607339,31.769706114105567,0.94247779607693838,1,0.0010222367708188523,-0.00017413072081224874,7.9962334124347443e-05,-0.010766856712364515,-0.0022357350703991613,0.00027619781027081848
FREE_6DOF,robot_component_fluid,0.0015000000000000007,0.0012848035650619189,1.0615335801288861e-05,-7.3238679116433643e-06,0.99538559427948337,0.0039696923661210878,-0.037410780565450198,-0.088273403360705688,0.0079516191645187008,-0.074936859652555657,-0.17681886180166187,0.09816511796905196,0.037225194454653061,-0.017483113085523458,23.749501850107979,-166.19957661407219,-477.27919271337595,-2.7499851572241012e-05,0,0,1.3068007092355686e-07,-1.1432825515815439e-06,-4.1602911189775294e-06,1.2896681563926604e-05,0.00088710331843607339,31.769706114105567,0.94247779607693838,1,0.0010222367708188523,-0.00017413072081224874,7.9962334124347443e-05,-0.010766856712364515,-0.0022357350703991613,0.00027619781027081848
FREE_6DOF,robot_component_fluid,0.0015000000000000007,0.0012848035650619189,1.0615335801288861e-05,-7.3238679116433643e-06,0.99538559427948337,0.0039696923661210878,-0.037410780565450198,-0.088273403360705688,0.0079516191645187008,-0.074936859652555657,-0.17681886180166187,0.09816511796905196,0.037225194454653061,-0.017483113085523458,23.749501850107979,-166.19957661407219,-477.27919271337595,-2.7499851572241012e-05,0,0,1.3068007092355686e-07,-1.1432825515815439e-06,-4.1602911189775294e-06,1.2896681563926604e-05,0.00088710331843607339,31.769706114105567,0.94247779607693838,1,0.0010222367708188523,-0.00017413072081224874,7.9962334124347443e-05,-0.010766856712364515,-0.0022357350703991613,0.00027619781027081848
FREE_6DOF,robot_component_fluid,0.0015000000000000007,0.0012848035650619189,1.0615335801288861e-05,-7.3238679116433643e-06,0.99538559427948337,0.0039696923661210878,-0.037410780565450198,-0.088273403360705688,0.0079516191645187008,-0.074936859652555657,-0.17681886180166187,0.09816511796905196,0.037225194454653061,-0.017483113085523458,23.749501850107979,-166.19957661407219,-477.27919271337595,-2.7499851572241012e-05,0,0,1.3068007092355686e-07,-1.1432825515815439e-06,-4.1602911189775294e-06,1.2896681563926604e-05,0.00088710331843607339,31.769706114105567,0.94247779607693838,1,0.0010222367708188523,-0.00017413072081224874,7.9962334124347443e-05,-0.010766856712364515,-0.0022357350703991613,0.00027619781027081848
FREE_6DOF,robot_component_fluid,0.0015000000000000007,0.0012848035650619189,1.0615335801288861e-05,-7.3238679116433643e-06,0.99538559427948337,0.0039696923661210878,-0.037410780565450198,-0.088273403360705688,0.0079516191645187008,-0.074936859652555657,-0.17681886180166187,0.09816511796905196,0.037225194454653061,-0.017483113085523458,23.749501850107979,-166.19957661407219,-477.27919271337595,-2.7499851572241012e-05,0,0,1.3068007092355686e-07,-1.1432825515815439e-06,-4.1602911189775294e-06,1.2896681563926604e-05,0.00088710331843607339,31.769706114105567,0.94247779607693838,1,0.0010222367708188523,-0.00017413072081224874,7.9962334124347443e-05,-0.010766856712364515,-0.0022357350703991613,0.00027619781027081848
FREE_6DOF,robot_component_fluid,0.0015000000000000007,0.0012848035650619189,1.0615335801288861e-05,-7.3238679116433643e-06,0.99538559427948337,0.0039696923661210878,-0.037410780565450198,-0.088273403360705688,0.0079516191645187008,-0.074936859652555657,-0.17681886180166187,0.09816511796905196,0.037225194454653061,-0.017483113085523458,23.749501850107979,-166.19957661407219,-477.27919271337595,-2.7499851572241012e-05,0,0,1.3068007092355686e-07,-1.1432825515815439e-06,-4.1602911189775294e-06,1.2896681563926604e-05,0.00088710331843607339,31.769706114105567,0.94247779607693838,1,0.0010222367708188523,-0.00017413072081224874,7.9962334124347443e-05,-0.010766856712364515,-0.0022357350703991613,0.00027619781027081848
FREE_6DOF,robot_component_fluid,0.0015000000000000007,0.0012848035650619189,1.0615335801288861e-05,-7.3238679116433643e-06,0.99538559427948337,0.0039696923661210878,-0.037410780565450198,-0.088273403360705688,0.0079516191645187008,-0.074936859652555657,-0.17681886180166187,0.09816511796905196,0.037225194454653061,-0.017483113085523458,23.749501850107979,-166.19957661407219,-477.27919271337595,-2.7499851572241012e-05,0,0,1.3068007092355686e-07,-1.1432825515815439e-06,-4.1602911189775294e-06,1.2896681563926604e-05,0.00088710331843607339,31.769706114105567,0.94247779607693838,1,0.0010222367708188523,-0.00017413072081224874,7.9962334124347443e-05,-0.010766856712364515,-0.0022357350703991613,0.00027619781027081848
FREE_6DOF,robot_component_fluid,0.0015000000000000007,0.0012848035650619189,1.0615335801288861e-05,-7.3238679116433643e-06,0.99538559427948337,0.0039696923661210878,-0.037410780565450198,-0.088273403360705688,0.0079516191645187008,-0.074936859652555657,-0.17681886180166187,0.09816511796905196,0.037225194454653061,-0.017483113085523458,23.749501850107979,-166.19957661407219,-477.27919271337595,-2.7499851572241012e-05,0,0,1.3068007092355686e-07,-1.1432825515815439e-06,-4.1602911189775294e-06,1.2896681563926604e-05,0.00088710331843607339,31.769706114105567,0.94247779607693838,1,0.0010222367708188523,-0.00017413072081224874,7.9962334124347443e-05,-0.010766856712364515,-0.0022357350703991613,0.00027619781027081848
FREE_6DOF,robot_component_fluid,0.0015000000000000007,0.0012848035650619189,1.0615335801288861e-05,-7.3238679116433643e-06,0.99538559427948337,0.0039696923661210878,-0.037410780565450198,-0.088273403360705688,0.0079516191645187008,-0.074936859652555657,-0.17681886180166187,0.09816511796905196,0.037225194454653061,-0.017483113085523458,23.749501850107979,-166.19957661407219,-477.27919271337595,-2.7499851572241012e-05,0,0,1.3068007092355686e-07,-1.1432825515815439e-06,-4.1602911189775294e-06,1.2896681563926604e-05,0.00088710331843607339,31.769706114105567,0.94247779607693838,1,0.0010222367708188523,-0.00017413072081224874,7.9962334124347443e-05,-0.010766856712364515,-0.0022357350703991613,0.00027619781027081848
FREE_6DOF,robot_component_fluid,0.0015000000000000007,0.0012848035650619189,1.0615335801288861e-05,-7.3238679116433643e-06,0.99538559427948337,0.0039696923661210878,-0.037410780565450198,-0.088273403360705688,0.0079516191645187008,-0.074936859652555657,-0.17681886180166187,0.09816511796905196,0.037225194454653061,-0.017483113085523458,23.749501850107979,-166.19957661407219,-477.27919271337595,-2.7499851572241012e-05,0,0,1.3068007092355686e-07,-1.1432825515815439e-06,-4.1602911189775294e-06,1.2896681563926604e-05,0.00088710331843607339,31.769706114105567,0.94247779607693838,1,0.0010222367708188523,-0.00017413072081224874,7.9962334124347443e-05,-0.010766856712364515,-0.0022357350703991613,0.00027619781027081848
FREE_6DOF,robot_component_fluid,0.0015000000000000007,0.0012848035650619189,1.0615335801288861e-05,-7.3238679116433643e-06,0.99538559427948337,0.0039696923661210878,-0.037410780565450198,-0.088273403360705688,0.0079516191645187008,-0.074936859652555657,-0.17681886180166187,0.09816511796905196,0.037225194454653061,-0.017483113085523458,23.749501850107979,-166.19957661407219,-477.27919271337595,-2.7499851572241012e-05,0,0,1.3068007092355686e-07,-1.1432825515815439e-06,-4.1602911189775294e-06,1.2896681563926604e-05,0.00088710331843607339,31.769706114105567,0.94247779607693838,1,0.0010222367708188523,-0.00017413072081224874,7.9962334124347443e-05,-0.010766856712364515,-0.0022357350703991613,0.00027619781027081848
FREE_6DOF,robot_component_fluid,0.0015000000000000007,0.0012848035650619189,1.0615335801288861e-05,-7.3238679116433643e-06,0.99538559427948337,0.0039696923661210878,-0.037410780565450198,-0.088273403360705688,0.0079516191645187008,-0.074936859652555657,-0.17681886180166187,0.09816511796905196,0.037225194454653061,-0.017483113085523458,23.749501850107979,-166.19957661407219,-477.27919271337595,-2.7499851572241012e-05,0,0,1.3068007092355686e-07,-1.1432825515815439e-06,-4.1602911189775294e-06,1.2896681563926604e-05,0.00088710331843607339,31.769706114105567,0.94247779607693838,1,0.0010222367708188523,-0.00017413072081224874,7.9962334124347443e-05,-0.010766856712364515,-0.0022357350703991613,0.00027619781027081848
FREE_6DOF,robot_component_fluid,0.0015250000000000007,0.0012848035650619189,1.0615335801288861e-05,-7.3238679116433643e-06,0.99538559427948337,0.0039696923661210878,-0.037410780565450198,-0.088273403360705688,0.0079516191645187008,-0.074936859652555657,-0.17681886180166187,0.09816511796905196,0.037225194454653061,-0.017483113085523458,23.749501850107979,-166.19957661407219,-477.27919271337595,-2.7499786447606066e-05,0,0,1.3374014445110187e-07,-1.1366081046723773e-06,-4.1848763621608075e-06,1.2896681563926604e-05,0.00088710331843607339,31.769556114105566,0.95818575934488737,1,0.0010222367708188523,-0.00017413072081224874,7.9962334124347443e-05,-0.010761809743746893,-0.0022606452244784197,0.00027006334152809662
FREE_6DOF,robot_component_fluid,0.0015250000000000007,0.0012872839527442251,1.1578151373549317e-05,-7.7723198862931975e-06,0.99474451420152032,0.0042315030167390149,-0.039517218560318236,-0.09436013610342453,0.0084778630064256087,-0.079173183623898261,-0.18905157434319939,0.10026589661542731,0.039800051326183437,-0.018393044886463272,25.046033512715049,-172.94747735695051,-500.93556299734627,-2.7432158948442049e-05,0,0,1.3989103887596095e-07,-1.1813142179064233e-06,-4.3139938708016562e-06,1.3944982812599327e-05,0.00088605501718740066,31.772036501787873,0.95818575934488737,1,0.0010196829579560219,-0.00018666492990025046,8.4180565588232631e-05,-0.010761809743746893,-0.0022606452244784197,0.00027006334152809662
FREE_6DOF,robot_component_fluid,0.0015250000000000007,0.0012872839539309149,1.1578151373549317e-05,-7.7723198862931975e-06,0.99474423468897588,0.0042319894266376725,-0.039518138806474694,-0.094362675480344049,0.0084788383259501218,-0.079175034742174882,-0.18905667967077258,0.10026599155062782,0.039800051326183437,-0.018393044886463272,25.125806453273107,-173.10132595576496,-501.34149777001147,-2.7432129111791944e-05,0,0,1.3989363140695828e-07,-1.1813330199764321e-06,-4.3140479487981197e-06,1.3944982812599327e-05,0.00088605501718740066,31.772036502974565,0.95818575934488737,1,0.0010196818488764324,-0.00018667018786645576,8.4182340530570743e-05,-0.010761809743746893,-0.0022606452244784197,0.00027006334152809662
FREE_6DOF,robot_component_fluid,0.0015250000000000007,0.0012872839539314386,1.1578151373549317e-05,-7.7723198862931975e-06,0.99474423457183292,0.0042319896334672216,-0.039518139193659763,-0.094362676543806673,0.0084788387406673407,-0.079175035521003717,-0.18905668180883228,0.10026599159251239,0.039800051326183437,-0.018393044886463272,25.125840331885573,-173.10139071940324,-501.34166775371688,-2.7432129099288169e-05,0,0,1.3989363249973521e-07,-1.1813330278843762e-06,-4.3140479714476156e-06,1.3944982812599327e-05,0.00088605501718740066,31.772036502975087,0.95818575934488737,1,0.0010196818484116451,-0.0001866701900687076,8.4182341277049848e-05,-0.010761809743746893,-0.0022606452244784197,0.00027006334152809662
FREE_6DOF,robot_component_fluid,0.0015250000000000007,0.0012872839539314388,1.1578151373549317e-05,-7.7723198862931975e-06,0.99474423457178374,0.0042319896335551686,-0.039518139193822674,-0.094362676544252025,0.0084788387408436805,-0.079175035521331399,-0.18905668180972765,0.10026599159252993,0.039800051326183437,-0.018393044886463272,25.125840346273399,-173.10139074666731,-501.34166782489723,-2.7432129099282921e-05,0,0,1.3989363250019578e-07,-1.181333027887702e-06,-4.3140479714570998e-06,1.3944982812599327e-05,0.00088605501718740066,31.772036502975087,0.95818575934488737,1,0.00101968184841145,-0.00018667019006962996,8.4182341277363779e-05,-0.010761809743746893,-0.0022606452244784197,0.00027006334152809662
FREE_6DOF,robot_component_fluid,0.0015250000000000007,0.0012872839539314388,1.1578151373549317e-05,-7.7723198862931975e-06,0.99474423457178374,0.0042319896335552059,-0.039518139193822743,-0.094362676544252233,0.0084788387408437551,-0.079175035521331538,-0.18905668180972804,0.10026599159252994,0.039800051326183437,-0.018393044886463272,25.125840346279535,-173.10139074667879,-501.34166782492719,-2.7432129099282921e-05,0,0,1.3989363250019597e-07,-1.1813330278877033e-06,-4.3140479714571049e-06,1.3944982812599327e-05,0.00088605501718740066,31.772036502975087,0.95818575934488737,1,0.00101968184841145,-0.00018667019006963039,8.4182341277363901e-05,-0.010761809743746893,-0.0022606452244784197,0.00027006334152809662
FREE_6DOF,robot_component_fluid,0.0015250000000000007,0.0012872839539314388,1.1578151373549317e-05,-7.7723198862931975e-06,0.99474423457178374,0.0042319896335552059,-0.039518139193822743,-0.094362676544252233,0.0084788387408437551,-0.079175035521331538,-0.18905668180972804,0.10026599159252994,0.039800051326183437,-0.018393044886463272,25.125840346279549,-173.10139074667879,-501.34166782492719,-2.7432129099282921e-05,0,0,1.3989363250019597e-07,-1.1813330278877033e-06,-4.3140479714571049e-06,1.3944982812599327e-05,0.00088605501718740066,31.772036502975087,0.95818575934488737,1,0.00101968184841145,-0.00018667019006963039,8.4182341277363901e-05,-0.010761809743746893,-0.0022606452244784197,0.00027006334152809662
FREE_6DOF,robot_component_fluid,0.0015250000000000007,0.0012872839539314388,1.1578151373549317e-05,-7.7723198862931975e-06,0.99474423457178374,0.0042319896335552059,-0.039518139193822743,-0.094362676544252233,0.0084788387408437551,-0.079175035521331538,-0.18905668180972804,0.10026599159252994,0.039800051326183437,-0.018393044886463272,25.125840346279549,-173.10139074667879,-501.34166782492719,-2.7432129099282921e-05,0,0,1.3989363250019597e-07,-1.1813330278877033e-06,-4.3140479714571049e-06,1.3944982812599327e-05,0.00088605501718740066,31.772036502975087,0.95818575934488737,1,0.00101968184841145,-0.00018667019006963039,8.4182341277363901e-05,-0.010761809743746893,-0.0022606452244784197,0.00027006334152809662
FREE_6DOF,robot_component_fluid,0.0015250000000000007,0.0012872839539314388,1.1578151373549317e-05,-7.7723198862931975e-06,0.99474423457178374,0.0042319896335552059,-0.039518139193822743,-0.094362676544252233,0.0084788387408437551,-0.079175035521331538,-0.18905668180972804,0.10026599159252994,0.039800051326183437,-0.018393044886463272,25.125840346279549,-173.10139074667879,-501.34166782492719,-2.7432129099282921e-05,0,0,1.3989363250019597e-07,-1.1813330278877033e-06,-4.3140479714571049e-06,1.3944982812599327e-05,0.00088605501718740066,31.772036502975087,0.95818575934488737,1,0.00101968184841145,-0.00018667019006963039,8.4182341277363901e-05,-0.010761809743746893,-0.0022606452244784197,0.00027006334152809662
FREE_6DOF,robot_component_fluid,0.0015250000000000007,0.0012872839539314388,1.1578151373549317e-05,-7.7723198862931975e-06,0.99474423457178374,0.0042319896335552059,-0.039518139193822743,-0.094362676544252233,0.0084788387408437551,-0.079175035521331538,-0.18905668180972804,0.10026599159252994,0.039800051326183437,-0.018393044886463272,25.125840346279549,-173.10139074667879,-501.34166782492719,-2.7432129099282921e-05,0,0,1.3989363250019597e-07,-1.1813330278877033e-06,-4.3140479714571049e-06,1.3944982812599327e-05,0.00088605501718740066,31.772036502975087,0.95818575934488737,1,0.00101968184841145,-0.00018667019006963039,8.4182341277363901e-05,-0.010761809743746893,-0.0022606452244784197,0.00027006334152809662
FREE_6DOF,robot_component_fluid,0.0015250000000000007,0.0012872839539314388,1.1578151373549317e-05,-7.7723198862931975e-06,0.99474423457178374,0.0042319896335552059,-0.039518139193822743,-0.094362676544252233,0.0084788387408437551,-0.079175035521331538,-0.18905668180972804,0.10026599159252994,0.039800051326183437,-0.018393044886463272,25.125840346279549,-173.10139074667879,-501.34166782492719,-2.7432129099282921e-05,0,0,1.3989363250019597e-07,-1.1813330278877033e-06,-4.3140479714571049e-06,1.3944982812599327e-05,0.00088605501718740066,31.772036502975087,0.95818575934488737,1,0.00101968184841145,-0.00018667019006963039,8.4182341277363901e-05,-0.010761809743746893,-0.0022606452244784197,0.00027006334152809662
FREE_6DOF,robot_component_fluid,0.0015250000000000007,0.0012872839539314388,1.1578151373549317e-05,-7.7723198862931975e-06,0.99474423457178374,0.0042319896335552059,-0.039518139193822743,-0.094362676544252233,0.0084788387408437551,-0.079175035521331538,-0.18905668180972804,0.10026599159252994,0.039800051326183437,-0.018393044886463272,25.125840346279549,-173.10139074667879,-501.34166782492719,-2.7432129099282921e-05,0,0,1.3989363250019597e-07,-1.1813330278877033e-06,-4.3140479714571049e-06,1.3944982812599327e-05,0.00088605501718740066,31.772036502975087,0.95818575934488737,1,0.00101968184841145,-0.00018667019006963039,8.4182341277363901e-05,-0.010761809743746893,-0.0022606452244784197,0.00027006334152809662
FREE_6DOF,robot_component_fluid,0.0015250000000000007,0.0012872839539314388,1.1578151373549317e-05,-7.7723198862931975e-06,0.99474423457178374,0.0042319896335552059,-0.039518139193822743,-0.094362676544252233,0.0084788387408437551,-0.079175035521331538,-0.18905668180972804,0.10026599159252994,0.039800051326183437,-0.018393044886463272,25.125840346279549,-173.10139074667879,-501.34166782492719,-2.7432129099282921e-05,0,0,1.3989363250019597e-07,-1.1813330278877033e-06,-4.3140479714571049e-06,1.3944982812599327e-05,0.00088605501718740066,31.772036502975087,0.95818575934488737,1,0.00101968184841145,-0.00018667019006963039,8.4182341277363901e-05,-0.010761809743746893,-0.0022606452244784197,0.00027006334152809662
FREE_6DOF,robot_component_fluid,0.0015250000000000007,0.0012872839539314388,1.1578151373549317e-05,-7.7723198862931975e-06,0.99474423457178374,0.0042319896335552059,-0.039518139193822743,-0.094362676544252233,0.0084788387408437551,-0.079175035521331538,-0.18905668180972804,0.10026599159252994,0.039800051326183437,-0.018393044886463272,25.125840346279549,-173.10139074667879,-501.34166782492719,-2.7432129099282921e-05,0,0,1.3989363250019597e-07,-1.1813330278877033e-06,-4.3140479714571049e-06,1.3944982812599327e-05,0.00088605501718740066,31.772036502975087,0.95818575934488737,1,0.00101968184841145,-0.00018667019006963039,8.4182341277363901e-05,-0.010761809743746893,-0.0022606452244784197,0.00027006334152809662
FREE_6DOF,robot_component_fluid,0.0015250000000000007,0.0012872839539314388,1.1578151373549317e-05,-7.7723198862931975e-06,0.99474423457178374,0.0042319896335552059,-0.039518139193822743,-0.094362676544252233,0.0084788387408437551,-0.079175035521331538,-0.18905668180972804,0.10026599159252994,0.039800051326183437,-0.018393044886463272,25.125840346279549,-173.10139074667879,-501.34166782492719,-2.7432129099282921e-05,0,0,1.3989363250019597e-07,-1.1813330278877033e-06,-4.3140479714571049e-06,1.3944982812599327e-05,0.00088605501718740066,31.772036502975087,0.95818575934488737,1,0.00101968184841145,-0.00018667019006963039,8.4182341277363901e-05,-0.010761809743746893,-0.0022606452244784197,0.00027006334152809662
FREE_6DOF,robot_component_fluid,0.0015250000000000007,0.0012872839539314388,1.1578151373549317e-05,-7.7723198862931975e-06,0.99474423457178374,0.0042319896335552059,-0.039518139193822743,-0.094362676544252233,0.0084788387408437551,-0.079175035521331538,-0.18905668180972804,0.10026599159252994,0.039800051326183437,-0.018393044886463272,25.125840346279549,-173.10139074667879,-501.34166782492719,-2.7432129099282921e-05,0,0,1.3989363250019597e-07,-1.1813330278877033e-06,-4.3140479714571049e-06,1.3944982812599327e-05,0.00088605501718740066,31.772036502975087,0.95818575934488737,1,0.00101968184841145,-0.00018667019006963039,8.4182341277363901e-05,-0.010761809743746893,-0.0022606452244784197,0.00027006334152809662
FREE_6DOF,robot_component_fluid,0.0015250000000000007,0.0012872839539314388,1.1578151373549317e-05,-7.7723198862931975e-06,0.99474423457178374,0.0042319896335552059,-0.039518139193822743,-0.094362676544252233,0.0084788387408437551,-0.079175035521331538,-0.18905668180972804,0.10026599159252994,0.039800051326183437,-0.018393044886463272,25.125840346279549,-173.10139074667879,-501.34166782492719,-2.7432129099282921e-05,0,0,1.3989363250019597e-07,-1.1813330278877033e-06,-4.3140479714571049e-06,1.3944982812599327e-05,0.00088605501718740066,31.772036502975087,0.95818575934488737,1,0.00101968184841145,-0.00018667019006963039,8.4182341277363901e-05,-0.010761809743746893,-0.0022606452244784197,0.00027006334152809662
FREE_6DOF,robot_component_fluid,0.0015250000000000007,0.0012872839539314388,1.1578151373549317e-05,-7.7723198862931975e-06,0.99474423457178374,0.0042319896335552059,-0.039518139193822743,-0.094362676544252233,0.0084788387408437551,-0.079175035521331538,-0.18905668180972804,0.10026599159252994,0.039800051326183437,-0.018393044886463272,25.125840346279549,-173.10139074667879,-501.34166782492719,-2.7432129099282921e-05,0,0,1.3989363250019597e-07,-1.1813330278877033e-06,-4.3140479714571049e-06,1.3944982812599327e-05,0.00088605501718740066,31.772036502975087,0.95818575934488737,1,0.00101968184841145,-0.00018667019006963039,8.4182341277363901e-05,-0.010761809743746893,-0.0022606452244784197,0.00027006334152809662
FREE_6DOF,robot_component_fluid,0.0015250000000000007,0.0012872839539314388,1.1578151373549317e-05,-7.7723198862931975e-06,0.99474423457178374,0.0042319896335552059,-0.039518139193822743,-0.094362676544252233,0.0084788387408437551,-0.079175035521331538,-0.18905668180972804,0.10026599159252994,0.039800051326183437,-0.018393044886463272,25.125840346279549,-173.10139074667879,-501.34166782492719,-2.7432129099282921e-05,0,0,1.3989363250019597e-07,-1.1813330278877033e-06,-4.3140479714571049e-06,1.3944982812599327e-05,0.00088605501718740066,31.772036502975087,0.95818575934488737,1,0.00101968184841145,-0.00018667019006963039,8.4182341277363901e-05,-0.010761809743746893,-0.0022606452244784197,0.00027006334152809662
FREE_6DOF,robot_component_fluid,0.0015250000000000007,0.0012872839539314388,1.1578151373549317e-05,-7.7723198862931975e-06,0.99474423457178374,0.0042319896335552059,-0.039518139193822743,-0.094362676544252233,0.0084788387408437551,-0.079175035521331538,-0.18905668180972804,0.10026599159252994,0.039800051326183437,-0.018393044886463272,25.125840346279549,-173.10139074667879,-501.34166782492719,-2.7432129099282921e-05,0,0,1.3989363250019597e-07,-1.1813330278877033e-06,-4.3140479714571049e-06,1.3944982812599327e-05,0.00088605501718740066,31.772036502975087,0.95818575934488737,1,0.00101968184841145,-0.00018667019006963039,8.4182341277363901e-05,-0.010761809743746893,-0.0022606452244784197,0.00027006334152809662
FREE_6DOF,robot_component_fluid,0.0015250000000000007,0.0012872839539314388,1.1578151373549317e-05,-7.7723198862931975e-06,0.99474423457178374,0.0042319896335552059,-0.039518139193822743,-0.094362676544252233,0.0084788387408437551,-0.079175035521331538,-0.18905668180972804,0.10026599159252994,0.039800051326183437,-0.018393044886463272,25.125840346279549,-173.10139074667879,-501.34166782492719,-2.7432129099282921e-05,0,0,1.3989363250019597e-07,-1.1813330278877033e-06,-4.3140479714571049e-06,1.3944982812599327e-05,0.00088605501718740066,31.772036502975087,0.95818575934488737,1,0.00101968184841145,-0.00018667019006963039,8.4182341277363901e-05,-0.010761809743746893,-0.0022606452244784197,0.00027006334152809662
FREE_6DOF,robot_component_fluid,0.0015500000000000008,0.0012872839539314388,1.1578151373549317e-05,-7.7723198862931975e-06,0.99474423457178374,0.0042319896335552059,-0.039518139193822743,-0.094362676544252233,0.0084788387408437551,-0.079175035521331538,-0.18905668180972804,0.10026599159252994,0.039800051326183437,-0.018393044886463272,25.125840346279549,-173.10139074667879,-501.34166782492719,-2.7432064149262387e-05,0,0,1.4309958903942806e-07,-1.1745971716014581e-06,-4.3379445759716773e-06,1.3944982812599327e-05,0.00088605501718740066,31.771886502975089,0.97389372261283647,1,0.00101968184841145,-0.00018667019006963039,8.4182341277363901e-05,-0.01075681993515938,-0.0022849940476635075,0.00026386944631787813
FREE_6DOF,robot_component_fluid,0.0015500000000000008,0.0012898179700758868,1.2606205002597693e-05,-8.243907878845836e-06,0.99402692252797353,0.0045073139086497091,-0.04170954026419002,-0.10074956904049176,0.0090326191669151054,-0.083585567916747316,-0.20190128906424626,0.10245529996330896,0.042444238997686651,-0.019333994517747883,26.487786448926308,-180.05123012859164,-525.77037866496596,-2.735615689204373e-05,0,0,1.4962150918911912e-07,-1.2208533439208733e-06,-4.4726322339471756e-06,1.5062483914760391e-05,0.00088493751608523957,31.774420519119538,0.97389372261283647,1,0.0010168196200294021,-0.00019979933359372341,8.8552724645422472e-05,-0.01075681993515938,-0.0022849940476635075,0.00026386944631787813
FREE_6DOF,robot_component_fluid,0.0015500000000000008,0.0012898179714078656,1.2606205002597693e-05,-8.243907878845836e-06,0.99402661195974307,0.0045078251173687172,-0.041710494643560268,-0.10075221518723579,0.0090336445626907937,-0.083587489162375503,-0.20190661288042577,0.10245540652159919,0.042444238997686651,-0.019333994517747883,26.571594976476579,-180.21141429105762,-526.19351866572242,-2.7356123690325659e-05,0,0,1.496242397934216e-07,-1.220872668795553e-06,-4.4726882639461975e-06,1.5062483914760391e-05,0.00088493751608523957,31.774420520451518,0.97389372261283647,1,0.0010168183859107661,-0.00019980480453709828,8.8554551441910587e-05,-0.01075681993515938,-0.0022849940476635075,0.00026386944631787813
FREE_6DOF,robot_component_fluid,0.0015500000000000008,0.001289817971408448,1.2606205002597693e-05,-8.243907878845836e-06,0.99402661183046226,0.0045078253334282625,-0.041710495042466315,-0.10075221628791707,0.009033644996062731,-0.083587489965392101,-0.20190661509490723,0.10245540656820762,0.042444238997686651,-0.019333994517747883,26.571630350015038,-180.21148128266478,-526.19369465362001,-2.7356123676505594e-05,0,0,1.4962424093673619e-07,-1.2208726768694711e-06,-4.4726882872547908e-06,1.5062483914760391e-05,0.00088493751608523957,31.7744205204521,0.97389372261283647,1,0.0010168183853970691,-0.00019980480681308578,8.8554552205097762e-05,-0.01075681993515938,-0.0022849940476635075,0.00026386944631787813
FREE_6DOF,robot_component_fluid,0.0015500000000000008,0.0012898179714084484,1.2606205002597693e-05,-8.243907878845836e-06,0.99402661183040841,0.0045078253335195757,-0.041710495042633057,-0.1007522162883749,0.0090336449962458865,-0.083587489965727763,-0.20190661509582836,0.10245540656822702,0.042444238997686651,-0.019333994517747883,26.571630364945349,-180.21148131068318,-526.19369472681547,-2.7356123676499845e-05,0,0,1.4962424093721489e-07,-1.2208726768728446e-06,-4.4726882872644877e-06,1.5062483914760391e-05,0.00088493751608523957,31.7744205204521,0.97389372261283647,1,0.0010168183853968553,-0.00019980480681403264,8.8554552205416612e-05,-0.01075681993515938,-0.0022849940476635075,0.00026386944631787813
FREE_6DOF,robot_component_fluid,0.0015750000000000009,0.0012898179714084484,1.2606205002597693e-05,-8.243907878845836e-06,0.99402661183040841,0.0045078253335196147,-0.041710495042633126,-0.10075221628837508,0.0090336449962459646,-0.083587489965727901,-0.20190661509582872,0.10245540656822703,0.042444238997686651,-0.019333994517747883,26.571630364951631,-180.21148131069498,-526.19369472684571,-2.7356058920955626e-05,0,0,1.5297937532510892e-07,-1.2140794496831164e-06,-4.4958857721327437e-06,1.5062483914760391e-05,0.00088493751608523957,31.774270520452099,0.98960168588078545,1,0.0010168183853968553,-0.000199804806814033,8.8554552205416734e-05,-0.010751892197616146,-0.00230877614175563,0.00025761773638668782
FREE_6DOF,robot_component_fluid,0.0015750000000000009,0.0012924079913649393,1.3701806367631989e-05,-8.7393686262078416e-06,0.9932254396666419,0.0047972278880612385,-0.04398911057041225,-0.10744845627006426,0.0096161807315201988,-0.088177432328499367,-0.21538350875245996,0.1047461899510273,0.045203870205057103,-0.020302865271212639,28.000709484907414,-187.37572058356909,-551.44035578350338,-2.7271046330087929e-05,0,0,1.5988492636417486e-07,-1.261894879266363e-06,-4.6361998017466233e-06,1.6251647969385336e-05,0.00088374835203061468,31.776860540408588,0.98960168588078545,1,0.0010136170615534035,-0.0002135424045327325,9.3078420794428564e-05,-0.010751892197616146,-0.00230877614175563,0.00025761773638668782
FREE_6DOF,robot_component_fluid,0.0015750000000000009,0.0012924079928566933,1.3701806367631989e-05,-8.7393686262078416e-06,0.99322509539240933,0.0047977643945342407,-0.043990099508638532,-0.10745120978739139,0.0096172572812736577,-0.088179424834903139,-0.21538905305285894,0.10474630929134683,0.045203870205057103,-0.020302865271212639,28.088617089738307,-187.54240171689747,-551.88083818221276,-2.7271009478749068e-05,0,0,1.5988779669636043e-07,-1.2619147117245004e-06,-4.6362577449773939e-06,1.6251647969385336e-05,0.00088374835203061468,31.776860541900341,0.98960168588078545,1,0.0010136156918297799,-0.00021354808777572542,9.3080298168463386e-05,-0.010751892197616146,-0.00230877614175563,0.00025761773638668782
FREE_6DOF,robot_component_fluid,0.0015750000000000009,0.0012924079928573399,1.3701806367631989e-05,-8.7393686262078416e-06,0.99322509525014513,0.0047977646197944228,-0.04399009991904166,-0.107451210924335,0.0096172577332717078,-0.088179425661762928,-0.2153890553421417,0.10474630934307859,0.045203870205057103,-0.020302865271212639,28.088653945262504,-187.54247093351145,-551.88102003725157,-2.7271009463522072e-05,0,0,1.5988779788950102e-07,-1.2619147199508524e-06,-4.6362577689054275e-06,1.6251647969385336e-05,0.00088374835203061468,31.776860541900987,0.98960168588078545,1,0.001013615691263809,-0.00021354809012272949,9.3080298947131545e-05,-0.010751892197616146,-0.00230877614175563,0.00025761773638668782
FREE_6DOF,robot_component_fluid,0.0015750000000000009,0.0012924079928573402,1.3701806367631989e-05,-8.7393686262078416e-06,0.99322509525008629,0.0047977646198889981,-0.043990099919211982,-0.10745121092480445,0.0096172577334614762,-0.088179425662106084,-0.21538905534308694,0.10474630934309996,0.045203870205057103,-0.020302865271212639,28.08865396071425,-187.5424709622562,-551.88102011233138,-2.7271009463515777e-05,0,0,1.5988779788999701e-07,-1.2619147199542646e-06,-4.6362577689153081e-06,1.6251647969385336e-05,0.00088374835203061468,31.776860541900991,0.98960168588078545,1,0.0010136156912635749,-0.00021354809012369869,9.3080298947454516e-05,-0.010751892197616146,-0.00230877614175563,0.00025761773638668782
FREE_6DOF,robot_component_fluid,0.0015750000000000009,0.0012924079928573402,1.3701806367631989e-05,-8.7393686262078416e-06,0.99322509525008629,0.004797764619889038,-0.043990099919212051,-0.10745121092480464,0.009617257733461556,-0.088179425662106209,-0.21538905534308733,0.10474630934309997,0.045203870205057103,-0.020302865271212639,28.088653960720748,-187.54247096226811,-551.88102011236231,-2.7271009463515777e-05,0,0,1.5988779788999717e-07,-1.2619147199542659e-06,-4.6362577689153124e-06,1.6251647969385336e-05,0.00088374835203061468,31.776860541900991,0.98960168588078545,1,0.0010136156912635749,-0.00021354809012369909,9.3080298947454638e-05,-0.010751892197616146,-0.00230877614175563,0.00025761773638668782
FREE_6DOF,robot_component_fluid,0.0015750000000000009,0.0012924079928573402,1.3701806367631989e-05,-8.7393686262078416e-06,0.99322509525008629,0.004797764619889038,-0.043990099919212051,-0.10745121092480464,0.009617257733461556,-0.088179425662106209,-0.21538905534308733,0.10474630934309997,0.045203870205057103,-0.020302865271212639,28.08865396072072,-187.54247096226811,-551.88102011236242,-2.7271009463515777e-05,0,0,1.5988779788999717e-07,-1.2619147199542659e-06,-4.6362577689153124e-06,1.6251647969385336e-05,0.00088374835203061468,31.776860541900991,0.98960168588078545,1,0.0010136156912635749,-0.00021354809012369909,9.3080298947454638e-05,-0.010751892197616146,-0.00230877614175563,0.00025761773638668782
FREE_6DOF,robot_component_fluid,0.0015750000000000009,0.0012924079928573402,1.3701806367631989e-05,-8.7393686262078416e-06,0.99322509525008629,0.004797764619889038,-0.043990099919212051,-0.10745121092480464,0.009617257733461556,-0.088179425662106209,-0.21538905534308733,0.10474630934309997,0.045203870205057103,-0.020302865271212639,28.08865396072072,-187.54247096226811,-551.88102011236242,-2.7271009463515777e-05,0,0,1.5988779788999717e-07,-1.2619147199542659e-06,-4.6362577689153124e-06,1.6251647969385336e-05,0.00088374835203061468,31.776860541900991,0.98960168588078545,1,0.0010136156912635749,-0.00021354809012369909,9.3080298947454638e-05,-0.010751892197616146,-0.00230877614175563,0.00025761773638668782
FREE_6DOF,robot_component_fluid,0.0015750000000000009,0.0012924079928573402,1.3701806367631989e-05,-8.7393686262078416e-06,0.99322509525008629,0.004797764619889038,-0.043990099919212051,-0.10745121092480464,0.009617257733461556,-0.088179425662106209,-0.21538905534308733,0.10474630934309997,0.045203870205057103,-0.020302865271212639,28.08865396072072,-187.54247096226811,-551.88102011236242,-2.7271009463515777e-05,0,0,1.5988779788999717e-07,-1.2619147199542659e-06,-4.6362577689153124e-06,1.6251647969385336e-05,0.00088374835203061468,31.776860541900991,0.98960168588078545,1,0.0010136156912635749,-0.00021354809012369909,9.3080298947454638e-05,-0.010751892197616146,-0.00230877614175563,0.00025761773638668782
FREE_6DOF,robot_component_fluid,0.0015750000000000009,0.0012924079928573402,1.3701806367631989e-05,-8.7393686262078416e-06,0.99322509525008629,0.004797764619889038,-0.043990099919212051,-0.10745121092480464,0.009617257733461556,-0.088179425662106209,-0.21538905534308733,0.10474630934309997,0.045203870205057103,-0.020302865271212639,28.08865396072072,-187.54247096226811,-551.88102011236242,-2.7271009463515777e-05,0,0,1.5988779788999717e-07,-1.2619147199542659e-06,-4.6362577689153124e-06,1.6251647969385336e-05,0.00088374835203061468,31.776860541900991,0.98960168588078545,1,0.0010136156912635749,-0.00021354809012369909,9.3080298947454638e-05,-0.010751892197616146,-0.00230877614175563,0.00025761773638668782
FREE_6DOF,robot_component_fluid,0.0015750000000000009,0.0012924079928573402,1.3701806367631989e-05,-8.7393686262078416e-06,0.99322509525008629,0.004797764619889038,-0.043990099919212051,-0.10745121092480464,0.009617257733461556,-0.088179425662106209,-0.21538905534308733,0.10474630934309997,0.045203870205057103,-0.020302865271212639,28.08865396072072,-187.54247096226811,-551.88102011236242,-2.7271009463515777e-05,0,0,1.5988779788999717e-07,-1.2619147199542659e-06,-4.6362577689153124e-06,1.6251647969385336e-05,0.00088374835203061468,31.776860541900991,0.98960168588078545,1,0.0010136156912635749,-0.00021354809012369909,9.3080298947454638e-05,-0.010751892197616146,-0.00230877614175563,0.00025761773638668782
FREE_6DOF,robot_component_fluid,0.0015750000000000009,0.0012924079928573402,1.3701806367631989e-05,-8.7393686262078416e-06,0.99322509525008629,0.004797764619889038,-0.043990099919212051,-0.10745121092480464,0.009617257733461556,-0.088179425662106209,-0.21538905534308733,0.10474630934309997,0.045203870205057103,-0.020302865271212639,28.08865396072072,-187.54247096226811,-551.88102011236242,-2.7271009463515777e-05,0,0,1.5988779788999717e-07,-1.2619147199542659e-06,-4.6362577689153124e-06,1.6251647969385336e-05,0.00088374835203061468,31.776860541900991,0.98960168588078545,1,0.0010136156912635749,-0.00021354809012369909,9.3080298947454638e-05,-0.010751892197616146,-0.00230877614175563,0.00025761773638668782
FREE_6DOF,robot_component_fluid,0.0015750000000000009,0.0012924079928573402,1.3701806367631989e-05,-8.7393686262078416e-06,0.99322509525008629,0.004797764619889038,-0.043990099919212051,-0.10745121092480464,0.009617257733461556,-0.088179425662106209,-0.21538905534308733,0.10474630934309997,0.045203870205057103,-0.020302865271212639,28.08865396072072,-187.54247096226811,-551.88102011236242,-2.7271009463515777e-05,0,0,1.5988779788999717e-07,-1.2619147199542659e-06,-4.6362577689153124e-06,1.6251647969385336e-05,0.00088374835203061468,31.776860541900991,0.98960168588078545,1,0.0010136156912635749,-0.00021354809012369909,9.3080298947454638e-05,-0.010751892197616146,-0.00230877614175563,0.00025761773638668782
FREE_6DOF,robot_component_fluid,0.0015750000000000009,0.0012924079928573402,1.3701806367631989e-05,-8.7393686262078416e-06,0.99322509525008629,0.004797764619889038,-0.043990099919212051,-0.10745121092480464,0.009617257733461556,-0.088179425662106209,-0.21538905534308733,0.10474630934309997,0.045203870205057103,-0.020302865271212639,28.08865396072072,-187.54247096226811,-551.88102011236242,-2.7271009463515777e-05,0,0,1.5988779788999717e-07,-1.2619147199542659e-06,-4.6362577689153124e-06,1.6251647969385336e-05,0.00088374835203061468,31.776860541900991,0.98960168588078545,1,0.0010136156912635749,-0.00021354809012369909,9.3080298947454638e-05,-0.010751892197616146,-0.00230877614175563,0.00025761773638668782
FREE_6DOF,robot_component_fluid,0.0015750000000000009,0.0012924079928573402,1.3701806367631989e-05,-8.7393686262078416e-06,0.99322509525008629,0.004797764619889038,-0.043990099919212051,-0.10745121092480464,0.009617257733461556,-0.088179425662106209,-0.21538905534308733,0.10474630934309997,0.045203870205057103,-0.020302865271212639,28.08865396072072,-187.54247096226811,-551.88102011236242,-2.7271009463515777e-05,0,0,1.5988779788999717e-07,-1.2619147199542659e-06,-4.6362577689153124e-06,1.6251647969385336e-05,0.00088374835203061468,31.776860541900991,0.98960168588078545,1,0.0010136156912635749,-0.00021354809012369909,9.3080298947454638e-05,-0.010751892197616146,-0.00230877614175563,0.00025761773638668782
FREE_6DOF,robot_component_fluid,0.0015750000000000009,0.0012924079928573402,1.3701806367631989e-05,-8.7393686262078416e-06,0.99322509525008629,0.004797764619889038,-0.043990099919212051,-0.10745121092480464,0.009617257733461556,-0.088179425662106209,-0.21538905534308733,0.10474630934309997,0.045203870205057103,-0.020302865271212639,28.08865396072072,-187.54247096226811,-551.88102011236242,-2.7271009463515777e-05,0,0,1.5988779788999717e-07,-1.2619147199542659e-06,-4.6362577689153124e-06,1.6251647969385336e-05,0.00088374835203061468,31.776860541900991,0.98960168588078545,1,0.0010136156912635749,-0.00021354809012369909,9.3080298947454638e-05,-0.010751892197616146,-0.00230877614175563,0.00025761773638668782
FREE_6DOF,robot_component_fluid,0.0015750000000000009,0.0012924079928573402,1.3701806367631989e-05,-8.7393686262078416e-06,0.99322509525008629,0.004797764619889038,-0.043990099919212051,-0.10745121092480464,0.009617257733461556,-0.088179425662106209,-0.21538905534308733,0.10474630934309997,0.045203870205057103,-0.020302865271212639,28.08865396072072,-187.54247096226811,-551.88102011236242,-2.7271009463515777e-05,0,0,1.5988779788999717e-07,-1.2619147199542659e-06,-4.6362577689153124e-06,1.6251647969385336e-05,0.00088374835203061468,31.776860541900991,0.98960168588078545,1,0.0010136156912635749,-0.00021354809012369909,9.3080298947454638e-05,-0.010751892197616146,-0.00230877614175563,0.00025761773638668782
FREE_6DOF,robot_component_fluid,0.0015750000000000009,0.0012924079928573402,1.3701806367631989e-05,-8.7393686262078416e-06,0.99322509525008629,0.004797764619889038,-0.043990099919212051,-0.10745121092480464,0.009617257733461556,-0.088179425662106209,-0.21538905534308733,0.10474630934309997,0.045203870205057103,-0.020302865271212639,28.08865396072072,-187.54247096226811,-551.88102011236242,-2.7271009463515777e-05,0,0,1.5988779788999717e-07,-1.2619147199542659e-06,-4.6362577689153124e-06,1.6251647969385336e-05,0.00088374835203061468,31.776860541900991,0.98960168588078545,1,0.0010136156912635749,-0.00021354809012369909,9.3080298947454638e-05,-0.010751892197616146,-0.00230877614175563,0.00025761773638668782
FREE_6DOF,robot_component_fluid,0.0015750000000000009,0.0012924079928573402,1.3701806367631989e-05,-8.7393686262078416e-06,0.99322509525008629,0.004797764619889038,-0.043990099919212051,-0.10745121092480464,0.009617257733461556,-0.088179425662106209,-0.21538905534308733,0.10474630934309997,0.045203870205057103,-0.020302865271212639,28.08865396072072,-187.54247096226811,-551.88102011236242,-2.7271009463515777e-05,0,0,1.5988779788999717e-07,-1.2619147199542659e-06,-4.6362577689153124e-06,1.6251647969385336e-05,0.00088374835203061468,31.776860541900991,0.98960168588078545,1,0.0010136156912635749,-0.00021354809012369909,9.3080298947454638e-05,-0.010751892197616146,-0.00230877614175563,0.00025761773638668782
FREE_6DOF,robot_component_fluid,0.0015750000000000009,0.0012924079928573402,1.3701806367631989e-05,-8.7393686262078416e-06,0.99322509525008629,0.004797764619889038,-0.043990099919212051,-0.10745121092480464,0.009617257733461556,-0.088179425662106209,-0.21538905534308733,0.10474630934309997,0.045203870205057103,-0.020302865271212639,28.08865396072072,-187.54247096226811,-551.88102011236242,-2.7271009463515777e-05,0,0,1.5988779788999717e-07,-1.2619147199542659e-06,-4.6362577689153124e-06,1.6251647969385336e-05,0.00088374835203061468,31.776860541900991,0.98960168588078545,1,0.0010136156912635749,-0.00021354809012369909,9.3080298947454638e-05,-0.010751892197616146,-0.00230877614175563,0.00025761773638668782
FREE_6DOF,robot_component_fluid,0.0015750000000000009,0.0012924079928573402,1.3701806367631989e-05,-8.7393686262078416e-06,0.99322509525008629,0.004797764619889038,-0.043990099919212051,-0.10745121092480464,0.009617257733461556,-0.088179425662106209,-0.21538905534308733,0.10474630934309997,0.045203870205057103,-0.020302865271212639,28.08865396072072,-187.54247096226811,-551.88102011236242,-2.7271009463515777e-05,0,0,1.5988779788999717e-07,-1.2619147199542659e-06,-4.6362577689153124e-06,1.6251647969385336e-05,0.00088374835203061468,31.776860541900991,0.98960168588078545,1,0.0010136156912635749,-0.00021354809012369909,9.3080298947454638e-05,-0.010751892197616146,-0.00230877614175563,0.00025761773638668782
FREE_6DOF,robot_component_fluid,0.0016000000000000009,0.0012924079928573402,1.3701806367631989e-05,-8.7393686262078416e-06,0.99322509525008629,0.004797764619889038,-0.043990099919212051,-0.10745121092480464,0.009617257733461556,-0.088179425662106209,-0.21538905534308733,0.10474630934309997,0.045203870205057103,-0.020302865271212639,28.08865396072072,-187.54247096226811,-551.88102011236242,-2.7270944924262613e-05,0,0,1.6339524533696705e-07,-1.2550684721442758e-06,-4.6587458856044913e-06,1.6251647969385336e-05,0.00088374835203061468,31.776710541900993,1.0053096491487343,1,0.0010136156912635749,-0.00021354809012369909,9.3080298947454638e-05,-0.010747031379865732,-0.0023319862550549735,0.00025130982156674071
FREE_6DOF,robot_component_fluid,0.0016000000000000009,0.0012950569121771894,1.4868060753765344e-05,-9.2594286929104979e-06,0.99233178585208093,0.0051018003911863109,-0.046358550344005642,-0.11446607895088674,0.01022976217641805,-0.092954821533581714,-0.22951912563211485,0.10716723624483736,0.048096480685611419,-0.021301940064999969,29.578282083726368,-194.97652821806071,-577.93960256093192,-2.7175934242639054e-05,0,0,1.70698175287773e-07,-1.304456164097614e-06,-4.8047274522185057e-06,1.7515600198016383e-05,0.00088248439980198362,31.779359461220842,1.0053096491487343,1,0.0010100420938268721,-0.00022790695270286774,9.7759337307919128e-05,-0.010747031379865732,-0.0023319862550549735,0.00025130982156674071
FREE_6DOF,robot_component_fluid,0.0016000000000000009,0.0012950569138443842,1.4868060753765344e-05,-9.2594286929104979e-06,0.9923314050836175,0.0051023629781969775,-0.046359574375575384,-0.11446894006903156,0.010230891538512909,-0.09295688668855491,-0.22952489177644411,0.10716736962043487,0.048096480685611419,-0.021301940064999969,29.670389530927412,-195.14989821945255,-578.39751053590714,-2.7175893443854137e-05,0,0,1.7070118700264087e-07,-1.3044764886579993e-06,-4.8047872572876922e-06,1.7515600198016383e-05,0.00088248439980198362,31.779359462888035,1.0053096491487343,1,0.0010100405774406604,-0.00022791284654077979,9.7761263946299687e-05,-0.010747031379865732,-0.0023319862550549735,0.00025130982156674071
FREE_6DOF,robot_component_fluid,0.0016000000000000009,0.0012950569138451002,1.4868060753765344e-05,-9.2594286929104979e-06,0.99233140492751992,0.0051023632127181959,-0.046359574797255818,-0.11446894124100912,0.010230892009292251,-0.092956887538932373,-0.22952489413839494,0.10716736967770804,0.048096480685611419,-0.021301940064999969,29.670427866486868,-195.14996966266528,-578.39769807912739,-2.717589342712981e-05,0,0,1.7070118824474608e-07,-1.3044764970226466e-06,-4.8047872817885225e-06,1.7515600198016383e-05,0.00088248439980198362,31.779359462888753,1.0053096491487343,1,0.0010100405768190596,-0.00022791284895543686,9.7761264739156949e-05,-0.010747031379865732,-0.0023319862550549735,0.00025130982156674071
FREE_6DOF,robot_component_fluid,0.0016000000000000009,0.0012950569138451004,1.4868060753765344e-05,-9.2594286929104979e-06,0.99233140492745597,0.0051023632128159553,-0.046359574797429463,-0.11446894124148921,0.010230892009488492,-0.092956887539282551,-0.22952489413936247,0.10716736967773151,0.048096480685611419,-0.021301940064999969,29.670427882442269,-195.1499696921079,-578.39769815593877,-2.7175893427122963e-05,0,0,1.7070118824525837e-07,-1.3044764970260894e-06,-4.8047872817985607e-06,1.7515600198016383e-05,0.00088248439980198362,31.779359462888753,1.0053096491487343,1,0.001010040576818805,-0.00022791284895642616,9.7761264739483239e-05,-0.010747031379865732,-0.0023319862550549735,0.00025130982156674071
FREE_6DOF,robot_component_fluid,0.001625000000000001,0.0012950569138451004,1.4868060753765344e-05,-9.2594286929104979e-06,0.99233140492745597,0.0051023632128159952,-0.046359574797429526,-0.1144689412414894,0.010230892009488571,-0.092956887539282676,-0.22952489413936286,0.10716736967773152,0.048096480685611419,-0.021301940064999969,29.67042788244893,-195.14996969211992,-578.39769815597026,-2.7175829128087927e-05,0,0,1.7436391992427103e-07,-1.2975819113432203e-06,-4.8265560565593682e-06,1.7515600198016383e-05,0.00088248439980198362,31.779209462888751,1.0210176124166834,1,0.001010040576818805,-0.00022791284895642657,9.7761264739483375e-05,-0.010742242263661177,-0.0023546192822853909,0.00024494730923484088
FREE_6DOF,robot_component_fluid,0.001625000000000001,0.0012977694845309118,1.6107931495809553e-05,-9.8048131386959533e-06,0.99133696391609116,0.0054216097611943402,-0.04882075410029818,-0.12181200306333535,0.010874640162652615,-0.097924446187571929,-0.24432996087012665,0.10983828518716894,0.051093178677925288,-0.022328815597836602,31.230643688352355,-202.85284373494173,-605.34798625495421,-2.7069854594336003e-05,0,0,1.8207845397615155e-07,-1.3485559184572977e-06,-4.978233519053863e-06,1.8857354474009291e-05,0.00088114264552599064,31.78192203357456,1.0210176124166834,1,0.001006058792951654,-0.0002429053471344644,0.00010259725084771189,-0.010742242263661177,-0.0023546192822853909,0.00024494730923484088
FREE_6DOF,robot_component_fluid,0.001625000000000001,0.0012977694863904943,1.6107931495809553e-05,-9.8048131386959533e-06,0.99133654372488056,0.0054221993605872883,-0.048821813807173722,-0.12181497168361435,0.010875824307922137,-0.097926585514442874,-0.24433594967670169,0.10983843395377622,0.051093178677925288,-0.022328815597836602,31.327068116083176,-203.03311440544664,-605.82335699802741,-2.7069809537125246e-05,0,0,1.8208160838577741e-07,-1.3485767180083796e-06,-4.9782951224725234e-06,1.8857354474009291e-05,0.00088114264552599064,31.781922035434143,1.0210176124166834,1,0.0010060571183581853,-0.00024291144888185785,0.00010259922527146119,-0.010742242263661177,-0.0023546192822853909,0.00024494730923484088
FREE_6DOF,robot_component_fluid,0.001625000000000001,0.0012977694863912849,1.6107931495809553e-05,-9.8048131386959533e-06,0.99133654355410228,0.0054221996044569775,-0.048821814239884832,-0.12181497288913661,0.010875824797696547,-0.097926586387970166,-0.24433595210869857,0.10983843401702735,0.051093178677925288,-0.022328815597836602,31.327107931077851,-203.03318807575218,-605.82355001076792,-2.706980951881423e-05,0,0,1.8208160967567894e-07,-1.3485767264959839e-06,-4.978295147492767e-06,1.8857354474009291e-05,0.00088114264552599064,31.781922035434935,1.0210176124166834,1,0.0010060571176776386,-0.00024291145136017399,0.00010259922607709395,-0.010742242263661177,-0.0023546192822853909,0.00024494730923484088
FREE_6DOF,robot_component_fluid,0.001625000000000001,0.0012977694863912852,1.6107931495809553e-05,-9.8048131386959533e-06,0.99133654355403289,0.005422199604557843,-0.048821814240061538,-0.12181497288962614,0.010875824797899116,-0.097926586388326881,-0.24433595210968617,0.10983843401705305,0.051093178677925288,-0.022328815597836602,31.327107947518005,-203.03318810586089,-605.82355008913601,-2.7069809518806787e-05,0,0,1.8208160967620651e-07,-1.3485767264994476e-06,-4.9782951475029298e-06,1.8857354474009291e-05,0.00088114264552599064,31.781922035434935,1.0210176124166834,1,0.0010060571176773619,-0.00024291145136118061,0.0001025992260774227,-0.010742242263661177,-0.0023546192822853909,0.00024494730923484088
FREE_6DOF,robot_component_fluid,0.0016500000000000011,0.0012977694863912852,1.6107931495809553e-05,-9.8048131386959533e-06,0.99133654355403289,0.0054221996045578846,-0.048821814240061608,-0.12181497288962634,0.010875824797899199,-0.097926586388327005,-0.24433595210968656,0.10983843401705307,0.051093178677925288,-0.022328815597836602,31.32710794752478,-203.03318810587314,-605.82355008916772,-2.7069745486210226e-05,0,0,1.8590242311707315e-07,-1.3416388417606588e-06,-4.9993349251772417e-06,1.8857354474009291e-05,0.00088114264552599064,31.781772035434937,1.0367255756846325,1,0.0010060571176773619,-0.00024291145136118099,0.00010259922607742283,-0.010737529559100373,-0.0023766702644704039,0.00023853180380805088
FREE_6DOF,robot_component_fluid,0.0016500000000000011,0.0013005514754186919,1.7424475579863842e-05,-1.0376210407426745e-05,0.99023120508106366,0.0057572492820137126,-0.051378516870471874,-0.12949618746743008,0.011552139947926561,-0.10309295084005766,-0.25983903198706809,0.11272068817549299,0.054230348046417687,-0.023382965900626794,32.957004511964684,-211.00204135486115,-633.68056082990893,-2.6951763348951642e-05,0,0,1.9404127139160314e-07,-1.3942054324683189e-06,-5.1567241224051851e-06,2.0279992397741732e-05,0.00087972000760225819,31.784554024462345,1.0367255756846325,1,0.0010016283295780518,-0.00025854958909919554,0.00010759320511389726,-0.010737529559100373,-0.0023766702644704039,0.00023853180380805088
FREE_6DOF,robot_component_fluid,0.0016500000000000011,0.0013005514774889772,1.7424475579863842e-05,-1.0376210407426745e-05,0.9902307424082859,0.0057578665858073249,-0.051379612675119389,-0.1294992631765515,0.011553380381471292,-0.1030951655864195,-0.2598452437725558,0.11272085379832388,0.054230348046417687,-0.023382965900626794,33.057820525630291,-211.18940478732523,-634.17339138970885,-2.6951713710571634e-05,0,0,1.9404456859263217e-07,-1.3942266844805018e-06,-5.1567874482664043e-06,2.0279992397741732e-05,0.00087972000760225819,31.784554026532629,1.0367255756846325,1,0.0010016264847975032,-0.00025855589504656648,0.00010759522532263294,-0.010737529559100373,-0.0023766702644704039,0.00023853180380805088
FREE_6DOF,robot_component_fluid,0.0016500000000000011,0.0013005514774898483,1.7424475579863842e-05,-1.0376210407426745e-05,0.99023074222199603,0.0057578668389762881,-0.051379613118498653,-0.12949926441386769,0.011553380890185249,-0.10309516648250819,-0.25984524627148764,0.11272085386800602,0.054230348046417687,-0.023382965900626794,33.057861796099644,-211.18948066681307,-634.17358961477669,-2.6951713690587216e-05,0,0,1.940445699284908e-07,-1.3942266930729794e-06,-5.1567874737458753e-06,2.0279992397741732e-05,0.00087972000760225819,31.784554026533499,1.0367255756846325,1,0.0010016264840547937,-0.00025855589758389566,0.0001075952261393606,-0.010737529559100373,-0.0023766702644704039,0.00023853180380805088
FREE_6DOF,robot_component_fluid,0.0016500000000000011,0.0013005514774898487,1.7424475579863842e-05,-1.0376210407426745e-05,0.99023074222192109,0.0057578668390801139,-0.051379613118678058,-0.12949926441436541,0.011553380890393868,-0.10309516648287076,-0.25984524627249284,0.11272085386803407,0.054230348046417687,-0.023382965900626794,33.057861812994219,-211.1894806975456,-634.17358969450652,-2.6951713690579183e-05,0,0,1.9404456992903205e-07,-1.3942266930764539e-06,-5.1567874737561278e-06,2.0279992397741732e-05,0.00087972000760225819,31.784554026533499,1.0367255756846325,1,0.0010016264840544951,-0.00025855589758491654,0.00010759522613969081,-0.010737529559100373,-0.0023766702644704039,0.00023853180380805088
