timestamp,stage,available_gib,commit_gib,commit_limit_gib,commit_fraction,total_project_working_set_gib,project_private_bytes_gib,Fluent_working_set_gib,Python_worker_working_set_gib,pagefile_used_gib,pagefile_total_gib
2026-10-02T03:37:03.538017+00:00,before_Fluent_launch,16.185958862304688,26.37618637084961,47.83979797363281,0.5513440166571565,0.02931976318359375,,0,0.02931976318359375,1.5071640014648438,16.0
2026-10-02T03:37:08.570067+00:00,before_Fluent_launch,15.990825653076172,27.0284423828125,47.83979797363281,0.5649781881961413,0.16953659057617188,,0.034626007080078125,0.11287307739257812,1.5071640014648438,16.0
2026-10-02T03:37:13.598864+00:00,before_Fluent_launch,15.376274108886719,27.651226043701172,47.83979797363281,0.5779962962833018,0.7373504638671875,,0.6024284362792969,0.11288070678710938,1.5071640014648438,16.0
2026-10-02T03:37:18.621175+00:00,before_Fluent_launch,15.31488037109375,27.707901000976562,47.83979797363281,0.5791809784867389,0.7373504638671875,,0.6024246215820312,0.112884521484375,1.5071640014648438,16.0
2026-10-02T03:37:23.656178+00:00,before_Fluent_launch,14.542469024658203,28.53760528564453,47.83979797363281,0.5965243687143746,1.4313583374023438,,1.2652740478515625,0.11289215087890625,1.5071640014648438,16.0
2026-10-02T03:37:28.675934+00:00,before_Fluent_launch,14.383068084716797,30.753799438476562,47.83979797363281,0.6428496929570375,1.4321517944335938,,1.2660560607910156,0.11290359497070312,1.5071640014648438,16.0
2026-10-02T03:37:33.706285+00:00,before_Fluent_launch,14.330493927001953,30.884716033935547,47.83979797363281,0.6455862554218528,1.4520339965820312,,1.2858810424804688,0.11290740966796875,1.5071640014648438,16.0
2026-10-02T03:37:38.734850+00:00,before_Fluent_launch,14.165924072265625,31.46246337890625,47.83979797363281,0.657662964970023,1.4681968688964844,,1.2972335815429688,0.117767333984375,1.5071640014648438,16.0
2026-10-02T03:37:42.368285+00:00,after_Fluent_launch,14.084098815917969,31.51565933227539,47.83979797363281,0.6587749252127995,1.5947990417480469,,1.4219932556152344,0.11960983276367188,1.5071640014648438,16.0
2026-10-02T03:37:43.789308+00:00,after_Fluent_launch,14.004955291748047,31.59406280517578,47.83979797363281,0.6604138007143976,1.6237106323242188,,1.4219932556152344,0.14852142333984375,1.5071640014648438,16.0
2026-10-02T03:37:48.841392+00:00,CASE_LOAD,13.447288513183594,32.752227783203125,47.83979797363281,0.6846230371051046,2.1189231872558594,,1.8535804748535156,0.21214675903320312,1.5071640014648438,16.0
2026-10-02T03:37:53.893518+00:00,CASE_LOAD,12.924087524414062,33.102081298828125,47.83979797363281,0.6919360595350451,3.5280799865722656,,3.2627334594726562,0.21219635009765625,1.5071640014648438,16.0
2026-10-02T03:37:58.963317+00:00,CASE_LOAD,12.217891693115234,33.848793029785156,47.83979797363281,0.707544648253764,4.167705535888672,,3.9023513793945312,0.2122039794921875,1.5071640014648438,16.0
2026-10-02T03:38:04.025001+00:00,CASE_LOAD,13.338207244873047,32.71379089355469,47.83979797363281,0.683819587022192,2.9659271240234375,,2.7005653381347656,0.21221160888671875,1.5071640014648438,16.0
2026-10-02T03:38:09.074183+00:00,CASE_LOAD,12.746994018554688,33.327003479003906,47.83979797363281,0.6966376299785438,3.4880104064941406,,3.2226409912109375,0.21221923828125,1.5071640014648438,16.0
2026-10-02T03:38:14.136203+00:00,CASE_LOAD,12.724716186523438,33.345149993896484,47.83979797363281,0.6970169483632616,3.4146270751953125,,3.1492538452148438,0.21223068237304688,1.5071640014648438,16.0
2026-10-02T03:38:19.202509+00:00,CASE_LOAD,12.639041900634766,33.436241149902344,47.83979797363281,0.6989210357520934,3.414783477783203,,3.149402618408203,0.21223831176757812,1.5071640014648438,16.0
2026-10-02T03:38:24.269928+00:00,CASE_LOAD,11.296306610107422,34.79076385498047,47.83979797363281,0.7272347570145594,4.696582794189453,,4.431262969970703,0.21218490600585938,1.5071640014648438,16.0
2026-10-02T03:38:29.324132+00:00,CASE_LOAD,11.225322723388672,34.86186218261719,47.83979797363281,0.7287209323465687,4.697090148925781,,4.431766510009766,0.212188720703125,1.5071640014648438,16.0
2026-10-02T03:38:32.810064+00:00,after_CASE_load,11.16226577758789,34.898860931396484,47.83979797363281,0.7294943208295152,4.698673248291016,,4.433338165283203,0.21220016479492188,1.5071640014648438,16.0
2026-10-02T03:38:34.391794+00:00,after_CASE_load,11.14608383178711,34.91168212890625,47.83979797363281,0.7297623235814673,4.6987457275390625,,4.433383941650391,0.21222686767578125,1.5071640014648438,16.0
2026-10-02T03:38:39.447504+00:00,after_CASE_load,11.04739761352539,35.01795959472656,47.83979797363281,0.7319838518972618,4.7040557861328125,,4.438564300537109,0.2123565673828125,1.5071640014648438,16.0
2026-10-02T03:38:44.521501+00:00,after_CASE_load,10.782482147216797,35.28915786743164,47.83979797363281,0.7376527360521352,4.877437591552734,,4.611446380615234,0.21285629272460938,1.5071640014648438,16.0
2026-10-02T03:38:49.592316+00:00,after_CASE_load,9.73538589477539,36.34158706665039,47.83979797363281,0.759651767063905,5.851421356201172,,5.585411071777344,0.2128753662109375,1.5071640014648438,16.0
2026-10-02T03:38:54.657426+00:00,after_CASE_load,10.473442077636719,35.59222412109375,47.83979797363281,0.7439877597457794,5.979408264160156,,5.713390350341797,0.21288299560546875,1.5071640014648438,16.0
2026-10-02T03:38:59.711085+00:00,after_CASE_load,10.316963195800781,37.905372619628906,47.83979797363281,0.792339730207905,6.086330413818359,,5.8203125,0.21288299560546875,1.5071640014648438,16.0
2026-10-02T03:39:04.762974+00:00,after_CASE_load,10.139324188232422,38.848751068115234,47.83979797363281,0.812059262656731,6.206455230712891,,5.940422058105469,0.21289825439453125,1.5071640014648438,16.0
2026-10-02T03:39:09.839515+00:00,after_CASE_load,9.982742309570312,38.90847396850586,47.83979797363281,0.8133076563147381,6.280956268310547,,6.014942169189453,0.21287918090820312,1.5071640014648438,16.0
2026-10-02T03:39:14.902565+00:00,after_CASE_load,9.81436538696289,39.03953552246094,47.83979797363281,0.8160472488612475,6.343902587890625,,6.078437805175781,0.21232986450195312,1.5071640014648438,16.0
2026-10-02T03:39:19.962088+00:00,after_CASE_load,10.152122497558594,35.93523406982422,47.83979797363281,0.7511577304241572,5.909458160400391,,5.643978118896484,0.21234512329101562,1.5071640014648438,16.0
2026-10-02T03:39:25.019890+00:00,after_CASE_load,9.996063232421875,36.13528060913086,47.83979797363281,0.7553393229011341,5.9084625244140625,,5.643001556396484,0.21236038208007812,1.5071640014648438,16.0
2026-10-02T03:39:30.071260+00:00,after_CASE_load,9.957672119140625,36.15579605102539,47.83979797363281,0.7557681591998543,5.857143402099609,,5.5926666259765625,0.21137619018554688,1.5071640014648438,16.0
2026-10-02T03:39:35.137361+00:00,after_CASE_load,10.829357147216797,35.26690673828125,47.83979797363281,0.7371876185120768,4.902950286865234,,4.638816833496094,0.21103286743164062,1.5071640014648438,16.0
2026-10-02T03:39:40.193640+00:00,after_CASE_load,10.782211303710938,35.301185607910156,47.83979797363281,0.7379041530937612,4.88385009765625,,4.619915008544922,0.2108612060546875,1.5071640014648438,16.0
2026-10-02T03:39:45.039733+00:00,after_DATA_or_init,8.662715911865234,37.42708206176758,47.83979797363281,0.7823419756579184,6.921630859375,,6.657752990722656,0.21080398559570312,1.5071640014648438,16.0
2026-10-02T03:39:45.143526+00:00,after_overset_initialization,8.652450561523438,37.42631149291992,47.83979797363281,0.782325868381544,6.922004699707031,,6.65777587890625,0.21115493774414062,1.5071640014648438,16.0
2026-10-02T03:39:45.255028+00:00,after_overset_initialization,8.650371551513672,37.436988830566406,47.83979797363281,0.7825490578200189,6.930900573730469,,6.666446685791016,0.2113800048828125,1.5071640014648438,16.0
2026-10-02T03:54:01.537136+00:00,before_Fluent_launch,14.294281005859375,36.10970687866211,47.83979797363281,0.7548047526990851,0.029232025146484375,,0,0.029232025146484375,2.9867324829101562,16.0
2026-10-02T03:54:03.520054+00:00,after_Fluent_launch,14.173904418945312,36.68775177001953,47.83979797363281,0.7668876818886275,0.7373313903808594,,0.5868644714355469,0.11912155151367188,2.9867324829101562,16.0
2026-10-02T03:54:06.603888+00:00,CASE_LOAD,14.000839233398438,37.29365158081055,47.83979797363281,0.7795528651974066,0.870758056640625,,0.6180953979492188,0.22131729125976562,2.9850311279296875,16.0
2026-10-02T03:54:11.660412+00:00,CASE_LOAD,13.869239807128906,37.422733306884766,47.83979797363281,0.7822510732070926,0.9089927673339844,,0.5966835021972656,0.2809638977050781,2.9850311279296875,16.0
2026-10-02T03:54:16.731943+00:00,CASE_LOAD,13.753063201904297,37.558441162109375,47.83979797363281,0.7850877878458001,0.9257049560546875,,0.5830307006835938,0.3113288879394531,2.9850311279296875,16.0
2026-10-02T03:54:21.812964+00:00,static_theta0,13.416305541992188,37.634639739990234,47.83979797363281,0.7866805742100498,1.1260528564453125,,0.8465652465820312,0.24814224243164062,2.9109420776367188,16.0
2026-10-02T03:54:26.864832+00:00,static_theta0,13.310211181640625,37.07072067260742,47.83979797363281,0.7748929185077071,2.480548858642578,,2.2010574340820312,0.24814605712890625,2.8326950073242188,16.0
2026-10-02T03:54:31.923715+00:00,static_theta0,13.07126235961914,37.156837463378906,47.83979797363281,0.776693026251033,2.4273719787597656,,2.147857666015625,0.2481689453125,2.8326950073242188,16.0
2026-10-02T03:54:36.983882+00:00,static_theta0,12.91574478149414,37.2071418762207,47.83979797363281,0.7777445443379096,2.3990516662597656,,2.119537353515625,0.2481689453125,2.83245849609375,16.0
2026-10-02T03:54:42.054258+00:00,static_theta0,13.0308837890625,37.12913513183594,47.83979797363281,0.7761139616914745,2.2137489318847656,,1.9007377624511719,0.2816658020019531,2.83245849609375,16.0
2026-10-02T03:54:47.107174+00:00,static_theta0,12.989810943603516,37.20780944824219,47.83979797363281,0.7777584986615013,2.212299346923828,,1.8994102478027344,0.2815437316894531,2.83245849609375,16.0
2026-10-02T03:55:05.221249+00:00,static_theta0,12.742206573486328,37.35612869262695,47.83979797363281,0.7808588304076034,2.365367889404297,,2.0587081909179688,0.2753143310546875,2.776897430419922,16.0
2026-10-02T03:55:10.281328+00:00,static_theta0,12.656269073486328,37.543365478515625,47.83979797363281,0.7847726593496042,2.399860382080078,,2.057544708251953,0.3109703063964844,2.776897430419922,16.0
2026-10-02T03:55:15.336465+00:00,static_theta0,12.680038452148438,37.645591735839844,47.83979797363281,0.7869095048559451,2.41864013671875,,2.0570602416992188,0.3302345275878906,2.7899208068847656,16.0
2026-10-02T03:55:17.533391+00:00,after_static_theta0,12.718673706054688,37.61178970336914,47.83979797363281,0.7862029376482548,2.3537368774414062,,2.048095703125,0.2742958068847656,2.7899208068847656,16.0
2026-10-02T03:55:20.401999+00:00,static_failure_025,12.592620849609375,37.70554733276367,47.83979797363281,0.7881627625924613,2.452625274658203,,2.1524696350097656,0.2688102722167969,2.7890663146972656,16.0
2026-10-02T03:55:25.463047+00:00,static_failure_025,12.688594818115234,37.49969482421875,47.83979797363281,0.7838598073697328,2.3364791870117188,,2.036205291748047,0.26892852783203125,2.760753631591797,16.0
2026-10-02T03:55:30.530478+00:00,static_failure_025,13.168205261230469,36.613399505615234,47.83979797363281,0.7653334891964829,3.2075233459472656,,2.9071273803710938,0.26905059814453125,2.372608184814453,16.0
2026-10-02T03:55:35.611210+00:00,static_failure_025,11.87066650390625,37.72376251220703,47.83979797363281,0.7885435162790342,4.474239349365234,,4.1737213134765625,0.2691383361816406,2.181133270263672,16.0
2026-10-02T03:55:40.676047+00:00,static_failure_025,11.583114624023438,38.01408767700195,47.83979797363281,0.7946122117395571,4.694831848144531,,4.394176483154297,0.2692756652832031,2.181011199951172,16.0
2026-10-02T03:55:45.733525+00:00,static_failure_025,11.325798034667969,40.470359802246094,47.83979797363281,0.8459559094407458,4.812309265136719,,4.511646270751953,0.2692832946777344,2.180889129638672,16.0
2026-10-02T03:55:50.797801+00:00,static_failure_025,11.144145965576172,40.57149887084961,47.83979797363281,0.8480700293343804,4.923130035400391,,4.622303009033203,0.26944732666015625,2.180889129638672,16.0
2026-10-02T03:55:55.848601+00:00,static_failure_025,10.962997436523438,40.654300689697266,47.83979797363281,0.8498008438936996,5.028934478759766,,4.728122711181641,0.26943206787109375,2.180889129638672,16.0
2026-10-02T03:56:00.913317+00:00,static_failure_025,10.605445861816406,41.79195785522461,47.83979797363281,0.8735814034636704,5.1382904052734375,,4.837516784667969,0.2693939208984375,2.180889129638672,16.0
2026-10-02T03:56:05.975116+00:00,static_failure_025,10.604881286621094,41.70851135253906,47.83979797363281,0.8718371130147112,5.222232818603516,,4.921466827392578,0.26938629150390625,2.180889129638672,16.0
2026-10-02T03:56:11.041224+00:00,static_failure_025,10.457225799560547,41.81382751464844,47.83979797363281,0.8740385471045337,5.273567199707031,,4.972797393798828,0.2693901062011719,2.180889129638672,16.0
2026-10-02T03:56:16.102867+00:00,static_failure_025,11.001724243164062,38.60658645629883,47.83979797363281,0.8069972719696074,4.7141265869140625,,4.414096832275391,0.2686500549316406,2.180889129638672,16.0
2026-10-02T03:56:21.156127+00:00,static_failure_025,10.944610595703125,38.66594696044922,47.83979797363281,0.8082380904233789,4.713771820068359,,4.413967132568359,0.26842498779296875,2.180889129638672,16.0
2026-10-02T03:56:26.210287+00:00,static_failure_025,11.267047882080078,38.31953811645508,47.83979797363281,0.8009970723031715,4.297019958496094,,3.997203826904297,0.2684364318847656,2.180889129638672,16.0
2026-10-02T03:56:31.276289+00:00,static_failure_025,12.760509490966797,36.87770080566406,47.83979797363281,0.7708582052539065,3.6829566955566406,,3.385059356689453,0.26651763916015625,2.180889129638672,16.0
2026-10-02T03:56:36.360553+00:00,static_failure_025,11.524772644042969,37.03163528442383,47.83979797363281,0.7740759127961626,4.8679962158203125,,4.5700836181640625,0.26651763916015625,2.1677513122558594,16.0
2026-10-02T03:56:41.428560+00:00,static_failure_025,11.337963104248047,36.90003967285156,47.83979797363281,0.7713251567907798,5.0571136474609375,,4.761360168457031,0.2643585205078125,1.7395744323730469,16.0
2026-10-02T03:56:46.482177+00:00,static_failure_025,11.123504638671875,37.440399169921875,47.83979797363281,0.7826203444788243,5.187843322753906,,4.896686553955078,0.2597618103027344,1.7390861511230469,16.0
2026-10-02T03:56:51.533325+00:00,static_failure_025,10.711372375488281,37.41503143310547,47.83979797363281,0.7820900801823407,5.313602447509766,,5.027164459228516,0.25504302978515625,1.7390861511230469,16.0
2026-10-02T03:56:56.602864+00:00,static_failure_025,10.492225646972656,37.48371124267578,47.83979797363281,0.7835257009934522,5.3052978515625,,5.024604797363281,0.249298095703125,1.7390861511230469,16.0
2026-10-02T03:57:01.731984+00:00,static_failure_025,10.520538330078125,37.373069763183594,47.83979797363281,0.7812129512708641,5.115806579589844,,4.814056396484375,0.270355224609375,1.7390861511230469,16.0
2026-10-02T03:57:06.836927+00:00,static_failure_025,10.508323669433594,37.465797424316406,47.83979797363281,0.7831512466872436,5.126434326171875,,4.813808441162109,0.281219482421875,1.7390861511230469,16.0
2026-10-02T03:57:11.896056+00:00,static_failure_025,10.478134155273438,37.56766128540039,47.83979797363281,0.7852805169893491,5.097858428955078,,4.813896179199219,0.25255584716796875,1.7390861511230469,16.0
2026-10-02T03:57:27.504158+00:00,static_failure_025,10.425636291503906,37.63343048095703,47.83979797363281,0.7866552969496008,5.099514007568359,,4.813484191894531,0.2546234130859375,1.7390861511230469,16.0
2026-10-02T03:57:32.563970+00:00,static_failure_025,11.31201171875,36.82069396972656,47.83979797363281,0.7696665857581695,5.131481170654297,,4.809619903564453,0.2904548645019531,1.7390861511230469,16.0
2026-10-02T03:57:37.628654+00:00,static_failure_025,11.257640838623047,36.89686584472656,47.83979797363281,0.7712588139494755,5.134941101074219,,4.809444427490234,0.2940864562988281,1.7390861511230469,16.0
2026-10-02T03:57:38.526629+00:00,after_static_failure_025,11.292888641357422,36.85704040527344,47.83979797363281,0.7704263388734922,5.079013824462891,,4.809425354003906,0.23817825317382812,1.7390861511230469,16.0
2026-10-02T03:57:42.696557+00:00,after_static_failure_025,11.211990356445312,36.98579025268555,47.83979797363281,0.7731176095908784,5.105873107910156,,4.836772918701172,0.23768997192382812,1.7390861511230469,16.0
2026-10-02T03:57:47.752319+00:00,after_static_failure_025,11.4053955078125,36.8143196105957,47.83979797363281,0.769533341902617,4.850597381591797,,4.583667755126953,0.2355194091796875,1.7390861511230469,16.0
2026-10-02T03:57:52.826350+00:00,after_static_failure_025,10.594505310058594,37.660911560058594,47.83979797363281,0.7872297366476261,5.6119232177734375,,5.3472137451171875,0.23329925537109375,1.7387199401855469,16.0
2026-10-02T03:57:57.893005+00:00,after_static_failure_025,10.08736801147461,38.196224212646484,47.83979797363281,0.7984194296493174,6.028656005859375,,5.770984649658203,0.22626113891601562,1.7387199401855469,16.0
2026-10-02T03:58:02.952114+00:00,after_static_failure_025,9.886966705322266,40.6195068359375,47.83979797363281,0.8490735445481016,6.123188018798828,,5.870655059814453,0.22112274169921875,1.7387199401855469,16.0
2026-10-02T03:58:08.008576+00:00,after_static_failure_025,9.68796157836914,40.71722412109375,47.83979797363281,0.8511161385659548,6.225749969482422,,5.97607421875,0.21826553344726562,1.7387199401855469,16.0
2026-10-02T03:58:13.067866+00:00,after_static_failure_025,9.524349212646484,41.660797119140625,47.83979797363281,0.8708397377033703,6.3270263671875,,6.085407257080078,0.21020889282226562,1.7385978698730469,16.0
2026-10-02T03:58:18.122984+00:00,after_static_failure_025,9.35024642944336,41.75273513793945,47.83979797363281,0.8727615271484156,6.404216766357422,,6.171520233154297,0.20128631591796875,1.7385978698730469,16.0
2026-10-02T03:58:23.189583+00:00,after_static_failure_025,9.21481704711914,41.91578674316406,47.83979797363281,0.876169810881438,6.450557708740234,,6.222496032714844,0.19665145874023438,1.7385978698730469,16.0
2026-10-02T03:58:28.253761+00:00,after_static_failure_025,9.588676452636719,38.80625534057617,47.83979797363281,0.811170970286381,6.017219543457031,,5.790912628173828,0.19489669799804688,1.7385978698730469,16.0
2026-10-02T03:58:33.312088+00:00,after_static_failure_025,10.475067138671875,37.831478118896484,47.83979797363281,0.7907951061947947,6.016368865966797,,5.790126800537109,0.19483184814453125,1.7385978698730469,16.0
2026-10-02T03:58:38.375648+00:00,after_static_failure_025,10.835742950439453,37.45863723754883,47.83979797363281,0.7830015765993489,5.602588653564453,,5.376415252685547,0.19477462768554688,1.7385978698730469,16.0
2026-10-02T03:58:43.436109+00:00,after_static_failure_025,11.364803314208984,36.93170928955078,47.83979797363281,0.7719871499019689,4.9922943115234375,,4.765697479248047,0.19519805908203125,1.7385978698730469,16.0
2026-10-02T03:58:48.502426+00:00,after_static_failure_025,11.127315521240234,37.17307662963867,47.83979797363281,0.7770324751397745,5.131050109863281,,4.904445648193359,0.1952056884765625,1.7385978698730469,16.0
2026-10-02T03:58:53.573711+00:00,static_failure_035,11.194488525390625,37.192420959472656,47.83979797363281,0.7774368315679652,4.989437103271484,,4.762363433837891,0.19567489624023438,1.7383537292480469,16.0
2026-10-02T03:58:58.651836+00:00,static_failure_035,11.334426879882812,36.98487854003906,47.83979797363281,0.7730985519718018,4.766796112060547,,4.539699554443359,0.19569778442382812,1.7383537292480469,16.0
2026-10-02T03:59:03.723972+00:00,static_failure_035,11.091804504394531,37.21662902832031,47.83979797363281,0.7779428552108952,4.948329925537109,,4.721179962158203,0.19575119018554688,1.7376213073730469,16.0
2026-10-02T03:59:08.781970+00:00,static_failure_035,10.02688980102539,38.28786087036133,47.83979797363281,0.8003349197139986,5.920997619628906,,5.6954345703125,0.19416427612304688,1.7376213073730469,16.0
2026-10-02T03:59:13.837869+00:00,static_failure_035,9.856975555419922,38.46904373168945,47.83979797363281,0.8041222028757707,6.017360687255859,,5.793857574462891,0.19210433959960938,1.7376213073730469,16.0
2026-10-02T03:59:18.896616+00:00,static_failure_035,9.595706939697266,40.88056945800781,47.83979797363281,0.8545305622013576,6.134727478027344,,5.917228698730469,0.18610000610351562,1.7376213073730469,16.0
2026-10-02T03:59:23.953662+00:00,static_failure_035,9.400123596191406,40.971988677978516,47.83979797363281,0.8564415071434973,6.239948272705078,,6.026897430419922,0.18165206909179688,1.7376213073730469,16.0
2026-10-02T03:59:29.013993+00:00,static_failure_035,9.210494995117188,41.02852249145508,47.83979797363281,0.8576232390042322,6.343410491943359,,6.135536193847656,0.17647552490234375,1.7376213073730469,16.0
2026-10-02T03:59:34.082422+00:00,static_failure_035,9.998435974121094,41.0172119140625,47.83979797363281,0.8573868128930933,6.399604797363281,,6.19512939453125,0.17307662963867188,1.7376213073730469,16.0
2026-10-02T03:59:39.153031+00:00,static_failure_035,9.88214111328125,41.04690933227539,47.83979797363281,0.8580075809454429,6.480442047119141,,6.278285980224609,0.17065811157226562,1.7376213073730469,16.0
2026-10-02T03:59:44.210281+00:00,static_failure_035,9.76578140258789,41.1723747253418,47.83979797363281,0.8606301963907581,6.523281097412109,,6.323291778564453,0.16849136352539062,1.7376213073730469,16.0
2026-10-02T03:59:49.263969+00:00,static_failure_035,10.31915283203125,38.00151443481445,47.83979797363281,0.794349392022082,5.94110107421875,,5.7430267333984375,0.16657638549804688,1.7376213073730469,16.0
2026-10-02T03:59:54.324248+00:00,static_failure_035,10.220283508300781,38.14525604248047,47.83979797363281,0.7973540369778411,5.9406585693359375,,5.742893218994141,0.16626739501953125,1.7376213073730469,16.0
2026-10-02T03:59:59.384856+00:00,static_failure_035,10.552993774414062,37.816001892089844,47.83979797363281,0.7904716051044437,5.518451690673828,,5.326114654541016,0.16083908081054688,1.7376213073730469,16.0
2026-10-02T04:00:04.451687+00:00,static_failure_035,11.066177368164062,37.2764778137207,47.83979797363281,0.7791938802556369,4.906913757324219,,4.715679168701172,0.15973663330078125,1.7370109558105469,16.0
2026-10-02T04:00:09.528520+00:00,static_failure_035,10.837066650390625,37.51094055175781,47.83979797363281,0.7840948779180086,5.0433349609375,,4.854667663574219,0.15716934204101562,1.7370109558105469,16.0
2026-10-02T04:00:14.603395+00:00,static_failure_035,10.896686553955078,37.824462890625,47.83979797363281,0.7906484661885942,4.891571044921875,,4.706691741943359,0.15338134765625,1.7367668151855469,16.0
2026-10-02T04:00:19.670000+00:00,static_failure_035,10.517086029052734,37.7397575378418,47.83979797363281,0.7888778618722907,5.125335693359375,,4.9407958984375,0.15304183959960938,1.7367668151855469,16.0
2026-10-02T04:00:24.723717+00:00,static_failure_035,10.272640228271484,37.8250617980957,47.83979797363281,0.7906609852103307,5.1152496337890625,,4.932464599609375,0.15128707885742188,1.7367668151855469,16.0
2026-10-02T04:00:29.780341+00:00,static_failure_035,9.975898742675781,38.00495910644531,47.83979797363281,0.794421396331815,5.10211181640625,,4.921337127685547,0.1492767333984375,1.7367668151855469,16.0
2026-10-02T04:00:34.930954+00:00,static_failure_035,10.128360748291016,37.89275360107422,47.83979797363281,0.7920759536225265,4.927562713623047,,4.710689544677734,0.18537521362304688,1.7367668151855469,16.0
2026-10-02T04:00:39.994141+00:00,static_failure_035,11.149368286132812,36.931156158447266,47.83979797363281,0.7719755877481358,4.896148681640625,,4.710842132568359,0.15380477905273438,1.7367668151855469,16.0
2026-10-02T04:00:56.668458+00:00,static_failure_035,11.012889862060547,37.077823638916016,47.83979797363281,0.7750413925107225,4.894630432128906,,4.710899353027344,0.15222930908203125,1.7367668151855469,16.0
2026-10-02T04:01:01.736325+00:00,static_failure_035,10.936813354492188,37.29324722290039,47.83979797363281,0.7795444128642597,4.930507659912109,,4.710529327392578,0.1884765625,1.7367668151855469,16.0
2026-10-02T04:01:06.791323+00:00,static_failure_035,10.851924896240234,37.39724349975586,47.83979797363281,0.7817182572628666,4.938484191894531,,4.710506439208984,0.19647598266601562,1.7367668151855469,16.0
2026-10-02T04:01:07.729425+00:00,after_static_failure_035,10.894058227539062,37.35308837890625,47.83979797363281,0.7807952784310174,4.885650634765625,,4.710506439208984,0.14364242553710938,1.7367668151855469,16.0
2026-10-02T04:01:11.854222+00:00,after_static_failure_035,10.78110122680664,37.4738883972168,47.83979797363281,0.7833203730891747,4.953594207763672,,4.777061462402344,0.14503097534179688,1.7367668151855469,16.0
2026-10-02T04:01:16.912982+00:00,after_static_failure_035,10.955066680908203,37.32057189941406,47.83979797363281,0.7801155832636149,4.702152252197266,,4.525707244873047,0.1449432373046875,1.7367668151855469,16.0
2026-10-02T04:01:21.982306+00:00,after_static_failure_035,9.769142150878906,38.218074798583984,47.83979797363281,0.798876174595221,5.8522796630859375,,5.675926208496094,0.1448516845703125,1.6748924255371094,16.0
2026-10-02T04:01:27.039526+00:00,after_static_failure_035,9.341594696044922,38.6690559387207,47.83979797363281,0.8083030777018202,6.219810485839844,,6.043464660644531,0.14484405517578125,1.6748924255371094,16.0
2026-10-02T04:01:32.099892+00:00,after_static_failure_035,9.149482727050781,41.0814094543457,47.83979797363281,0.8587287403886606,6.3474273681640625,,6.171112060546875,0.14481353759765625,1.6746482849121094,16.0
2026-10-02T04:01:37.162751+00:00,after_static_failure_035,9.879226684570312,40.24101257324219,47.83979797363281,0.8411618417665823,6.459270477294922,,6.2829437255859375,0.14482498168945312,1.6746482849121094,16.0
2026-10-02T04:01:42.237314+00:00,after_static_failure_035,9.754997253417969,41.12870788574219,47.83979797363281,0.8597174241498787,6.575691223144531,,6.39935302734375,0.14483642578125,1.6746482849121094,16.0
2026-10-02T04:01:47.293529+00:00,after_static_failure_035,9.64107894897461,41.1424446105957,47.83979797363281,0.8600045642598994,6.6645050048828125,,6.4881591796875,0.14484405517578125,1.6746482849121094,16.0
2026-10-02T04:01:52.358676+00:00,after_static_failure_035,9.4893798828125,41.27464294433594,47.83979797363281,0.8627679190260106,6.7319488525390625,,6.556892395019531,0.1435546875,1.6746482849121094,16.0
2026-10-02T04:01:57.424973+00:00,after_static_failure_035,9.718696594238281,38.219356536865234,47.83979797363281,0.798902966896517,6.299106597900391,,6.127197265625,0.14040756225585938,1.6746482849121094,16.0
2026-10-02T04:02:02.492889+00:00,after_static_failure_035,9.714374542236328,38.312217712402344,47.83979797363281,0.8008440531776148,6.297031402587891,,6.125244140625,0.14028549194335938,1.6746482849121094,16.0
2026-10-02T04:02:07.554982+00:00,after_static_failure_035,9.705577850341797,38.3299446105957,47.83979797363281,0.8012146002732177,6.2499542236328125,,6.080150604248047,0.13830184936523438,1.6746482849121094,16.0
2026-10-02T04:02:12.615248+00:00,after_static_failure_035,10.621837615966797,37.400753021240234,47.83979797363281,0.7817916171354629,5.266109466552734,,5.097007751464844,0.13759994506835938,1.6746482849121094,16.0
2026-10-02T04:02:17.700513+00:00,after_static_failure_035,10.38949203491211,37.6295051574707,47.83979797363281,0.7865732455268818,5.404693603515625,,5.235736846923828,0.13745498657226562,1.6746482849121094,16.0
2026-10-02T04:02:22.770182+00:00,static_orthogonal_035,10.387653350830078,37.628211975097656,47.83979797363281,0.7865462140086099,5.259860992431641,,5.0920562744140625,0.13630294799804688,1.6745262145996094,16.0
2026-10-02T04:02:27.841915+00:00,static_orthogonal_035,10.243675231933594,37.78119659423828,47.83979797363281,0.7897440665418698,5.258522033691406,,5.0928497314453125,0.1341705322265625,1.6745262145996094,16.0
2026-10-02T04:02:32.941212+00:00,static_orthogonal_035,10.347537994384766,37.697261810302734,47.83979797363281,0.7879895695019407,5.036041259765625,,4.870471954345703,0.13406753540039062,1.6744041442871094,16.0
2026-10-02T04:02:38.013834+00:00,static_orthogonal_035,9.180213928222656,38.87897872924805,47.83979797363281,0.8126911144289619,6.162506103515625,,5.999530792236328,0.13147354125976562,1.6744041442871094,16.0
2026-10-02T04:02:43.086176+00:00,static_orthogonal_035,9.959991455078125,38.07048416137695,47.83979797363281,0.7957910729965817,6.2818450927734375,,6.120944976806641,0.12939834594726562,1.6744041442871094,16.0
2026-10-02T04:02:48.151562+00:00,static_orthogonal_035,9.83346939086914,40.38285446166992,47.83979797363281,0.8441267767043492,6.373218536376953,,6.215160369873047,0.126556396484375,1.6744041442871094,16.0
2026-10-02T04:02:53.212405+00:00,static_orthogonal_035,9.67825698852539,40.396846771240234,47.83979797363281,0.8444192593268307,6.484386444091797,,6.328075408935547,0.12480926513671875,1.6744041442871094,16.0
2026-10-02T04:02:58.281287+00:00,static_orthogonal_035,9.443256378173828,40.54393005371094,47.83979797363281,0.8474937556395402,6.589141845703125,,6.434741973876953,0.12289810180664062,1.6744041442871094,16.0
2026-10-02T04:03:03.334490+00:00,static_orthogonal_035,9.254852294921875,41.50489807128906,47.83979797363281,0.8675809645802587,6.697849273681641,,6.545490264892578,0.12085723876953125,1.6744041442871094,16.0
2026-10-02T04:03:08.397887+00:00,static_orthogonal_035,9.112674713134766,41.543731689453125,47.83979797363281,0.8683927075183344,6.785388946533203,,6.635700225830078,0.11818695068359375,1.6744041442871094,16.0
2026-10-02T04:03:13.472307+00:00,static_orthogonal_035,9.13698959350586,41.664676666259766,47.83979797363281,0.870920832258186,6.874553680419922,,6.726020812988281,0.11703109741210938,1.6754608154296875,16.0
2026-10-02T04:03:18.546343+00:00,static_orthogonal_035,9.67208480834961,38.54359817504883,47.83979797363281,0.805680621734489,6.27081298828125,,6.122920989990234,0.11639022827148438,1.6808052062988281,16.0
2026-10-02T04:03:23.630137+00:00,static_orthogonal_035,9.585559844970703,38.64471435546875,47.83979797363281,0.8077942631941718,6.269371032714844,,6.1225433349609375,0.115325927734375,1.6808052062988281,16.0
2026-10-02T04:03:28.694557+00:00,static_orthogonal_035,9.433795928955078,38.79287338256836,47.83979797363281,0.8108912459026119,6.298088073730469,,6.1543426513671875,0.11224365234375,1.6808052062988281,16.0
2026-10-02T04:03:33.768137+00:00,static_orthogonal_035,10.36319351196289,37.90451431274414,47.83979797363281,0.7923217889347157,5.218101501464844,,5.0787353515625,0.1078643798828125,1.6788520812988281,16.0
2026-10-02T04:03:38.828780+00:00,static_orthogonal_035,10.30929183959961,37.88221740722656,47.83979797363281,0.7918557145267539,5.211254119873047,,5.0732574462890625,0.10649490356445312,1.6787261962890625,16.0
2026-10-02T04:03:43.908942+00:00,static_orthogonal_035,11.302967071533203,36.89406967163086,47.83979797363281,0.7712003652683743,5.1282958984375,,4.9920654296875,0.10472869873046875,1.6787261962890625,16.0
2026-10-02T04:03:48.984936+00:00,static_orthogonal_035,11.102729797363281,37.46226119995117,47.83979797363281,0.7830773286417037,5.279960632324219,,5.134967803955078,0.11349105834960938,1.6787261962890625,16.0
2026-10-02T04:03:54.052400+00:00,static_orthogonal_035,10.808765411376953,37.22404861450195,47.83979797363281,0.7780979475502428,5.386627197265625,,5.239536285400391,0.11558914184570312,1.6787261962890625,16.0
2026-10-02T04:03:59.124417+00:00,static_orthogonal_035,10.59488296508789,37.31998062133789,47.83979797363281,0.7801032237198623,5.3672637939453125,,5.219753265380859,0.11600875854492188,1.6787261962890625,16.0
2026-10-02T04:04:04.315868+00:00,static_orthogonal_035,10.591270446777344,37.32074737548828,47.83979797363281,0.7801192512572447,5.179595947265625,,4.997825622558594,0.1502685546875,1.6787261962890625,16.0
2026-10-02T04:04:09.376947+00:00,static_orthogonal_035,10.550048828125,37.35219955444336,47.83979797363281,0.7807766992458924,5.1622314453125,,4.9848785400390625,0.14585113525390625,1.6787261962890625,16.0
2026-10-02T04:04:14.437356+00:00,static_orthogonal_035,10.558086395263672,37.395957946777344,47.83979797363281,0.7816913852225786,5.130809783935547,,4.975399017333984,0.12390899658203125,1.6787261962890625,16.0
2026-10-02T04:04:29.785075+00:00,static_orthogonal_035,10.461334228515625,37.625244140625,47.83979797363281,0.7864841770728709,5.113040924072266,,4.955265045166016,0.12627410888671875,1.6787261962890625,16.0
2026-10-02T04:04:34.848516+00:00,static_orthogonal_035,10.338272094726562,37.77476119995117,47.83979797363281,0.7896095468624461,5.151599884033203,,4.946605682373047,0.173492431640625,1.6787261962890625,16.0
2026-10-02T04:04:39.908271+00:00,static_orthogonal_035,10.307052612304688,37.817771911621094,47.83979797363281,0.7905086039967096,5.123504638671875,,4.939197540283203,0.15280532836914062,1.6787261962890625,16.0
2026-10-02T04:04:40.436121+00:00,after_static_orthogonal_035,10.335945129394531,37.786949157714844,47.83979797363281,0.7898643129417341,5.089099884033203,,4.9385986328125,0.11899948120117188,1.6787261962890625,16.0
2026-10-02T04:04:44.970268+00:00,after_static_orthogonal_035,11.207088470458984,36.92940902709961,47.83979797363281,0.7719390672898215,5.15216064453125,,5.000019073486328,0.12062835693359375,1.6787261962890625,16.0
2026-10-02T04:04:50.031149+00:00,after_static_orthogonal_035,11.400096893310547,36.75322341918945,47.83979797363281,0.768256242207507,4.891242980957031,,4.739570617675781,0.12015914916992188,1.6787261962890625,16.0
2026-10-02T04:04:55.116512+00:00,after_static_orthogonal_035,10.42734146118164,37.7507209777832,47.83979797363281,0.789107031735162,5.75384521484375,,5.601810455322266,0.12052154541015625,1.6787261962890625,16.0
2026-10-02T04:05:00.189299+00:00,after_static_orthogonal_035,10.009025573730469,38.16213607788086,47.83979797363281,0.7977068820172306,6.073062896728516,,5.921047210693359,0.12050247192382812,1.6787261962890625,16.0
2026-10-02T04:05:05.265070+00:00,after_static_orthogonal_035,9.728401184082031,40.634246826171875,47.83979797363281,0.8493816560130057,6.166965484619141,,6.014945983886719,0.12050628662109375,1.6787261962890625,16.0
2026-10-02T04:05:10.320967+00:00,after_static_orthogonal_035,9.654960632324219,40.61962890625,47.83979797363281,0.8490760961958441,6.267322540283203,,6.115318298339844,0.12049102783203125,1.6787261962890625,16.0
2026-10-02T04:05:15.384452+00:00,after_static_orthogonal_035,9.495792388916016,41.5666618347168,47.83979797363281,0.8688720185989603,6.365394592285156,,6.2155609130859375,0.11832046508789062,1.6787261962890625,16.0
2026-10-02T04:05:20.444104+00:00,after_static_orthogonal_035,9.318531036376953,41.654624938964844,47.83979797363281,0.8707107200143913,6.439159393310547,,6.29241943359375,0.11522674560546875,1.6787261962890625,16.0
2026-10-02T04:05:25.521606+00:00,after_static_orthogonal_035,9.228729248046875,41.73379135131836,47.83979797363281,0.8723655433143799,6.4690704345703125,,6.323760986328125,0.11379623413085938,1.6787261962890625,16.0
2026-10-02T04:05:30.612997+00:00,after_static_orthogonal_035,9.567569732666016,38.636871337890625,47.83979797363281,0.8076303198267176,6.033744812011719,,5.889430999755859,0.11280059814453125,1.6787261962890625,16.0
2026-10-02T04:05:35.688635+00:00,after_static_orthogonal_035,9.476207733154297,38.72947692871094,47.83979797363281,0.8095660635953545,6.025806427001953,,5.8815155029296875,0.1127777099609375,1.6787261962890625,16.0
2026-10-02T04:05:40.749775+00:00,after_static_orthogonal_035,9.79598617553711,38.406620025634766,47.83979797363281,0.8028173540114614,5.6062164306640625,,5.462055206298828,0.11264801025390625,1.6786041259765625,16.0
2026-10-02T04:05:45.820488+00:00,after_static_orthogonal_035,11.313011169433594,36.874786376953125,47.83979797363281,0.7707972846640548,4.993522644042969,,4.849407196044922,0.11260223388671875,1.6786041259765625,16.0
2026-10-02T04:05:50.893733+00:00,after_static_orthogonal_035,11.319862365722656,36.86693572998047,47.83979797363281,0.7706331818186167,4.913688659667969,,4.7695770263671875,0.11259841918945312,1.6786041259765625,16.0
2026-10-02T04:05:55.954934+00:00,after_static_orthogonal_035,11.23834228515625,36.94557189941406,47.83979797363281,0.772276921398724,4.914794921875,,4.770572662353516,0.11270904541015625,1.6786041259765625,16.0
2026-10-02T04:06:01.027404+00:00,after_static_orthogonal_035,10.892208099365234,37.31770706176758,47.83979797363281,0.7800556992806587,5.299140930175781,,5.154205322265625,0.11342239379882812,1.6779937744140625,16.0
2026-10-02T04:06:06.096469+00:00,after_static_orthogonal_035,10.470703125,37.67312240600586,47.83979797363281,0.7874849811608657,5.554080963134766,,5.409141540527344,0.11342620849609375,1.6778717041015625,16.0
2026-10-02T04:06:11.166375+00:00,after_static_orthogonal_035,10.813495635986328,37.301422119140625,47.83979797363281,0.7797152935240137,5.0998687744140625,,4.954921722412109,0.113433837890625,1.6778717041015625,16.0
2026-10-02T04:06:16.237343+00:00,after_static_orthogonal_035,10.691787719726562,37.43216323852539,47.83979797363281,0.7824481879951991,5.160072326660156,,5.015117645263672,0.11344146728515625,1.6778717041015625,16.0
2026-10-02T04:06:21.298127+00:00,after_static_orthogonal_035,9.970146179199219,37.90705108642578,47.83979797363281,0.7923748153643642,5.756038665771484,,5.610988616943359,0.11353683471679688,1.6353721618652344,16.0
2026-10-02T04:06:26.358367+00:00,after_static_orthogonal_035,10.354183197021484,37.52153396606445,47.83979797363281,0.7843163130986605,5.413230895996094,,5.272411346435547,0.10930633544921875,1.6353721618652344,16.0
2026-10-02T04:06:31.424136+00:00,after_static_orthogonal_035,10.284950256347656,37.597564697265625,47.83979797363281,0.7859055909472641,5.4494781494140625,,5.307857513427734,0.110107421875,1.6353721618652344,16.0
2026-10-02T04:06:36.555205+00:00,after_static_orthogonal_035,10.212604522705078,37.67617416381836,47.83979797363281,0.7875487723544277,5.480224609375,,5.324413299560547,0.124298095703125,1.6349067687988281,16.0
2026-10-02T04:06:45.733111+00:00,after_static_orthogonal_035,10.077678680419922,37.8172607421875,47.83979797363281,0.790497918971788,5.487388610839844,,5.331878662109375,0.123992919921875,1.6349067687988281,16.0
2026-10-02T04:06:50.804721+00:00,during_timestep_solve,9.785350799560547,37.799888610839844,47.83979797363281,0.7901347876024367,6.682659149169922,,6.524738311767578,0.12640380859375,1.6346626281738281,16.0
2026-10-02T04:06:55.894616+00:00,during_timestep_solve,9.818428039550781,37.77350616455078,47.83979797363281,0.7895833127340938,6.576457977294922,,6.41986083984375,0.12508010864257812,1.6346626281738281,16.0
2026-10-02T04:07:00.963819+00:00,during_timestep_solve,9.731369018554688,37.886234283447266,47.83979797363281,0.7919396796852798,6.575107574462891,,6.419811248779297,0.123779296875,1.6346626281738281,16.0
2026-10-02T04:07:06.035268+00:00,during_timestep_solve,9.543697357177734,38.04909896850586,47.83979797363281,0.7953440562076964,6.679786682128906,,6.524559020996094,0.12371063232421875,1.6346626281738281,16.0
2026-10-02T04:07:11.109684+00:00,during_timestep_solve,9.496543884277344,38.08435821533203,47.83979797363281,0.7960810837103127,6.67999267578125,,6.524559020996094,0.1239166259765625,1.6346626281738281,16.0
2026-10-02T04:07:16.189546+00:00,during_timestep_solve,9.533222198486328,38.0506477355957,47.83979797363281,0.7953764302384292,6.573352813720703,,6.419490814208984,0.122344970703125,1.6346626281738281,16.0
2026-10-02T04:07:21.255994+00:00,during_timestep_solve,9.453163146972656,38.129764556884766,47.83979797363281,0.7970302169315224,6.522865295410156,,6.3697052001953125,0.12164306640625,1.6346626281738281,16.0
2026-10-02T04:07:26.330902+00:00,during_timestep_solve,9.27157211303711,38.311500549316406,47.83979797363281,0.8008290622471277,6.625373840332031,,6.471691131591797,0.12216567993164062,1.6346626281738281,16.0
2026-10-02T04:07:31.405020+00:00,during_timestep_solve,9.175884246826172,38.41242218017578,47.83979797363281,0.802938637018221,6.604087829589844,,6.450435638427734,0.12213516235351562,1.6346626281738281,16.0
2026-10-02T04:07:36.476474+00:00,during_timestep_solve,9.222404479980469,38.38479995727539,47.83979797363281,0.8023612469774936,6.475780487060547,,6.3223876953125,0.12187576293945312,1.6346626281738281,16.0
2026-10-02T04:07:41.557808+00:00,during_timestep_solve,9.14853286743164,38.477901458740234,47.83979797363281,0.8043073568150844,6.474697113037109,,6.3223876953125,0.12079238891601562,1.6346626281738281,16.0
2026-10-02T04:07:46.636569+00:00,during_timestep_solve,8.957820892333984,38.662750244140625,47.83979797363281,0.8081712691481229,6.580364227294922,,6.4274749755859375,0.121368408203125,1.6346626281738281,16.0
2026-10-02T04:07:51.709465+00:00,during_timestep_solve,9.857601165771484,37.744503021240234,47.83979797363281,0.7889770571782795,6.574363708496094,,6.4223785400390625,0.12046432495117188,1.6346626281738281,16.0
2026-10-02T04:07:56.781652+00:00,during_timestep_solve,9.891651153564453,37.72393035888672,47.83979797363281,0.7885470247946801,6.468372344970703,,6.317302703857422,0.11954879760742188,1.6346626281738281,16.0
2026-10-02T04:08:01.862751+00:00,during_timestep_solve,9.788299560546875,37.843074798583984,47.83979797363281,0.7910375127303301,6.468410491943359,,6.317302703857422,0.11958694458007812,1.6346626281738281,16.0
2026-10-02T04:08:06.938425+00:00,during_timestep_solve,9.620124816894531,38.0421257019043,47.83979797363281,0.7951982933304075,6.542274475097656,,6.391284942626953,0.11946868896484375,1.6346626281738281,16.0
2026-10-02T04:08:12.016287+00:00,during_timestep_solve,9.57961654663086,38.11605453491211,47.83979797363281,0.7967436349944453,6.5122222900390625,,6.361869812011719,0.11883163452148438,1.6346626281738281,16.0
2026-10-02T04:08:17.098409+00:00,during_timestep_solve,9.621868133544922,38.042423248291016,47.83979797363281,0.7952045129717797,6.407745361328125,,6.256778717041016,0.11944580078125,1.6346626281738281,16.0
2026-10-02T04:08:22.189864+00:00,during_timestep_solve,9.551456451416016,38.12046432495117,47.83979797363281,0.7968358132691424,6.407405853271484,,6.256778717041016,0.11910629272460938,1.6346626281738281,16.0
2026-10-02T04:08:27.262134+00:00,during_timestep_solve,9.319438934326172,38.36677169799805,47.83979797363281,0.8019844005015264,6.5007476806640625,,6.350933074951172,0.11829376220703125,1.6346626281738281,16.0
2026-10-02T04:08:32.341788+00:00,during_timestep_solve,9.239116668701172,38.46558380126953,47.83979797363281,0.8040498796100699,6.492279052734375,,6.341987609863281,0.11877059936523438,1.6346626281738281,16.0
2026-10-02T04:08:37.406951+00:00,during_timestep_solve,9.246578216552734,38.45961380004883,47.83979797363281,0.8039250880876644,6.385066986083984,,6.234783172607422,0.11876296997070312,1.6346626281738281,16.0
2026-10-02T04:08:42.485657+00:00,during_timestep_solve,9.177207946777344,38.53588104248047,47.83979797363281,0.8055193097537692,6.380260467529297,,6.230640411376953,0.11809921264648438,1.6346626281738281,16.0
2026-10-02T04:08:47.559259+00:00,during_timestep_solve,8.974258422851562,38.74079513549805,47.83979797363281,0.8098026491844774,6.449192047119141,,6.299633026123047,0.11803817749023438,1.6346626281738281,16.0
2026-10-02T04:08:52.637826+00:00,during_timestep_solve,9.869422912597656,37.83753204345703,47.83979797363281,0.7909216519750232,6.404045104980469,,6.255649566650391,0.11687469482421875,1.6346626281738281,16.0
2026-10-02T04:08:57.733560+00:00,during_timestep_solve,9.94809341430664,37.79255676269531,47.83979797363281,0.7899815292599042,6.275444030761719,,6.127796173095703,0.11612701416015625,1.6346626281738281,16.0
2026-10-02T04:09:02.813505+00:00,during_timestep_solve,9.932342529296875,37.86138916015625,47.83979797363281,0.7914203396306937,6.248786926269531,,6.101409912109375,0.11585617065429688,1.658111572265625,16.0
2026-10-02T04:09:07.892203+00:00,during_timestep_solve,9.708370208740234,38.086875915527344,47.83979797363281,0.7961337114450013,6.331356048583984,,6.184314727783203,0.11552047729492188,1.658111572265625,16.0
2026-10-02T04:09:12.956364+00:00,during_timestep_solve,9.724411010742188,38.036502838134766,47.83979797363281,0.7950807580562695,6.263221740722656,,6.118175506591797,0.113525390625,1.658111572265625,16.0
2026-10-02T04:09:18.035525+00:00,during_timestep_solve,9.544425964355469,38.29300308227539,47.83979797363281,0.8004424078751504,6.380664825439453,,6.2373809814453125,0.11176300048828125,1.658111572265625,16.0
2026-10-02T04:09:23.105246+00:00,during_timestep_solve,8.661785125732422,39.2330207824707,47.83979797363281,0.8200916902720663,7.213386535644531,,7.072959899902344,0.10890579223632812,1.6632080078125,16.0
2026-10-02T04:09:28.184930+00:00,during_timestep_solve,8.510807037353516,39.401100158691406,47.83979797363281,0.8236050699964819,7.181697845458984,,7.043376922607422,0.10680007934570312,1.6670112609863281,16.0
2026-10-02T04:09:33.282622+00:00,during_timestep_solve,8.323322296142578,41.76102066040039,47.83979797363281,0.8729347202389363,7.188514709472656,,7.051136016845703,0.10585784912109375,1.6694602966308594,16.0
2026-10-02T04:09:38.349962+00:00,during_timestep_solve,8.138347625732422,42.72275161743164,47.83979797363281,0.8930378769780453,7.273502349853516,,7.138938903808594,0.1030426025390625,1.6695289611816406,16.0
2026-10-02T04:09:43.407729+00:00,during_timestep_solve,8.038139343261719,42.8252067565918,47.83979797363281,0.8951795068239035,7.241443634033203,,7.111396789550781,0.0985260009765625,1.6695289611816406,16.0
2026-10-02T04:09:48.468088+00:00,during_timestep_solve,7.87078857421875,42.8975715637207,47.83979797363281,0.8966921555012409,7.298656463623047,,7.172313690185547,0.09482192993164062,1.6695289611816406,16.0
2026-10-02T04:09:53.541481+00:00,during_timestep_solve,9.177482604980469,38.8465690612793,47.83979797363281,0.8120136519533342,6.8542327880859375,,6.731208801269531,0.09150314331054688,1.6695289611816406,16.0
2026-10-02T04:09:58.620218+00:00,during_timestep_solve,9.084976196289062,38.9473991394043,47.83979797363281,0.8141213129886206,6.842792510986328,,6.721923828125,0.08934783935546875,1.6695289611816406,16.0
2026-10-02T04:10:03.706419+00:00,during_timestep_solve,9.530853271484375,38.66081619262695,47.83979797363281,0.808130841479203,6.2825469970703125,,6.163677215576172,0.08734893798828125,1.6695289611816406,16.0
2026-10-02T04:10:08.779963+00:00,during_timestep_solve,10.243000030517578,38.050865173339844,47.83979797363281,0.7953809753609704,5.5236663818359375,,5.406959533691406,0.08518600463867188,1.6695289611816406,16.0
2026-10-02T04:10:13.847088+00:00,during_timestep_solve,10.237354278564453,38.06230163574219,47.83979797363281,0.7956200328588438,5.447723388671875,,5.332607269287109,0.08359527587890625,1.6695289611816406,16.0
2026-10-02T04:10:18.920088+00:00,during_timestep_solve,10.007091522216797,38.41987991333008,47.83979797363281,0.8030945267474879,5.75091552734375,,5.637798309326172,0.08159637451171875,1.6705055236816406,16.0
2026-10-02T04:10:23.986945+00:00,during_timestep_solve,9.955917358398438,38.459930419921875,47.83979797363281,0.8039317064239965,5.732906341552734,,5.622886657714844,0.07849884033203125,1.6705055236816406,16.0
2026-10-02T04:10:29.044630+00:00,during_timestep_solve,9.888835906982422,38.5191650390625,47.83979797363281,0.8051698934910336,5.703514099121094,,5.595222473144531,0.07677078247070312,1.6705055236816406,16.0
2026-10-02T04:10:34.117778+00:00,during_timestep_solve,9.806659698486328,38.61286544799805,47.83979797363281,0.807128522350361,5.675727844238281,,5.5701141357421875,0.07409286499023438,1.6705055236816406,16.0
2026-10-02T04:10:39.192179+00:00,during_timestep_solve,9.729209899902344,38.727691650390625,47.83979797363281,0.8095287457471209,5.635734558105469,,5.531414031982422,0.0727996826171875,1.6705055236816406,16.0
2026-10-02T04:10:44.268169+00:00,during_timestep_solve,9.694450378417969,38.78873825073242,47.83979797363281,0.8108048088353355,5.610820770263672,,5.507709503173828,0.07159042358398438,1.6705055236816406,16.0
2026-10-02T04:10:49.342293+00:00,during_timestep_solve,9.65407943725586,38.84944152832031,47.83979797363281,0.8120736954142743,5.586017608642578,,5.484096527099609,0.07039642333984375,1.6705055236816406,16.0
2026-10-02T04:10:54.420274+00:00,during_timestep_solve,10.536125183105469,37.9697151184082,47.83979797363281,0.7936846877851665,5.575832366943359,,5.4758148193359375,0.06849288940429688,1.6705055236816406,16.0
2026-10-02T04:10:59.494150+00:00,during_timestep_solve,10.69083023071289,37.84462356567383,47.83979797363281,0.7910698867610627,5.365531921386719,,5.268840789794922,0.06516647338867188,1.6705055236816406,16.0
2026-10-02T04:11:04.592718+00:00,during_timestep_solve,10.025535583496094,38.44288635253906,47.83979797363281,0.803575432607953,6.0986328125,,6.004096984863281,0.06301116943359375,1.6705055236816406,16.0
2026-10-02T04:11:09.674780+00:00,during_timestep_solve,10.165748596191406,38.42929458618164,47.83979797363281,0.8032913225796265,5.977703094482422,,5.885738372802734,0.0604400634765625,1.6707038879394531,16.0
2026-10-02T04:11:14.750666+00:00,during_timestep_solve,9.593769073486328,38.8241081237793,47.83979797363281,0.8115441487687183,6.449951171875,,6.360729217529297,0.057697296142578125,1.6707038879394531,16.0
2026-10-02T04:11:19.816587+00:00,during_timestep_solve,9.552001953125,38.95773696899414,47.83979797363281,0.8143374056568117,6.4013214111328125,,6.314483642578125,0.0553131103515625,1.6707038879394531,16.0
2026-10-02T04:11:24.889157+00:00,during_timestep_solve,8.925403594970703,39.19930648803711,47.83979797363281,0.8193869570611907,6.9972381591796875,,6.913028717041016,0.052684783935546875,1.6707038879394531,16.0
2026-10-02T04:11:29.960499+00:00,during_timestep_solve,8.439857482910156,39.78801727294922,47.83979797363281,0.8316928364722321,7.435092926025391,,7.351222991943359,0.05234527587890625,1.6707038879394531,16.0
2026-10-02T04:11:35.052804+00:00,during_timestep_solve,8.187908172607422,39.871402740478516,47.83979797363281,0.8334358510973202,7.564342498779297,,7.480731964111328,0.05208587646484375,1.6707038879394531,16.0
2026-10-02T04:11:40.134334+00:00,during_timestep_solve,8.329914093017578,39.93572235107422,47.83979797363281,0.8347803302406299,7.349971771240234,,7.268466949462891,0.04998016357421875,1.6707038879394531,16.0
2026-10-02T04:11:45.223003+00:00,during_timestep_solve,8.086658477783203,40.03837203979492,47.83979797363281,0.8369260267750777,7.526527404785156,,7.446994781494141,0.048007965087890625,1.6739044189453125,16.0
2026-10-02T04:11:50.308430+00:00,during_timestep_solve,8.347564697265625,39.82465744018555,47.83979797363281,0.8324587294899352,7.2364501953125,,7.1577301025390625,0.0471954345703125,1.695037841796875,16.0
2026-10-02T04:11:55.391933+00:00,during_timestep_solve,7.942272186279297,40.28341293334961,47.83979797363281,0.8420481406621334,7.473506927490234,,7.395908355712891,0.04607391357421875,1.695037841796875,16.0
2026-10-02T04:12:00.464515+00:00,during_timestep_solve,9.10067367553711,39.12417984008789,47.83979797363281,0.8178165773536797,7.285240173339844,,7.208522796630859,0.045192718505859375,1.695037841796875,16.0
2026-10-02T04:12:05.539940+00:00,during_timestep_solve,8.965576171875,39.25638961791992,47.83979797363281,0.8205801713367668,7.2685699462890625,,7.191852569580078,0.045192718505859375,1.695037841796875,16.0
2026-10-02T04:12:10.631568+00:00,during_timestep_solve,8.700607299804688,39.50602340698242,47.83979797363281,0.8257982909701332,7.4427337646484375,,7.366157531738281,0.04505157470703125,1.695037841796875,16.0
2026-10-02T04:12:15.704222+00:00,during_timestep_solve,8.63730239868164,39.59685134887695,47.83979797363281,0.8276968763685204,7.425384521484375,,7.348957061767578,0.044902801513671875,1.695037841796875,16.0
2026-10-02T04:12:20.779108+00:00,during_timestep_solve,8.517627716064453,39.71562957763672,47.83979797363281,0.830179709360943,7.456138610839844,,7.379833221435547,0.044780731201171875,1.695037841796875,16.0
2026-10-02T04:12:25.858507+00:00,during_timestep_solve,8.537124633789062,39.68479919433594,47.83979797363281,0.8295352588279835,7.344409942626953,,7.268268585205078,0.04461669921875,1.695037841796875,16.0
2026-10-02T04:12:30.937874+00:00,during_timestep_solve,8.850337982177734,39.37042999267578,47.83979797363281,0.8229639685011845,6.954639434814453,,6.878498077392578,0.04461669921875,1.695037841796875,16.0
2026-10-02T04:12:36.025483+00:00,during_timestep_solve,8.939205169677734,39.393192291259766,47.83979797363281,0.8234397710661645,6.952098846435547,,6.875968933105469,0.044605255126953125,1.7161788940429688,16.0
2026-10-02T04:12:41.101181+00:00,during_timestep_solve,8.46279525756836,39.83246612548828,47.83979797363281,0.8326219552064618,7.347202301025391,,7.2659759521484375,0.049701690673828125,1.7161788940429688,16.0
2026-10-02T04:12:46.173451+00:00,during_timestep_solve,8.43032455444336,39.903018951416016,47.83979797363281,0.8340967278626218,7.264682769775391,,7.183612823486328,0.0495452880859375,1.7161788940429688,16.0
2026-10-02T04:12:51.248699+00:00,during_timestep_solve,8.288475036621094,40.286834716796875,47.83979797363281,0.8421196665379148,7.274879455566406,,7.19439697265625,0.04895782470703125,1.7161788940429688,16.0
2026-10-02T04:12:56.325401+00:00,during_timestep_solve,8.253231048583984,40.37255859375,47.83979797363281,0.8439115611650696,7.319282531738281,,7.238975524902344,0.0487823486328125,1.7696037292480469,16.0
2026-10-02T04:13:01.410643+00:00,during_timestep_solve,9.284725189208984,39.4674072265625,47.83979797363281,0.824991093154599,7.17535400390625,,7.0954742431640625,0.0483551025390625,1.7696037292480469,16.0
2026-10-02T04:13:06.495644+00:00,during_timestep_solve,9.069793701171875,39.54340744018555,47.83979797363281,0.826579733091267,7.302272796630859,,7.222743988037109,0.048004150390625,1.7696037292480469,16.0
2026-10-02T04:13:11.584069+00:00,during_timestep_solve,9.105514526367188,39.64033126831055,47.83979797363281,0.8286057413987942,7.161857604980469,,7.082614898681641,0.047718048095703125,1.7696037292480469,16.0
2026-10-02T04:13:16.676569+00:00,during_timestep_solve,8.849536895751953,39.76667785644531,47.83979797363281,0.8312467765512503,7.298244476318359,,7.218963623046875,0.047756195068359375,1.7696037292480469,16.0
2026-10-02T04:13:21.757844+00:00,during_timestep_solve,8.968437194824219,39.64781951904297,47.83979797363281,0.8287622690399967,7.061500549316406,,6.982215881347656,0.047760009765625,1.7696037292480469,16.0
2026-10-02T04:13:26.823472+00:00,during_timestep_solve,8.896190643310547,39.723262786865234,47.83979797363281,0.8303392670838398,7.042217254638672,,6.962928771972656,0.047763824462890625,1.7696037292480469,16.0
2026-10-02T04:13:31.938815+00:00,during_timestep_solve,8.824325561523438,39.806983947753906,47.83979797363281,0.8320892987402196,7.053962707519531,,6.961475372314453,0.060962677001953125,1.7696037292480469,16.0
2026-10-02T04:13:37.021395+00:00,during_timestep_solve,8.730327606201172,39.90654373168945,47.83979797363281,0.8341704066911859,7.058666229248047,,6.9662628173828125,0.060878753662109375,1.7696037292480469,16.0
2026-10-02T04:13:42.092989+00:00,during_timestep_solve,9.19485092163086,39.432777404785156,47.83979797363281,0.8242672225856549,6.498382568359375,,6.406562805175781,0.06029510498046875,1.7696037292480469,16.0
2026-10-02T04:13:47.164348+00:00,during_timestep_solve,9.048789978027344,39.55064392089844,47.83979797363281,0.8267309979590007,6.567436218261719,,6.475639343261719,0.060272216796875,1.7696037292480469,16.0
2026-10-02T04:13:52.233273+00:00,during_timestep_solve,8.97037124633789,39.629310607910156,47.83979797363281,0.8283753754510436,6.546985626220703,,6.455238342285156,0.060222625732421875,1.7696037292480469,16.0
2026-10-02T04:13:55.781942+00:00,after_timestep_1,9.18648910522461,39.416526794433594,47.83979797363281,0.8239275344799375,6.2288818359375,,6.135417938232422,0.061939239501953125,1.7696037292480469,16.0
2026-10-02T04:13:57.315587+00:00,after_timestep_1,8.86795425415039,39.91135787963867,47.83979797363281,0.8342710372990298,6.502967834472656,,6.408130645751953,0.06331253051757812,1.75506591796875,16.0
2026-10-02T04:14:02.390087+00:00,after_timestep_1,9.713569641113281,38.77321243286133,47.83979797363281,0.8104802711380891,6.404930114746094,,6.310089111328125,0.06331634521484375,1.740142822265625,16.0
2026-10-02T04:14:07.453990+00:00,after_timestep_1,9.39687728881836,38.94827651977539,47.83979797363281,0.8141396529567697,6.4025726318359375,,6.307762145996094,0.06328582763671875,1.740142822265625,16.0
2026-10-02T04:14:12.648545+00:00,after_timestep_1,9.449539184570312,38.83015823364258,47.83979797363281,0.8116706148099548,6.212612152099609,,6.089000701904297,0.0920867919921875,1.740142822265625,16.0
2026-10-02T04:14:17.827475+00:00,after_timestep_1,9.448692321777344,38.89263916015625,47.83979797363281,0.8129766597591436,6.226902008056641,,6.0879364013671875,0.10744094848632812,1.7395782470703125,16.0
2026-10-02T04:14:22.909023+00:00,after_timestep_1,9.418804168701172,38.97639846801758,47.83979797363281,0.8147274888054429,6.211265563964844,,6.107044219970703,0.07269668579101562,1.7395782470703125,16.0
2026-10-02T04:14:41.189464+00:00,after_timestep_1,9.233356475830078,39.3946533203125,47.83979797363281,0.8234703111000823,6.226318359375,,6.084629058837891,0.11016464233398438,1.7395782470703125,16.0
2026-10-02T04:14:46.262184+00:00,during_timestep_solve,9.450851440429688,38.93434524536133,47.83979797363281,0.8138484461581594,5.973060607910156,,5.830589294433594,0.1109466552734375,1.7382469177246094,16.0
2026-10-02T04:14:51.336186+00:00,during_timestep_solve,8.690738677978516,39.69017791748047,47.83979797363281,0.8296476908066365,6.743907928466797,,6.6013946533203125,0.11096572875976562,1.7382469177246094,16.0
2026-10-02T04:14:56.410815+00:00,during_timestep_solve,8.198184967041016,40.22275924682617,47.83979797363281,0.84078029069009,7.1730804443359375,,7.0305938720703125,0.11093902587890625,1.7382469177246094,16.0
2026-10-02T04:15:01.488247+00:00,during_timestep_solve,8.030254364013672,42.610496520996094,47.83979797363281,0.8906913976618613,7.281562805175781,,7.139190673828125,0.1108245849609375,1.7382469177246094,16.0
2026-10-02T04:15:06.564422+00:00,during_timestep_solve,8.826160430908203,41.699981689453125,47.83979797363281,0.8716588166287056,7.377655029296875,,7.236778259277344,0.1093292236328125,1.7382469177246094,16.0
2026-10-02T04:15:11.649682+00:00,during_timestep_solve,8.656719207763672,42.66884994506836,47.83979797363281,0.8919111650217576,7.464992523193359,,7.324199676513672,0.10924530029296875,1.7382469177246094,16.0
2026-10-02T04:15:16.728486+00:00,during_timestep_solve,8.431224822998047,42.83180236816406,47.83979797363281,0.8953173755409892,7.529109954833984,,7.390041351318359,0.10752105712890625,1.7382469177246094,16.0
2026-10-02T04:15:21.803023+00:00,during_timestep_solve,8.326892852783203,42.93272018432617,47.83979797363281,0.8974268705730906,7.584804534912109,,7.446556091308594,0.10670089721679688,1.7382469177246094,16.0
2026-10-02T04:15:26.877318+00:00,during_timestep_solve,8.676368713378906,39.83713912963867,47.83979797363281,0.8327196354716035,7.155479431152344,,7.0173492431640625,0.1065826416015625,1.7382469177246094,16.0
2026-10-02T04:15:31.954682+00:00,during_timestep_solve,8.998947143554688,39.519569396972656,47.83979797363281,0.8260814441305563,6.746097564697266,,6.608539581298828,0.10601043701171875,1.7382469177246094,16.0
2026-10-02T04:15:37.025289+00:00,during_timestep_solve,9.517860412597656,38.97483825683594,47.83979797363281,0.8146948755577343,6.141120910644531,,6.0037384033203125,0.1058349609375,1.7382469177246094,16.0
2026-10-02T04:15:42.107939+00:00,during_timestep_solve,9.47208023071289,38.941566467285156,47.83979797363281,0.8139993920699253,6.149379730224609,,6.011989593505859,0.10584259033203125,1.7382469177246094,16.0
2026-10-02T04:15:47.188421+00:00,during_timestep_solve,9.201168060302734,39.25911331176758,47.83979797363281,0.8206371049770208,6.465446472167969,,6.328166961669922,0.10573196411132812,1.7380027770996094,16.0
2026-10-02T04:15:52.262203+00:00,during_timestep_solve,9.086654663085938,39.34307098388672,47.83979797363281,0.8223920804509016,6.463432312011719,,6.326236724853516,0.10564422607421875,1.7380027770996094,16.0
2026-10-02T04:15:57.331903+00:00,during_timestep_solve,9.044281005859375,39.390140533447266,47.83979797363281,0.8233759798726026,6.461662292480469,,6.324787139892578,0.10532379150390625,1.7380027770996094,16.0
2026-10-02T04:16:02.405824+00:00,during_timestep_solve,8.954792022705078,39.481170654296875,47.83979797363281,0.8252787914375632,6.46075439453125,,6.324069976806641,0.105133056640625,1.7380027770996094,16.0
2026-10-02T04:16:07.481209+00:00,during_timestep_solve,9.866641998291016,38.57247543334961,47.83979797363281,0.8062842459035687,6.459163665771484,,6.323944091796875,0.103668212890625,1.7380027770996094,16.0
2026-10-02T04:16:12.560222+00:00,during_timestep_solve,9.793750762939453,38.66620635986328,47.83979797363281,0.8082435126748317,6.458927154541016,,6.323932647705078,0.10344314575195312,1.7380027770996094,16.0
2026-10-02T04:16:17.641191+00:00,during_timestep_solve,9.712352752685547,38.73915100097656,47.83979797363281,0.809768281678946,6.4577484130859375,,6.323760986328125,0.10243606567382812,1.7380027770996094,16.0
2026-10-02T04:16:22.717620+00:00,during_timestep_solve,9.633846282958984,38.82609939575195,47.83979797363281,0.8115857725225175,6.4562530517578125,,6.323333740234375,0.10136795043945312,1.7380027770996094,16.0
2026-10-02T04:16:27.791207+00:00,during_timestep_solve,9.075366973876953,39.330509185791016,47.83979797363281,0.8221294999504023,6.9571990966796875,,6.82427978515625,0.10136795043945312,1.7380027770996094,16.0
2026-10-02T04:16:32.876552+00:00,during_timestep_solve,9.03097152709961,39.36322021484375,47.83979797363281,0.8228132618063944,6.850231170654297,,6.71978759765625,0.0988922119140625,1.7380027770996094,16.0
2026-10-02T04:16:37.966197+00:00,during_timestep_solve,8.786540985107422,39.62071990966797,47.83979797363281,0.8281958032411667,7.009769439697266,,6.881855010986328,0.09636306762695312,1.7380027770996094,16.0
2026-10-02T04:16:43.050174+00:00,during_timestep_solve,8.555889129638672,39.906436920166016,47.83979797363281,0.8341681739994112,7.208339691162109,,7.0814666748046875,0.0953216552734375,1.7380027770996094,16.0
2026-10-02T04:16:48.128569+00:00,during_timestep_solve,8.40915298461914,40.02233123779297,47.83979797363281,0.8365907243139178,7.262516021728516,,7.136974334716797,0.09399032592773438,1.7380027770996094,16.0
2026-10-02T04:16:53.209469+00:00,during_timestep_solve,8.122940063476562,40.426761627197266,47.83979797363281,0.8450445725017216,7.449699401855469,,7.3242340087890625,0.09391403198242188,1.7380027770996094,16.0
2026-10-02T04:16:58.295584+00:00,during_timestep_solve,8.16598129272461,40.26677703857422,47.83979797363281,0.8417003989182289,7.241489410400391,,7.1168975830078125,0.09304046630859375,1.7379951477050781,16.0
2026-10-02T04:17:03.373981+00:00,during_timestep_solve,7.980205535888672,40.61067199707031,47.83979797363281,0.8488888690427397,7.405860900878906,,7.282318115234375,0.09199142456054688,1.7379951477050781,16.0
2026-10-02T04:17:08.456776+00:00,during_timestep_solve,9.059803009033203,39.35153579711914,47.83979797363281,0.8225690212740441,7.237571716308594,,7.114025115966797,0.0919952392578125,1.7379951477050781,16.0
2026-10-02T04:17:13.532258+00:00,during_timestep_solve,8.80209732055664,39.74232482910156,47.83979797363281,0.8307377228266261,7.402370452880859,,7.279365539550781,0.09145355224609375,1.7379951477050781,16.0
2026-10-02T04:17:18.619329+00:00,during_timestep_solve,8.857780456542969,39.55500411987305,47.83979797363281,0.8268221396268024,7.287200927734375,,7.166557312011719,0.08909225463867188,1.7379951477050781,16.0
2026-10-02T04:17:23.704544+00:00,during_timestep_solve,8.91684341430664,39.63903045654297,47.83979797363281,0.8285785504025384,7.2184295654296875,,7.099464416503906,0.08741378784179688,1.8148651123046875,16.0
2026-10-02T04:17:28.788399+00:00,during_timestep_solve,8.82175064086914,39.735809326171875,47.83979797363281,0.8306015286283713,7.226993560791016,,7.109100341796875,0.08634185791015625,1.8148651123046875,16.0
2026-10-02T04:17:33.861348+00:00,during_timestep_solve,8.776687622070312,39.800655364990234,47.83979797363281,0.8319570117525705,7.145172119140625,,7.0282440185546875,0.08537673950195312,1.8148651123046875,16.0
2026-10-02T04:17:38.938847+00:00,during_timestep_solve,8.648529052734375,39.92852020263672,47.83979797363281,0.8346297830238237,7.1682586669921875,,7.051910400390625,0.08479690551757812,1.8148651123046875,16.0
2026-10-02T04:17:44.013406+00:00,during_timestep_solve,9.026042938232422,39.566402435302734,47.83979797363281,0.8270603997347562,6.703910827636719,,6.5880889892578125,0.08427047729492188,1.8148651123046875,16.0
2026-10-02T04:17:49.089384+00:00,during_timestep_solve,9.092575073242188,39.58830261230469,47.83979797363281,0.827518181287555,6.691112518310547,,6.575664520263672,0.08389663696289062,1.8657569885253906,16.0
2026-10-02T04:17:54.158115+00:00,during_timestep_solve,9.0166015625,39.664737701416016,47.83979797363281,0.8291159114693057,6.688480377197266,,6.574443817138672,0.08248519897460938,1.8657569885253906,16.0
2026-10-02T04:17:59.249186+00:00,during_timestep_solve,8.53070068359375,40.14391326904297,47.83979797363281,0.8391321654654254,7.068336486816406,,6.956184387207031,0.08060073852539062,1.8657569885253906,16.0
2026-10-02T04:18:04.321714+00:00,during_timestep_solve,8.43682861328125,40.274837493896484,47.83979797363281,0.8418688874082244,7.060436248779297,,6.948734283447266,0.08015060424804688,1.8657569885253906,16.0
2026-10-02T04:18:09.399930+00:00,during_timestep_solve,9.061649322509766,39.762474060058594,47.83979797363281,0.8311589041821188,7.197174072265625,,7.0858154296875,0.07980728149414062,1.8657569885253906,16.0
2026-10-02T04:18:14.480946+00:00,during_timestep_solve,9.271305084228516,39.424583435058594,47.83979797363281,0.824095943230941,7.028446197509766,,6.9182891845703125,0.07860565185546875,1.8657569885253906,16.0
2026-10-02T04:18:19.580399+00:00,during_timestep_solve,8.961681365966797,39.88042449951172,47.83979797363281,0.8336244338132877,7.1926116943359375,,7.082939147949219,0.07812118530273438,1.8657569885253906,16.0
2026-10-02T04:18:24.665865+00:00,during_timestep_solve,8.999401092529297,39.69955825805664,47.83979797363281,0.8298437689878475,6.999412536621094,,6.890415191650391,0.07744598388671875,1.8657569885253906,16.0
2026-10-02T04:18:29.747151+00:00,during_timestep_solve,8.747489929199219,40.09108352661133,47.83979797363281,0.8380278601658763,7.1641387939453125,,7.056282043457031,0.07630538940429688,1.8657569885253906,16.0
2026-10-02T04:18:34.825397+00:00,during_timestep_solve,8.81216812133789,39.901161193847656,47.83979797363281,0.834057894973541,7.062652587890625,,6.956634521484375,0.07446670532226562,1.8657569885253906,16.0
2026-10-02T04:18:39.907295+00:00,during_timestep_solve,8.746536254882812,39.94560623168945,47.83979797363281,0.8349869339687787,7.059497833251953,,6.954124450683594,0.073822021484375,1.8640480041503906,16.0
2026-10-02T04:18:44.980082+00:00,during_timestep_solve,8.696353912353516,39.999752044677734,47.83979797363281,0.8361187492205514,7.058086395263672,,6.953094482421875,0.0734405517578125,1.8640480041503906,16.0
2026-10-02T04:18:50.061973+00:00,during_timestep_solve,8.613216400146484,40.076904296875,47.83979797363281,0.837731470332789,7.0572967529296875,,6.953067779541016,0.0726776123046875,1.8636283874511719,16.0
2026-10-02T04:18:55.144061+00:00,during_timestep_solve,8.527252197265625,40.1768798828125,47.83979797363281,0.8398212698338782,7.068904876708984,,6.966548919677734,0.07080459594726562,1.8636283874511719,16.0
2026-10-02T04:19:00.223340+00:00,during_timestep_solve,8.885818481445312,39.8243408203125,47.83979797363281,0.8324521111536032,6.612785339355469,,6.5113372802734375,0.06989669799804688,1.8636283874511719,16.0
2026-10-02T04:19:05.320176+00:00,during_timestep_solve,8.8446044921875,39.876800537109375,47.83979797363281,0.8335486817709329,6.57354736328125,,6.47540283203125,0.06659317016601562,1.8636283874511719,16.0
2026-10-02T04:19:10.388598+00:00,during_timestep_solve,9.724395751953125,39.017967224121094,47.83979797363281,0.8155964046007484,6.54730224609375,,6.450584411621094,0.06516647338867188,1.8636283874511719,16.0
2026-10-02T04:19:12.281435+00:00,after_timestep_2,9.974536895751953,38.73596954345703,47.83979797363281,0.8097017793596576,6.273555755615234,,6.176158905029297,0.06584548950195312,1.8633842468261719,16.0
2026-10-02T04:19:15.459532+00:00,after_timestep_2,9.629447937011719,38.99864196777344,47.83979797363281,0.8151924468675175,6.611339569091797,,6.513404846191406,0.06638336181640625,1.8631401062011719,16.0
2026-10-02T04:19:20.525753+00:00,after_timestep_2,9.383636474609375,39.08237075805664,47.83979797363281,0.8169426380018812,6.608943939208984,,6.512371063232422,0.06502151489257812,1.8631401062011719,16.0
2026-10-02T04:19:25.598672+00:00,after_timestep_2,9.174396514892578,39.15726089477539,47.83979797363281,0.8185080738918912,6.605987548828125,,6.511333465576172,0.06310272216796875,1.8631401062011719,16.0
2026-10-02T04:19:30.703960+00:00,after_timestep_2,9.28384780883789,39.0649528503418,47.83979797363281,0.8165785497646264,6.433467864990234,,6.300495147705078,0.10142135620117188,1.8631401062011719,16.0
2026-10-02T04:19:35.815390+00:00,after_timestep_2,9.23501968383789,39.177757263183594,47.83979797363281,0.8189365114956515,6.437839508056641,,6.2977294921875,0.10855865478515625,1.8631401062011719,16.0
2026-10-02T04:19:40.920289+00:00,after_timestep_2,9.216686248779297,39.213890075683594,47.83979797363281,0.8196917992274249,6.453300476074219,,6.32574462890625,0.09600448608398438,1.8626632690429688,16.0
2026-10-02T04:19:48.851133+00:00,after_timestep_2,9.165016174316406,39.344425201416016,47.83979797363281,0.8224203877930448,6.44964599609375,,6.324520111083984,0.09357452392578125,1.8625411987304688,16.0
2026-10-02T04:20:02.285438+00:00,during_timestep_solve,9.463993072509766,39.19129180908203,47.83979797363281,0.8192194254390988,6.088825225830078,,5.961948394775391,0.09531402587890625,1.8622970581054688,16.0
2026-10-02T04:20:07.363175+00:00,during_timestep_solve,8.673282623291016,39.94181823730469,47.83979797363281,0.83490775314977,6.832267761230469,,6.7053680419921875,0.0953369140625,1.8622970581054688,16.0
2026-10-02T04:20:12.437151+00:00,during_timestep_solve,9.215721130371094,39.403648376464844,47.83979797363281,0.8236583356431061,7.196163177490234,,7.069221496582031,0.09537887573242188,1.8622970581054688,16.0
2026-10-02T04:20:17.523437+00:00,during_timestep_solve,9.02730941772461,41.78873062133789,47.83979797363281,0.8735139442764787,7.306568145751953,,7.17962646484375,0.09537887573242188,1.8622970581054688,16.0
2026-10-02T04:20:22.599427+00:00,during_timestep_solve,8.841331481933594,41.84891128540039,47.83979797363281,0.8747719066135201,7.420524597167969,,7.293582916259766,0.09537887573242188,1.8622970581054688,16.0
2026-10-02T04:20:27.676578+00:00,during_timestep_solve,8.666557312011719,42.833927154541016,47.83979797363281,0.8953617901595067,7.525089263916016,,7.398151397705078,0.09537506103515625,1.8622970581054688,16.0
2026-10-02T04:20:32.753363+00:00,during_timestep_solve,8.504924774169922,42.914066314697266,47.83979797363281,0.8970369469024432,7.610443115234375,,7.483516693115234,0.09536361694335938,1.8622970581054688,16.0
2026-10-02T04:20:37.841229+00:00,during_timestep_solve,8.368598937988281,43.06415939331055,47.83979797363281,0.9001743572798032,7.648273468017578,,7.521369934082031,0.09534072875976562,1.8622970581054688,16.0
2026-10-02T04:20:42.934174+00:00,during_timestep_solve,8.760753631591797,40.003570556640625,47.83979797363281,0.8361985679514957,7.216991424560547,,7.0901031494140625,0.09532546997070312,1.8622970581054688,16.0
2026-10-02T04:20:48.015747+00:00,during_timestep_solve,9.640182495117188,39.0242805480957,47.83979797363281,0.8157283726324297,6.204608917236328,,6.077751159667969,0.09529495239257812,1.8622970581054688,16.0
2026-10-02T04:20:53.094118+00:00,during_timestep_solve,9.573562622070312,39.080162048339844,47.83979797363281,0.8168964691255407,6.15960693359375,,6.033145904541016,0.09489822387695312,1.8622970581054688,16.0
2026-10-02T04:20:58.176973+00:00,during_timestep_solve,9.453056335449219,39.14934539794922,47.83979797363281,0.8183426154835899,6.100608825683594,,5.975734710693359,0.09331130981445312,1.8622970581054688,16.0
2026-10-02T04:21:03.260709+00:00,during_timestep_solve,9.195301055908203,39.47991180419922,47.83979797363281,0.8252524775702189,6.419281005859375,,6.294368743896484,0.09334945678710938,1.8615646362304688,16.0
2026-10-02T04:21:08.340606+00:00,during_timestep_solve,9.090095520019531,39.58381271362305,47.83979797363281,0.827424328494027,6.418216705322266,,6.293323516845703,0.09333038330078125,1.8615646362304688,16.0
2026-10-02T04:21:13.410076+00:00,during_timestep_solve,10.024559020996094,38.637210845947266,47.83979797363281,0.8076374165970014,6.414520263671875,,6.289653778076172,0.09330368041992188,1.8615646362304688,16.0
2026-10-02T04:21:18.482911+00:00,during_timestep_solve,9.97784423828125,38.69081115722656,47.83979797363281,0.8087578291729248,6.339286804199219,,6.214458465576172,0.09326553344726562,1.8615646362304688,16.0
2026-10-02T04:21:23.562155+00:00,during_timestep_solve,9.896263122558594,38.781654357910156,47.83979797363281,0.8106567335272798,6.210247039794922,,6.085418701171875,0.09326553344726562,1.8615646362304688,16.0
2026-10-02T04:21:28.637570+00:00,during_timestep_solve,9.932289123535156,38.79049301147461,47.83979797363281,0.8108414887716335,6.112972259521484,,5.988151550292969,0.09325790405273438,1.87908935546875,16.0
2026-10-02T04:21:33.710130+00:00,during_timestep_solve,9.902957916259766,38.86022186279297,47.83979797363281,0.8122990378055319,6.021614074707031,,5.89678955078125,0.09326171875,1.87890625,16.0
2026-10-02T04:21:38.782993+00:00,during_timestep_solve,9.805633544921875,38.953407287597656,47.83979797363281,0.8142469019009456,5.892494201660156,,5.767665863037109,0.09326553344726562,1.87890625,16.0
2026-10-02T04:21:43.868141+00:00,during_timestep_solve,10.000633239746094,38.84221649169922,47.83979797363281,0.8119226697635165,5.6691131591796875,,5.5443267822265625,0.09322357177734375,1.8792304992675781,16.0
2026-10-02T04:21:48.955925+00:00,during_timestep_solve,9.355117797851562,39.41656494140625,47.83979797363281,0.823928331869857,6.255943298339844,,6.131160736083984,0.09321975708007812,1.8792304992675781,16.0
2026-10-02T04:21:54.041631+00:00,during_timestep_solve,9.178962707519531,39.60837173461914,47.83979797363281,0.8279376881242168,6.530368804931641,,6.405590057373047,0.0932159423828125,1.8800392150878906,16.0
2026-10-02T04:21:59.117125+00:00,during_timestep_solve,8.597900390625,40.101226806640625,47.83979797363281,0.8382398861454777,7.153114318847656,,7.029750823974609,0.09180068969726562,1.8800392150878906,16.0
2026-10-02T04:22:04.208675+00:00,during_timestep_solve,8.502185821533203,40.16387939453125,47.83979797363281,0.8395495193493043,7.23199462890625,,7.112819671630859,0.08761215209960938,1.8800392150878906,16.0
2026-10-02T04:22:09.288817+00:00,during_timestep_solve,8.277061462402344,40.54610824584961,47.83979797363281,0.8475392866039451,7.315860748291016,,7.199981689453125,0.08431625366210938,1.8800392150878906,16.0
2026-10-02T04:22:14.373873+00:00,during_timestep_solve,9.346473693847656,39.33305740356445,47.83979797363281,0.8221827655970265,7.091484069824219,,6.977256774902344,0.08266448974609375,1.8800392150878906,16.0
2026-10-02T04:22:19.462113+00:00,during_timestep_solve,9.155097961425781,39.6654052734375,47.83979797363281,0.8291298657928974,7.249778747558594,,7.139102935791016,0.07911300659179688,1.8800392150878906,16.0
2026-10-02T04:22:24.554781+00:00,during_timestep_solve,9.229122161865234,39.4565544128418,47.83979797363281,0.8247642357224942,7.092555999755859,,6.981952667236328,0.07904052734375,1.8800392150878906,16.0
2026-10-02T04:22:29.644550+00:00,during_timestep_solve,8.986370086669922,39.84764099121094,47.83979797363281,0.8329391569164485,7.2528076171875,,7.142200469970703,0.07904434204101562,1.8800392150878906,16.0
2026-10-02T04:22:34.736807+00:00,during_timestep_solve,9.028526306152344,39.638492584228516,47.83979797363281,0.8285673072046731,7.155956268310547,,7.045345306396484,0.07904815673828125,1.8800392150878906,16.0
2026-10-02T04:22:39.813984+00:00,during_timestep_solve,8.947059631347656,39.71966552734375,47.83979797363281,0.8302640732144286,7.0357208251953125,,6.925617218017578,0.07854080200195312,1.8800392150878906,16.0
2026-10-02T04:22:44.887233+00:00,during_timestep_solve,8.86422348022461,39.81519317626953,47.83979797363281,0.8322608970509012,7.162441253662109,,7.052890777587891,0.0779876708984375,1.8800392150878906,16.0
2026-10-02T04:22:49.973738+00:00,during_timestep_solve,8.734703063964844,39.96639633178711,47.83979797363281,0.8354215114749194,7.16009521484375,,7.051113128662109,0.07741928100585938,1.8800392150878906,16.0
2026-10-02T04:22:55.058544+00:00,during_timestep_solve,8.654277801513672,40.02455520629883,47.83979797363281,0.836637212146226,7.19024658203125,,7.083038330078125,0.07564163208007812,1.8800392150878906,16.0
2026-10-02T04:23:00.148189+00:00,during_timestep_solve,9.01043701171875,39.66765213012695,47.83979797363281,0.8291768320591574,6.731868743896484,,6.626110076904297,0.07419204711914062,1.8800392150878906,16.0
2026-10-02T04:23:05.232722+00:00,during_timestep_solve,8.937789916992188,39.75486755371094,47.83979797363281,0.8309999046321657,6.696624755859375,,6.591152191162109,0.07390594482421875,1.8800392150878906,16.0
2026-10-02T04:23:10.307285+00:00,during_timestep_solve,8.862850189208984,39.831424713134766,47.83979797363281,0.8326001864616588,6.702491760253906,,6.597743988037109,0.07318115234375,1.8800392150878906,16.0
2026-10-02T04:23:15.389627+00:00,during_timestep_solve,8.402069091796875,40.289676666259766,47.83979797363281,0.8421790720869193,7.091342926025391,,6.987495422363281,0.0722808837890625,1.8800392150878906,16.0
2026-10-02T04:23:20.474164+00:00,during_timestep_solve,9.33633041381836,39.342132568359375,47.83979797363281,0.8223724646588814,7.088905334472656,,6.985782623291016,0.07155609130859375,1.8800392150878906,16.0
2026-10-02T04:23:25.574376+00:00,during_timestep_solve,9.082366943359375,39.72848892211914,47.83979797363281,0.8304485095028147,7.253742218017578,,7.150981903076172,0.07119369506835938,1.8800392150878906,16.0
2026-10-02T04:23:30.669120+00:00,during_timestep_solve,9.169654846191406,39.515724182128906,47.83979797363281,0.8260010672266683,7.084033966064453,,6.983039855957031,0.069427490234375,1.8800392150878906,16.0
2026-10-02T04:23:35.746821+00:00,during_timestep_solve,8.922748565673828,39.907470703125,47.83979797363281,0.8341897832662303,7.227863311767578,,7.1284027099609375,0.06789398193359375,1.8800392150878906,16.0
2026-10-02T04:23:40.826293+00:00,during_timestep_solve,9.026599884033203,39.646236419677734,47.83979797363281,0.8287291773583365,7.059902191162109,,6.961780548095703,0.06655502319335938,1.8800392150878906,16.0
2026-10-02T04:23:45.907445+00:00,during_timestep_solve,8.783920288085938,40.02076721191406,47.83979797363281,0.8365580313272173,7.22503662109375,,7.12774658203125,0.06572341918945312,1.8800392150878906,16.0
2026-10-02T04:23:50.989301+00:00,during_timestep_solve,8.775291442871094,39.901161193847656,47.83979797363281,0.834057894973541,7.094383239746094,,6.999126434326172,0.063690185546875,1.8800392150878906,16.0
2026-10-02T04:23:56.082736+00:00,during_timestep_solve,8.710746765136719,39.966453552246094,47.83979797363281,0.8354227075597986,7.092681884765625,,6.9984283447265625,0.06259536743164062,1.8800392150878906,16.0
2026-10-02T04:24:01.158013+00:00,during_timestep_solve,8.609291076660156,40.07373809814453,47.83979797363281,0.8376652869694686,7.0911712646484375,,6.998573303222656,0.060939788818359375,1.8800392150878906,16.0
2026-10-02T04:24:06.284413+00:00,during_timestep_solve,8.580551147460938,40.11198043823242,47.83979797363281,0.8384646703637916,7.01751708984375,,6.927700042724609,0.05815887451171875,1.8800392150878906,16.0
2026-10-02T04:24:11.370446+00:00,during_timestep_solve,8.388008117675781,40.30888748168945,47.83979797363281,0.8425806376503917,7.100921630859375,,7.013149261474609,0.05611419677734375,1.8800392150878906,16.0
2026-10-02T04:24:16.460766+00:00,during_timestep_solve,8.918922424316406,39.857994079589844,47.83979797363281,0.8331555685406073,6.464832305908203,,6.377960205078125,0.05521392822265625,1.8800392150878906,16.0
2026-10-02T04:24:21.550430+00:00,during_timestep_solve,9.790882110595703,38.961544036865234,47.83979797363281,0.8144169851707802,6.468421936035156,,6.381996154785156,0.054767608642578125,1.8800392150878906,16.0
2026-10-02T04:24:26.644940+00:00,during_timestep_solve,9.792251586914062,39.04103088378906,47.83979797363281,0.8160785065460928,6.410697937011719,,6.325244903564453,0.05379486083984375,1.8903694152832031,16.0
2026-10-02T04:24:28.395209+00:00,after_timestep_3,10.06369400024414,38.76692199707031,47.83979797363281,0.8103487815403596,6.128643035888672,,6.042213439941406,0.05477142333984375,1.8903694152832031,16.0
2026-10-02T04:24:31.726043+00:00,after_timestep_3,9.649761199951172,39.1515007019043,47.83979797363281,0.818387668014043,6.4152374267578125,,6.328620910644531,0.054958343505859375,1.8902473449707031,16.0
2026-10-02T04:24:36.807423+00:00,after_timestep_3,9.396629333496094,39.22863006591797,47.83979797363281,0.819999910692329,6.411674499511719,,6.326938629150391,0.05307769775390625,1.8902473449707031,16.0
2026-10-02T04:24:41.877899+00:00,after_timestep_3,9.178722381591797,39.31157684326172,47.83979797363281,0.8217337553333425,6.4054718017578125,,6.322853088378906,0.050960540771484375,1.8902473449707031,16.0
2026-10-02T04:24:46.954579+00:00,after_timestep_3,9.286796569824219,39.18123245239258,47.83979797363281,0.8190091537173202,6.228580474853516,,6.111225128173828,0.08569717407226562,1.8902473449707031,16.0
2026-10-02T04:24:52.024052+00:00,after_timestep_3,9.253242492675781,39.28263854980469,47.83979797363281,0.8211288553403914,6.235233306884766,,6.1111297607421875,0.09244537353515625,1.8902473449707031,16.0
2026-10-02T04:24:57.154198+00:00,after_timestep_3,9.192554473876953,39.37275314331055,47.83979797363281,0.8230125295472834,6.26220703125,,6.133998870849609,0.09654998779296875,1.8902473449707031,16.0
2026-10-02T04:25:05.000071+00:00,after_timestep_3,9.191612243652344,39.44034194946289,47.83979797363281,0.8244253450066965,6.250492095947266,,6.128593444824219,0.090240478515625,1.8902473449707031,16.0
2026-10-02T04:25:17.999051+00:00,during_timestep_solve,9.431873321533203,39.1953010559082,47.83979797363281,0.8193032311196407,6.045261383056641,,5.921070098876953,0.09253311157226562,1.8902473449707031,16.0
2026-10-02T04:25:23.091425+00:00,during_timestep_solve,9.693317413330078,38.940826416015625,47.83979797363281,0.8139839227054866,6.745338439941406,,6.621128082275391,0.09255218505859375,1.8902473449707031,16.0
2026-10-02T04:25:28.170225+00:00,during_timestep_solve,9.196636199951172,39.474998474121094,47.83979797363281,0.8251497737485842,7.119235992431641,,6.995784759521484,0.09179306030273438,1.8902473449707031,16.0
2026-10-02T04:25:33.261519+00:00,during_timestep_solve,9.001197814941406,41.954322814941406,47.83979797363281,0.8769753341781413,7.163417816162109,,7.041736602783203,0.09002304077148438,1.8902473449707031,16.0
2026-10-02T04:25:38.347551+00:00,during_timestep_solve,8.82852554321289,41.96641159057617,47.83979797363281,0.8772280270436386,7.271800994873047,,7.150211334228516,0.08993148803710938,1.8902473449707031,16.0
2026-10-02T04:25:43.421780+00:00,during_timestep_solve,8.660930633544922,42.90999221801758,47.83979797363281,0.896951785659038,7.370246887207031,,7.2487945556640625,0.08979415893554688,1.8902473449707031,16.0
2026-10-02T04:25:48.498528+00:00,during_timestep_solve,8.514942169189453,43.06633758544922,47.83979797363281,0.900219888244208,7.4444427490234375,,7.324108123779297,0.08867645263671875,1.8902473449707031,16.0
2026-10-02T04:25:53.593964+00:00,during_timestep_solve,8.330486297607422,43.15924072265625,47.83979797363281,0.9021618516542173,7.496063232421875,,7.375789642333984,0.08861541748046875,1.8902473449707031,16.0
2026-10-02T04:25:58.688327+00:00,during_timestep_solve,8.73611068725586,39.994956970214844,47.83979797363281,0.8360185173076672,7.066429138183594,,6.946704864501953,0.08806228637695312,1.8902473449707031,16.0
2026-10-02T04:26:03.771678+00:00,during_timestep_solve,9.076175689697266,39.651580810546875,47.83979797363281,0.8288408916860619,6.656620025634766,,6.536895751953125,0.08806228637695312,1.8902473449707031,16.0
2026-10-02T04:26:08.845471+00:00,during_timestep_solve,9.671428680419922,39.134010314941406,47.83979797363281,0.8180220647359412,5.901782989501953,,5.782054901123047,0.08806610107421875,1.8902473449707031,16.0
2026-10-02T04:26:13.921338+00:00,during_timestep_solve,9.605079650878906,39.173927307128906,47.83979797363281,0.8188564535477313,5.902774810791016,,5.783050537109375,0.08806228637695312,1.8877143859863281,16.0
2026-10-02T04:26:18.996523+00:00,during_timestep_solve,9.345321655273438,39.569881439208984,47.83979797363281,0.8271331216954169,6.161006927490234,,6.041202545166016,0.08814239501953125,1.8869819641113281,16.0
2026-10-02T04:26:24.076157+00:00,during_timestep_solve,10.286975860595703,38.550048828125,47.83979797363281,0.8058154603698805,6.159687042236328,,6.039886474609375,0.08813858032226562,1.8869819641113281,16.0
2026-10-02T04:26:29.156528+00:00,during_timestep_solve,10.211063385009766,38.61648941040039,47.83979797363281,0.8072042743927158,6.140285491943359,,6.020484924316406,0.08813858032226562,1.8869819641113281,16.0
2026-10-02T04:26:34.234875+00:00,during_timestep_solve,10.137958526611328,38.702335357666016,47.83979797363281,0.8089987206676131,6.130283355712891,,6.0104827880859375,0.08813858032226562,1.8869819641113281,16.0
2026-10-02T04:26:39.305045+00:00,during_timestep_solve,10.05716323852539,38.792327880859375,47.83979797363281,0.8108798432267627,6.087917327880859,,5.968116760253906,0.08813858032226562,1.8869819641113281,16.0
2026-10-02T04:26:44.387119+00:00,during_timestep_solve,9.9930419921875,38.84614944458008,47.83979797363281,0.8120048806642194,6.085926055908203,,5.966156005859375,0.08810806274414062,1.8869819641113281,16.0
2026-10-02T04:26:49.459807+00:00,during_timestep_solve,9.911773681640625,38.92655944824219,47.83979797363281,0.8136856988755845,6.083980560302734,,5.964202880859375,0.08811569213867188,1.8869819641113281,16.0
2026-10-02T04:26:54.539815+00:00,during_timestep_solve,9.799613952636719,39.04437255859375,47.83979797363281,0.8161483579030431,6.083702087402344,,5.963970184326172,0.08806991577148438,1.8869819641113281,16.0
2026-10-02T04:26:59.618689+00:00,during_timestep_solve,9.907672882080078,38.91579818725586,47.83979797363281,0.8134607551792867,5.898029327392578,,5.7783355712890625,0.08803176879882812,1.8869819641113281,16.0
2026-10-02T04:27:04.713587+00:00,during_timestep_solve,9.4124755859375,39.56421661376953,47.83979797363281,0.8270147092923675,6.2258148193359375,,6.106121063232422,0.08803176879882812,1.8913955688476562,16.0
2026-10-02T04:27:09.806079+00:00,during_timestep_solve,9.396347045898438,39.571800231933594,47.83979797363281,0.8271732304083689,6.061927795410156,,5.9422607421875,0.08800506591796875,1.8913955688476562,16.0
2026-10-02T04:27:14.885900+00:00,during_timestep_solve,8.986324310302734,40.1812629699707,47.83979797363281,0.8399128899356315,6.422641754150391,,6.3029937744140625,0.08798599243164062,1.8913955688476562,16.0
2026-10-02T04:27:19.969694+00:00,during_timestep_solve,8.468143463134766,40.23793411254883,47.83979797363281,0.8410974924000767,6.920986175537109,,6.802463531494141,0.08686065673828125,1.8913955688476562,16.0
2026-10-02T04:27:25.053038+00:00,during_timestep_solve,9.202041625976562,39.620418548583984,47.83979797363281,0.8281895038608025,7.229267120361328,,7.115055084228516,0.082550048828125,1.8913955688476562,16.0
2026-10-02T04:27:30.152015+00:00,during_timestep_solve,9.312583923339844,39.36518859863281,47.83979797363281,0.8228544071262418,7.059562683105469,,6.947288513183594,0.0806121826171875,1.8913955688476562,16.0
2026-10-02T04:27:35.249262+00:00,during_timestep_solve,9.07464599609375,39.74852752685547,47.83979797363281,0.8308673784275407,7.224586486816406,,7.112308502197266,0.08061599731445312,1.8913955688476562,16.0
2026-10-02T04:27:40.329764+00:00,during_timestep_solve,9.161090850830078,39.52866744995117,47.83979797363281,0.8262716216263628,7.057064056396484,,6.945346832275391,0.08005523681640625,1.8913955688476562,16.0
2026-10-02T04:27:45.407533+00:00,during_timestep_solve,8.920108795166016,39.918521881103516,47.83979797363281,0.8344207871259165,7.221889495849609,,7.110588073730469,0.07963943481445312,1.8913955688476562,16.0
2026-10-02T04:27:50.506138+00:00,during_timestep_solve,8.924251556396484,39.77825927734375,47.83979797363281,0.8314888641308179,7.123252868652344,,7.013683319091797,0.07790756225585938,1.8913955688476562,16.0
2026-10-02T04:27:55.597185+00:00,during_timestep_solve,8.835399627685547,39.87166213989258,47.83979797363281,0.8334412733487729,7.122810363769531,,7.013683319091797,0.07746124267578125,1.8913955688476562,16.0
2026-10-02T04:28:00.691238+00:00,during_timestep_solve,8.755744934082031,39.97544479370117,47.83979797363281,0.8356106523638305,7.247165679931641,,7.139457702636719,0.07604217529296875,1.8913955688476562,16.0
2026-10-02T04:28:05.781755+00:00,during_timestep_solve,8.630844116210938,40.080806732177734,47.83979797363281,0.8378130433215564,7.244495391845703,,7.1372222900390625,0.0756072998046875,1.8913955688476562,16.0
2026-10-02T04:28:10.872665+00:00,during_timestep_solve,8.606258392333984,40.078285217285156,47.83979797363281,0.8377603358478759,7.2685699462890625,,7.162437438964844,0.07446670532226562,1.8913955688476562,16.0
2026-10-02T04:28:15.963148+00:00,during_timestep_solve,9.095649719238281,39.600677490234375,47.83979797363281,0.8277768545774488,6.6911163330078125,,6.585926055908203,0.07352447509765625,1.8913955688476562,16.0
2026-10-02T04:28:21.039561+00:00,during_timestep_solve,8.936836242675781,39.76967239379883,47.83979797363281,0.831309371659933,6.760517120361328,,6.6560516357421875,0.0727996826171875,1.8913955688476562,16.0
2026-10-02T04:28:26.127433+00:00,during_timestep_solve,9.793804168701172,38.89372253417969,47.83979797363281,0.812999305632858,6.760581970214844,,6.658302307128906,0.07061386108398438,1.8913955688476562,16.0
2026-10-02T04:28:31.215095+00:00,during_timestep_solve,9.3736572265625,39.321754455566406,47.83979797363281,0.8219464989638715,7.147315979003906,,7.0472869873046875,0.06836318969726562,1.8913955688476562,16.0
2026-10-02T04:28:36.294963+00:00,during_timestep_solve,9.353015899658203,39.335933685302734,47.83979797363281,0.8222428887969587,7.0672454833984375,,6.968074798583984,0.0675048828125,1.8913955688476562,16.0
2026-10-02T04:28:41.377915+00:00,during_timestep_solve,9.183799743652344,39.72128677368164,47.83979797363281,0.8302979622860085,7.076362609863281,,6.979457855224609,0.06523895263671875,1.8913955688476562,16.0
2026-10-02T04:28:46.465944+00:00,during_timestep_solve,9.381969451904297,39.490882873535156,47.83979797363281,0.8254818069110741,6.829120635986328,,6.7330169677734375,0.0644378662109375,1.9032440185546875,16.0
2026-10-02T04:28:51.551766+00:00,during_timestep_solve,9.12203598022461,39.905235290527344,47.83979797363281,0.8341430562169462,6.992103576660156,,6.897640228271484,0.06279754638671875,1.9032440185546875,16.0
2026-10-02T04:28:56.655792+00:00,during_timestep_solve,9.186058044433594,39.70638656616211,47.83979797363281,0.8299865017834422,6.821754455566406,,6.72998046875,0.060108184814453125,1.9032440185546875,16.0
2026-10-02T04:29:01.738376+00:00,during_timestep_solve,8.937408447265625,40.105587005615234,47.83979797363281,0.8383310278132794,6.975925445556641,,6.8857421875,0.0585174560546875,1.9032440185546875,16.0
2026-10-02T04:29:06.828584+00:00,during_timestep_solve,8.893852233886719,39.997962951660156,47.83979797363281,0.8360813516333256,6.876461029052734,,6.788578033447266,0.056217193603515625,1.9032440185546875,16.0
2026-10-02T04:29:11.917648+00:00,during_timestep_solve,8.821117401123047,40.0499153137207,47.83979797363281,0.8371673169647257,6.876075744628906,,6.788303375244141,0.0561065673828125,1.9032440185546875,16.0
2026-10-02T04:29:17.005803+00:00,during_timestep_solve,8.747295379638672,40.123573303222656,47.83979797363281,0.838706997160335,6.8753204345703125,,6.787513732910156,0.056140899658203125,1.9026718139648438,16.0
2026-10-02T04:29:22.092537+00:00,during_timestep_solve,8.683467864990234,40.192726135253906,47.83979797363281,0.8401525056064485,6.860408782958984,,6.773769378662109,0.054973602294921875,1.9026718139648438,16.0
2026-10-02T04:29:27.196481+00:00,during_timestep_solve,8.57455062866211,40.2935791015625,47.83979797363281,0.8422606450756867,6.8622283935546875,,6.7774658203125,0.053096771240234375,1.9026718139648438,16.0
2026-10-02T04:29:32.297396+00:00,during_timestep_solve,9.897533416748047,38.97411346435547,47.83979797363281,0.8146797251492635,6.402935028076172,,6.3193511962890625,0.05191802978515625,1.9026718139648438,16.0
2026-10-02T04:29:37.391001+00:00,during_timestep_solve,9.854438781738281,39.027244567871094,47.83979797363281,0.8157903298291768,6.366973876953125,,6.283382415771484,0.0519256591796875,1.9026718139648438,16.0
2026-10-02T04:29:42.470944+00:00,during_timestep_solve,9.760452270507812,39.1275634765625,47.83979797363281,0.8178873058395415,6.366630554199219,,6.283039093017578,0.0519256591796875,1.9026718139648438,16.0
2026-10-02T04:29:44.763215+00:00,after_timestep_4,10.004291534423828,38.88090896606445,47.83979797363281,0.8127314623588899,6.093753814697266,,6.008514404296875,0.0535736083984375,1.9025497436523438,16.0
2026-10-02T04:29:47.567175+00:00,after_timestep_4,9.60306167602539,39.26896286010742,47.83979797363281,0.820842991054242,6.384895324707031,,6.299766540527344,0.053462982177734375,1.9024276733398438,16.0
2026-10-02T04:29:52.652081+00:00,after_timestep_4,9.486251831054688,39.27980041503906,47.83979797363281,0.8210695295303788,6.274574279785156,,6.1921234130859375,0.050785064697265625,1.9087715148925781,16.0
2026-10-02T04:29:57.733463+00:00,after_timestep_4,9.24527359008789,39.383201599121094,47.83979797363281,0.8232309346462412,6.191978454589844,,6.110748291015625,0.049560546875,1.9087715148925781,16.0
2026-10-02T04:30:02.920222+00:00,after_timestep_4,9.355331420898438,39.23923873901367,47.83979797363281,0.8202216648289486,6.016307830810547,,5.898487091064453,0.086151123046875,1.9087715148925781,16.0
2026-10-02T04:30:08.001437+00:00,after_timestep_4,9.344413757324219,39.3087158203125,47.83979797363281,0.8216739510893781,6.0182342529296875,,5.897743225097656,0.0888214111328125,1.9087715148925781,16.0
2026-10-02T04:30:13.137530+00:00,after_timestep_4,9.273113250732422,39.393760681152344,47.83979797363281,0.8234516521759655,6.048152923583984,,5.930877685546875,0.08560562133789062,1.9087715148925781,16.0
2026-10-02T04:30:28.939524+00:00,after_timestep_4,9.138355255126953,39.480411529541016,47.83979797363281,0.8252629233781648,6.052410125732422,,5.930286407470703,0.0904541015625,1.9087715148925781,16.0
2026-10-02T04:30:34.026758+00:00,during_timestep_solve,10.373191833496094,38.279258728027344,47.83979797363281,0.8001551082871459,5.8603057861328125,,5.736530303955078,0.09210586547851562,1.9087715148925781,16.0
2026-10-02T04:30:39.120277+00:00,during_timestep_solve,9.565193176269531,39.109840393066406,47.83979797363281,0.8175168384829306,6.629444122314453,,6.505668640136719,0.09210586547851562,1.9087715148925781,16.0
2026-10-02T04:30:44.202366+00:00,during_timestep_solve,9.093402862548828,39.59717559814453,47.83979797363281,0.8277036541828364,7.058032989501953,,6.934253692626953,0.09210968017578125,1.9087715148925781,16.0
2026-10-02T04:30:49.302555+00:00,during_timestep_solve,8.825218200683594,42.06031036376953,47.83979797363281,0.8791908023305475,7.169246673583984,,7.045478820800781,0.09209823608398438,1.9087715148925781,16.0
2026-10-02T04:30:54.380702+00:00,during_timestep_solve,8.7191162109375,42.08852005004883,47.83979797363281,0.8797804721760356,7.271694183349609,,7.147918701171875,0.09210586547851562,1.9087715148925781,16.0
2026-10-02T04:30:59.453831+00:00,during_timestep_solve,8.526336669921875,43.057228088378906,47.83979797363281,0.9000294715314257,7.3823089599609375,,7.2586212158203125,0.09201812744140625,1.9087715148925781,16.0
2026-10-02T04:31:04.553252+00:00,during_timestep_solve,8.383472442626953,43.144107818603516,47.83979797363281,0.901845527073142,7.469001770019531,,7.345603942871094,0.09172821044921875,1.9087715148925781,16.0
2026-10-02T04:31:09.645186+00:00,during_timestep_solve,8.289909362792969,43.26953887939453,47.83979797363281,0.9044674248675296,7.509838104248047,,7.386493682861328,0.0916748046875,1.9087715148925781,16.0
2026-10-02T04:31:14.731323+00:00,during_timestep_solve,8.679794311523438,40.12838363647461,47.83979797363281,0.838807548029187,7.076972961425781,,6.953643798828125,0.0916595458984375,1.9087715148925781,16.0
2026-10-02T04:31:19.811953+00:00,during_timestep_solve,9.600173950195312,39.12722396850586,47.83979797363281,0.8178802090692577,6.067596435546875,,5.944267272949219,0.0916595458984375,1.9087715148925781,16.0
2026-10-02T04:31:24.899537+00:00,during_timestep_solve,9.55038070678711,39.181884765625,47.83979797363281,0.8190227890849441,6.0363311767578125,,5.912998199462891,0.09166336059570312,1.9087715148925781,16.0
2026-10-02T04:31:29.973751+00:00,during_timestep_solve,9.46478271484375,39.27586364746094,47.83979797363281,0.8209872388906839,6.062175750732422,,5.938854217529297,0.09165191650390625,1.9087715148925781,16.0
2026-10-02T04:31:35.064998+00:00,during_timestep_solve,10.164833068847656,38.55493927001953,47.83979797363281,0.8059176857575635,6.375583648681641,,6.252162933349609,0.0917510986328125,1.9086494445800781,16.0
2026-10-02T04:31:40.148258+00:00,during_timestep_solve,10.075302124023438,38.71189498901367,47.83979797363281,0.8091985465814459,6.374027252197266,,6.2506103515625,0.09174728393554688,1.9085273742675781,16.0
2026-10-02T04:31:45.222738+00:00,during_timestep_solve,9.996070861816406,38.7351188659668,47.83979797363281,0.8096839975644522,6.3735504150390625,,6.250129699707031,0.0917510986328125,1.9085273742675781,16.0
2026-10-02T04:31:50.296038+00:00,during_timestep_solve,9.930038452148438,38.779972076416016,47.83979797363281,0.8106215686318288,6.373546600341797,,6.250125885009766,0.0917510986328125,1.9085273742675781,16.0
2026-10-02T04:31:55.374176+00:00,during_timestep_solve,9.846935272216797,38.854637145996094,47.83979797363281,0.8121822999213135,6.37322998046875,,6.250125885009766,0.09143447875976562,1.9085273742675781,16.0
2026-10-02T04:32:00.454489+00:00,during_timestep_solve,9.762401580810547,38.94105911254883,47.83979797363281,0.8139887867839957,6.3720855712890625,,6.250133514404297,0.09028244018554688,1.9085273742675781,16.0
2026-10-02T04:32:05.541512+00:00,during_timestep_solve,9.650291442871094,39.0687141418457,47.83979797363281,0.8166571724106916,6.372081756591797,,6.250125885009766,0.0902862548828125,1.9085273742675781,16.0
2026-10-02T04:32:10.633585+00:00,during_timestep_solve,9.597415924072266,39.127960205078125,47.83979797363281,0.8178955986947046,6.372066497802734,,6.250118255615234,0.09027862548828125,1.9085273742675781,16.0
2026-10-02T04:32:15.725375+00:00,during_timestep_solve,9.683692932128906,39.151065826416016,47.83979797363281,0.8183785777689604,6.224224090576172,,6.102268218994141,0.0902862548828125,1.9085273742675781,16.0
2026-10-02T04:32:20.821037+00:00,during_timestep_solve,9.073055267333984,39.63710403442383,47.83979797363281,0.8285382822116024,6.7705230712890625,,6.648582458496094,0.09027099609375,1.9085273742675781,16.0
2026-10-02T04:32:25.904212+00:00,during_timestep_solve,8.792362213134766,39.869544982910156,47.83979797363281,0.8333970182082393,6.9812164306640625,,6.859275817871094,0.09027099609375,1.9085273742675781,16.0
2026-10-02T04:32:30.988998+00:00,during_timestep_solve,8.530914306640625,40.169151306152344,47.83979797363281,0.8396597186361826,7.130863189697266,,7.0089263916015625,0.09026718139648438,1.9085273742675781,16.0
2026-10-02T04:32:36.082303+00:00,during_timestep_solve,9.404762268066406,39.26447677612305,47.83979797363281,0.8207492179997059,7.198020935058594,,7.076984405517578,0.08936691284179688,1.9085273742675781,16.0
2026-10-02T04:32:41.171410+00:00,during_timestep_solve,9.17462158203125,39.63467025756836,47.83979797363281,0.8284874087347368,7.361759185791016,,7.241542816162109,0.0885467529296875,1.9085273742675781,16.0
2026-10-02T04:32:46.254142+00:00,during_timestep_solve,9.22342300415039,39.48216247558594,47.83979797363281,0.8252995235754709,7.193565368652344,,7.074676513671875,0.08721923828125,1.9085273742675781,16.0
2026-10-02T04:32:51.334040+00:00,during_timestep_solve,8.97286605834961,39.86076736450195,47.83979797363281,0.8332135387877568,7.333061218261719,,7.214794158935547,0.08659744262695312,1.9085273742675781,16.0
2026-10-02T04:32:56.416554+00:00,during_timestep_solve,9.039833068847656,39.65181350708008,47.83979797363281,0.828845755764571,7.165401458740234,,7.047264099121094,0.08646774291992188,1.9085273742675781,16.0
2026-10-02T04:33:01.500129+00:00,during_timestep_solve,8.835929870605469,39.75149154663086,47.83979797363281,0.8309293356242877,7.330116271972656,,7.2129974365234375,0.08542633056640625,1.9085273742675781,16.0
2026-10-02T04:33:06.598781+00:00,during_timestep_solve,8.775581359863281,39.698944091796875,47.83979797363281,0.8298309310101432,7.231502532958984,,7.116603851318359,0.0832061767578125,1.9085273742675781,16.0
2026-10-02T04:33:11.688434+00:00,during_timestep_solve,8.704498291015625,39.807212829589844,47.83979797363281,0.8320940830797368,7.2168121337890625,,7.103015899658203,0.08210372924804688,1.9085273742675781,16.0
2026-10-02T04:33:16.774342+00:00,during_timestep_solve,8.65030288696289,39.88242721557617,47.83979797363281,0.8336662967840627,7.218425750732422,,7.104946136474609,0.081787109375,1.9085273742675781,16.0
2026-10-02T04:33:21.866425+00:00,during_timestep_solve,8.596168518066406,39.92100524902344,47.83979797363281,0.8344726972096775,7.151691436767578,,7.038414001464844,0.08158493041992188,1.9085273742675781,16.0
2026-10-02T04:33:26.970401+00:00,during_timestep_solve,8.496932983398438,40.02964782714844,47.83979797363281,0.8367436637004825,7.1181793212890625,,7.005950927734375,0.080535888671875,1.9085273742675781,16.0
2026-10-02T04:33:32.058596+00:00,during_timestep_solve,8.97152328491211,39.647918701171875,47.83979797363281,0.8287643422537875,6.5993194580078125,,6.488063812255859,0.07956314086914062,1.9058723449707031,16.0
2026-10-02T04:33:37.147626+00:00,during_timestep_solve,9.89822006225586,38.677852630615234,47.83979797363281,0.8084869558172625,6.587741851806641,,6.4776763916015625,0.07837295532226562,1.9058723449707031,16.0
2026-10-02T04:33:42.238781+00:00,during_timestep_solve,9.867660522460938,38.70833969116211,47.83979797363281,0.8091242298409462,6.582695007324219,,6.473796844482422,0.07720565795898438,1.9058723449707031,16.0
2026-10-02T04:33:47.353554+00:00,during_timestep_solve,9.402729034423828,39.17146682739258,47.83979797363281,0.8188050218979219,6.966693878173828,,6.860088348388672,0.07491302490234375,1.9058723449707031,16.0
2026-10-02T04:33:52.442107+00:00,during_timestep_solve,9.317432403564453,39.25942611694336,47.83979797363281,0.8206436435743609,6.965412139892578,,6.859935760498047,0.07378387451171875,1.9057502746582031,16.0
2026-10-02T04:33:57.533470+00:00,during_timestep_solve,9.068305969238281,39.658538818359375,47.83979797363281,0.8289863356073831,7.114696502685547,,7.011867523193359,0.071136474609375,1.9057502746582031,16.0
2026-10-02T04:34:02.627877+00:00,during_timestep_solve,9.169624328613281,39.454002380371094,47.83979797363281,0.824710890336878,6.914028167724609,,6.812858581542969,0.0694732666015625,1.9057502746582031,16.0
2026-10-02T04:34:07.719900+00:00,during_timestep_solve,8.896171569824219,39.852760314941406,47.83979797363281,0.8330461666436487,7.077793121337891,,6.978984832763672,0.06711196899414062,1.9057502746582031,16.0
2026-10-02T04:34:12.810743+00:00,during_timestep_solve,8.981399536132812,39.64908981323242,47.83979797363281,0.8287888221243169,6.908172607421875,,6.811744689941406,0.06473159790039062,1.9057502746582031,16.0
2026-10-02T04:34:17.890698+00:00,during_timestep_solve,8.683128356933594,40.08326721191406,47.83979797363281,0.8378644749713657,7.070117950439453,,6.975719451904297,0.06270217895507812,1.9057502746582031,16.0
2026-10-02T04:34:22.998772+00:00,during_timestep_solve,8.778190612792969,39.934364318847656,47.83979797363281,0.8347519431594949,6.862518310546875,,6.769500732421875,0.061321258544921875,1.905517578125,16.0
2026-10-02T04:34:28.096373+00:00,during_timestep_solve,8.703369140625,40.0063591003418,47.83979797363281,0.836256857154613,6.7826080322265625,,6.690242767333984,0.0606689453125,1.905517578125,16.0
2026-10-02T04:34:33.202193+00:00,during_timestep_solve,8.605705261230469,40.10432434082031,47.83979797363281,0.8383046342069431,6.778629302978516,,6.6873321533203125,0.059600830078125,1.905517578125,16.0
2026-10-02T04:34:38.286135+00:00,during_timestep_solve,9.556953430175781,39.103397369384766,47.83979797363281,0.8173821593255229,6.703453063964844,,6.614765167236328,0.0569915771484375,1.905517578125,16.0
2026-10-02T04:34:43.376735+00:00,during_timestep_solve,9.400253295898438,39.265384674072266,47.83979797363281,0.8207681958797906,6.797176361083984,,6.71026611328125,0.05521392822265625,1.905517578125,16.0
2026-10-02T04:34:48.473717+00:00,during_timestep_solve,9.867000579833984,38.819698333740234,47.83979797363281,0.8114519704940213,6.306354522705078,,6.219596862792969,0.05506134033203125,1.905517578125,16.0
2026-10-02T04:34:53.579452+00:00,during_timestep_solve,9.788715362548828,38.90258026123047,47.83979797363281,0.8131844595721716,6.302715301513672,,6.217826843261719,0.053192138671875,1.905517578125,16.0
2026-10-02T04:34:58.679581+00:00,during_timestep_solve,9.703865051269531,38.99772262573242,47.83979797363281,0.8151732297704569,6.301750183105469,,6.216941833496094,0.053112030029296875,1.905517578125,16.0
2026-10-02T04:34:59.835480+00:00,after_timestep_5,9.951332092285156,38.7422981262207,47.83979797363281,0.8098340663473067,6.0292816162109375,,5.942859649658203,0.05472564697265625,1.905517578125,16.0
2026-10-02T04:35:03.762991+00:00,after_timestep_5,9.571365356445312,39.063880920410156,47.83979797363281,0.8165561431078878,6.3450469970703125,,6.257038116455078,0.05631256103515625,1.9052734375,16.0
2026-10-02T04:35:08.846326+00:00,after_timestep_5,9.330860137939453,39.14024353027344,47.83979797363281,0.8181523582487914,6.342555999755859,,6.2554168701171875,0.05544281005859375,1.9052734375,16.0
2026-10-02T04:35:13.921058+00:00,after_timestep_5,9.146732330322266,39.198455810546875,47.83979797363281,0.8193691752659854,6.338623046875,,6.253997802734375,0.052928924560546875,1.9052734375,16.0
2026-10-02T04:35:19.028484+00:00,after_timestep_5,9.265701293945312,39.09014892578125,47.83979797363281,0.8171052258064722,6.171516418457031,,6.0433807373046875,0.09643936157226562,1.9052734375,16.0
2026-10-02T04:35:24.105450+00:00,after_timestep_5,9.246700286865234,39.1698112487793,47.83979797363281,0.8187704151754146,6.168262481689453,,6.0431060791015625,0.0934600830078125,1.9052734375,16.0
2026-10-02T04:35:29.206377+00:00,after_timestep_5,9.233810424804688,39.22239685058594,47.83979797363281,0.8198696171794787,6.200958251953125,,6.075313568115234,0.0939483642578125,1.9045524597167969,16.0
2026-10-02T04:35:49.908699+00:00,during_timestep_solve,10.391281127929688,38.066287994384766,47.83979797363281,0.7957033601054341,5.887668609619141,,5.767795562744141,0.08817672729492188,1.9043083190917969,16.0
2026-10-02T04:35:55.001581+00:00,during_timestep_solve,9.551582336425781,38.93666458129883,47.83979797363281,0.8138969274652665,6.662670135498047,,6.542789459228516,0.08818435668945312,1.9043083190917969,16.0
2026-10-02T04:36:00.094775+00:00,during_timestep_solve,9.14016342163086,39.361881256103516,47.83979797363281,0.822785273420219,7.009422302246094,,6.889556884765625,0.08816909790039062,1.9043083190917969,16.0
2026-10-02T04:36:05.187982+00:00,during_timestep_solve,8.932998657226562,41.7961540222168,47.83979797363281,0.8736691163548181,7.128307342529297,,7.008457183837891,0.08815383911132812,1.9043083190917969,16.0
2026-10-02T04:36:10.264266+00:00,during_timestep_solve,8.770687103271484,41.85074996948242,47.83979797363281,0.8748103408076412,7.241245269775391,,7.12139892578125,0.0881500244140625,1.9043083190917969,16.0
2026-10-02T04:36:15.336634+00:00,during_timestep_solve,8.583335876464844,42.85905456542969,47.83979797363281,0.8958870308994973,7.340419769287109,,7.220569610595703,0.08815383911132812,1.9043083190917969,16.0
2026-10-02T04:36:20.413052+00:00,during_timestep_solve,8.407943725585938,42.94453811645508,47.83979797363281,0.8976739019701592,7.426723480224609,,7.306968688964844,0.0880584716796875,1.9043083190917969,16.0
2026-10-02T04:36:25.501922+00:00,during_timestep_solve,8.304386138916016,43.05037307739258,47.83979797363281,0.8998861805628872,7.462421417236328,,7.343143463134766,0.08758163452148438,1.9043083190917969,16.0
2026-10-02T04:36:30.605993+00:00,during_timestep_solve,8.646278381347656,39.95703887939453,47.83979797363281,0.83522591172766,7.032886505126953,,6.9136199951171875,0.0875701904296875,1.9043083190917969,16.0
2026-10-02T04:36:35.704430+00:00,during_timestep_solve,9.598136901855469,38.98451232910156,47.83979797363281,0.8148970936413257,6.0243072509765625,,5.905067443847656,0.08754348754882812,1.9043083190917969,16.0
2026-10-02T04:36:40.799791+00:00,during_timestep_solve,9.986190795898438,38.589813232421875,47.83979797363281,0.8066466596219926,6.016731262207031,,5.897499084472656,0.08753585815429688,1.9043083190917969,16.0
2026-10-02T04:36:45.884996+00:00,during_timestep_solve,10.376140594482422,38.1279182434082,47.83979797363281,0.7969916232594174,6.048316955566406,,5.929084777832031,0.08753585815429688,1.9043083190917969,16.0
2026-10-02T04:36:50.989616+00:00,during_timestep_solve,10.079357147216797,38.459842681884766,47.83979797363281,0.8039298724271815,6.36529541015625,,6.245948791503906,0.08765029907226562,1.9032096862792969,16.0
2026-10-02T04:36:56.078030+00:00,during_timestep_solve,9.963787078857422,38.59245300292969,47.83979797363281,0.8067018390044236,6.364616394042969,,6.245269775390625,0.08765029907226562,1.9032096862792969,16.0
2026-10-02T04:37:01.163482+00:00,during_timestep_solve,9.87283706665039,38.67274475097656,47.83979797363281,0.8083801853070381,6.3626556396484375,,6.243293762207031,0.08765411376953125,1.9032096862792969,16.0
2026-10-02T04:37:06.266863+00:00,during_timestep_solve,9.783172607421875,38.77400207519531,47.83979797363281,0.8104967771094232,6.258354187011719,,6.1389923095703125,0.08765411376953125,1.9032096862792969,16.0
2026-10-02T04:37:11.355662+00:00,during_timestep_solve,9.765056610107422,38.776344299316406,47.83979797363281,0.810545736850482,6.150688171386719,,6.031341552734375,0.08763885498046875,1.9032096862792969,16.0
2026-10-02T04:37:16.444365+00:00,during_timestep_solve,9.788516998291016,38.898075103759766,47.83979797363281,0.8130902878226758,6.0640411376953125,,5.944698333740234,0.08763504028320312,1.9075050354003906,16.0
2026-10-02T04:37:21.536689+00:00,during_timestep_solve,9.70047378540039,38.98094177246094,47.83979797363281,0.8148224579448583,5.986598968505859,,5.867279052734375,0.08760452270507812,1.9075050354003906,16.0
2026-10-02T04:37:26.629111+00:00,during_timestep_solve,9.667903900146484,38.984073638916016,47.83979797363281,0.8148879236572512,5.887943267822266,,5.768623352050781,0.08760452270507812,1.9067649841308594,16.0
2026-10-02T04:37:31.729805+00:00,during_timestep_solve,9.749221801757812,38.898521423339844,47.83979797363281,0.8130996172847342,5.6454620361328125,,5.526142120361328,0.08760452270507812,1.9067649841308594,16.0
2026-10-02T04:37:36.832133+00:00,during_timestep_solve,9.22701644897461,39.502628326416016,47.83979797363281,0.8257273232672956,6.220493316650391,,6.101226806640625,0.08755111694335938,1.9067649841308594,16.0
2026-10-02T04:37:41.920292+00:00,during_timestep_solve,8.979148864746094,39.631568908691406,47.83979797363281,0.8284225809342795,6.514263153076172,,6.394996643066406,0.08755111694335938,1.9067649841308594,16.0
2026-10-02T04:37:47.013278+00:00,during_timestep_solve,9.480194091796875,39.089969635009766,47.83979797363281,0.8171014780738505,7.110134124755859,,6.991828918457031,0.08658981323242188,1.9067649841308594,16.0
2026-10-02T04:37:52.102800+00:00,during_timestep_solve,9.06949234008789,39.4503288269043,47.83979797363281,0.824634101687628,7.1698150634765625,,7.056644439697266,0.08145523071289062,1.9067649841308594,16.0
2026-10-02T04:37:57.194251+00:00,during_timestep_solve,8.844768524169922,39.87297439575195,47.83979797363281,0.8334687035620045,7.299201965332031,,7.18768310546875,0.079803466796875,1.9067649841308594,16.0
2026-10-02T04:38:02.285540+00:00,during_timestep_solve,8.908878326416016,39.6263542175293,47.83979797363281,0.8283135777322804,7.0860137939453125,,6.974643707275391,0.07965469360351562,1.9067649841308594,16.0
2026-10-02T04:38:07.371300+00:00,during_timestep_solve,8.665721893310547,40.00103759765625,47.83979797363281,0.8361456212608394,7.235813140869141,,7.125049591064453,0.07904815673828125,1.9067649841308594,16.0
2026-10-02T04:38:12.470652+00:00,during_timestep_solve,8.733440399169922,39.78548049926758,47.83979797363281,0.8316398100425838,7.062541961669922,,6.953266143798828,0.0775604248046875,1.9067649841308594,16.0
2026-10-02T04:38:17.572577+00:00,during_timestep_solve,8.375362396240234,40.29409408569336,47.83979797363281,0.8422714098396002,7.22137451171875,,7.113590240478516,0.07606887817382812,1.9067649841308594,16.0
2026-10-02T04:38:22.676515+00:00,during_timestep_solve,8.411849975585938,40.12273406982422,47.83979797363281,0.8386894545821055,7.120594024658203,,7.014049530029297,0.0748291015625,1.9067649841308594,16.0
2026-10-02T04:38:27.770906+00:00,during_timestep_solve,8.32907485961914,40.20591354370117,47.83979797363281,0.8404281633016281,7.120216369628906,,7.013805389404297,0.07469558715820312,1.9067649841308594,16.0
2026-10-02T04:38:32.874396+00:00,during_timestep_solve,8.234107971191406,40.30500411987305,47.83979797363281,0.8424994633565842,7.145664215087891,,7.039951324462891,0.07399749755859375,1.9067649841308594,16.0
2026-10-02T04:38:37.974444+00:00,during_timestep_solve,8.121223449707031,40.43173599243164,47.83979797363281,0.8451485521472275,7.140277862548828,,7.0355987548828125,0.07296371459960938,1.9067649841308594,16.0
2026-10-02T04:38:43.082686+00:00,during_timestep_solve,8.060508728027344,40.47899627685547,47.83979797363281,0.846136438518526,7.170341491699219,,7.066638946533203,0.07198715209960938,1.9067649841308594,16.0
2026-10-02T04:38:48.216166+00:00,during_timestep_solve,9.573200225830078,38.941532135009766,47.83979797363281,0.8139986744189978,6.607208251953125,,6.5060577392578125,0.06943511962890625,1.9067649841308594,16.0
2026-10-02T04:38:53.330749+00:00,during_timestep_solve,9.461662292480469,39.05965805053711,47.83979797363281,0.8164678720437964,6.675559997558594,,6.576213836669922,0.06763076782226562,1.9067649841308594,16.0
2026-10-02T04:38:58.417332+00:00,during_timestep_solve,9.383255004882812,39.141090393066406,47.83979797363281,0.8181700603050048,6.676761627197266,,6.578125,0.06692123413085938,1.9067649841308594,16.0
2026-10-02T04:39:03.519968+00:00,during_timestep_solve,8.796562194824219,39.73488235473633,47.83979797363281,0.8305821520533269,7.166526794433594,,7.069068908691406,0.06574249267578125,1.9067649841308594,16.0
2026-10-02T04:39:08.628594+00:00,during_timestep_solve,8.813453674316406,39.708621978759766,47.83979797363281,0.8300332288327265,7.0577545166015625,,6.962310791015625,0.06372833251953125,1.9067649841308594,16.0
2026-10-02T04:39:13.721933+00:00,during_timestep_solve,8.549720764160156,40.08978271484375,47.83979797363281,0.8380006691696205,7.2210235595703125,,7.128383636474609,0.060924530029296875,1.9066429138183594,16.0
2026-10-02T04:39:18.809485+00:00,during_timestep_solve,8.645923614501953,39.85078048706055,47.83979797363281,0.8330047821068254,7.049465179443359,,6.959728240966797,0.05802154541015625,1.9066429138183594,16.0
2026-10-02T04:39:23.910873+00:00,during_timestep_solve,8.433708190917969,40.21788787841797,47.83979797363281,0.8406784639973667,7.196796417236328,,7.108348846435547,0.056732177734375,1.9066429138183594,16.0
2026-10-02T04:39:29.006363+00:00,during_timestep_solve,8.5318603515625,39.9691047668457,47.83979797363281,0.8354781261592056,7.026302337646484,,6.940647125244141,0.0539398193359375,1.9066429138183594,16.0
2026-10-02T04:39:34.104946+00:00,during_timestep_solve,8.256610870361328,40.41842269897461,47.83979797363281,0.8448702630653135,7.190727233886719,,7.1065521240234375,0.052459716796875,1.9066429138183594,16.0
2026-10-02T04:39:39.210075+00:00,during_timestep_solve,8.280277252197266,40.24976348876953,47.83979797363281,0.8413447630141211,7.060497283935547,,6.97723388671875,0.051548004150390625,1.9066429138183594,16.0
2026-10-02T04:39:44.315074+00:00,during_timestep_solve,8.202423095703125,40.33557891845703,47.83979797363281,0.8431385713770828,7.059013366699219,,6.976314544677734,0.050983428955078125,1.9066429138183594,16.0
2026-10-02T04:39:49.399220+00:00,during_timestep_solve,9.122749328613281,39.40028381347656,47.83979797363281,0.8235880058522042,7.0548858642578125,,6.974357604980469,0.0488128662109375,1.9066429138183594,16.0
2026-10-02T04:39:54.489425+00:00,during_timestep_solve,9.053104400634766,39.47767639160156,47.83979797363281,0.8252057505209348,7.0539093017578125,,6.973674774169922,0.048519134521484375,1.9066429138183594,16.0
2026-10-02T04:39:59.603217+00:00,during_timestep_solve,8.929595947265625,39.60354995727539,47.83979797363281,0.8278368980383889,7.0873260498046875,,7.007560729980469,0.0480499267578125,1.9066429138183594,16.0
2026-10-02T04:40:04.712302+00:00,during_timestep_solve,9.292724609375,39.25025939941406,47.83979797363281,0.8204520307766993,6.629734039306641,,6.551460266113281,0.046558380126953125,1.9066429138183594,16.0
2026-10-02T04:40:09.810364+00:00,during_timestep_solve,9.212749481201172,39.313507080078125,47.83979797363281,0.8217741032632704,6.538047790527344,,6.460777282714844,0.04555511474609375,1.9066429138183594,16.0
2026-10-02T04:40:14.897445+00:00,during_timestep_solve,9.183361053466797,39.396915435791016,47.83979797363281,0.8235175963223101,6.469470977783203,,6.392520904541016,0.04523468017578125,1.9066429138183594,16.0
2026-10-02T04:40:17.969459+00:00,after_timestep_6,9.513797760009766,39.152462005615234,47.83979797363281,0.818407762240015,6.140811920166016,,6.06256103515625,0.046535491943359375,1.9114952087402344,16.0
2026-10-02T04:40:19.990981+00:00,after_timestep_6,9.072700500488281,39.593605041503906,47.83979797363281,0.8276290184863689,6.53668212890625,,6.457756042480469,0.047210693359375,1.7372665405273438,16.0
2026-10-02T04:40:25.076086+00:00,after_timestep_6,8.68344497680664,39.510581970214844,47.83979797363281,0.8258935790655164,6.699192047119141,,6.6219635009765625,0.045513153076171875,1.7372665405273438,16.0
2026-10-02T04:40:30.167067+00:00,after_timestep_6,8.462100982666016,39.570594787597656,47.83979797363281,0.827148032886912,6.696491241455078,,6.6199798583984375,0.044795989990234375,1.7372665405273438,16.0
2026-10-02T04:40:35.272565+00:00,after_timestep_6,8.449420928955078,39.46914291381836,47.83979797363281,0.8250273743959373,6.519710540771484,,6.408016204833984,0.07997894287109375,1.7372665405273438,16.0
2026-10-02T04:40:40.604988+00:00,after_timestep_6,8.413330078125,39.58354949951172,47.83979797363281,0.8274188265035823,6.5257110595703125,,6.407524108886719,0.0864715576171875,1.7372665405273438,16.0
2026-10-02T04:40:45.696594+00:00,after_timestep_6,8.423110961914062,39.63945388793945,47.83979797363281,0.8285874014306451,6.497611999511719,,6.406829833984375,0.0590667724609375,1.7372665405273438,16.0
2026-10-02T04:41:04.037046+00:00,after_timestep_6,9.242233276367188,38.73786163330078,47.83979797363281,0.8097413298996661,6.545799255371094,,6.425933837890625,0.0881500244140625,1.7372665405273438,16.0
2026-10-02T04:41:09.138436+00:00,during_timestep_solve,9.545421600341797,38.54044723510742,47.83979797363281,0.8056147573271363,6.364589691162109,,6.243488311767578,0.08938217163085938,1.7371444702148438,16.0
2026-10-02T04:41:14.247018+00:00,during_timestep_solve,8.684730529785156,39.42682647705078,47.83979797363281,0.8241428297582091,7.149257659912109,,7.028087615966797,0.08945083618164062,1.7371444702148438,16.0
2026-10-02T04:41:19.338856+00:00,during_timestep_solve,8.282482147216797,39.81711959838867,47.83979797363281,0.8323011652418372,7.397411346435547,,7.276256561279297,0.08943557739257812,1.7371444702148438,16.0
2026-10-02T04:41:24.433315+00:00,during_timestep_solve,8.109142303466797,42.18867492675781,47.83979797363281,0.8818740194097464,7.498565673828125,,7.377410888671875,0.08943557739257812,1.7371444702148438,16.0
2026-10-02T04:41:29.522981+00:00,during_timestep_solve,7.932891845703125,42.25102233886719,47.83979797363281,0.8831772734942168,7.6125030517578125,,7.4913482666015625,0.08943557739257812,1.7371444702148438,16.0
2026-10-02T04:41:34.614172+00:00,during_timestep_solve,7.7600555419921875,43.2186164855957,47.83979797363281,0.9034029890639568,7.718914031982422,,7.597911834716797,0.08928298950195312,1.7371444702148438,16.0
2026-10-02T04:41:39.701308+00:00,during_timestep_solve,7.5720367431640625,43.355533599853516,47.83979797363281,0.906264980963113,7.807140350341797,,7.686206817626953,0.08921432495117188,1.7371444702148438,16.0
2026-10-02T04:41:44.794636+00:00,during_timestep_solve,7.459892272949219,43.48210906982422,47.83979797363281,0.9089108004550863,7.838947296142578,,7.718029022216797,0.08919906616210938,1.7371444702148438,16.0
2026-10-02T04:41:49.890680+00:00,during_timestep_solve,7.772731781005859,40.42794418334961,47.83979797363281,0.8450692915892268,7.410388946533203,,7.289569854736328,0.08909988403320312,1.7371444702148438,16.0
2026-10-02T04:41:54.978788+00:00,during_timestep_solve,9.771400451660156,38.473636627197266,47.83979797363281,0.8042182086220815,6.257904052734375,,6.137134552001953,0.08905029296875,1.7371444702148438,16.0
2026-10-02T04:42:00.078125+00:00,during_timestep_solve,9.729427337646484,38.5490608215332,47.83979797363281,0.8057948079709648,6.219795227050781,,6.099025726318359,0.08905029296875,1.7379875183105469,16.0
2026-10-02T04:42:05.170616+00:00,during_timestep_solve,9.623321533203125,38.57822036743164,47.83979797363281,0.8064043328254491,6.247413635253906,,6.126621246337891,0.08906936645507812,1.7379875183105469,16.0
2026-10-02T04:42:10.251839+00:00,during_timestep_solve,9.371959686279297,38.89259719848633,47.83979797363281,0.8129757826302321,6.494167327880859,,6.373268127441406,0.08917617797851562,1.7374992370605469,16.0
2026-10-02T04:42:15.346949+00:00,during_timestep_solve,9.299442291259766,38.98860549926758,47.83979797363281,0.8149826535796907,6.494167327880859,,6.373268127441406,0.08917617797851562,1.7374992370605469,16.0
2026-10-02T04:42:20.436137+00:00,during_timestep_solve,9.224540710449219,39.045310974121094,47.83979797363281,0.8161679736950634,6.474765777587891,,6.3538665771484375,0.08917617797851562,1.7374992370605469,16.0
2026-10-02T04:42:25.527929+00:00,during_timestep_solve,8.978034973144531,39.299156188964844,47.83979797363281,0.8214741251755454,6.418498992919922,,6.2975921630859375,0.08918380737304688,1.7374992370605469,16.0
2026-10-02T04:42:30.622117+00:00,during_timestep_solve,9.05276870727539,39.2050895690918,47.83979797363281,0.8195078413729906,6.417327880859375,,6.296455383300781,0.08914947509765625,1.7374992370605469,16.0
2026-10-02T04:42:35.720225+00:00,during_timestep_solve,8.973957061767578,39.30271911621094,47.83979797363281,0.821548601394029,6.411079406738281,,6.290203094482422,0.08915328979492188,1.7374992370605469,16.0
2026-10-02T04:42:40.810012+00:00,during_timestep_solve,8.917823791503906,39.350528717041016,47.83979797363281,0.8225479701801687,6.4018402099609375,,6.280963897705078,0.08915328979492188,1.7374992370605469,16.0
2026-10-02T04:42:45.893431+00:00,during_timestep_solve,8.978412628173828,39.407527923583984,47.83979797363281,0.8237394301979217,6.3917694091796875,,6.270893096923828,0.08915328979492188,1.7391128540039062,16.0
2026-10-02T04:42:50.985920+00:00,during_timestep_solve,8.439437866210938,39.88800048828125,47.83979797363281,0.8337827954513052,6.829441070556641,,6.708564758300781,0.08915328979492188,1.7391128540039062,16.0
2026-10-02T04:42:56.080739+00:00,during_timestep_solve,9.488292694091797,38.916202545166016,47.83979797363281,0.8134692075124337,6.535797119140625,,6.414920806884766,0.08915328979492188,1.7440147399902344,16.0
2026-10-02T04:43:01.195329+00:00,during_timestep_solve,9.18692398071289,39.28982925415039,47.83979797363281,0.8212791633402218,6.698863983154297,,6.577983856201172,0.0891571044921875,1.7440147399902344,16.0
2026-10-02T04:43:06.318647+00:00,during_timestep_solve,8.691986083984375,39.54450225830078,47.83979797363281,0.8266026181819573,7.183094024658203,,7.062976837158203,0.0883941650390625,1.7440147399902344,16.0
2026-10-02T04:43:11.424788+00:00,during_timestep_solve,8.578861236572266,39.618408203125,47.83979797363281,0.8281474814120436,7.264240264892578,,7.144115447998047,0.08840179443359375,1.7461280822753906,16.0
2026-10-02T04:43:16.521267+00:00,during_timestep_solve,8.317001342773438,40.02546691894531,47.83979797363281,0.8366562697653026,7.529396057128906,,7.410152435302734,0.08752059936523438,1.7461280822753906,16.0
2026-10-02T04:43:21.650140+00:00,during_timestep_solve,8.355396270751953,39.93636703491211,47.83979797363281,0.8347938061302699,7.353717803955078,,7.235260009765625,0.08673477172851562,1.7461280822753906,16.0
2026-10-02T04:43:26.739118+00:00,during_timestep_solve,8.090282440185547,40.21802520751953,47.83979797363281,0.840681334601077,7.589637756347656,,7.471763610839844,0.086151123046875,1.7461280822753906,16.0
2026-10-02T04:43:31.837467+00:00,during_timestep_solve,7.930568695068359,40.29814910888672,47.83979797363281,0.8423561723880456,7.666206359863281,,7.550575256347656,0.0839080810546875,1.7461280822753906,16.0
2026-10-02T04:43:36.938219+00:00,during_timestep_solve,8.114238739013672,40.0556755065918,47.83979797363281,0.8372877228425739,7.4059295654296875,,7.291736602783203,0.08246994018554688,1.7461280822753906,16.0
2026-10-02T04:43:42.039704+00:00,during_timestep_solve,7.870418548583984,40.42921447753906,47.83979797363281,0.8450958446735469,7.56732177734375,,7.453380584716797,0.08221817016601562,1.7461280822753906,16.0
2026-10-02T04:43:47.138647+00:00,during_timestep_solve,7.697216033935547,40.530921936035156,47.83979797363281,0.8472218456769824,7.686168670654297,,7.5740203857421875,0.08042526245117188,1.7461280822753906,16.0
2026-10-02T04:43:52.239228+00:00,during_timestep_solve,7.862770080566406,40.318294525146484,47.83979797363281,0.8427772740045464,7.443584442138672,,7.3318023681640625,0.08005905151367188,1.7461280822753906,16.0
2026-10-02T04:43:57.335415+00:00,during_timestep_solve,8.762065887451172,39.45793914794922,47.83979797363281,0.824793180976573,7.465965270996094,,7.356071472167969,0.0781707763671875,1.7461280822753906,16.0
2026-10-02T04:44:02.424971+00:00,during_timestep_solve,8.672218322753906,39.474830627441406,47.83979797363281,0.8251462652329383,7.467399597167969,,7.358650207519531,0.0770263671875,1.7461280822753906,16.0
2026-10-02T04:44:07.519258+00:00,during_timestep_solve,8.542377471923828,39.63037872314453,47.83979797363281,0.8283977023687903,7.492317199707031,,7.385181427001953,0.075408935546875,1.7461280822753906,16.0
2026-10-02T04:44:12.632277+00:00,during_timestep_solve,9.164031982421875,38.991207122802734,47.83979797363281,0.8150370355722022,6.796459197998047,,6.690196990966797,0.07453536987304688,1.7461280822753906,16.0
2026-10-02T04:44:17.720267+00:00,during_timestep_solve,8.886478424072266,39.238548278808594,47.83979797363281,0.8202072320714053,6.975128173828125,,6.870941162109375,0.07246017456054688,1.7461280822753906,16.0
2026-10-02T04:44:22.806174+00:00,during_timestep_solve,8.78719711303711,39.334503173828125,47.83979797363281,0.8222129866749766,6.9670257568359375,,6.864696502685547,0.0706024169921875,1.7461280822753906,16.0
2026-10-02T04:44:27.902026+00:00,during_timestep_solve,8.234600067138672,39.89613342285156,47.83979797363281,0.8339527989821477,7.43804931640625,,7.337657928466797,0.06866455078125,1.7461280822753906,16.0
2026-10-02T04:44:33.003669+00:00,during_timestep_solve,8.445926666259766,39.83893585205078,47.83979797363281,0.8327571925368131,7.183677673339844,,7.086677551269531,0.06527328491210938,1.7546005249023438,16.0
2026-10-02T04:44:38.110784+00:00,during_timestep_solve,8.278511047363281,40.24777603149414,47.83979797363281,0.8413032189993139,7.206661224365234,,7.112133026123047,0.06280136108398438,1.7761344909667969,16.0
2026-10-02T04:44:43.226672+00:00,during_timestep_solve,8.058486938476562,40.34496307373047,47.83979797363281,0.8433347292972858,7.315460205078125,,7.2227935791015625,0.060939788818359375,1.7761344909667969,16.0
2026-10-02T04:44:48.340812+00:00,during_timestep_solve,8.287956237792969,40.164466857910156,47.83979797363281,0.839561799154065,7.0040740966796875,,6.912147521972656,0.060199737548828125,1.7761344909667969,16.0
2026-10-02T04:44:53.434723+00:00,during_timestep_solve,8.042251586914062,40.54413604736328,47.83979797363281,0.8474980615451057,7.147907257080078,,7.057563781738281,0.05861663818359375,1.7761344909667969,16.0
2026-10-02T04:44:58.537839+00:00,during_timestep_solve,9.12493896484375,39.325069427490234,47.83979797363281,0.8220157921478782,6.962642669677734,,6.874107360839844,0.0568084716796875,1.7761344909667969,16.0
2026-10-02T04:45:03.675465+00:00,during_timestep_solve,8.860603332519531,39.751197814941406,47.83979797363281,0.8309231957219074,7.120449066162109,,7.032123565673828,0.056598663330078125,1.7761344909667969,16.0
2026-10-02T04:45:08.771869+00:00,during_timestep_solve,8.818363189697266,39.65305709838867,47.83979797363281,0.8288717506759474,7.003406524658203,,6.916011810302734,0.055667877197265625,1.7761344909667969,16.0
2026-10-02T04:45:13.880684+00:00,during_timestep_solve,8.76822280883789,39.70319366455078,47.83979797363281,0.8299197602471781,7.000938415527344,,6.913532257080078,0.0556793212890625,1.7761344909667969,16.0
2026-10-02T04:45:18.978272+00:00,during_timestep_solve,8.721229553222656,39.7405891418457,47.83979797363281,0.8307014415852877,6.994663238525391,,6.90765380859375,0.0552825927734375,1.7761344909667969,16.0
2026-10-02T04:45:24.087074+00:00,during_timestep_solve,8.681068420410156,39.82492446899414,47.83979797363281,0.8324643112193718,6.964633941650391,,6.878852844238281,0.05405426025390625,1.7793464660644531,16.0
2026-10-02T04:45:29.180351+00:00,during_timestep_solve,8.571029663085938,39.93576431274414,47.83979797363281,0.8347812073695414,6.989372253417969,,6.903820037841797,0.05382537841796875,1.7793464660644531,16.0
2026-10-02T04:45:34.281875+00:00,during_timestep_solve,8.945999145507812,39.554039001464844,47.83979797363281,0.8268019656618384,6.529258728027344,,6.443729400634766,0.053802490234375,1.7793464660644531,16.0
2026-10-02T04:45:39.386664+00:00,during_timestep_solve,8.899578094482422,39.58182144165039,47.83979797363281,0.8273827047402279,6.4840240478515625,,6.400047302246094,0.052249908447265625,1.7793464660644531,16.0
2026-10-02T04:45:44.480055+00:00,during_timestep_solve,8.766529083251953,39.70262908935547,47.83979797363281,0.8299079588763691,6.4070281982421875,,6.324245452880859,0.051055908203125,1.7793464660644531,16.0
2026-10-02T04:45:47.464277+00:00,after_timestep_7,9.116867065429688,39.436241149902344,47.83979797363281,0.8243396255903477,6.054084777832031,,5.9696502685546875,0.052707672119140625,1.7821121215820312,16.0
2026-10-02T04:45:49.589354+00:00,after_timestep_7,8.752456665039062,39.80729293823242,47.83979797363281,0.8320957575985678,6.316051483154297,,6.230125427246094,0.05419921875,1.7819900512695312,16.0
2026-10-02T04:45:54.685889+00:00,after_timestep_7,8.513580322265625,39.89252853393555,47.83979797363281,0.8338774456347526,6.301624298095703,,6.2184295654296875,0.0514678955078125,1.7819900512695312,16.0
2026-10-02T04:45:59.766764+00:00,after_timestep_7,9.294517517089844,38.95332717895508,47.83979797363281,0.8142452273821147,6.292919158935547,,6.211551666259766,0.049640655517578125,1.7819900512695312,16.0
2026-10-02T04:46:04.931792+00:00,after_timestep_7,9.338394165039062,38.829978942871094,47.83979797363281,0.8116668670773332,6.109500885009766,,5.995124816894531,0.08264923095703125,1.7819900512695312,16.0
2026-10-02T04:46:10.004510+00:00,after_timestep_7,9.339366912841797,38.89822769165039,47.83979797363281,0.8130934773823539,6.111225128173828,,5.9927978515625,0.08669662475585938,1.7819900512695312,16.0
2026-10-02T04:46:15.155893+00:00,after_timestep_7,9.303855895996094,38.99104690551758,47.83979797363281,0.8150336865345402,6.116077423095703,,6.001533508300781,0.08281326293945312,1.7816314697265625,16.0
2026-10-02T04:46:31.929435+00:00,after_timestep_7,9.197887420654297,39.19662094116211,47.83979797363281,0.8193308208108563,6.122783660888672,,6.002281188964844,0.08877182006835938,1.7811508178710938,16.0
2026-10-02T04:46:37.020907+00:00,during_timestep_solve,9.462444305419922,38.86669158935547,47.83979797363281,0.8124342751358832,5.926399230957031,,5.804405212402344,0.09026336669921875,1.7810287475585938,16.0
2026-10-02T04:46:42.137621+00:00,during_timestep_solve,8.677497863769531,39.67125701904297,47.83979797363281,0.8292521854065524,6.688365936279297,,6.566123962402344,0.09051132202148438,1.7810287475585938,16.0
2026-10-02T04:46:47.253659+00:00,during_timestep_solve,8.188068389892578,40.158267974853516,47.83979797363281,0.8394322232921423,7.112457275390625,,6.9903717041015625,0.09035491943359375,1.7810287475585938,16.0
2026-10-02T04:46:52.338992+00:00,during_timestep_solve,7.99176025390625,42.54080581665039,47.83979797363281,0.8892346460178826,7.221397399902344,,7.099342346191406,0.09032440185546875,1.7810287475585938,16.0
2026-10-02T04:46:57.430490+00:00,during_timestep_solve,7.818599700927734,42.61762619018555,47.83979797363281,0.8908404298378204,7.329872131347656,,7.207855224609375,0.0902862548828125,1.7810287475585938,16.0
2026-10-02T04:47:02.523771+00:00,during_timestep_solve,8.556644439697266,42.66317367553711,47.83979797363281,0.8917925134017324,7.427227020263672,,7.305240631103516,0.0902557373046875,1.7810287475585938,16.0
2026-10-02T04:47:07.650527+00:00,during_timestep_solve,8.412399291992188,42.73963928222656,47.83979797363281,0.8933908814954187,7.501750946044922,,7.379749298095703,0.09025192260742188,1.7810287475585938,16.0
2026-10-02T04:47:12.745032+00:00,during_timestep_solve,8.344058990478516,42.87273025512695,47.83979797363281,0.8961728951856467,7.512081146240234,,7.390087127685547,0.09024429321289062,1.7823219299316406,16.0
2026-10-02T04:47:17.843974+00:00,during_timestep_solve,8.697052001953125,39.76335144042969,47.83979797363281,0.8311772441502678,7.0809173583984375,,6.95892333984375,0.09024429321289062,1.7823219299316406,16.0
2026-10-02T04:47:22.935715+00:00,during_timestep_solve,9.640106201171875,38.80337905883789,47.83979797363281,0.8111108470864489,6.067939758300781,,5.945945739746094,0.09024429321289062,1.7823219299316406,16.0
2026-10-02T04:47:28.021161+00:00,during_timestep_solve,9.554191589355469,38.889652252197266,47.83979797363281,0.8129142241284448,6.0627288818359375,,5.94073486328125,0.09024429321289062,1.7823219299316406,16.0
2026-10-02T04:47:33.126142+00:00,during_timestep_solve,9.521957397460938,38.82120895385742,47.83979797363281,0.8114835471348345,6.0916595458984375,,5.969661712646484,0.09024810791015625,1.7823219299316406,16.0
2026-10-02T04:47:38.220068+00:00,during_timestep_solve,9.2266845703125,39.14626693725586,47.83979797363281,0.8182782661170843,6.500148773193359,,6.378070831298828,0.09032821655273438,1.7820777893066406,16.0
2026-10-02T04:47:43.316253+00:00,during_timestep_solve,9.141387939453125,39.227535247802734,47.83979797363281,0.8199770256016387,6.500144958496094,,6.378070831298828,0.09032440185546875,1.7820777893066406,16.0
2026-10-02T04:47:48.417963+00:00,during_timestep_solve,9.064849853515625,39.320472717285156,47.83979797363281,0.8219197066625755,6.500091552734375,,6.378070831298828,0.09027099609375,1.7820777893066406,16.0
2026-10-02T04:47:53.508757+00:00,during_timestep_solve,8.958839416503906,39.409706115722656,47.83979797363281,0.8237849611623266,6.500049591064453,,6.378070831298828,0.09022903442382812,1.7820777893066406,16.0
2026-10-02T04:47:58.605721+00:00,during_timestep_solve,8.904949188232422,39.47688293457031,47.83979797363281,0.8251891648106088,6.499961853027344,,6.377994537353516,0.09021759033203125,1.7820777893066406,16.0
2026-10-02T04:48:03.704571+00:00,during_timestep_solve,9.758636474609375,38.616825103759766,47.83979797363281,0.8072112914240076,6.500003814697266,,6.377986907958984,0.09026718139648438,1.7820777893066406,16.0
2026-10-02T04:48:08.804350+00:00,during_timestep_solve,9.721908569335938,38.66423797607422,47.83979797363281,0.8082023673549843,6.500034332275391,,6.377922058105469,0.09026718139648438,1.7820777893066406,16.0
2026-10-02T04:48:13.902398+00:00,during_timestep_solve,9.655895233154297,38.74540710449219,47.83979797363281,0.8098990536257479,6.500030517578125,,6.377918243408203,0.09026718139648438,1.7820777893066406,16.0
2026-10-02T04:48:19.004155+00:00,during_timestep_solve,9.202140808105469,39.241458892822266,47.83979797363281,0.820268072922265,6.997444152832031,,6.875396728515625,0.09020233154296875,1.7820777893066406,16.0
2026-10-02T04:48:24.109863+00:00,during_timestep_solve,9.223655700683594,39.209312438964844,47.83979797363281,0.819596112437082,6.83953857421875,,6.717491149902344,0.09020233154296875,1.7820777893066406,16.0
2026-10-02T04:48:29.216392+00:00,during_timestep_solve,8.928390502929688,39.49632263183594,47.83979797363281,0.8255955147135983,7.050243377685547,,6.928173065185547,0.0902252197265625,1.7820777893066406,16.0
2026-10-02T04:48:34.326907+00:00,during_timestep_solve,8.775638580322266,39.8036994934082,47.83979797363281,0.8320206434681485,7.2325286865234375,,7.110416412353516,0.09026718139648438,1.8110084533691406,16.0
2026-10-02T04:48:39.430426+00:00,during_timestep_solve,8.6778564453125,39.883697509765625,47.83979797363281,0.8336928498683828,7.283233642578125,,7.161228179931641,0.09016036987304688,1.8110084533691406,16.0
2026-10-02T04:48:44.548536+00:00,during_timestep_solve,8.30264663696289,40.29323959350586,47.83979797363281,0.8422535483054029,7.544788360595703,,7.424365997314453,0.0885772705078125,1.8110084533691406,16.0
2026-10-02T04:48:49.655736+00:00,during_timestep_solve,8.475753784179688,40.15178680419922,47.83979797363281,0.8392967467448151,7.280231475830078,,7.161296844482422,0.08708953857421875,1.8110084533691406,16.0
2026-10-02T04:48:54.758804+00:00,during_timestep_solve,8.231117248535156,40.487789154052734,47.83979797363281,0.8463202368949764,7.444927215576172,,7.326892852783203,0.08618927001953125,1.8110084533691406,16.0
2026-10-02T04:48:59.871302+00:00,during_timestep_solve,8.32177734375,40.19772720336914,47.83979797363281,0.8402570434248982,7.277378082275391,,7.160270690917969,0.08526229858398438,1.8110084533691406,16.0
2026-10-02T04:49:04.977275+00:00,during_timestep_solve,9.011032104492188,39.61932373046875,47.83979797363281,0.8281666187701122,7.442310333251953,,7.326511383056641,0.083953857421875,1.8110084533691406,16.0
2026-10-02T04:49:10.094009+00:00,during_timestep_solve,9.035511016845703,39.45427322387695,47.83979797363281,0.8247165518053067,7.324008941650391,,7.208946228027344,0.08320999145507812,1.8110084533691406,16.0
2026-10-02T04:49:15.197493+00:00,during_timestep_solve,8.968841552734375,39.52860641479492,47.83979797363281,0.8262703458024916,7.249427795410156,,7.134822845458984,0.08275222778320312,1.8110084533691406,16.0
2026-10-02T04:49:20.289015+00:00,during_timestep_solve,8.8658447265625,39.632789611816406,47.83979797363281,0.8284480974117042,7.223453521728516,,7.111122131347656,0.08047866821289062,1.8110084533691406,16.0
2026-10-02T04:49:25.394061+00:00,during_timestep_solve,8.875984191894531,39.7689094543457,47.83979797363281,0.8312934238615425,7.174522399902344,,7.063137054443359,0.07953262329101562,1.8361091613769531,16.0
2026-10-02T04:49:30.504802+00:00,during_timestep_solve,8.713821411132812,39.934288024902344,47.83979797363281,0.8347503483796559,7.194766998291016,,7.084217071533203,0.07869720458984375,1.8361091613769531,16.0
2026-10-02T04:49:35.624476+00:00,during_timestep_solve,9.102718353271484,39.53268814086914,47.83979797363281,0.8263556665238807,6.7379913330078125,,6.629611968994141,0.07652664184570312,1.8361091613769531,16.0
2026-10-02T04:49:40.724546+00:00,during_timestep_solve,9.044559478759766,39.59444046020508,47.83979797363281,0.8276464813256065,6.691184997558594,,6.584281921386719,0.07505035400390625,1.8361091613769531,16.0
2026-10-02T04:49:45.829014+00:00,during_timestep_solve,8.96432113647461,39.668155670166016,47.83979797363281,0.8291873576060951,6.723331451416016,,6.618446350097656,0.07303237915039062,1.8361091613769531,16.0
2026-10-02T04:49:50.933690+00:00,during_timestep_solve,8.49514389038086,40.14631271362305,47.83979797363281,0.8391823212913634,7.104042053222656,,7.002429962158203,0.06975936889648438,1.8359870910644531,16.0
2026-10-02T04:49:56.031448+00:00,during_timestep_solve,8.418285369873047,40.21430206298828,47.83979797363281,0.8406035093449314,7.06488037109375,,6.966526031494141,0.06650161743164062,1.8359870910644531,16.0
2026-10-02T04:50:01.137311+00:00,during_timestep_solve,8.212936401367188,40.55959701538086,47.83979797363281,0.8478212436794889,7.220306396484375,,7.123775482177734,0.06467819213867188,1.8359870910644531,16.0
2026-10-02T04:50:06.243454+00:00,during_timestep_solve,9.292922973632812,39.31169509887695,47.83979797363281,0.821736227242093,7.043247222900391,,6.94854736328125,0.06284713745117188,1.8359870910644531,16.0
2026-10-02T04:50:11.335179+00:00,during_timestep_solve,9.073600769042969,39.667606353759766,47.83979797363281,0.829175875191254,7.2067718505859375,,7.112407684326172,0.06250762939453125,1.8359870910644531,16.0
2026-10-02T04:50:16.437666+00:00,during_timestep_solve,9.148242950439453,39.48208236694336,47.83979797363281,0.8252978490566398,7.011623382568359,,6.917987823486328,0.061779022216796875,1.8359870910644531,16.0
2026-10-02T04:50:21.546876+00:00,during_timestep_solve,8.899707794189453,39.883338928222656,47.83979797363281,0.8336853544031393,7.17626953125,,7.082618713378906,0.061794281005859375,1.8359870910644531,16.0
2026-10-02T04:50:26.659017+00:00,during_timestep_solve,8.912349700927734,39.734352111816406,47.83979797363281,0.8305710683334455,7.0753326416015625,,6.981678009033203,0.061798095703125,1.8359870910644531,16.0
2026-10-02T04:50:31.751613+00:00,during_timestep_solve,8.833751678466797,39.78316879272461,47.83979797363281,0.8315914882134606,7.073932647705078,,6.981021881103516,0.061054229736328125,1.8359870910644531,16.0
2026-10-02T04:50:36.850446+00:00,during_timestep_solve,8.732418060302734,39.925785064697266,47.83979797363281,0.8345726101665939,7.069149017333984,,6.97802734375,0.05926513671875,1.8359870910644531,16.0
2026-10-02T04:50:41.954487+00:00,during_timestep_solve,8.729095458984375,39.966552734375,47.83979797363281,0.8354247807735894,7.06304931640625,,6.971931457519531,0.059261322021484375,1.8564796447753906,16.0
2026-10-02T04:50:47.063990+00:00,during_timestep_solve,8.607158660888672,40.08795928955078,47.83979797363281,0.8379625539314672,7.092170715332031,,7.002490997314453,0.05782318115234375,1.8564796447753906,16.0
2026-10-02T04:50:52.185895+00:00,during_timestep_solve,8.971683502197266,39.71377182006836,47.83979797363281,0.8301408764718622,6.630695343017578,,6.543056488037109,0.055782318115234375,1.8564796447753906,16.0
2026-10-02T04:50:57.287662+00:00,during_timestep_solve,8.949993133544922,39.725341796875,47.83979797363281,0.8303827248344539,6.565055847167969,,6.478080749511719,0.055118560791015625,1.8564796447753906,16.0
2026-10-02T04:51:02.374775+00:00,during_timestep_solve,8.868797302246094,39.81368637084961,47.83979797363281,0.83222940014908,6.560214996337891,,6.474094390869141,0.054264068603515625,1.8564796447753906,16.0
2026-10-02T04:51:04.737686+00:00,after_timestep_8,9.047836303710938,39.69511032104492,47.83979797363281,0.829750793323231,6.283061981201172,,6.196239471435547,0.054965972900390625,1.8564796447753906,16.0
2026-10-02T04:51:07.461624+00:00,after_timestep_8,9.715877532958984,38.987918853759766,47.83979797363281,0.8149683005611392,6.618106842041016,,6.5304107666015625,0.05583953857421875,1.8558692932128906,16.0
2026-10-02T04:51:12.562096+00:00,after_timestep_8,9.480884552001953,39.011085510253906,47.83979797363281,0.8154525554592663,6.608558654785156,,6.523651123046875,0.053035736083984375,1.8558692932128906,16.0
2026-10-02T04:51:17.650502+00:00,after_timestep_8,9.285064697265625,39.059566497802734,47.83979797363281,0.8164659583079896,6.6043243408203125,,6.5201568603515625,0.052295684814453125,1.8558692932128906,16.0
2026-10-02T04:51:22.792554+00:00,after_timestep_8,9.39089584350586,38.950889587402344,47.83979797363281,0.8141942741662571,6.428169250488281,,6.307910919189453,0.08838653564453125,1.8558692932128906,16.0
2026-10-02T04:51:27.985649+00:00,after_timestep_8,9.382667541503906,39.03292465209961,47.83979797363281,0.815909061188194,6.431243896484375,,6.303310394287109,0.09606170654296875,1.8558692932128906,16.0
2026-10-02T04:51:33.123369+00:00,after_timestep_8,9.421249389648438,39.100372314453125,47.83979797363281,0.8173189263049047,6.377738952636719,,6.2564849853515625,0.08938217163085938,1.8558692932128906,16.0
2026-10-02T04:51:49.297448+00:00,after_timestep_8,9.319114685058594,39.20460891723633,47.83979797363281,0.8194977942600046,6.312900543212891,,6.190212249755859,0.09081649780273438,1.8558692932128906,16.0
2026-10-02T04:51:54.410878+00:00,during_timestep_solve,9.593196868896484,38.974613189697266,47.83979797363281,0.8146901709572092,6.052925109863281,,5.928302764892578,0.09275054931640625,1.8557472229003906,16.0
2026-10-02T04:51:59.526396+00:00,during_timestep_solve,8.745380401611328,39.83462142944336,47.83979797363281,0.8326670077369149,6.819454193115234,,6.694801330566406,0.09278106689453125,1.8557472229003906,16.0
2026-10-02T04:52:04.649071+00:00,during_timestep_solve,8.30996322631836,40.33175277709961,47.83979797363281,0.8430585931681546,7.189350128173828,,7.064720153808594,0.0927581787109375,1.8557472229003906,16.0
2026-10-02T04:52:09.743578+00:00,during_timestep_solve,9.05740737915039,41.763084411621094,47.83979797363281,0.8729778590335826,7.294486999511719,,7.16986083984375,0.09275054931640625,1.8557472229003906,16.0
2026-10-02T04:52:14.846716+00:00,during_timestep_solve,8.910518646240234,41.78937530517578,47.83979797363281,0.8735274201661186,7.407054901123047,,7.282463073730469,0.09271621704101562,1.8557472229003906,16.0
2026-10-02T04:52:19.930025+00:00,during_timestep_solve,8.779373168945312,42.707550048828125,47.83979797363281,0.8927201170951149,7.511207580566406,,7.386634826660156,0.0926971435546875,1.8557472229003906,16.0
2026-10-02T04:52:25.029119+00:00,during_timestep_solve,8.615047454833984,42.768287658691406,47.83979797363281,0.8939897213249813,7.498218536376953,,7.373649597167969,0.09269332885742188,1.8557472229003906,16.0
2026-10-02T04:52:30.121901+00:00,during_timestep_solve,8.58551025390625,42.86656951904297,47.83979797363281,0.8960441167136436,7.519195556640625,,7.394622802734375,0.0926971435546875,1.8542823791503906,16.0
2026-10-02T04:52:35.221229+00:00,during_timestep_solve,8.945148468017578,39.73818588256836,47.83979797363281,0.8306512060203577,7.088539123535156,,6.963966369628906,0.0926971435546875,1.8542823791503906,16.0
2026-10-02T04:52:40.326168+00:00,during_timestep_solve,9.887397766113281,38.80058670043945,47.83979797363281,0.8110524781443397,6.074451446533203,,5.9498748779296875,0.09270095825195312,1.8542823791503906,16.0
2026-10-02T04:52:45.421349+00:00,during_timestep_solve,9.802303314208984,38.92902755737305,47.83979797363281,0.8137372900033777,6.0698089599609375,,5.945232391357422,0.09270095825195312,1.8542823791503906,16.0
2026-10-02T04:52:50.534261+00:00,during_timestep_solve,9.678878784179688,38.95745086669922,47.83979797363281,0.8143314252324152,6.0975341796875,,5.972953796386719,0.09270477294921875,1.8542823791503906,16.0
2026-10-02T04:52:55.645474+00:00,during_timestep_solve,9.375587463378906,39.24102020263672,47.83979797363281,0.8202589029381905,6.392326354980469,,6.267723083496094,0.0927276611328125,1.8540382385253906,16.0
2026-10-02T04:53:00.746927+00:00,during_timestep_solve,9.24359130859375,39.38917541503906,47.83979797363281,0.8233558059076387,6.271396636962891,,6.1467132568359375,0.09280776977539062,1.8540382385253906,16.0
2026-10-02T04:53:05.837468+00:00,during_timestep_solve,9.2021484375,39.52339172363281,47.83979797363281,0.8261613426004927,6.139110565185547,,6.014442443847656,0.09279251098632812,1.8547439575195312,16.0
2026-10-02T04:53:10.930120+00:00,during_timestep_solve,10.171409606933594,38.622406005859375,47.83979797363281,0.807327949569234,6.002571105957031,,5.877902984619141,0.09279251098632812,1.8547439575195312,16.0
2026-10-02T04:53:16.037642+00:00,during_timestep_solve,10.110172271728516,38.684356689453125,47.83979797363281,0.8086229107985413,5.9511260986328125,,5.826438903808594,0.09281158447265625,1.8547439575195312,16.0
2026-10-02T04:53:21.131639+00:00,during_timestep_solve,10.080142974853516,38.73591995239258,47.83979797363281,0.8097007427527623,5.861286163330078,,5.736598968505859,0.09281158447265625,1.8547439575195312,16.0
2026-10-02T04:53:26.232180+00:00,during_timestep_solve,10.020381927490234,38.8187255859375,47.83979797363281,0.8114316370510735,5.7243194580078125,,5.599620819091797,0.09282302856445312,1.8547439575195312,16.0
2026-10-02T04:53:31.330342+00:00,during_timestep_solve,10.0457763671875,38.85226821899414,47.83979797363281,0.8121327820073111,5.663330078125,,5.538627624511719,0.09282684326171875,1.8547439575195312,16.0
2026-10-02T04:53:36.427512+00:00,during_timestep_solve,10.173568725585938,38.67587661743164,47.83979797363281,0.8084456510194311,5.423835754394531,,5.299125671386719,0.09283447265625,1.8547439575195312,16.0
2026-10-02T04:53:41.547514+00:00,during_timestep_solve,9.469154357910156,39.34181594848633,47.83979797363281,0.8223658463225493,6.232582092285156,,6.1078948974609375,0.09281158447265625,1.8547439575195312,16.0
2026-10-02T04:53:46.676002+00:00,during_timestep_solve,9.147422790527344,39.62736511230469,47.83979797363281,0.8283347085651479,6.5666351318359375,,6.441947937011719,0.09281158447265625,1.8547439575195312,16.0
2026-10-02T04:53:51.784738+00:00,during_timestep_solve,8.710453033447266,39.91615295410156,47.83979797363281,0.8343712692119141,7.192371368408203,,7.067684173583984,0.09281158447265625,1.8548812866210938,16.0
2026-10-02T04:53:56.883642+00:00,during_timestep_solve,8.622806549072266,39.98006057739258,47.83979797363281,0.8357071365440929,7.218166351318359,,7.093475341796875,0.09281539916992188,1.8548812866210938,16.0
2026-10-02T04:54:01.988330+00:00,during_timestep_solve,8.508113861083984,40.070980072021484,47.83979797363281,0.837607635678287,7.250495910644531,,7.126129150390625,0.09249114990234375,1.8548812866210938,16.0
2026-10-02T04:54:07.104398+00:00,during_timestep_solve,8.266948699951172,40.485076904296875,47.83979797363281,0.8462635424716982,7.4075164794921875,,7.28521728515625,0.090423583984375,1.8548812866210938,16.0
2026-10-02T04:54:12.200824+00:00,during_timestep_solve,9.306903839111328,39.293548583984375,47.83979797363281,0.8213569088573753,7.230415344238281,,7.110149383544922,0.08839035034179688,1.8548812866210938,16.0
2026-10-02T04:54:17.322507+00:00,during_timestep_solve,9.048881530761719,39.77690505981445,47.83979797363281,0.8314605567886748,7.391471862792969,,7.27203369140625,0.08756256103515625,1.8548812866210938,16.0
2026-10-02T04:54:22.430441+00:00,during_timestep_solve,8.820152282714844,39.87976837158203,47.83979797363281,0.8336107187066718,7.519371032714844,,7.401309967041016,0.08618545532226562,1.8548812866210938,16.0
2026-10-02T04:54:27.555800+00:00,during_timestep_solve,8.863990783691406,39.874595642089844,47.83979797363281,0.8335025926335844,7.378192901611328,,7.260471343994141,0.085845947265625,1.8548812866210938,16.0
2026-10-02T04:54:32.674787+00:00,during_timestep_solve,8.656547546386719,40.02956771850586,47.83979797363281,0.8367419891816514,7.507045745849609,,7.392024993896484,0.0831451416015625,1.8548812866210938,16.0
2026-10-02T04:54:37.791294+00:00,during_timestep_solve,8.642890930175781,39.971248626708984,47.83979797363281,0.8355229394726829,7.2657928466796875,,7.152530670166016,0.08138656616210938,1.8548812866210938,16.0
2026-10-02T04:54:42.902100+00:00,during_timestep_solve,8.70770263671875,39.898582458496094,47.83979797363281,0.8340039914149812,7.260013580322266,,7.148521423339844,0.07961654663085938,1.8548812866210938,16.0
2026-10-02T04:54:48.013729+00:00,during_timestep_solve,8.62502670288086,39.995357513427734,47.83979797363281,0.8360268899018222,7.2559814453125,,7.146949768066406,0.07715606689453125,1.8548812866210938,16.0
2026-10-02T04:54:53.116415+00:00,during_timestep_solve,8.565109252929688,40.04401779174805,47.83979797363281,0.8370440404831673,7.2879486083984375,,7.181495666503906,0.07457733154296875,1.8548812866210938,16.0
2026-10-02T04:54:58.223181+00:00,during_timestep_solve,8.59621810913086,40.005767822265625,47.83979797363281,0.8362444976108603,7.1807861328125,,7.076225280761719,0.07268524169921875,1.8548812866210938,16.0
2026-10-02T04:55:03.321470+00:00,during_timestep_solve,8.871074676513672,39.76121520996094,47.83979797363281,0.8311325903147745,6.7928466796875,,6.691814422607422,0.06915664672851562,1.8548812866210938,16.0
2026-10-02T04:55:08.424917+00:00,during_timestep_solve,8.788707733154297,39.854530334472656,47.83979797363281,0.8330831655359145,6.791149139404297,,6.6926727294921875,0.06660079956054688,1.8547592163085938,16.0
2026-10-02T04:55:13.541379+00:00,during_timestep_solve,8.23061752319336,40.49964141845703,47.83979797363281,0.8465679859429726,7.2763214111328125,,7.179309844970703,0.06513595581054688,1.8547592163085938,16.0
2026-10-02T04:55:18.673021+00:00,during_timestep_solve,9.236801147460938,39.40403366088867,47.83979797363281,0.8236663892812933,7.168872833251953,,7.073001861572266,0.063995361328125,1.8547592163085938,16.0
2026-10-02T04:55:23.778929+00:00,during_timestep_solve,9.165348052978516,39.468955993652344,47.83979797363281,0.8250234671853316,7.164691925048828,,7.0702056884765625,0.06261062622070312,1.8547592163085938,16.0
2026-10-02T04:55:28.876248+00:00,during_timestep_solve,8.863128662109375,39.905494689941406,47.83979797363281,0.834148478468399,7.289752960205078,,7.195644378662109,0.06223297119140625,1.8547592163085938,16.0
2026-10-02T04:55:33.976072+00:00,during_timestep_solve,8.957744598388672,39.636199951171875,47.83979797363281,0.8285193840705097,7.1171875,,7.023956298828125,0.0613555908203125,1.8547592163085938,16.0
2026-10-02T04:55:39.084296+00:00,during_timestep_solve,8.733131408691406,39.99925231933594,47.83979797363281,0.8361083034126056,7.276679992675781,,7.1859283447265625,0.05887603759765625,1.8547592163085938,16.0
2026-10-02T04:55:44.197125+00:00,during_timestep_solve,8.830024719238281,39.78533935546875,47.83979797363281,0.8316368596998815,7.105373382568359,,7.015235900878906,0.058261871337890625,1.8547592163085938,16.0
2026-10-02T04:55:49.304986+00:00,during_timestep_solve,8.585502624511719,40.16807556152344,47.83979797363281,0.839637232240452,7.242889404296875,,7.154430389404297,0.056583404541015625,1.8547592163085938,16.0
2026-10-02T04:55:54.407774+00:00,during_timestep_solve,8.640632629394531,40.015716552734375,47.83979797363281,0.8364524569018722,7.072238922119141,,6.984336853027344,0.056026458740234375,1.8547592163085938,16.0
2026-10-02T04:55:59.514713+00:00,during_timestep_solve,8.72137451171875,40.05715560913086,47.83979797363281,0.8373186615714514,6.913219451904297,,6.826686859130859,0.054656982421875,1.8543472290039062,16.0
2026-10-02T04:56:04.644471+00:00,during_timestep_solve,8.71441650390625,40.157630920410156,47.83979797363281,0.8394189068804863,6.8401336669921875,,6.754096984863281,0.05416107177734375,1.8543472290039062,16.0
2026-10-02T04:56:09.749988+00:00,during_timestep_solve,8.560535430908203,40.324039459228516,47.83979797363281,0.8428973609264268,6.81732177734375,,6.732921600341797,0.052524566650390625,1.8543472290039062,16.0
2026-10-02T04:56:14.852328+00:00,during_timestep_solve,8.483463287353516,40.40390396118164,47.83979797363281,0.8445667764619427,6.8482208251953125,,6.764377593994141,0.05196380615234375,1.8543472290039062,16.0
2026-10-02T04:56:19.946975+00:00,during_timestep_solve,9.8929443359375,38.95723342895508,47.83979797363281,0.814326880109874,6.379364013671875,,6.295505523681641,0.05197906494140625,1.8543472290039062,16.0
2026-10-02T04:56:25.050839+00:00,during_timestep_solve,9.86111068725586,38.991329193115234,47.83979797363281,0.8150395872199447,6.342903137207031,,6.25860595703125,0.052417755126953125,1.8543472290039062,16.0
2026-10-02T04:56:30.168407+00:00,during_timestep_solve,9.783092498779297,39.06752395629883,47.83979797363281,0.8166322938452024,6.340343475341797,,6.257087707519531,0.0513763427734375,1.8543472290039062,16.0
2026-10-02T04:56:31.811108+00:00,after_timestep_9,10.017509460449219,38.823936462402344,47.83979797363281,0.8115405605140805,6.067981719970703,,5.9834442138671875,0.0526580810546875,1.8543472290039062,16.0
2026-10-02T04:56:35.272807+00:00,after_timestep_9,9.675003051757812,39.12136459350586,47.83979797363281,0.8177577299776189,6.361366271972656,,6.277435302734375,0.052051544189453125,1.8543472290039062,16.0
2026-10-02T04:56:40.376304+00:00,after_timestep_9,9.43386459350586,39.16642379760742,47.83979797363281,0.8186996069505609,6.346748352050781,,6.262928009033203,0.05194091796875,1.8543472290039062,16.0
2026-10-02T04:56:45.476558+00:00,after_timestep_9,9.190818786621094,39.33601379394531,47.83979797363281,0.8222445633157897,6.343898773193359,,6.262088775634766,0.049930572509765625,1.8543472290039062,16.0
2026-10-02T04:56:50.595276+00:00,after_timestep_9,9.282299041748047,39.22957992553711,47.83979797363281,0.8200197657013252,6.17376708984375,,6.051334381103516,0.09055328369140625,1.8543472290039062,16.0
2026-10-02T04:56:55.705874+00:00,after_timestep_9,9.278186798095703,39.287864685058594,47.83979797363281,0.8212380977593662,6.173831939697266,,6.050159454345703,0.09179306030273438,1.8543472290039062,16.0
2026-10-02T04:57:00.886699+00:00,after_timestep_9,9.219161987304688,39.367557525634766,47.83979797363281,0.8229039250402442,6.178462982177734,,6.0481109619140625,0.09847259521484375,1.8542251586914062,16.0
2026-10-02T04:57:21.870563+00:00,during_timestep_solve,10.282508850097656,38.37660217285156,47.83979797363281,0.8021898878837878,5.811374664306641,,5.685569763183594,0.09392547607421875,1.855621337890625,16.0
2026-10-02T04:57:26.974213+00:00,during_timestep_solve,9.542858123779297,39.13029479980469,47.83979797363281,0.8179443989577795,6.58966064453125,,6.464336395263672,0.09344482421875,1.855621337890625,16.0
2026-10-02T04:57:32.076953+00:00,during_timestep_solve,9.064373016357422,39.64807891845703,47.83979797363281,0.8287676912914496,7.015533447265625,,6.890239715576172,0.093414306640625,1.855621337890625,16.0
2026-10-02T04:57:37.189152+00:00,during_timestep_solve,8.890697479248047,42.01333999633789,47.83979797363281,0.8782089761226373,7.125896453857422,,7.0006103515625,0.09340667724609375,1.855621337890625,16.0
2026-10-02T04:57:42.296403+00:00,during_timestep_solve,8.70138931274414,42.08393096923828,47.83979797363281,0.8796845461687168,7.235950469970703,,7.110660552978516,0.09341049194335938,1.855621337890625,16.0
2026-10-02T04:57:47.402276+00:00,during_timestep_solve,8.577510833740234,43.01485824584961,47.83979797363281,0.8991438105478101,7.278053283691406,,7.152748107910156,0.09342575073242188,1.855621337890625,16.0
2026-10-02T04:57:52.505141+00:00,during_timestep_solve,8.350021362304688,43.202842712402344,47.83979797363281,0.9030732683322334,7.274539947509766,,7.149234771728516,0.09342575073242188,1.855621337890625,16.0
2026-10-02T04:57:57.665534+00:00,during_timestep_solve,8.339672088623047,43.30760955810547,47.83979797363281,0.9052632200072148,7.247169494628906,,7.121864318847656,0.09342575073242188,1.8604927062988281,16.0
2026-10-02T04:58:02.781807+00:00,during_timestep_solve,8.694164276123047,40.152183532714844,47.83979797363281,0.8393050395999782,6.8183746337890625,,6.693138122558594,0.09335708618164062,1.8604927062988281,16.0
2026-10-02T04:58:07.881658+00:00,during_timestep_solve,9.624439239501953,39.22980880737305,47.83979797363281,0.8200245500408423,5.808773040771484,,5.683521270751953,0.09337234497070312,1.8604927062988281,16.0
2026-10-02T04:58:12.984298+00:00,during_timestep_solve,9.571456909179688,39.26763153076172,47.83979797363281,0.8208151621460505,5.802288055419922,,5.6770172119140625,0.09337234497070312,1.8585395812988281,16.0
2026-10-02T04:58:18.098141+00:00,during_timestep_solve,9.483810424804688,39.28251266479492,47.83979797363281,0.821126223953657,5.834606170654297,,5.709331512451172,0.09337615966796875,1.8583450317382812,16.0
2026-10-02T04:58:23.198391+00:00,during_timestep_solve,10.198005676269531,38.5764045715332,47.83979797363281,0.8063663770652798,6.173179626464844,,6.0479583740234375,0.09332275390625,1.8578567504882812,16.0
2026-10-02T04:58:28.295958+00:00,during_timestep_solve,10.11691665649414,38.68617630004883,47.83979797363281,0.8086609462977027,6.173179626464844,,6.0479583740234375,0.09332275390625,1.8578567504882812,16.0
2026-10-02T04:58:33.390075+00:00,during_timestep_solve,10.048553466796875,38.758636474609375,47.83979797363281,0.810175588449839,6.172935485839844,,6.047767639160156,0.09326934814453125,1.8578567504882812,16.0
2026-10-02T04:58:38.484248+00:00,during_timestep_solve,9.975894927978516,38.82633972167969,47.83979797363281,0.8115907960790105,6.172893524169922,,6.047721862792969,0.09327316284179688,1.8578567504882812,16.0
2026-10-02T04:58:43.597467+00:00,during_timestep_solve,9.87075424194336,38.92506408691406,47.83979797363281,0.8136544411907392,6.172702789306641,,6.047519683837891,0.09328460693359375,1.8578567504882812,16.0
2026-10-02T04:58:48.701987+00:00,during_timestep_solve,9.767810821533203,39.03770065307617,47.83979797363281,0.8160088944061183,6.168224334716797,,6.043037414550781,0.09328842163085938,1.8578567504882812,16.0
2026-10-02T04:58:53.801526+00:00,during_timestep_solve,9.691204071044922,39.085906982421875,47.83979797363281,0.8170165560474211,6.161651611328125,,6.036464691162109,0.09328842163085938,1.8578567504882812,16.0
2026-10-02T04:58:58.907056+00:00,during_timestep_solve,9.614982604980469,39.16439437866211,47.83979797363281,0.8186571858068422,6.161651611328125,,6.036464691162109,0.09328842163085938,1.8578567504882812,16.0
2026-10-02T04:59:04.015785+00:00,during_timestep_solve,9.056339263916016,39.671329498291016,47.83979797363281,0.8292537004473995,6.667606353759766,,6.542411804199219,0.09329605102539062,1.8578567504882812,16.0
2026-10-02T04:59:09.124517+00:00,during_timestep_solve,9.085807800292969,39.65365219116211,47.83979797363281,0.8288841899586921,6.5557708740234375,,6.430641174316406,0.093231201171875,1.8578567504882812,16.0
2026-10-02T04:59:14.247538+00:00,during_timestep_solve,8.736858367919922,40.00204849243164,47.83979797363281,0.8361667520937067,6.765758514404297,,6.640846252441406,0.09301376342773438,1.8578567504882812,16.0
2026-10-02T04:59:19.375239+00:00,during_timestep_solve,8.380851745605469,40.3115119934082,47.83979797363281,0.842635498076855,7.158679962158203,,7.0341949462890625,0.09258651733398438,1.8578567504882812,16.0
2026-10-02T04:59:24.473914+00:00,during_timestep_solve,9.25930404663086,39.39924240112305,47.83979797363281,0.8235662371074011,7.181972503662109,,7.057750701904297,0.09232330322265625,1.8578567504882812,16.0
2026-10-02T04:59:29.589484+00:00,during_timestep_solve,9.017650604248047,39.76678466796875,47.83979797363281,0.831249009243025,7.372165679931641,,7.249050140380859,0.091217041015625,1.8578567504882812,16.0
2026-10-02T04:59:34.695805+00:00,during_timestep_solve,9.087875366210938,39.5704460144043,47.83979797363281,0.8271449230662258,7.204261779785156,,7.082679748535156,0.08968353271484375,1.8578567504882812,16.0
2026-10-02T04:59:39.807618+00:00,during_timestep_solve,8.826801300048828,39.910560607910156,47.83979797363281,0.8342543718497117,7.4091339111328125,,7.290321350097656,0.0869140625,1.8578567504882812,16.0
2026-10-02T04:59:44.907510+00:00,during_timestep_solve,8.987850189208984,39.62342834472656,47.83979797363281,0.828252417925453,7.1893463134765625,,7.071540832519531,0.085906982421875,1.8578567504882812,16.0
2026-10-02T04:59:50.038333+00:00,during_timestep_solve,8.671184539794922,39.99641418457031,47.83979797363281,0.836048977602593,7.4359283447265625,,7.320308685302734,0.08372116088867188,1.8578567504882812,16.0
2026-10-02T04:59:55.155517+00:00,during_timestep_solve,8.777885437011719,39.841217041015625,47.83979797363281,0.8328048764540007,7.247089385986328,,7.133670806884766,0.08152008056640625,1.8578567504882812,16.0
2026-10-02T05:00:00.263778+00:00,during_timestep_solve,8.691146850585938,39.89512252807617,47.83979797363281,0.8339316681492803,7.229610443115234,,7.1176300048828125,0.08008193969726562,1.8578567504882812,16.0
2026-10-02T05:00:05.371602+00:00,during_timestep_solve,8.621025085449219,40.069950103759766,47.83979797363281,0.8375861061504598,7.2444610595703125,,7.13433837890625,0.07822418212890625,1.8578567504882812,16.0
2026-10-02T05:00:10.482006+00:00,during_timestep_solve,8.617042541503906,40.01171112060547,47.83979797363281,0.8363687309603222,7.173038482666016,,7.065155029296875,0.07598495483398438,1.8578567504882812,16.0
2026-10-02T05:00:15.605020+00:00,during_timestep_solve,8.51971435546875,40.09267807006836,47.83979797363281,0.8380611910645124,7.168804168701172,,7.063892364501953,0.0730133056640625,1.8578567504882812,16.0
2026-10-02T05:00:20.716860+00:00,during_timestep_solve,8.711597442626953,39.93905258178711,47.83979797363281,0.8348499423806044,6.886188507080078,,6.783435821533203,0.07085418701171875,1.8578567504882812,16.0
2026-10-02T05:00:25.821547+00:00,during_timestep_solve,9.689823150634766,38.926788330078125,47.83979797363281,0.8136904832151016,6.704338073730469,,6.603630065917969,0.06880950927734375,1.8578567504882812,16.0
2026-10-02T05:00:30.916412+00:00,during_timestep_solve,9.976791381835938,38.718109130859375,47.83979797363281,0.8093284413993364,6.290458679199219,,6.191524505615234,0.06703567504882812,1.8578567504882812,16.0
2026-10-02T05:00:36.025735+00:00,during_timestep_solve,9.361106872558594,39.476051330566406,47.83979797363281,0.8251717817103631,6.8202972412109375,,6.724597930908203,0.06380081176757812,1.88482666015625,16.0
2026-10-02T05:00:41.129163+00:00,during_timestep_solve,9.314167022705078,39.550750732421875,47.83979797363281,0.8267332306507754,6.78863525390625,,6.695682525634766,0.061054229736328125,1.88470458984375,16.0
2026-10-02T05:00:46.243689+00:00,during_timestep_solve,8.918460845947266,39.934017181396484,47.83979797363281,0.8347446869112272,7.091991424560547,,6.999481201171875,0.060611724853515625,1.88470458984375,16.0
2026-10-02T05:00:51.348752+00:00,during_timestep_solve,9.148551940917969,39.71188735961914,47.83979797363281,0.8301014854098376,6.790122985839844,,6.6979217529296875,0.060302734375,1.88470458984375,16.0
2026-10-02T05:00:56.458811+00:00,during_timestep_solve,8.781967163085938,40.07976531982422,47.83979797363281,0.8377912745767534,7.091083526611328,,6.999107360839844,0.060077667236328125,1.88470458984375,16.0
2026-10-02T05:01:01.587076+00:00,during_timestep_solve,8.99051284790039,39.8519172668457,47.83979797363281,0.8330285443264271,6.784698486328125,,6.692729949951172,0.060070037841796875,1.88470458984375,16.0
2026-10-02T05:01:06.702874+00:00,during_timestep_solve,8.616695404052734,40.21908187866211,47.83979797363281,0.8407034223018478,7.083824157714844,,6.993808746337891,0.058116912841796875,1.88470458984375,16.0
2026-10-02T05:01:11.825255+00:00,during_timestep_solve,8.742546081542969,40.10381317138672,47.83979797363281,0.8382939491820215,6.835289001464844,,6.745815277099609,0.057575225830078125,1.88470458984375,16.0
2026-10-02T05:01:16.928882+00:00,during_timestep_solve,8.668937683105469,40.18278121948242,47.83979797363281,0.8399446260544285,6.830970764160156,,6.742729187011719,0.0563201904296875,1.88470458984375,16.0
2026-10-02T05:01:22.047564+00:00,during_timestep_solve,8.590557098388672,40.26476287841797,47.83979797363281,0.8416582967304781,6.7978057861328125,,6.710765838623047,0.055118560791015625,1.88470458984375,16.0
2026-10-02T05:01:27.160888+00:00,during_timestep_solve,9.438446044921875,39.45913314819336,47.83979797363281,0.8248181392810541,6.829662322998047,,6.742591857910156,0.055149078369140625,1.88458251953125,16.0
2026-10-02T05:01:32.281250+00:00,during_timestep_solve,9.482471466064453,39.416175842285156,47.83979797363281,0.8239201984926778,6.722385406494141,,6.635311126708984,0.05515289306640625,1.88458251953125,16.0
2026-10-02T05:01:37.392326+00:00,during_timestep_solve,9.780750274658203,39.116485595703125,47.83979797363281,0.8176557438069118,6.266056060791016,,6.178981781005859,0.05515289306640625,1.8845787048339844,16.0
2026-10-02T05:01:42.496058+00:00,during_timestep_solve,9.788291931152344,39.193397521972656,47.83979797363281,0.8192634413626565,6.135810852050781,,6.048725128173828,0.055164337158203125,1.884674072265625,16.0
2026-10-02T05:01:46.868839+00:00,after_timestep_10,9.954635620117188,39.02679443359375,47.83979797363281,0.8157809206281263,5.8248291015625,,5.736785888671875,0.056121826171875,1.884552001953125,16.0
2026-10-02T05:01:47.630492+00:00,after_timestep_10,9.833667755126953,39.47831726074219,47.83979797363281,0.8252191466715828,5.933376312255859,,5.844158172607422,0.0572967529296875,1.884552001953125,16.0
2026-10-02T05:01:52.740109+00:00,after_timestep_10,9.46457290649414,39.37261962890625,47.83979797363281,0.8230097386825651,6.156524658203125,,6.067634582519531,0.05696868896484375,1.884552001953125,16.0
2026-10-02T05:01:57.848122+00:00,after_timestep_10,9.253593444824219,39.440574645996094,47.83979797363281,0.8244302090852056,6.153717041015625,,6.065235137939453,0.056560516357421875,1.884552001953125,16.0
2026-10-02T05:02:02.965809+00:00,after_timestep_10,9.285839080810547,39.30858612060547,47.83979797363281,0.8216712399636518,5.959861755371094,,5.846561431884766,0.08137893676757812,1.884552001953125,16.0
2026-10-02T05:02:08.101176+00:00,after_timestep_10,9.130348205566406,39.442420959472656,47.83979797363281,0.8244688027573106,5.977088928222656,,5.846088409423828,0.09907913208007812,1.884552001953125,16.0
2026-10-02T05:02:13.219430+00:00,after_timestep_10,9.201717376708984,39.491451263427734,47.83979797363281,0.8254936880208751,5.950359344482422,,5.845432281494141,0.07300567626953125,1.884552001953125,16.0
2026-10-02T05:02:23.741800+00:00,after_timestep_10,9.116058349609375,39.63007736206055,47.83979797363281,0.8283914029884261,6.000434875488281,,5.877113342285156,0.09139633178710938,1.884552001953125,16.0
2026-10-02T05:02:31.780967+00:00,after_10_steps,10.066825866699219,38.74895095825195,47.83979797363281,0.8099731311492717,5.98150634765625,,5.8570404052734375,0.09254074096679688,1.884552001953125,16.0
2026-10-02T05:02:36.793303+00:00,after_10_steps,9.569049835205078,39.06802749633789,47.83979797363281,0.8166428193921401,6.591182708740234,,6.466602325439453,0.09265518188476562,1.8451461791992188,16.0
2026-10-02T05:02:41.910474+00:00,after_10_steps,9.42093276977539,39.20812225341797,47.83979797363281,0.8195712338715928,6.654487609863281,,6.529903411865234,0.09265899658203125,1.8451461791992188,16.0
2026-10-02T05:02:47.027773+00:00,after_10_steps,9.587726593017578,39.01527786254883,47.83979797363281,0.815540188611422,6.388698577880859,,6.264102935791016,0.09267044067382812,1.8451461791992188,16.0
2026-10-02T05:02:52.141863+00:00,after_10_steps,9.477947235107422,39.15946960449219,47.83979797363281,0.8185542427682316,6.445537567138672,,6.32098388671875,0.09262847900390625,1.8451461791992188,16.0
2026-10-02T05:02:57.296505+00:00,after_10_steps,9.11971664428711,39.23165512084961,47.83979797363281,0.8200631437129473,6.680877685546875,,6.556316375732422,0.0926361083984375,1.7880210876464844,16.0
2026-10-02T05:03:02.412399+00:00,after_10_steps,8.664073944091797,39.5839958190918,47.83979797363281,0.8274281559656408,7.031402587890625,,6.906833648681641,0.09264373779296875,1.7880210876464844,16.0
2026-10-02T05:03:07.515513+00:00,after_10_steps,8.535682678222656,39.65327072143555,47.83979797363281,0.8288762160594968,7.064239501953125,,6.939689636230469,0.09262466430664062,1.7880210876464844,16.0
2026-10-02T05:03:12.617246+00:00,after_10_steps,8.4249267578125,39.73143768310547,47.83979797363281,0.8305101477435939,7.058795928955078,,6.934253692626953,0.09261703491210938,1.7880210876464844,16.0
2026-10-02T05:03:17.741569+00:00,after_10_steps,8.050159454345703,40.04658508300781,47.83979797363281,0.8370977048247512,7.344699859619141,,7.220157623291016,0.09261703491210938,1.7880210876464844,16.0
2026-10-02T05:03:22.847092+00:00,after_10_steps,7.960590362548828,40.134246826171875,47.83979797363281,0.838930106859818,7.4107513427734375,,7.2862091064453125,0.09261703491210938,1.7880210876464844,16.0
2026-10-02T05:03:27.970606+00:00,after_10_steps,8.211456298828125,39.79859924316406,47.83979797363281,0.8319140324359082,7.0583343505859375,,6.933845520019531,0.09256362915039062,1.7878990173339844,16.0
2026-10-02T05:03:33.076758+00:00,during_timestep_solve,9.648696899414062,38.28162384033203,47.83979797363281,0.8002045464621563,6.613140106201172,,6.486255645751953,0.09495925903320312,1.7877769470214844,16.0
2026-10-02T05:03:38.185480+00:00,during_timestep_solve,9.396080017089844,38.59169387817383,47.83979797363281,0.806685970945025,6.857246398925781,,6.730003356933594,0.09531784057617188,1.7877769470214844,16.0
2026-10-02T05:03:43.299388+00:00,during_timestep_solve,8.556446075439453,39.47719192504883,47.83979797363281,0.8251956236689568,7.680870056152344,,7.553623199462891,0.0953216552734375,1.7877769470214844,16.0
2026-10-02T05:03:48.403074+00:00,during_timestep_solve,8.385627746582031,41.94877243041992,47.83979797363281,0.8768593139448506,7.798885345458984,,7.671634674072266,0.09532546997070312,1.7877769470214844,16.0
2026-10-02T05:03:53.502091+00:00,during_timestep_solve,8.223438262939453,41.989749908447266,47.83979797363281,0.8777158701964035,7.915443420410156,,7.788188934326172,0.09532928466796875,1.7877769470214844,16.0
2026-10-02T05:03:58.606574+00:00,during_timestep_solve,8.088813781738281,42.963069915771484,47.83979797363281,0.898061273993064,7.684253692626953,,7.557060241699219,0.09526824951171875,1.7606086730957031,16.0
2026-10-02T05:04:03.707285+00:00,during_timestep_solve,7.927097320556641,43.053070068359375,47.83979797363281,0.8999425560301975,7.5765533447265625,,7.449741363525391,0.09488677978515625,1.7606124877929688,16.0
2026-10-02T05:04:08.817501+00:00,during_timestep_solve,7.795269012451172,43.158477783203125,47.83979797363281,0.9021459038558268,7.450565338134766,,7.3240509033203125,0.0945892333984375,1.7607231140136719,16.0
2026-10-02T05:04:13.917505+00:00,during_timestep_solve,8.198787689208984,40.07291030883789,47.83979797363281,0.8376479836082149,6.783969879150391,,6.658000946044922,0.09404373168945312,1.76092529296875,16.0
2026-10-02T05:04:19.017307+00:00,during_timestep_solve,8.178943634033203,40.11660385131836,47.83979797363281,0.8385613140220379,6.691608428955078,,6.565769195556641,0.09391403198242188,1.7610130310058594,16.0
2026-10-02T05:04:24.125616+00:00,during_timestep_solve,9.085521697998047,39.172672271728516,47.83979797363281,0.818830219419379,5.6182098388671875,,5.493251800537109,0.0930328369140625,1.7610130310058594,16.0
2026-10-02T05:04:29.234761+00:00,during_timestep_solve,8.978771209716797,39.30532455444336,47.83979797363281,0.8216030631255324,5.522525787353516,,5.39971923828125,0.09088134765625,1.7610130310058594,16.0
2026-10-02T05:04:34.346599+00:00,during_timestep_solve,9.85964584350586,38.57938003540039,47.83979797363281,0.8064285734790027,5.521881103515625,,5.396595001220703,0.09336090087890625,1.7610130310058594,16.0
2026-10-02T05:04:39.442891+00:00,during_timestep_solve,9.769699096679688,38.7280158996582,47.83979797363281,0.8095355235614368,5.44488525390625,,5.320896148681641,0.09206390380859375,1.7610397338867188,16.0
2026-10-02T05:04:44.559935+00:00,during_timestep_solve,9.699920654296875,38.80061721801758,47.83979797363281,0.8110531160562753,5.407115936279297,,5.283912658691406,0.091278076171875,1.7610397338867188,16.0
2026-10-02T05:04:49.670444+00:00,during_timestep_solve,9.54141616821289,39.00168991088867,47.83979797363281,0.8152561583220875,5.270011901855469,,5.148120880126953,0.0899658203125,1.7616767883300781,16.0
2026-10-02T05:04:54.776420+00:00,during_timestep_solve,9.581485748291016,38.97243881225586,47.83979797363281,0.8146447197317963,5.145332336425781,,5.024711608886719,0.08869552612304688,1.7625694274902344,16.0
2026-10-02T05:04:59.876463+00:00,during_timestep_solve,9.549087524414062,39.003173828125,47.83979797363281,0.815287176789957,5.090145111083984,,4.969524383544922,0.08869552612304688,1.7625694274902344,16.0
2026-10-02T05:05:04.986490+00:00,during_timestep_solve,9.441841125488281,39.10817337036133,47.83979797363281,0.8174819925434473,4.948612213134766,,4.8291015625,0.08758544921875,1.7625694274902344,16.0
2026-10-02T05:05:10.083956+00:00,during_timestep_solve,9.380607604980469,39.163482666015625,47.83979797363281,0.8186381281877656,4.891681671142578,,4.774513244628906,0.08524322509765625,1.7625694274902344,16.0
2026-10-02T05:05:15.188178+00:00,during_timestep_solve,9.240131378173828,39.33522415161133,47.83979797363281,0.8222280573444556,4.80206298828125,,4.688270568847656,0.08186721801757812,1.7625694274902344,16.0
2026-10-02T05:05:20.310285+00:00,during_timestep_solve,8.979881286621094,39.58293533325195,47.83979797363281,0.827405988525878,5.1482696533203125,,5.037464141845703,0.07888031005859375,1.7630538940429688,16.0
2026-10-02T05:05:25.433437+00:00,during_timestep_solve,8.761951446533203,39.753692626953125,47.83979797363281,0.8309753450226443,6.062248229980469,,5.952796936035156,0.07752609252929688,1.7630424499511719,16.0
2026-10-02T05:05:30.560929+00:00,during_timestep_solve,8.73990249633789,39.6986198425293,47.83979797363281,0.8298241531958271,6.540229797363281,,6.4318389892578125,0.07646560668945312,1.7317733764648438,16.0
2026-10-02T05:05:35.699975+00:00,during_timestep_solve,9.343402862548828,39.15763854980469,47.83979797363281,0.8185159680520945,6.911163330078125,,6.802772521972656,0.07646560668945312,1.7317733764648438,16.0
2026-10-02T05:05:40.820735+00:00,during_timestep_solve,8.970333099365234,39.39095687866211,47.83979797363281,0.8233930440168804,7.370796203613281,,7.264270782470703,0.0746002197265625,1.7317733764648438,16.0
2026-10-02T05:05:45.927087+00:00,during_timestep_solve,8.724422454833984,39.76042175292969,47.83979797363281,0.8311160046044483,7.532352447509766,,7.42633056640625,0.0740966796875,1.7317733764648438,16.0
2026-10-02T05:05:51.038585+00:00,during_timestep_solve,8.498916625976562,39.86553955078125,47.83979797363281,0.8333132922666893,7.6541595458984375,,7.549259185791016,0.07297515869140625,1.7321205139160156,16.0
2026-10-02T05:05:56.170859+00:00,during_timestep_solve,8.531341552734375,39.98195266723633,47.83979797363281,0.8357466870841014,7.508171081542969,,7.404705047607422,0.07154083251953125,1.7321205139160156,16.0
2026-10-02T05:06:01.294153+00:00,during_timestep_solve,8.301605224609375,40.06731033325195,47.83979797363281,0.8375309267680288,7.630195617675781,,7.529285430908203,0.0689849853515625,1.7321205139160156,16.0
2026-10-02T05:06:06.421314+00:00,during_timestep_solve,8.34716796875,40.186336517333984,47.83979797363281,0.8400189427949282,7.48834228515625,,7.388481140136719,0.06793594360351562,1.7321205139160156,16.0
2026-10-02T05:06:11.545775+00:00,during_timestep_solve,8.131519317626953,40.27561950683594,47.83979797363281,0.8418852339015747,7.615180969238281,,7.518497467041016,0.06475830078125,1.7321205139160156,16.0
2026-10-02T05:06:16.684740+00:00,during_timestep_solve,8.261310577392578,40.180763244628906,47.83979797363281,0.8399024441276858,7.367698669433594,,7.273612976074219,0.062160491943359375,1.7321205139160156,16.0
2026-10-02T05:06:21.794568+00:00,during_timestep_solve,8.245220184326172,40.165775299072266,47.83979797363281,0.8395891496283047,7.441734313964844,,7.350273132324219,0.059535980224609375,1.7321205139160156,16.0
2026-10-02T05:06:26.915732+00:00,during_timestep_solve,8.177001953125,40.23858642578125,47.83979797363281,0.8411111277677006,7.481803894042969,,7.391059875488281,0.058818817138671875,1.7321205139160156,16.0
2026-10-02T05:06:32.037497+00:00,during_timestep_solve,8.062736511230469,40.306121826171875,47.83979797363281,0.8425228268812263,7.504966735839844,,7.415870666503906,0.057170867919921875,1.7321205139160156,16.0
2026-10-02T05:06:37.166769+00:00,during_timestep_solve,9.499923706054688,38.85459518432617,47.83979797363281,0.8121814227924021,6.924507141113281,,6.837821960449219,0.054759979248046875,1.7321205139160156,16.0
2026-10-02T05:06:42.282938+00:00,during_timestep_solve,9.391559600830078,38.980384826660156,47.83979797363281,0.8148108160520332,6.97955322265625,,6.893486022949219,0.054141998291015625,1.7321205139160156,16.0
2026-10-02T05:06:47.403469+00:00,during_timestep_solve,9.278472900390625,39.11058044433594,47.83979797363281,0.8175323078473694,6.968860626220703,,6.883296966552734,0.053638458251953125,1.7321205139160156,16.0
2026-10-02T05:06:52.516859+00:00,during_timestep_solve,8.71432113647461,39.68977355957031,47.83979797363281,0.8296392384734895,7.448944091796875,,7.364360809326172,0.0526580810546875,1.7321205139160156,16.0
2026-10-02T05:06:57.643287+00:00,during_timestep_solve,8.759254455566406,39.62881088256836,47.83979797363281,0.8283649296430978,7.334392547607422,,7.2511138916015625,0.05135345458984375,1.7321205139160156,16.0
2026-10-02T05:07:02.762043+00:00,during_timestep_solve,8.545303344726562,39.993690490722656,47.83979797363281,0.835992043962339,7.461139678955078,,7.3790740966796875,0.050140380859375,1.7321205139160156,16.0
2026-10-02T05:07:07.897062+00:00,during_timestep_solve,8.323936462402344,40.087615966796875,47.83979797363281,0.8379553774221915,7.5879974365234375,,7.506523132324219,0.049549102783203125,1.7321205139160156,16.0
2026-10-02T05:07:13.016230+00:00,during_timestep_solve,8.383171081542969,40.16415786743164,47.83979797363281,0.8395553402957169,7.444805145263672,,7.363407135009766,0.049472808837890625,1.7321205139160156,16.0
2026-10-02T05:07:18.125479+00:00,during_timestep_solve,8.157161712646484,40.265262603759766,47.83979797363281,0.8416687425384238,7.573486328125,,7.4933319091796875,0.048229217529296875,1.7321205139160156,16.0
2026-10-02T05:07:23.249980+00:00,during_timestep_solve,8.218517303466797,40.3258056640625,47.83979797363281,0.8429342800797007,7.431072235107422,,7.351066589355469,0.048076629638671875,1.7321205139160156,16.0
2026-10-02T05:07:28.363056+00:00,during_timestep_solve,8.249141693115234,40.30012512207031,47.83979797363281,0.842397477185877,7.360424041748047,,7.280975341796875,0.047519683837890625,1.7324028015136719,16.0
2026-10-02T05:07:33.467374+00:00,during_timestep_solve,8.340862274169922,40.22539520263672,47.83979797363281,0.840835390333529,7.1763153076171875,,7.096866607666016,0.047519683837890625,1.7324028015136719,16.0
2026-10-02T05:07:38.577929+00:00,during_timestep_solve,9.231910705566406,39.35669708251953,47.83979797363281,0.8226769081301557,7.079898834228516,,7.000556945800781,0.047412872314453125,1.7324028015136719,16.0
2026-10-02T05:07:43.702646+00:00,during_timestep_solve,9.310096740722656,39.391357421875,47.83979797363281,0.8234014166110354,6.9543914794921875,,6.875679016113281,0.046783447265625,1.7414627075195312,16.0
2026-10-02T05:07:48.818059+00:00,during_timestep_solve,9.2230224609375,39.509647369384766,47.83979797363281,0.8258740430124881,6.931690216064453,,6.854228973388672,0.0455322265625,1.7414627075195312,16.0
2026-10-02T05:07:53.945046+00:00,during_timestep_solve,9.709182739257812,39.02437973022461,47.83979797363281,0.8157304458462205,6.364002227783203,,6.287250518798828,0.04482269287109375,1.7414627075195312,16.0
2026-10-02T05:07:59.054631+00:00,during_timestep_solve,9.562248229980469,39.18634796142578,47.83979797363281,0.8191160837055284,6.404518127441406,,6.328041076660156,0.04454803466796875,1.7414627075195312,16.0
2026-10-02T05:08:04.171784+00:00,during_timestep_solve,9.47787857055664,39.28330993652344,47.83979797363281,0.8211428894029751,6.396598815917969,,6.320507049560547,0.044162750244140625,1.7414627075195312,16.0
2026-10-02T05:08:07.450898+00:00,after_timestep_11,9.700504302978516,39.06303405761719,47.83979797363281,0.8165384410516744,6.107902526855469,,6.031246185302734,0.044727325439453125,1.7414627075195312,16.0
2026-10-02T05:08:09.277499+00:00,after_timestep_11,9.337757110595703,39.580162048339844,47.83979797363281,0.8273480182787286,6.480846405029297,,6.403400421142578,0.0455169677734375,1.7414627075195312,16.0
2026-10-02T05:08:14.381348+00:00,after_timestep_11,9.141349792480469,39.492042541503906,47.83979797363281,0.8255060475646276,6.395992279052734,,6.318622589111328,0.045440673828125,1.7414627075195312,16.0
2026-10-02T05:08:19.480156+00:00,after_timestep_11,8.936023712158203,39.59791946411133,47.83979797363281,0.8277192032862671,6.382213592529297,,6.304962158203125,0.045318603515625,1.7421150207519531,16.0
2026-10-02T05:08:24.635857+00:00,after_timestep_11,8.960693359375,39.50538635253906,47.83979797363281,0.8257849745584772,6.2006378173828125,,6.089080810546875,0.07962417602539062,1.7421150207519531,16.0
2026-10-02T05:08:29.745169+00:00,after_timestep_11,8.949508666992188,39.572208404541016,47.83979797363281,0.8271817624805078,6.2033233642578125,,6.086494445800781,0.08489608764648438,1.7421150207519531,16.0
2026-10-02T05:08:34.862424+00:00,after_timestep_11,8.859188079833984,39.71866989135742,47.83979797363281,0.8302432613375291,6.211681365966797,,6.11627197265625,0.0634765625,1.7421150207519531,16.0
2026-10-02T05:08:53.040138+00:00,after_timestep_11,9.895503997802734,38.80683517456055,47.83979797363281,0.8111830906131577,6.001995086669922,,5.878578186035156,0.09148406982421875,1.748809814453125,16.0
2026-10-02T05:08:58.161029+00:00,during_timestep_solve,10.1824951171875,38.36212158203125,47.83979797363281,0.8018871986703363,5.850002288818359,,5.725807189941406,0.09226226806640625,1.748809814453125,16.0
2026-10-02T05:09:03.277584+00:00,during_timestep_solve,9.424571990966797,39.14290237426758,47.83979797363281,0.8182079363261823,6.6235504150390625,,6.4992828369140625,0.09233474731445312,1.748809814453125,16.0
2026-10-02T05:09:08.397202+00:00,during_timestep_solve,8.882698059082031,39.75261688232422,47.83979797363281,0.8309528586269137,7.054004669189453,,6.929714202880859,0.09235763549804688,1.748809814453125,16.0
2026-10-02T05:09:13.499799+00:00,during_timestep_solve,8.699214935302734,42.135684967041016,47.83979797363281,0.8807663650725354,7.152427673339844,,7.02813720703125,0.09235763549804688,1.748809814453125,16.0
2026-10-02T05:09:18.622227+00:00,during_timestep_solve,8.506053924560547,42.22318649291992,47.83979797363281,0.88259541806994,7.260242462158203,,7.135948181152344,0.0923614501953125,1.748809814453125,16.0
2026-10-02T05:09:23.737435+00:00,during_timestep_solve,8.25979232788086,43.24970626831055,47.83979797363281,0.904052861848369,7.365711212158203,,7.241813659667969,0.09235382080078125,1.748809814453125,16.0
2026-10-02T05:09:28.845557+00:00,during_timestep_solve,8.219146728515625,43.305572509765625,47.83979797363281,0.9052206393855122,7.296306610107422,,7.17242431640625,0.09233856201171875,1.7513771057128906,16.0
2026-10-02T05:09:33.956337+00:00,during_timestep_solve,8.09444808959961,43.44189453125,47.83979797363281,0.908070192001924,7.332176208496094,,7.2082977294921875,0.09233474731445312,1.7513771057128906,16.0
2026-10-02T05:09:39.059184+00:00,during_timestep_solve,8.467605590820312,40.320587158203125,47.83979797363281,0.8428251971387098,6.8466796875,,6.723087310791016,0.09204864501953125,1.7513771057128906,16.0
2026-10-02T05:09:44.170150+00:00,during_timestep_solve,9.801509857177734,38.98572540283203,47.83979797363281,0.8149224506407666,6.434867858886719,,6.3112945556640625,0.09202957153320312,1.7513771057128906,16.0
2026-10-02T05:09:49.279300+00:00,during_timestep_solve,10.372833251953125,38.36619186401367,47.83979797363281,0.8019722801747496,5.826923370361328,,5.703380584716797,0.09199905395507812,1.7513771057128906,16.0
2026-10-02T05:09:54.381672+00:00,during_timestep_solve,10.316730499267578,38.34885025024414,47.83979797363281,0.8016097867173338,5.8574981689453125,,5.733955383300781,0.09199905395507812,1.7513771057128906,16.0
2026-10-02T05:09:59.491331+00:00,during_timestep_solve,10.000144958496094,38.676109313964844,47.83979797363281,0.8084505150979402,6.264892578125,,6.141399383544922,0.091949462890625,1.7513771057128906,16.0
2026-10-02T05:10:04.618448+00:00,during_timestep_solve,9.90957260131836,38.76625061035156,47.83979797363281,0.8103347474777759,6.264686584472656,,6.141204833984375,0.09193801879882812,1.7513771057128906,16.0
2026-10-02T05:10:09.730129+00:00,during_timestep_solve,9.858070373535156,38.83704376220703,47.83979797363281,0.811814543690429,6.262538909912109,,6.1390380859375,0.09195709228515625,1.7513771057128906,16.0
2026-10-02T05:10:14.837771+00:00,during_timestep_solve,9.786102294921875,38.897212982177734,47.83979797363281,0.8130722668104945,6.262428283691406,,6.138923645019531,0.09196090698242188,1.7513771057128906,16.0
2026-10-02T05:10:19.944908+00:00,during_timestep_solve,9.70901870727539,38.97476577758789,47.83979797363281,0.8146933605168872,6.2601165771484375,,6.136608123779297,0.0919647216796875,1.7513771057128906,16.0
2026-10-02T05:10:25.045391+00:00,during_timestep_solve,9.634040832519531,39.0528564453125,47.83979797363281,0.8163256974211454,6.2315826416015625,,6.108020782470703,0.09198760986328125,1.7513771057128906,16.0
2026-10-02T05:10:30.149039+00:00,during_timestep_solve,9.549064636230469,39.133121490478516,47.83979797363281,0.8180034855508163,6.205848693847656,,6.0822906494140625,0.09198379516601562,1.7513771057128906,16.0
2026-10-02T05:10:35.256219+00:00,during_timestep_solve,9.465579986572266,39.21424865722656,47.83979797363281,0.8196992946926683,6.204685211181641,,6.081127166748047,0.09198379516601562,1.7513771057128906,16.0
2026-10-02T05:10:40.376599+00:00,during_timestep_solve,8.900718688964844,39.7281608581543,47.83979797363281,0.8304416519495067,6.703830718994141,,6.580303192138672,0.09195327758789062,1.7513771057128906,16.0
2026-10-02T05:10:45.485123+00:00,during_timestep_solve,9.88909912109375,38.851200103759766,47.83979797363281,0.8121104550895645,6.598346710205078,,6.474864959716797,0.09190750122070312,1.7513771057128906,16.0
2026-10-02T05:10:50.619332+00:00,during_timestep_solve,9.570960998535156,39.079952239990234,47.83979797363281,0.8168920834809834,6.80938720703125,,6.685905456542969,0.09190750122070312,1.7513771057128906,16.0
2026-10-02T05:10:55.749747+00:00,during_timestep_solve,9.222419738769531,39.42645263671875,47.83979797363281,0.8241350153369977,7.1993255615234375,,7.078971862792969,0.08877944946289062,1.7513771057128906,16.0
2026-10-02T05:11:00.889110+00:00,during_timestep_solve,9.115612030029297,39.41796112060547,47.83979797363281,0.8239575163409116,7.269222259521484,,7.148868560791016,0.08877944946289062,1.7513771057128906,16.0
2026-10-02T05:11:05.993949+00:00,during_timestep_solve,8.8773193359375,39.80495834350586,47.83979797363281,0.8320469573354928,7.461704254150391,,7.343116760253906,0.08701324462890625,1.7508888244628906,16.0
2026-10-02T05:11:11.102686+00:00,during_timestep_solve,8.668327331542969,39.897560119628906,47.83979797363281,0.8339826213651379,7.586589813232422,,7.471691131591797,0.08332443237304688,1.7508888244628906,16.0
2026-10-02T05:11:16.226584+00:00,during_timestep_solve,8.876861572265625,39.67701721191406,47.83979797363281,0.8293725912844006,7.279979705810547,,7.165287017822266,0.08311843872070312,1.7508888244628906,16.0
2026-10-02T05:11:21.343746+00:00,during_timestep_solve,8.489910125732422,40.06842803955078,47.83979797363281,0.8375542902926708,7.580913543701172,,7.466217041015625,0.08312225341796875,1.7508888244628906,16.0
2026-10-02T05:11:26.476048+00:00,during_timestep_solve,8.713310241699219,39.924381256103516,47.83979797363281,0.8345432662175554,7.276088714599609,,7.1613922119140625,0.08312225341796875,1.7508888244628906,16.0
2026-10-02T05:11:31.613072+00:00,during_timestep_solve,8.315742492675781,40.25003433227539,47.83979797363281,0.8413504244825497,7.550830841064453,,7.438621520996094,0.08063507080078125,1.7508888244628906,16.0
2026-10-02T05:11:36.738769+00:00,during_timestep_solve,8.486682891845703,40.0782470703125,47.83979797363281,0.8377595384579564,7.315559387207031,,7.2039031982421875,0.08008193969726562,1.7505226135253906,16.0
2026-10-02T05:11:41.843313+00:00,during_timestep_solve,8.373115539550781,40.186378479003906,47.83979797363281,0.8400198199238397,7.3150482177734375,,7.203849792480469,0.07962417602539062,1.7505226135253906,16.0
2026-10-02T05:11:46.957486+00:00,during_timestep_solve,9.301753997802734,39.24987030029297,47.83979797363281,0.8204438973995201,7.338581085205078,,7.229244232177734,0.07776260375976562,1.7505226135253906,16.0
2026-10-02T05:11:52.074603+00:00,during_timestep_solve,9.196125030517578,39.33326721191406,47.83979797363281,0.8221871512415839,7.373188018798828,,7.265033721923828,0.07658004760742188,1.7505226135253906,16.0
2026-10-02T05:11:57.198985+00:00,during_timestep_solve,9.17962646484375,39.357818603515625,47.83979797363281,0.8227003513937897,7.241912841796875,,7.134960174560547,0.07537841796875,1.7505226135253906,16.0
2026-10-02T05:12:02.328804+00:00,during_timestep_solve,9.517314910888672,39.063812255859375,47.83979797363281,0.8165547078060327,6.710136413574219,,6.603874206542969,0.07468795776367188,1.7505226135253906,16.0
2026-10-02T05:12:07.441949+00:00,during_timestep_solve,9.609272003173828,39.13645553588867,47.83979797363281,0.8180731774297827,6.676361083984375,,6.570640563964844,0.07414627075195312,1.8445663452148438,16.0
2026-10-02T05:12:12.558894+00:00,during_timestep_solve,9.168895721435547,39.65779495239258,47.83979797363281,0.8289707865039524,6.954135894775391,,6.849395751953125,0.0731658935546875,1.8445663452148438,16.0
2026-10-02T05:12:17.693516+00:00,during_timestep_solve,9.088996887207031,39.74803161621094,47.83979797363281,0.8308570123585869,6.920135498046875,,6.816860198974609,0.0717010498046875,1.8445663452148438,16.0
2026-10-02T05:12:22.813628+00:00,during_timestep_solve,9.010814666748047,39.81300354003906,47.83979797363281,0.8322151268695205,6.911273956298828,,6.809856414794922,0.06984329223632812,1.8445663452148438,16.0
2026-10-02T05:12:27.928458+00:00,during_timestep_solve,8.83810043334961,40.13369369506836,47.83979797363281,0.8389185447059848,7.060020446777344,,6.960468292236328,0.0679779052734375,1.846527099609375,16.0
2026-10-02T05:12:33.054610+00:00,during_timestep_solve,8.932476043701172,39.90036392211914,47.83979797363281,0.834041229524223,6.879177093505859,,6.7812957763671875,0.06630706787109375,1.846527099609375,16.0
2026-10-02T05:12:38.177206+00:00,during_timestep_solve,8.689254760742188,40.28384780883789,47.83979797363281,0.8420572309072161,7.039573669433594,,6.9437408447265625,0.06425857543945312,1.846527099609375,16.0
2026-10-02T05:12:43.294043+00:00,during_timestep_solve,8.788337707519531,40.04359436035156,47.83979797363281,0.8370351894550605,6.865848541259766,,6.772182464599609,0.062091827392578125,1.846527099609375,16.0
2026-10-02T05:12:48.402138+00:00,during_timestep_solve,9.489044189453125,39.47224807739258,47.83979797363281,0.8250922819353865,7.020404815673828,,6.926822662353516,0.062007904052734375,1.846527099609375,16.0
2026-10-02T05:12:53.523391+00:00,during_timestep_solve,9.536518096923828,39.300479888916016,47.83979797363281,0.8215017946057529,6.891155242919922,,6.7998046875,0.05977630615234375,1.846527099609375,16.0
2026-10-02T05:12:58.647911+00:00,during_timestep_solve,9.450870513916016,39.39108657836914,47.83979797363281,0.8233957551426068,6.887397766113281,,6.79730224609375,0.058521270751953125,1.846527099609375,16.0
2026-10-02T05:13:03.758135+00:00,during_timestep_solve,9.351219177246094,39.48165512084961,47.83979797363281,0.8252889182895412,6.8812713623046875,,6.793186187744141,0.05651092529296875,1.846527099609375,16.0
2026-10-02T05:13:08.874371+00:00,during_timestep_solve,9.283702850341797,39.53901290893555,47.83979797363281,0.8264878737725379,6.87408447265625,,6.787841796875,0.054668426513671875,1.846527099609375,16.0
2026-10-02T05:13:14.004233+00:00,during_timestep_solve,9.11001205444336,39.718345642089844,47.83979797363281,0.8302364835232131,6.904293060302734,,6.818931579589844,0.0537872314453125,1.846527099609375,16.0
2026-10-02T05:13:19.129952+00:00,during_timestep_solve,9.5567626953125,39.35594940185547,47.83979797363281,0.822661279287733,6.323539733886719,,6.2386016845703125,0.053363800048828125,1.8530616760253906,16.0
2026-10-02T05:13:24.249963+00:00,during_timestep_solve,9.566951751708984,39.396087646484375,47.83979797363281,0.8235002929610564,6.165210723876953,,6.081844329833984,0.05178070068359375,1.8580856323242188,16.0
2026-10-02T05:13:29.368358+00:00,during_timestep_solve,9.500457763671875,39.46089172363281,47.83979797363281,0.8248548989563442,6.160526275634766,,6.0776214599609375,0.051319122314453125,1.8580856323242188,16.0
2026-10-02T05:13:32.132393+00:00,after_timestep_12,9.674312591552734,39.298282623291016,47.83979797363281,0.8214558649463883,5.884632110595703,,5.799827575683594,0.053218841552734375,1.8579635620117188,16.0
2026-10-02T05:13:34.485451+00:00,after_timestep_12,9.345611572265625,39.582481384277344,47.83979797363281,0.8273964995858357,6.227607727050781,,6.1420135498046875,0.05400848388671875,1.8579635620117188,16.0
2026-10-02T05:13:39.605189+00:00,after_timestep_12,9.0831298828125,39.68547439575195,47.83979797363281,0.8295493726295591,6.218452453613281,,6.133941650390625,0.05292510986328125,1.8579635620117188,16.0
2026-10-02T05:13:44.720058+00:00,after_timestep_12,8.910633087158203,39.715850830078125,47.83979797363281,0.8301843342224763,6.20654296875,,6.122047424316406,0.05290985107421875,1.8579635620117188,16.0
2026-10-02T05:13:49.854641+00:00,after_timestep_12,9.57943344116211,38.97119903564453,47.83979797363281,0.8146188045594117,6.033306121826172,,5.911899566650391,0.08982086181640625,1.8579635620117188,16.0
2026-10-02T05:13:55.030049+00:00,after_timestep_12,9.94036865234375,38.669166564941406,47.83979797363281,0.8083053901325868,6.043621063232422,,5.911552429199219,0.10048294067382812,1.8579635620117188,16.0
2026-10-02T05:14:00.188929+00:00,after_timestep_12,9.913249969482422,38.73845672607422,47.83979797363281,0.8097537691824106,6.034423828125,,5.914310455322266,0.08852767944335938,1.8579635620117188,16.0
2026-10-02T05:14:17.604731+00:00,after_timestep_12,9.730171203613281,39.00115966796875,47.83979797363281,0.8152450746022061,6.044685363769531,,5.920963287353516,0.09213638305664062,1.8557929992675781,16.0
2026-10-02T05:14:22.727303+00:00,during_timestep_solve,9.982311248779297,38.64111328125,47.83979797363281,0.8077189895857687,5.8788299560546875,,5.753749847412109,0.09349441528320312,1.85552978515625,16.0
2026-10-02T05:14:27.845996+00:00,during_timestep_solve,9.259342193603516,39.3811149597168,47.83979797363281,0.8231873174176432,6.647457122802734,,6.522274017333984,0.093505859375,1.85552978515625,16.0
2026-10-02T05:14:32.985932+00:00,during_timestep_solve,8.785625457763672,39.897254943847656,47.83979797363281,0.8339762422457817,7.08392333984375,,6.958751678466797,0.09349441528320312,1.85552978515625,16.0
2026-10-02T05:14:38.105208+00:00,during_timestep_solve,8.612728118896484,42.30453109741211,47.83979797363281,0.8842957723343334,7.193897247314453,,7.068714141845703,0.093505859375,1.85552978515625,16.0
2026-10-02T05:14:43.211889+00:00,during_timestep_solve,8.426895141601562,42.35575866699219,47.83979797363281,0.8853665872572626,7.2780303955078125,,7.152858734130859,0.09349441528320312,1.85552978515625,16.0
2026-10-02T05:14:48.316059+00:00,during_timestep_solve,8.208606719970703,43.35956573486328,47.83979797363281,0.9063492650776068,7.3769073486328125,,7.251750946044922,0.09347915649414062,1.85552978515625,16.0
2026-10-02T05:14:53.427117+00:00,during_timestep_solve,9.041130065917969,42.43731689453125,47.83979797363281,0.8870714069052054,7.455101013183594,,7.329948425292969,0.093475341796875,1.85552978515625,16.0
2026-10-02T05:14:58.542133+00:00,during_timestep_solve,8.915817260742188,42.572628021240234,47.83979797363281,0.8898998286887497,7.49200439453125,,7.3668365478515625,0.0934906005859375,1.85552978515625,16.0
2026-10-02T05:15:03.675567+00:00,during_timestep_solve,9.232223510742188,39.48866653442383,47.83979797363281,0.8254354785567498,7.061359405517578,,6.936195373535156,0.09348678588867188,1.85552978515625,16.0
2026-10-02T05:15:08.787754+00:00,during_timestep_solve,10.193946838378906,38.544036865234375,47.83979797363281,0.8056897917185635,6.045753479003906,,5.9205780029296875,0.09349822998046875,1.85552978515625,16.0
2026-10-02T05:15:13.904257+00:00,during_timestep_solve,10.121746063232422,38.619300842285156,47.83979797363281,0.8072630420297847,6.042152404785156,,5.916950225830078,0.09352493286132812,1.85552978515625,16.0
2026-10-02T05:15:19.018196+00:00,during_timestep_solve,10.050148010253906,38.62092590332031,47.83979797363281,0.8072970108403564,6.073055267333984,,5.947612762451172,0.0937652587890625,1.8555221557617188,16.0
2026-10-02T05:15:24.133502+00:00,during_timestep_solve,9.731250762939453,38.915199279785156,47.83979797363281,0.8134482361575502,6.438304901123047,,6.31280517578125,0.09382247924804688,1.8551559448242188,16.0
2026-10-02T05:15:29.240565+00:00,during_timestep_solve,9.648876190185547,39.00417709350586,47.83979797363281,0.8153081481448404,6.438304901123047,,6.31280517578125,0.09382247924804688,1.8551559448242188,16.0
2026-10-02T05:15:34.344895+00:00,during_timestep_solve,9.52779769897461,39.18303680419922,47.83979797363281,0.8190468702605137,6.438304901123047,,6.31280517578125,0.09382247924804688,1.8551559448242188,16.0
2026-10-02T05:15:39.448337+00:00,during_timestep_solve,9.410968780517578,39.296234130859375,47.83979797363281,0.8214130451077098,6.438232421875,,6.312767028808594,0.09378814697265625,1.8551559448242188,16.0
2026-10-02T05:15:44.571917+00:00,during_timestep_solve,9.327720642089844,39.36172103881836,47.83979797363281,0.822781924382557,6.438201904296875,,6.312755584716797,0.09376907348632812,1.8551559448242188,16.0
2026-10-02T05:15:49.691608+00:00,during_timestep_solve,9.252208709716797,39.43635177612305,47.83979797363281,0.8243419380211142,6.408786773681641,,6.283359527587891,0.09375,1.8551559448242188,16.0
2026-10-02T05:15:54.820623+00:00,during_timestep_solve,10.195270538330078,38.53217315673828,47.83979797363281,0.8054418034535914,6.194461822509766,,6.069034576416016,0.09375,1.8570175170898438,16.0
2026-10-02T05:15:59.930687+00:00,during_timestep_solve,10.14828109741211,38.57530212402344,47.83979797363281,0.8063433324966055,6.044460296630859,,5.919033050537109,0.09375,1.8571052551269531,16.0
2026-10-02T05:16:05.037244+00:00,during_timestep_solve,10.230552673339844,38.47408676147461,47.83979797363281,0.8042276178231319,5.757347106933594,,5.631916046142578,0.09375381469726562,1.8569869995117188,16.0
2026-10-02T05:16:10.152935+00:00,during_timestep_solve,9.648193359375,39.01784896850586,47.83979797363281,0.815593932691998,6.534168243408203,,6.4087371826171875,0.09375381469726562,1.8569869995117188,16.0
2026-10-02T05:16:15.295006+00:00,during_timestep_solve,9.670879364013672,39.00947189331055,47.83979797363281,0.8154188258656704,6.587379455566406,,6.461948394775391,0.09375381469726562,1.8569869995117188,16.0
2026-10-02T05:16:20.421010+00:00,during_timestep_solve,9.111042022705078,39.61160659790039,47.83979797363281,0.8280053067893924,7.140571594238281,,7.015727996826172,0.09316635131835938,1.8569869995117188,16.0
2026-10-02T05:16:25.544595+00:00,during_timestep_solve,8.977958679199219,39.748680114746094,47.83979797363281,0.8308705679872188,7.218048095703125,,7.0955352783203125,0.0908355712890625,1.8569869995117188,16.0
2026-10-02T05:16:30.673619+00:00,during_timestep_solve,8.731395721435547,40.05620193481445,47.83979797363281,0.8372987268234633,7.382106781005859,,7.261566162109375,0.08886337280273438,1.8569869995117188,16.0
2026-10-02T05:16:35.799559+00:00,during_timestep_solve,8.826744079589844,39.80458450317383,47.83979797363281,0.8320391429142815,7.2086334228515625,,7.089725494384766,0.08723068237304688,1.8569869995117188,16.0
2026-10-02T05:16:40.917286+00:00,during_timestep_solve,8.56231689453125,40.301788330078125,47.83979797363281,0.8424322433863682,7.370365142822266,,7.2526397705078125,0.08604812622070312,1.8569869995117188,16.0
2026-10-02T05:16:46.027147+00:00,during_timestep_solve,8.640254974365234,40.01163864135742,47.83979797363281,0.836367215919475,7.1152191162109375,,6.999046325683594,0.08449554443359375,1.8569869995117188,16.0
2026-10-02T05:16:51.135407+00:00,during_timestep_solve,8.366153717041016,40.41923522949219,47.83979797363281,0.8448872474705994,7.202770233154297,,7.087486267089844,0.08360671997070312,1.8569869995117188,16.0
2026-10-02T05:16:56.265496+00:00,during_timestep_solve,9.432937622070312,39.27315139770508,47.83979797363281,0.8209305444674058,7.032642364501953,,6.918872833251953,0.08209228515625,1.8584365844726562,16.0
2026-10-02T05:17:01.387169+00:00,during_timestep_solve,9.416259765625,39.291385650634766,47.83979797363281,0.8213116968489383,7.016864776611328,,6.903934478759766,0.0812530517578125,1.8584365844726562,16.0
2026-10-02T05:17:06.523395+00:00,during_timestep_solve,9.317207336425781,39.372154235839844,47.83979797363281,0.8230000105255469,7.066558837890625,,6.954704284667969,0.08017730712890625,1.8584365844726562,16.0
2026-10-02T05:17:11.659714+00:00,during_timestep_solve,9.241039276123047,39.463741302490234,47.83979797363281,0.8249144639833327,7.061382293701172,,6.951381683349609,0.0783233642578125,1.8584365844726562,16.0
2026-10-02T05:17:16.781258+00:00,during_timestep_solve,9.11990737915039,39.58418655395508,47.83979797363281,0.8274321429152384,7.092002868652344,,6.983692169189453,0.07663345336914062,1.8584365844726562,16.0
2026-10-02T05:17:21.901906+00:00,during_timestep_solve,9.442028045654297,39.29971694946289,47.83979797363281,0.8214858468073624,6.636249542236328,,6.529384613037109,0.07518768310546875,1.8584365844726562,16.0
2026-10-02T05:17:27.014686+00:00,during_timestep_solve,9.409515380859375,39.324771881103516,47.83979797363281,0.8220095725065059,6.6208343505859375,,6.516319274902344,0.07283782958984375,1.8584365844726562,16.0
2026-10-02T05:17:32.138962+00:00,during_timestep_solve,9.334117889404297,39.36833572387695,47.83979797363281,0.8229201917946025,6.62701416015625,,6.523868560791016,0.07146835327148438,1.8584365844726562,16.0
2026-10-02T05:17:37.262044+00:00,during_timestep_solve,8.878379821777344,39.85396957397461,47.83979797363281,0.8330714439040976,7.004627227783203,,6.9033355712890625,0.06961441040039062,1.8584365844726562,16.0
2026-10-02T05:17:42.393025+00:00,during_timestep_solve,8.776908874511719,39.947879791259766,47.83979797363281,0.8350344584079823,7.001075744628906,,6.903171539306641,0.06622695922851562,1.8584365844726562,16.0
2026-10-02T05:17:47.527058+00:00,during_timestep_solve,8.50307846069336,40.359710693359375,47.83979797363281,0.8436430002401738,7.167686462402344,,7.071327209472656,0.0646820068359375,1.8584365844726562,16.0
2026-10-02T05:17:52.673924+00:00,during_timestep_solve,8.362049102783203,40.41910934448242,47.83979797363281,0.844884616083865,7.219089508056641,,7.124538421630859,0.06287384033203125,1.8584365844726562,16.0
2026-10-02T05:17:57.807094+00:00,during_timestep_solve,9.47454833984375,39.24257278442383,47.83979797363281,0.8202913567079151,6.962375640869141,,6.869972229003906,0.060726165771484375,1.8584365844726562,16.0
2026-10-02T05:18:02.933955+00:00,during_timestep_solve,9.163322448730469,39.61384201049805,47.83979797363281,0.8280520338386765,7.204395294189453,,7.114078521728516,0.0586395263671875,1.8584365844726562,16.0
2026-10-02T05:18:08.065334+00:00,during_timestep_solve,9.350181579589844,39.385650634765625,47.83979797363281,0.8232821270790746,6.9524383544921875,,6.862266540527344,0.05849456787109375,1.8584365844726562,16.0
2026-10-02T05:18:13.187685+00:00,during_timestep_solve,9.041400909423828,39.7596321105957,47.83979797363281,0.8310994986331142,7.194416046142578,,7.1067047119140625,0.056034088134765625,1.8584365844726562,16.0
2026-10-02T05:18:18.312920+00:00,during_timestep_solve,9.142627716064453,39.59803009033203,47.83979797363281,0.8277215157170338,7.0093536376953125,,6.921642303466797,0.056034088134765625,1.8584365844726562,16.0
2026-10-02T05:18:23.422506+00:00,during_timestep_solve,9.002670288085938,39.76294708251953,47.83979797363281,0.8311687918171209,7.004249572753906,,6.918144226074219,0.0544281005859375,1.8584365844726562,16.0
2026-10-02T05:18:28.538160+00:00,during_timestep_solve,8.908256530761719,39.84557342529297,47.83979797363281,0.8328959383828103,6.999366760253906,,6.914096832275391,0.053592681884765625,1.8584365844726562,16.0
2026-10-02T05:18:33.681604+00:00,during_timestep_solve,8.861274719238281,39.90934371948242,47.83979797363281,0.8342289351112789,6.891674041748047,,6.808341979980469,0.051654815673828125,1.8584365844726562,16.0
2026-10-02T05:18:38.815314+00:00,during_timestep_solve,8.795303344726562,39.94363021850586,47.83979797363281,0.8349456291709473,6.890361785888672,,6.8070068359375,0.051677703857421875,1.8584365844726562,16.0
2026-10-02T05:18:43.940487+00:00,during_timestep_solve,8.978233337402344,39.74493408203125,47.83979797363281,0.8307922642971215,6.609611511230469,,6.5262451171875,0.05168914794921875,1.8584365844726562,16.0
2026-10-02T05:18:49.067272+00:00,during_timestep_solve,9.031196594238281,39.69401931762695,47.83979797363281,0.8297279879715326,6.503814697265625,,6.420829772949219,0.05130767822265625,1.8584365844726562,16.0
2026-10-02T05:18:54.170344+00:00,after_timestep_13,9.281906127929688,39.447235107421875,47.83979797363281,0.8245694333651545,6.227001190185547,,6.143833160400391,0.05149078369140625,1.8583145141601562,16.0
2026-10-02T05:18:54.279842+00:00,after_timestep_13,9.2706298828125,39.44845199584961,47.83979797363281,0.8245948701035873,6.228935241699219,,6.144618988037109,0.052639007568359375,1.8583145141601562,16.0
2026-10-02T05:18:59.384857+00:00,after_timestep_13,9.76547622680664,38.85539627075195,47.83979797363281,0.8121981679807121,6.5345916748046875,,6.451457977294922,0.051456451416015625,1.8583145141601562,16.0
2026-10-02T05:19:04.487180+00:00,after_timestep_13,9.652488708496094,38.91602325439453,47.83979797363281,0.8134654597798119,6.4326934814453125,,6.351261138916016,0.049755096435546875,1.8583145141601562,16.0
2026-10-02T05:19:09.699526+00:00,after_timestep_13,9.770927429199219,38.818939208984375,47.83979797363281,0.8114361024346228,6.138397216796875,,6.035099029541016,0.07162094116210938,1.8642768859863281,16.0
2026-10-02T05:19:14.918399+00:00,after_timestep_13,9.756946563720703,38.94717025756836,47.83979797363281,0.8141165286491034,6.100666046142578,,5.984432220458984,0.08455657958984375,1.8642768859863281,16.0
2026-10-02T05:19:20.043629+00:00,after_timestep_13,9.740264892578125,38.979942321777344,47.83979797363281,0.8148015663289667,6.080310821533203,,5.981304168701172,0.06732940673828125,1.8642768859863281,16.0
2026-10-02T05:19:38.918305+00:00,after_timestep_13,9.59432601928711,39.217288970947266,47.83979797363281,0.8197628466692545,6.1191253662109375,,5.990573883056641,0.09687423706054688,1.8632049560546875,16.0
2026-10-02T05:19:44.031733+00:00,during_timestep_solve,9.832359313964844,38.81436538696289,47.83979797363281,0.8113404953832718,5.9835662841796875,,5.854393005371094,0.09749603271484375,1.8632049560546875,16.0
2026-10-02T05:19:49.146499+00:00,during_timestep_solve,9.010784149169922,39.66987228393555,47.83979797363281,0.8292232401524737,6.764163970947266,,6.634990692138672,0.09749603271484375,1.8632049560546875,16.0
2026-10-02T05:19:54.252077+00:00,during_timestep_solve,8.584518432617188,40.111289978027344,47.83979797363281,0.8384502376062483,7.119136810302734,,6.989963531494141,0.09749603271484375,1.8632049560546875,16.0
2026-10-02T05:19:59.366178+00:00,during_timestep_solve,8.388378143310547,42.508880615234375,47.83979797363281,0.8885673103942328,7.236114501953125,,7.106941223144531,0.09749603271484375,1.8632049560546875,16.0
2026-10-02T05:20:04.474298+00:00,during_timestep_solve,9.192081451416016,41.62874221801758,47.83979797363281,0.8701696909539941,7.3412933349609375,,7.2121124267578125,0.097503662109375,1.8632049560546875,16.0
2026-10-02T05:20:09.603768+00:00,during_timestep_solve,8.986885070800781,42.63048553466797,47.83979797363281,0.8911092299796921,7.444160461425781,,7.3149871826171875,0.09749603271484375,1.8632049560546875,16.0
2026-10-02T05:20:14.733549+00:00,during_timestep_solve,8.85369873046875,42.66378402709961,47.83979797363281,0.8918052716404448,7.418216705322266,,7.289054870605469,0.09748458862304688,1.8632049560546875,16.0
2026-10-02T05:20:19.857155+00:00,during_timestep_solve,8.7835693359375,42.73765182495117,47.83979797363281,0.8933493374806115,7.4548187255859375,,7.325653076171875,0.0974884033203125,1.8632049560546875,16.0
2026-10-02T05:20:24.974090+00:00,during_timestep_solve,9.128620147705078,39.63058853149414,47.83979797363281,0.8284020880133477,7.028633117675781,,6.899467468261719,0.0974884033203125,1.8632049560546875,16.0
2026-10-02T05:20:30.087297+00:00,during_timestep_solve,10.050125122070312,38.70222473144531,47.83979797363281,0.8089964082368465,6.018749237060547,,5.889575958251953,0.09749221801757812,1.8632049560546875,16.0
2026-10-02T05:20:35.205517+00:00,during_timestep_solve,9.99359130859375,38.75502014160156,47.83979797363281,0.810099995885468,6.012012481689453,,5.882865905761719,0.09746551513671875,1.8632049560546875,16.0
2026-10-02T05:20:40.327011+00:00,during_timestep_solve,9.92172622680664,38.748653411865234,47.83979797363281,0.8099669115078995,5.9691619873046875,,5.84002685546875,0.09745407104492188,1.8632049560546875,16.0
2026-10-02T05:20:45.443273+00:00,during_timestep_solve,9.635917663574219,39.06687927246094,47.83979797363281,0.8166188179555625,6.305301666259766,,6.176097869873047,0.09752273559570312,1.8629608154296875,16.0
2026-10-02T05:20:50.554881+00:00,during_timestep_solve,9.5557861328125,39.14380645751953,47.83979797363281,0.818226834467275,6.303241729736328,,6.174037933349609,0.09752273559570312,1.8629608154296875,16.0
2026-10-02T05:20:55.673687+00:00,during_timestep_solve,9.529918670654297,39.22876739501953,47.83979797363281,0.8200027812960393,6.236946105957031,,6.107746124267578,0.0975189208984375,1.8629608154296875,16.0
2026-10-02T05:21:00.790600+00:00,during_timestep_solve,9.4232177734375,39.402652740478516,47.83979797363281,0.8236375237662066,6.142162322998047,,6.012962341308594,0.0975189208984375,1.8629608154296875,16.0
2026-10-02T05:21:05.901434+00:00,during_timestep_solve,10.33481216430664,38.47089385986328,47.83979797363281,0.8041608762868677,6.111907958984375,,5.982700347900391,0.09752655029296875,1.8629608154296875,16.0
2026-10-02T05:21:11.012638+00:00,during_timestep_solve,10.36861801147461,38.541744232177734,47.83979797363281,0.8056418685844,6.022953033447266,,5.893745422363281,0.09752655029296875,1.8721466064453125,16.0
2026-10-02T05:21:16.127796+00:00,during_timestep_solve,10.279926300048828,38.64213180541992,47.83979797363281,0.80774027989662,5.973114013671875,,5.843906402587891,0.09752655029296875,1.8721466064453125,16.0
2026-10-02T05:21:21.268776+00:00,during_timestep_solve,10.287040710449219,38.72344970703125,47.83979797363281,0.8094400759880698,5.866874694824219,,5.737667083740234,0.09752655029296875,1.8762435913085938,16.0
2026-10-02T05:21:26.429837+00:00,during_timestep_solve,9.761238098144531,39.22696304321289,47.83979797363281,0.8199650647528458,6.397678375244141,,6.268459320068359,0.09753799438476562,1.8763618469238281,16.0
2026-10-02T05:21:31.557874+00:00,during_timestep_solve,9.765567779541016,39.22224044799805,47.83979797363281,0.8198663478808087,6.2800750732421875,,6.150901794433594,0.0974884033203125,1.8763618469238281,16.0
2026-10-02T05:21:36.692698+00:00,during_timestep_solve,9.477527618408203,39.515106201171875,47.83979797363281,0.825988149509972,6.489299774169922,,6.360118865966797,0.09749603271484375,1.8763618469238281,16.0
2026-10-02T05:21:41.804669+00:00,during_timestep_solve,8.934391021728516,39.83692169189453,47.83979797363281,0.8327150903490622,7.131580352783203,,7.00244140625,0.09745407104492188,1.8763618469238281,16.0
2026-10-02T05:21:46.926109+00:00,during_timestep_solve,8.831275939941406,39.898685455322266,47.83979797363281,0.8340061443677639,7.159725189208984,,7.030597686767578,0.097442626953125,1.8763618469238281,16.0
2026-10-02T05:21:52.048725+00:00,during_timestep_solve,8.50177001953125,40.2747917175293,47.83979797363281,0.8418679305403209,7.4066619873046875,,7.279247283935547,0.09572982788085938,1.8763618469238281,16.0
2026-10-02T05:21:57.177904+00:00,during_timestep_solve,8.59918212890625,40.10080337524414,47.83979797363281,0.838231035117371,7.126346588134766,,7.000644683837891,0.09401702880859375,1.8763618469238281,16.0
2026-10-02T05:22:02.302288+00:00,during_timestep_solve,8.278545379638672,40.586429595947266,47.83979797363281,0.8483821277488821,7.333980560302734,,7.212947845458984,0.08934783935546875,1.8763618469238281,16.0
2026-10-02T05:22:07.432595+00:00,during_timestep_solve,9.442146301269531,39.2918815612793,47.83979797363281,0.8213220629178921,7.077449798583984,,6.960865020751953,0.08489990234375,1.8763618469238281,16.0
2026-10-02T05:22:12.574586+00:00,during_timestep_solve,9.121158599853516,39.646175384521484,47.83979797363281,0.8287279015344653,7.323299407958984,,7.208976745605469,0.08263778686523438,1.8763618469238281,16.0
2026-10-02T05:22:17.729138+00:00,during_timestep_solve,9.224395751953125,39.5015754699707,47.83979797363281,0.8257053153055167,7.142852783203125,,7.029426574707031,0.0817413330078125,1.8763618469238281,16.0
2026-10-02T05:22:22.843905+00:00,during_timestep_solve,9.14383316040039,39.579833984375,47.83979797363281,0.8273411607254207,7.140933990478516,,7.028797149658203,0.08045196533203125,1.8763618469238281,16.0
2026-10-02T05:22:27.970238+00:00,during_timestep_solve,9.120319366455078,39.59836959838867,47.83979797363281,0.8277286124873175,7.224193572998047,,7.1121673583984375,0.08034133911132812,1.8763618469238281,16.0
2026-10-02T05:22:33.092394+00:00,during_timestep_solve,9.091075897216797,39.65548324584961,47.83979797363281,0.8289224646748292,7.152805328369141,,7.04144287109375,0.07967758178710938,1.8763618469238281,16.0
2026-10-02T05:22:38.214942+00:00,during_timestep_solve,9.009052276611328,39.728633880615234,47.83979797363281,0.8304515395845088,7.147235870361328,,7.037082672119141,0.07846832275390625,1.8763618469238281,16.0
2026-10-02T05:22:43.349535+00:00,during_timestep_solve,9.210147857666016,39.517723083496094,47.83979797363281,0.8260428504584514,6.864295959472656,,6.756206512451172,0.07640457153320312,1.8763618469238281,16.0
2026-10-02T05:22:48.472325+00:00,during_timestep_solve,9.22775650024414,39.5018310546875,47.83979797363281,0.8257106578179776,6.758266448974609,,6.651191711425781,0.07538986206054688,1.8763618469238281,16.0
2026-10-02T05:22:53.597719+00:00,during_timestep_solve,9.386829376220703,39.338932037353516,47.83979797363281,0.8223055636446333,6.478157043457031,,6.371391296386719,0.07508087158203125,1.8763618469238281,16.0
2026-10-02T05:22:58.719563+00:00,during_timestep_solve,8.644031524658203,40.08647537231445,47.83979797363281,0.8379315354635977,7.141761779785156,,7.036434173583984,0.07364273071289062,1.8763618469238281,16.0
2026-10-02T05:23:03.842906+00:00,during_timestep_solve,8.589107513427734,40.14006805419922,47.83979797363281,0.8390517885615373,7.111629486083984,,7.0071868896484375,0.07275772094726562,1.8763618469238281,16.0
2026-10-02T05:23:08.967915+00:00,during_timestep_solve,9.192829132080078,39.53468704223633,47.83979797363281,0.8263974497556638,7.414237976074219,,7.312252044677734,0.07030105590820312,1.8763618469238281,16.0
2026-10-02T05:23:14.092079+00:00,during_timestep_solve,9.401649475097656,39.31206130981445,47.83979797363281,0.8217438821853205,7.0902099609375,,6.990348815917969,0.06817626953125,1.8763618469238281,16.0
2026-10-02T05:23:19.222471+00:00,during_timestep_solve,9.016471862792969,39.70499038696289,47.83979797363281,0.8299573173123878,7.389545440673828,,7.290950775146484,0.0669097900390625,1.8763618469238281,16.0
2026-10-02T05:23:24.359280+00:00,during_timestep_solve,9.232967376708984,39.484676361083984,47.83979797363281,0.8253520715711675,7.082244873046875,,6.984699249267578,0.06586074829101562,1.8763618469238281,16.0
2026-10-02T05:23:29.487584+00:00,during_timestep_solve,8.85357666015625,39.88893127441406,47.83979797363281,0.8338022517653415,7.381320953369141,,7.285926818847656,0.06370925903320312,1.8763618469238281,16.0
2026-10-02T05:23:34.641045+00:00,during_timestep_solve,9.008155822753906,39.7147216796875,47.83979797363281,0.8301607314808583,7.144374847412109,,7.049781799316406,0.06290817260742188,1.8763618469238281,16.0
2026-10-02T05:23:39.763846+00:00,during_timestep_solve,8.927433013916016,39.79947280883789,47.83979797363281,0.8319322926650653,7.117115020751953,,7.022674560546875,0.06275558471679688,1.8763618469238281,16.0
2026-10-02T05:23:44.882042+00:00,during_timestep_solve,8.877471923828125,39.87224197387695,47.83979797363281,0.8334533936755497,7.058635711669922,,6.965816497802734,0.06113433837890625,1.8763618469238281,16.0
2026-10-02T05:23:50.011880+00:00,during_timestep_solve,8.824848175048828,39.97268295288086,47.83979797363281,0.835552921333657,6.995227813720703,,6.904056549072266,0.05948638916015625,1.8763618469238281,16.0
2026-10-02T05:23:55.138281+00:00,during_timestep_solve,8.957351684570312,39.938621520996094,47.83979797363281,0.8348409318745138,6.788463592529297,,6.699100494384766,0.05767822265625,1.88238525390625,16.0
2026-10-02T05:24:00.263817+00:00,during_timestep_solve,9.277873992919922,39.62672424316406,47.83979797363281,0.8283213124144999,6.330516815185547,,6.243141174316406,0.055690765380859375,1.88238525390625,16.0
2026-10-02T05:24:05.394392+00:00,during_timestep_solve,9.199859619140625,39.72285079956055,47.83979797363281,0.830330655272709,6.314601898193359,,6.2288055419921875,0.054111480712890625,1.88238525390625,16.0
2026-10-02T05:24:09.806053+00:00,after_timestep_14,10.355247497558594,38.555274963378906,47.83979797363281,0.8059247027888553,6.039440155029297,,5.952808380126953,0.0549468994140625,1.88238525390625,16.0
2026-10-02T05:24:10.534463+00:00,after_timestep_14,10.248096466064453,38.99736785888672,47.83979797363281,0.8151658140442054,6.132236480712891,,6.044414520263672,0.0561370849609375,1.88238525390625,16.0
2026-10-02T05:24:15.666233+00:00,after_timestep_14,9.858814239501953,38.87324523925781,47.83979797363281,0.8125712667240574,6.323951721191406,,6.237983703613281,0.05428314208984375,1.88238525390625,16.0
2026-10-02T05:24:20.770716+00:00,after_timestep_14,9.628677368164062,38.96400833129883,47.83979797363281,0.8144684965595814,6.316837310791016,,6.2331085205078125,0.052043914794921875,1.88238525390625,16.0
2026-10-02T05:24:25.884751+00:00,after_timestep_14,9.644462585449219,38.858253479003906,47.83979797363281,0.8122578924856845,6.128173828125,,6.0127105712890625,0.08377838134765625,1.88238525390625,16.0
2026-10-02T05:24:30.983938+00:00,after_timestep_14,9.645870208740234,38.927406311035156,47.83979797363281,0.8137034009317979,6.139019012451172,,6.012042999267578,0.09527587890625,1.88238525390625,16.0
2026-10-02T05:24:36.120292+00:00,after_timestep_14,9.646526336669922,38.97658157348633,47.83979797363281,0.8147313162770566,6.111564636230469,,6.011859893798828,0.06800460815429688,1.88238525390625,16.0
2026-10-02T05:24:54.350406+00:00,after_timestep_14,9.510200500488281,39.29765701293945,47.83979797363281,0.8214427877517081,6.104190826416016,,5.977787017822266,0.09470367431640625,1.8819046020507812,16.0
2026-10-02T05:24:59.472749+00:00,during_timestep_solve,9.793991088867188,38.927635192871094,47.83979797363281,0.813708185271315,5.812397003173828,,5.683616638183594,0.09708023071289062,1.8817825317382812,16.0
2026-10-02T05:25:04.602777+00:00,during_timestep_solve,8.967967987060547,39.77851867675781,47.83979797363281,0.8314942863822706,6.617115020751953,,6.488323211669922,0.0970916748046875,1.8817825317382812,16.0
2026-10-02T05:25:09.724942+00:00,during_timestep_solve,8.84710693359375,39.933502197265625,47.83979797363281,0.8347339221473137,6.976436614990234,,6.8476409912109375,0.09709548950195312,1.8817825317382812,16.0
2026-10-02T05:25:14.875105+00:00,during_timestep_solve,9.329421997070312,41.61711502075195,47.83979797363281,0.8699266465065232,7.087085723876953,,6.958271026611328,0.09711456298828125,1.8817825317382812,16.0
2026-10-02T05:25:19.992156+00:00,during_timestep_solve,9.142627716064453,41.71110916137695,47.83979797363281,0.8718914152682308,7.197410583496094,,7.068592071533203,0.09711837768554688,1.8817825317382812,16.0
2026-10-02T05:25:25.105164+00:00,during_timestep_solve,8.93740463256836,42.69736862182617,47.83979797363281,0.8925072937255939,7.307868957519531,,7.179012298583984,0.09715652465820312,1.8817825317382812,16.0
2026-10-02T05:25:30.222629+00:00,during_timestep_solve,8.777400970458984,42.78022766113281,47.83979797363281,0.8942393043697925,7.396854400634766,,7.268009185791016,0.09714508056640625,1.8817825317382812,16.0
2026-10-02T05:25:35.353114+00:00,during_timestep_solve,8.578483581542969,42.995243072509766,47.83979797363281,0.8987337926511907,7.411308288574219,,7.2824249267578125,0.0971832275390625,1.8817825317382812,16.0
2026-10-02T05:25:40.482301+00:00,during_timestep_solve,9.052001953125,39.828495025634766,47.83979797363281,0.8325389469158393,6.862335205078125,,6.7334442138671875,0.09719085693359375,1.8817825317382812,16.0
2026-10-02T05:25:45.613249+00:00,during_timestep_solve,9.947834014892578,38.975040435791016,47.83979797363281,0.8146991017243078,5.851779937744141,,5.722888946533203,0.09719085693359375,1.8817825317382812,16.0
2026-10-02T05:25:50.731720+00:00,during_timestep_solve,9.888309478759766,39.03596878051758,47.83979797363281,0.815972692903772,5.849033355712891,,5.720142364501953,0.09719085693359375,1.8817825317382812,16.0
2026-10-02T05:25:55.865978+00:00,during_timestep_solve,9.87469482421875,39.02412414550781,47.83979797363281,0.8157251033337597,5.822612762451172,,5.693706512451172,0.09720611572265625,1.8945159912109375,16.0
2026-10-02T05:26:00.998120+00:00,during_timestep_solve,9.56219482421875,39.3734130859375,47.83979797363281,0.8230263243928913,6.140842437744141,,6.011875152587891,0.09726715087890625,1.8942718505859375,16.0
2026-10-02T05:26:06.115237+00:00,during_timestep_solve,9.52065658569336,39.40452194213867,47.83979797363281,0.8236765958722633,6.140838623046875,,6.011875152587891,0.09726333618164062,1.8942718505859375,16.0
2026-10-02T05:26:11.243449+00:00,during_timestep_solve,9.43564224243164,39.50862503051758,47.83979797363281,0.8258526729626449,6.084403991699219,,5.9554443359375,0.097259521484375,1.8942718505859375,16.0
2026-10-02T05:26:16.354399+00:00,during_timestep_solve,10.338737487792969,38.580257415771484,47.83979797363281,0.8064469134471517,6.080516815185547,,5.9515533447265625,0.09726333618164062,1.8942718505859375,16.0
2026-10-02T05:26:21.472687+00:00,during_timestep_solve,10.268962860107422,38.63040542602539,47.83979797363281,0.8074951622353582,6.080482482910156,,5.951515197753906,0.09726715087890625,1.8942718505859375,16.0
2026-10-02T05:26:26.602249+00:00,during_timestep_solve,10.151931762695312,38.74271011352539,47.83979797363281,0.8098426781584376,6.0803680419921875,,5.9514007568359375,0.09726715087890625,1.8942718505859375,16.0
2026-10-02T05:26:31.720405+00:00,during_timestep_solve,10.075992584228516,38.81406021118164,47.83979797363281,0.8113341162639156,6.077930450439453,,5.948955535888672,0.0972747802734375,1.8942718505859375,16.0
2026-10-02T05:26:36.834041+00:00,during_timestep_solve,10.000297546386719,38.908565521240234,47.83979797363281,0.8133095700505449,6.076202392578125,,5.947227478027344,0.0972747802734375,1.8942718505859375,16.0
2026-10-02T05:26:41.948175+00:00,during_timestep_solve,9.429248809814453,39.39832305908203,47.83979797363281,0.8235470200103405,6.585849761962891,,6.456905364990234,0.0972442626953125,1.8942718505859375,16.0
2026-10-02T05:26:47.068339+00:00,during_timestep_solve,9.455547332763672,39.37557601928711,47.83979797363281,0.8230715364013282,6.407535552978516,,6.278591156005859,0.0972442626953125,1.8942718505859375,16.0
2026-10-02T05:26:52.208271+00:00,during_timestep_solve,9.147216796875,39.69481658935547,47.83979797363281,0.8297446534208506,6.617820739746094,,6.4888763427734375,0.0972442626953125,1.8942718505859375,16.0
2026-10-02T05:26:57.331894+00:00,during_timestep_solve,8.800376892089844,39.967037200927734,47.83979797363281,0.8354349076255674,7.066322326660156,,6.937381744384766,0.09724044799804688,1.8942718505859375,16.0
2026-10-02T05:27:02.461875+00:00,during_timestep_solve,8.644287109375,40.09657669067383,47.83979797363281,0.8381426843142877,7.149562835693359,,7.020622253417969,0.09724044799804688,1.8942718505859375,16.0
2026-10-02T05:27:07.618851+00:00,during_timestep_solve,8.281044006347656,40.51919174194336,47.83979797363281,0.8469766482767287,7.398632049560547,,7.269783020019531,0.09714889526367188,1.8942718505859375,16.0
2026-10-02T05:27:12.772427+00:00,during_timestep_solve,8.924518585205078,39.811744689941406,47.83979797363281,0.8321888130021763,7.146030426025391,,7.019207000732422,0.095123291015625,1.8942718505859375,16.0
2026-10-02T05:27:17.905577+00:00,during_timestep_solve,9.101276397705078,39.677669525146484,47.83979797363281,0.8293862266520244,7.393054962158203,,7.269767761230469,0.09158706665039062,1.8942718505859375,16.0
2026-10-02T05:27:23.050371+00:00,during_timestep_solve,9.292068481445312,39.423744201660156,47.83979797363281,0.8240784006527115,7.138004302978516,,7.016796112060547,0.089508056640625,1.8942718505859375,16.0
2026-10-02T05:27:28.174993+00:00,during_timestep_solve,8.938201904296875,39.8707389831543,47.83979797363281,0.8334219765127204,7.383522033691406,,7.263916015625,0.0879058837890625,1.8942718505859375,16.0
2026-10-02T05:27:33.313697+00:00,during_timestep_solve,9.045814514160156,39.7601203918457,47.83979797363281,0.8311097052240841,7.183677673339844,,7.064064025878906,0.0879058837890625,1.8942718505859375,16.0
2026-10-02T05:27:38.440257+00:00,during_timestep_solve,8.962623596191406,39.78306198120117,47.83979797363281,0.8315892555216859,7.188682556152344,,7.069068908691406,0.0879058837890625,1.8942718505859375,16.0
2026-10-02T05:27:43.592370+00:00,during_timestep_solve,8.869575500488281,39.882259368896484,47.83979797363281,0.8336627882684168,7.237148284912109,,7.1175384521484375,0.08790206909179688,1.8942718505859375,16.0
2026-10-02T05:27:48.733154+00:00,during_timestep_solve,8.858551025390625,39.967655181884766,47.83979797363281,0.8354478253422637,7.165660858154297,,7.046844482421875,0.08710861206054688,1.8942718505859375,16.0
2026-10-02T05:27:53.864768+00:00,during_timestep_solve,8.76607894897461,39.98469924926758,47.83979797363281,0.8358040991583071,7.148193359375,,7.030464172363281,0.08602142333984375,1.8942718505859375,16.0
2026-10-02T05:27:59.019731+00:00,during_timestep_solve,8.982398986816406,39.749385833740234,47.83979797363281,0.83088531970073,6.866359710693359,,6.750545501708984,0.0841064453125,1.8942718505859375,16.0
2026-10-02T05:28:04.158307+00:00,during_timestep_solve,9.01239013671875,39.721736907958984,47.83979797363281,0.8303073714870588,6.760868072509766,,6.646518707275391,0.0826416015625,1.8942718505859375,16.0
2026-10-02T05:28:09.288282+00:00,during_timestep_solve,8.92862319946289,39.82717514038086,47.83979797363281,0.8325113572246238,6.760829925537109,,6.646686553955078,0.08243560791015625,1.8942718505859375,16.0
2026-10-02T05:28:14.425902+00:00,during_timestep_solve,8.456016540527344,40.304962158203125,47.83979797363281,0.8424985862276727,7.119503021240234,,7.007080078125,0.08071517944335938,1.8942718505859375,16.0
2026-10-02T05:28:19.550103+00:00,during_timestep_solve,9.455142974853516,39.47918701171875,47.83979797363281,0.825237327161748,6.942195892333984,,6.831153869628906,0.07933425903320312,1.8942718505859375,16.0
2026-10-02T05:28:24.691078+00:00,during_timestep_solve,9.252307891845703,39.77743148803711,47.83979797363281,0.8314715607695642,7.051025390625,,6.942333221435547,0.07698440551757812,1.9077529907226562,16.0
2026-10-02T05:28:29.822461+00:00,during_timestep_solve,9.436237335205078,39.53925323486328,47.83979797363281,0.8264928973290309,6.7928009033203125,,6.685676574707031,0.07541656494140625,1.9077529907226562,16.0
2026-10-02T05:28:34.949763+00:00,during_timestep_solve,9.091026306152344,39.902565002441406,47.83979797363281,0.8340872389225795,7.038414001464844,,6.932270050048828,0.07443618774414062,1.9077529907226562,16.0
2026-10-02T05:28:40.077041+00:00,during_timestep_solve,9.242103576660156,39.69282531738281,47.83979797363281,0.8297030296670515,6.775325775146484,,6.6709136962890625,0.07270431518554688,1.9077529907226562,16.0
2026-10-02T05:28:45.215816+00:00,during_timestep_solve,8.831432342529297,40.101314544677734,47.83979797363281,0.8382417201422926,7.067523956298828,,6.966255187988281,0.06956100463867188,1.9077529907226562,16.0
2026-10-02T05:28:50.341626+00:00,during_timestep_solve,8.975189208984375,39.94476318359375,47.83979797363281,0.8349693116515572,6.830074310302734,,6.730182647705078,0.06818389892578125,1.9077529907226562,16.0
2026-10-02T05:28:55.458629+00:00,during_timestep_solve,8.916099548339844,40.013885498046875,47.83979797363281,0.836414182185735,6.828670501708984,,6.728916168212891,0.06804656982421875,1.9077529907226562,16.0
2026-10-02T05:29:00.612585+00:00,during_timestep_solve,8.822898864746094,40.107364654541016,47.83979797363281,0.8383681861835292,6.812496185302734,,6.714973449707031,0.06581497192382812,1.9077529907226562,16.0
2026-10-02T05:29:05.758348+00:00,during_timestep_solve,8.689979553222656,40.24153518676758,47.83979797363281,0.8411727660084798,6.843875885009766,,6.747844696044922,0.06432342529296875,1.9077529907226562,16.0
2026-10-02T05:29:10.900578+00:00,during_timestep_solve,8.683982849121094,40.301544189453125,47.83979797363281,0.8424271400908833,6.70428466796875,,6.611061096191406,0.06151580810546875,1.9077529907226562,16.0
2026-10-02T05:29:16.039275+00:00,during_timestep_solve,9.03509521484375,39.91062927246094,47.83979797363281,0.8342558071515669,6.315639495849609,,6.224605560302734,0.059326171875,1.9056129455566406,16.0
2026-10-02T05:29:21.167462+00:00,during_timestep_solve,9.93111801147461,39.00735855102539,47.83979797363281,0.8153746504641288,6.313789367675781,,6.223468780517578,0.058612823486328125,1.9056129455566406,16.0
2026-10-02T05:29:25.871894+00:00,after_timestep_15,10.14678955078125,38.794769287109375,47.83979797363281,0.8109308761816123,6.041294097900391,,5.94927978515625,0.060306549072265625,1.9054908752441406,16.0
2026-10-02T05:29:26.288700+00:00,after_timestep_15,10.080947875976562,39.24775695800781,47.83979797363281,0.8203997219979785,6.103080749511719,,6.009429931640625,0.06194305419921875,1.9053688049316406,16.0
2026-10-02T05:29:31.405798+00:00,after_timestep_15,9.663337707519531,39.1459846496582,47.83979797363281,0.8182723654316798,6.3206024169921875,,6.229103088378906,0.05979156494140625,1.9053688049316406,16.0
2026-10-02T05:29:36.527973+00:00,after_timestep_15,9.265018463134766,39.49261474609375,47.83979797363281,0.8255180084134205,6.183544158935547,,6.093116760253906,0.058719635009765625,1.9096946716308594,16.0
2026-10-02T05:29:41.658933+00:00,after_timestep_15,9.503059387207031,39.107723236083984,47.83979797363281,0.817472583342397,5.960258483886719,,5.838134765625,0.09041595458984375,1.9096946716308594,16.0
2026-10-02T05:29:46.818511+00:00,after_timestep_15,9.493476867675781,39.1939582824707,47.83979797363281,0.8192751629944734,5.966381072998047,,5.837352752685547,0.097320556640625,1.9096946716308594,16.0
2026-10-02T05:29:51.951233+00:00,after_timestep_15,9.519832611083984,39.21525192260742,47.83979797363281,0.8197202660475519,5.945945739746094,,5.836601257324219,0.07763671875,1.9096946716308594,16.0
2026-10-02T05:30:10.574521+00:00,after_timestep_15,9.258460998535156,39.598628997802734,47.83979797363281,0.8277340347387703,5.987545013427734,,5.861473083496094,0.09436416625976562,1.9088592529296875,16.0
2026-10-02T05:30:15.719744+00:00,during_timestep_solve,9.532707214355469,39.22167205810547,47.83979797363281,0.8198544667710078,5.786624908447266,,5.659023284912109,0.09589385986328125,1.8635368347167969,16.0
2026-10-02T05:30:20.835140+00:00,during_timestep_solve,9.786338806152344,38.95128631591797,47.83979797363281,0.8142025670214201,6.585300445556641,,6.4576263427734375,0.09596633911132812,1.8635368347167969,16.0
2026-10-02T05:30:25.968456+00:00,during_timestep_solve,9.300193786621094,39.46036148071289,47.83979797363281,0.8248438152364628,7.012321472167969,,6.884624481201172,0.09598922729492188,1.8635368347167969,16.0
2026-10-02T05:30:31.081750+00:00,during_timestep_solve,9.093597412109375,41.88154220581055,47.83979797363281,0.8754539939506811,7.124427795410156,,6.9967193603515625,0.09600067138671875,1.8635368347167969,16.0
2026-10-02T05:30:36.199917+00:00,during_timestep_solve,8.94439697265625,41.92689514160156,47.83979797363281,0.8764020108260034,7.2363128662109375,,7.108608245849609,0.09599685668945312,1.8635368347167969,16.0
2026-10-02T05:30:41.319914+00:00,during_timestep_solve,8.75510025024414,42.88667297363281,47.83979797363281,0.8964643412012329,7.347843170166016,,7.220157623291016,0.095977783203125,1.8635368347167969,16.0
2026-10-02T05:30:46.438745+00:00,during_timestep_solve,8.592662811279297,42.944480895996094,47.83979797363281,0.8976727058852798,7.437583923339844,,7.309894561767578,0.09598159790039062,1.8635368347167969,16.0
2026-10-02T05:30:51.577428+00:00,during_timestep_solve,8.415760040283203,43.17481994628906,47.83979797363281,0.9024875056973509,7.475105285644531,,7.347415924072266,0.09598159790039062,1.8635368347167969,16.0
2026-10-02T05:30:56.717430+00:00,during_timestep_solve,8.75689697265625,40.082454681396484,47.83979797363281,0.8378474905660799,7.016475677490234,,6.888813018798828,0.09595489501953125,1.8635368347167969,16.0
2026-10-02T05:31:01.847385+00:00,during_timestep_solve,9.746772766113281,39.05050277709961,47.83979797363281,0.8162764984631107,6.007511138916016,,5.879875183105469,0.09592819213867188,1.8635368347167969,16.0
2026-10-02T05:31:06.973310+00:00,during_timestep_solve,9.670631408691406,39.12470626831055,47.83979797363281,0.8178275813345692,6.002555847167969,,5.874919891357422,0.09592819213867188,1.8635368347167969,16.0
2026-10-02T05:31:12.113704+00:00,during_timestep_solve,9.599761962890625,39.14170837402344,47.83979797363281,0.8181829780217011,6.032283782958984,,5.904689788818359,0.09588623046875,1.8635368347167969,16.0
2026-10-02T05:31:17.243300+00:00,during_timestep_solve,9.32595443725586,39.47399139404297,47.83979797363281,0.8251287226547088,6.347240447998047,,6.219532012939453,0.09600067138671875,1.8629264831542969,16.0
2026-10-02T05:31:22.363664+00:00,during_timestep_solve,10.219623565673828,38.561279296875,47.83979797363281,0.8060502119621884,6.3470458984375,,6.219348907470703,0.09598922729492188,1.8629264831542969,16.0
2026-10-02T05:31:27.485870+00:00,during_timestep_solve,10.14865493774414,38.63309097290039,47.83979797363281,0.8075512984856927,6.346950531005859,,6.219303131103516,0.09593963623046875,1.8629264831542969,16.0
2026-10-02T05:31:32.618275+00:00,during_timestep_solve,10.04629135131836,38.748966217041016,47.83979797363281,0.8099734501052395,6.3468780517578125,,6.219230651855469,0.09593963623046875,1.8629264831542969,16.0
2026-10-02T05:31:37.737525+00:00,during_timestep_solve,9.976009368896484,38.830299377441406,47.83979797363281,0.8116735651526571,6.346885681152344,,6.21923828125,0.09593963623046875,1.8628044128417969,16.0
2026-10-02T05:31:42.851666+00:00,during_timestep_solve,9.881118774414062,38.91159439086914,47.83979797363281,0.8133728828101552,6.346893310546875,,6.21923828125,0.095947265625,1.8628044128417969,16.0
2026-10-02T05:31:47.975572+00:00,during_timestep_solve,9.78757095336914,39.004608154296875,47.83979797363281,0.8153171586509311,6.3468475341796875,,6.219219207763672,0.09592056274414062,1.8628044128417969,16.0
2026-10-02T05:31:53.097634+00:00,during_timestep_solve,9.72128677368164,39.057376861572266,47.83979797363281,0.8164201881266089,6.346534729003906,,6.218910217285156,0.095916748046875,1.8628044128417969,16.0
2026-10-02T05:31:58.221634+00:00,during_timestep_solve,9.137069702148438,39.58554458618164,47.83979797363281,0.8274605299963734,6.859203338623047,,6.731632232666016,0.09586334228515625,1.8628044128417969,16.0
2026-10-02T05:32:03.354328+00:00,during_timestep_solve,9.163162231445312,39.54121398925781,47.83979797363281,0.8265338831708944,6.700752258300781,,6.573215484619141,0.09582901000976562,1.8628044128417969,16.0
2026-10-02T05:32:08.488637+00:00,during_timestep_solve,8.842708587646484,39.878665924072266,47.83979797363281,0.8335876741379976,6.905372619628906,,6.780124664306641,0.09354019165039062,1.8628044128417969,16.0
2026-10-02T05:32:13.640120+00:00,during_timestep_solve,8.601234436035156,40.17994689941406,47.83979797363281,0.839885379983408,7.101016998291016,,6.976505279541016,0.092803955078125,1.8628044128417969,16.0
2026-10-02T05:32:18.768851+00:00,during_timestep_solve,8.49959945678711,40.28632736206055,47.83979797363281,0.8421090612519851,7.126117706298828,,7.003429412841797,0.09098052978515625,1.8628044128417969,16.0
2026-10-02T05:32:23.946064+00:00,during_timestep_solve,9.087047576904297,39.72975158691406,47.83979797363281,0.8304749031091508,7.369770050048828,,7.2509613037109375,0.08710098266601562,1.8628044128417969,16.0
2026-10-02T05:32:29.099042+00:00,during_timestep_solve,9.28799819946289,39.47638702392578,47.83979797363281,0.8251787987416549,7.117504119873047,,7.0007476806640625,0.08504867553710938,1.8628044128417969,16.0
2026-10-02T05:32:34.227166+00:00,during_timestep_solve,9.077232360839844,39.80110168457031,47.83979797363281,0.831966341214629,7.280403137207031,,7.164134979248047,0.0845489501953125,1.8628044128417969,16.0
2026-10-02T05:32:39.372582+00:00,during_timestep_solve,9.187915802001953,39.567626953125,47.83979797363281,0.8270859959511729,7.110958099365234,,6.996143341064453,0.08309555053710938,1.8628044128417969,16.0
2026-10-02T05:32:44.494599+00:00,during_timestep_solve,8.93069839477539,39.95759201049805,47.83979797363281,0.8352374738814932,7.277030944824219,,7.162197113037109,0.0831146240234375,1.8628044128417969,16.0
2026-10-02T05:32:49.651214+00:00,during_timestep_solve,8.911205291748047,39.834102630615234,47.83979797363281,0.8326561632340094,7.118888854980469,,7.004722595214844,0.08244705200195312,1.8628044128417969,16.0
2026-10-02T05:32:54.792020+00:00,during_timestep_solve,8.836273193359375,39.91150665283203,47.83979797363281,0.8342741471197159,7.029956817626953,,6.9169158935546875,0.08132171630859375,1.8628044128417969,16.0
2026-10-02T05:32:59.933722+00:00,during_timestep_solve,8.75735092163086,40.02402877807617,47.83979797363281,0.8366262081653366,7.014194488525391,,6.902774810791016,0.07970046997070312,1.865509033203125,16.0
2026-10-02T05:33:05.077993+00:00,during_timestep_solve,8.728973388671875,40.04960250854492,47.83979797363281,0.8371607783673856,6.941642761230469,,6.831886291503906,0.07803726196289062,1.865509033203125,16.0
2026-10-02T05:33:10.221987+00:00,during_timestep_solve,8.544837951660156,40.245208740234375,47.83979797363281,0.84124955465773,7.046024322509766,,6.936393737792969,0.077911376953125,1.865509033203125,16.0
2026-10-02T05:33:15.359533+00:00,during_timestep_solve,8.932079315185547,39.85683822631836,47.83979797363281,0.8331314076260458,6.579841613769531,,6.4713134765625,0.07680892944335938,1.865509033203125,16.0
2026-10-02T05:33:20.496265+00:00,during_timestep_solve,8.883838653564453,39.99113464355469,47.83979797363281,0.8359386188377308,6.574153900146484,,6.466823577880859,0.07561111450195312,1.865509033203125,16.0
2026-10-02T05:33:25.652071+00:00,during_timestep_solve,9.820846557617188,38.9903678894043,47.83979797363281,0.8150194929939727,6.565906524658203,,6.460155487060547,0.07403182983398438,1.865509033203125,16.0
2026-10-02T05:33:30.779559+00:00,during_timestep_solve,9.338787078857422,39.464752197265625,47.83979797363281,0.8249355948162,6.924171447753906,,6.820964813232422,0.0714874267578125,1.865386962890625,16.0
2026-10-02T05:33:35.906988+00:00,during_timestep_solve,9.25494384765625,39.53987503051758,47.83979797363281,0.826505894784719,6.917198181152344,,6.8156585693359375,0.06981658935546875,1.865386962890625,16.0
2026-10-02T05:33:41.027269+00:00,during_timestep_solve,9.009223937988281,39.91090774536133,47.83979797363281,0.8342616280979794,7.079982757568359,,6.980201721191406,0.06805801391601562,1.865386962890625,16.0
2026-10-02T05:33:46.153197+00:00,during_timestep_solve,9.100799560546875,39.69919967651367,47.83979797363281,0.8298362735226039,6.909793853759766,,6.812255859375,0.06581497192382812,1.865386962890625,16.0
2026-10-02T05:33:51.283745+00:00,during_timestep_solve,8.86444091796875,40.071746826171875,47.83979797363281,0.8376236632156694,7.048088073730469,,6.9516143798828125,0.06475067138671875,1.865386962890625,16.0
2026-10-02T05:33:56.405156+00:00,during_timestep_solve,8.93686294555664,39.848514556884766,47.83979797363281,0.8329574171456057,6.87921142578125,,6.784236907958984,0.06325149536132812,1.865386962890625,16.0
2026-10-02T05:34:01.580230+00:00,during_timestep_solve,8.700035095214844,40.20048904418945,47.83979797363281,0.8403147744550717,7.0414581298828125,,6.948749542236328,0.060985565185546875,1.865386962890625,16.0
2026-10-02T05:34:06.713565+00:00,during_timestep_solve,8.659446716308594,40.118896484375,47.83979797363281,0.8386092371562014,6.939365386962891,,6.848670959472656,0.058971405029296875,1.865386962890625,16.0
2026-10-02T05:34:11.853287+00:00,during_timestep_solve,8.643634796142578,40.13912582397461,47.83979797363281,0.8390320930305251,6.936908721923828,,6.847404479980469,0.057781219482421875,1.865386962890625,16.0
2026-10-02T05:34:16.997321+00:00,during_timestep_solve,8.588157653808594,40.200958251953125,47.83979797363281,0.8403245823510819,6.935794830322266,,6.8468017578125,0.057270050048828125,1.865386962890625,16.0
2026-10-02T05:34:22.136213+00:00,during_timestep_solve,8.524391174316406,40.27517318725586,47.83979797363281,0.8418759044395162,6.928871154785156,,6.840847015380859,0.056301116943359375,1.865386962890625,16.0
2026-10-02T05:34:27.256085+00:00,during_timestep_solve,9.420295715332031,39.42673873901367,47.83979797363281,0.8241409957613941,6.9620513916015625,,6.874755859375,0.055572509765625,1.8714828491210938,16.0
2026-10-02T05:34:32.385874+00:00,during_timestep_solve,9.822246551513672,39.02324295043945,47.83979797363281,0.8157066836266187,6.5037994384765625,,6.4185333251953125,0.0535430908203125,1.8714828491210938,16.0
2026-10-02T05:34:37.519448+00:00,during_timestep_solve,9.806079864501953,39.021629333496094,47.83979797363281,0.8156729540330228,6.445568084716797,,6.36126708984375,0.05257415771484375,1.8714828491210938,16.0
2026-10-02T05:34:42.658379+00:00,during_timestep_solve,9.717689514160156,39.119476318359375,47.83979797363281,0.8177182591766025,6.443378448486328,,6.360267639160156,0.05138397216796875,1.8714828491210938,16.0
2026-10-02T05:34:44.260829+00:00,after_timestep_16,9.974239349365234,38.85770034790039,47.83979797363281,0.8122463303318513,6.172092437744141,,6.087078094482422,0.053287506103515625,1.8712387084960938,16.0
2026-10-02T05:34:47.778084+00:00,after_timestep_16,9.582740783691406,39.21220397949219,47.83979797363281,0.8196565545929819,6.509979248046875,,6.424114227294922,0.05413818359375,1.8707504272460938,16.0
2026-10-02T05:34:52.898012+00:00,after_timestep_16,9.328681945800781,39.285865783691406,47.83979797363281,0.8211963145275831,6.504909515380859,,6.421169281005859,0.052013397216796875,1.8707504272460938,16.0
2026-10-02T05:34:58.021156+00:00,after_timestep_16,9.124210357666016,39.36238098144531,47.83979797363281,0.8227957192281649,6.500053405761719,,6.416919708251953,0.0514068603515625,1.8707504272460938,16.0
2026-10-02T05:35:03.143217+00:00,after_timestep_16,9.23581314086914,39.24822998046875,47.83979797363281,0.8204096096329806,6.324043273925781,,6.202629089355469,0.08968734741210938,1.8707504272460938,16.0
2026-10-02T05:35:08.275468+00:00,after_timestep_16,9.268051147460938,39.32724380493164,47.83979797363281,0.8220612433732911,6.252391815185547,,6.127613067626953,0.09305191040039062,1.8707504272460938,16.0
2026-10-02T05:35:13.501006+00:00,after_timestep_16,9.242523193359375,39.40013885498047,47.83979797363281,0.8235849757705099,6.2180023193359375,,6.088680267333984,0.09759521484375,1.8705062866210938,16.0
2026-10-02T05:35:29.048276+00:00,after_timestep_16,10.117740631103516,38.708404541015625,47.83979797363281,0.8091255854038094,6.105926513671875,,5.9774932861328125,0.09670639038085938,1.8705062866210938,16.0
2026-10-02T05:35:34.169298+00:00,during_timestep_solve,10.372364044189453,38.34794616699219,47.83979797363281,0.8015908885762412,5.956260681152344,,5.8262176513671875,0.09831619262695312,1.8701400756835938,16.0
2026-10-02T05:35:39.313385+00:00,during_timestep_solve,9.554855346679688,39.17512893676758,47.83979797363281,0.8188815713301963,6.7238922119140625,,6.593807220458984,0.098358154296875,1.8701400756835938,16.0
2026-10-02T05:35:44.425191+00:00,during_timestep_solve,9.13162612915039,39.62496566772461,47.83979797363281,0.8282845527392098,7.09326171875,,6.963172912597656,0.09836196899414062,1.8701400756835938,16.0
2026-10-02T05:35:49.560478+00:00,during_timestep_solve,8.927898406982422,42.03199768066406,47.83979797363281,0.8785989795322766,7.213336944580078,,7.083255767822266,0.09835433959960938,1.8701400756835938,16.0
2026-10-02T05:35:54.692629+00:00,during_timestep_solve,8.757980346679688,42.089778900146484,47.83979797363281,0.8798067860433799,7.330005645751953,,7.199954986572266,0.09832382202148438,1.8701400756835938,16.0
2026-10-02T05:35:59.820722+00:00,during_timestep_solve,8.585540771484375,43.057247161865234,47.83979797363281,0.9000298702263854,7.434547424316406,,7.30450439453125,0.09831619262695312,1.8701400756835938,16.0
2026-10-02T05:36:04.941217+00:00,during_timestep_solve,8.434879302978516,43.125213623046875,47.83979797363281,0.9014505798460016,7.41217041015625,,7.282131195068359,0.0983123779296875,1.8701400756835938,16.0
2026-10-02T05:36:10.061962+00:00,during_timestep_solve,8.334762573242188,43.2584342956543,47.83979797363281,0.9042353046619561,7.440990447998047,,7.311012268066406,0.0982513427734375,1.8701400756835938,16.0
2026-10-02T05:36:15.198460+00:00,during_timestep_solve,8.690467834472656,40.11147689819336,47.83979797363281,0.8384541448168539,7.0181121826171875,,6.888175964355469,0.09820938110351562,1.8701400756835938,16.0
2026-10-02T05:36:20.331965+00:00,during_timestep_solve,9.611827850341797,39.190006256103516,47.83979797363281,0.8191925533988107,6.010307312011719,,5.880374908447266,0.09820556640625,1.8701400756835938,16.0
2026-10-02T05:36:25.468692+00:00,during_timestep_solve,9.54775619506836,39.296146392822266,47.83979797363281,0.8214112111108949,5.916400909423828,,5.78643798828125,0.098236083984375,1.895904541015625,16.0
2026-10-02T05:36:30.610986+00:00,during_timestep_solve,10.340633392333984,38.423377990722656,47.83979797363281,0.8031676474031083,6.045387268066406,,5.915374755859375,0.09828567504882812,1.895294189453125,16.0
2026-10-02T05:36:35.736249+00:00,during_timestep_solve,10.143184661865234,38.6513786315918,47.83979797363281,0.8079335672131127,6.115177154541016,,5.985160827636719,0.09828948974609375,1.895294189453125,16.0
2026-10-02T05:36:40.852131+00:00,during_timestep_solve,10.10689926147461,38.75607681274414,47.83979797363281,0.8101220835862388,6.014579772949219,,5.884555816650391,0.09829330444335938,1.8956642150878906,16.0
2026-10-02T05:36:45.973931+00:00,during_timestep_solve,10.096664428710938,38.8246955871582,47.83979797363281,0.811556428573479,5.962898254394531,,5.832874298095703,0.09829330444335938,1.8956642150878906,16.0
2026-10-02T05:36:51.097349+00:00,during_timestep_solve,10.00124740600586,38.91825485229492,47.83979797363281,0.8135121070901041,5.88818359375,,5.758155822753906,0.098297119140625,1.8956642150878906,16.0
2026-10-02T05:36:56.221520+00:00,during_timestep_solve,9.985584259033203,38.99394989013672,47.83979797363281,0.815094367907416,5.797405242919922,,5.667377471923828,0.098297119140625,1.8971595764160156,16.0
2026-10-02T05:37:01.351551+00:00,during_timestep_solve,9.924079895019531,39.04924011230469,47.83979797363281,0.8162501048567744,5.708885192871094,,5.578853607177734,0.09830093383789062,1.8971595764160156,16.0
2026-10-02T05:37:06.472232+00:00,during_timestep_solve,9.949493408203125,39.13523483276367,47.83979797363281,0.8180476609523578,5.583015441894531,,5.452980041503906,0.09830474853515625,1.8999443054199219,16.0
2026-10-02T05:37:11.601558+00:00,during_timestep_solve,9.858665466308594,39.24784469604492,47.83979797363281,0.8204015559947934,5.545982360839844,,5.415946960449219,0.09830474853515625,1.8999443054199219,16.0
2026-10-02T05:37:16.742122+00:00,during_timestep_solve,9.2911376953125,39.76097869873047,47.83979797363281,0.8311276464972734,6.276042938232422,,6.1460418701171875,0.09827041625976562,1.9005661010742188,16.0
2026-10-02T05:37:21.884357+00:00,during_timestep_solve,9.330650329589844,39.684993743896484,47.83979797363281,0.8295393255165731,6.132160186767578,,6.002170562744141,0.09825897216796875,1.9000892639160156,16.0
2026-10-02T05:37:27.025078+00:00,during_timestep_solve,9.02398681640625,39.96707534790039,47.83979797363281,0.8354357050154869,6.4087066650390625,,6.2787017822265625,0.09827423095703125,1.9000892639160156,16.0
2026-10-02T05:37:32.158872+00:00,during_timestep_solve,9.515052795410156,39.28313064575195,47.83979797363281,0.8211391416703533,7.0908355712890625,,6.9608306884765625,0.09827423095703125,1.9000892639160156,16.0
2026-10-02T05:37:37.294022+00:00,during_timestep_solve,9.465866088867188,39.30377197265625,47.83979797363281,0.8215706093558078,7.1056976318359375,,6.9756927490234375,0.09827423095703125,1.9000892639160156,16.0
2026-10-02T05:37:42.444376+00:00,during_timestep_solve,9.10622787475586,39.70728302001953,47.83979797363281,0.8300052404465511,7.3692626953125,,7.240837097167969,0.0966949462890625,1.9000892639160156,16.0
2026-10-02T05:37:47.636537+00:00,during_timestep_solve,9.26901626586914,39.500511169433594,47.83979797363281,0.8256830681267621,7.1088714599609375,,6.9832611083984375,0.09387969970703125,1.9000892639160156,16.0
2026-10-02T05:37:52.767318+00:00,during_timestep_solve,8.975204467773438,39.59047317504883,47.83979797363281,0.827563552773976,7.313804626464844,,7.189422607421875,0.0926513671875,1.9000892639160156,16.0
2026-10-02T05:37:57.904193+00:00,during_timestep_solve,8.864707946777344,39.6987419128418,47.83979797363281,0.8298267048435697,7.020587921142578,,6.896915435791016,0.09194183349609375,1.9000892639160156,16.0
2026-10-02T05:38:03.042537+00:00,during_timestep_solve,8.777381896972656,39.857200622558594,47.83979797363281,0.8331389828302813,7.2465057373046875,,7.123870849609375,0.09090423583984375,1.9000892639160156,16.0
2026-10-02T05:38:08.173111+00:00,during_timestep_solve,8.832469940185547,39.73899459838867,47.83979797363281,0.8306681106866516,7.082817077636719,,6.962207794189453,0.08887863159179688,1.9000892639160156,16.0
2026-10-02T05:38:13.310155+00:00,during_timestep_solve,8.757328033447266,39.826171875,47.83979797363281,0.8324903858697403,7.0807342529296875,,6.960624694824219,0.08837890625,1.9000892639160156,16.0
2026-10-02T05:38:18.443442+00:00,during_timestep_solve,8.677318572998047,39.91539764404297,47.83979797363281,0.8343554808915075,7.1940765380859375,,7.074806213378906,0.0875396728515625,1.9000892639160156,16.0
2026-10-02T05:38:23.600390+00:00,during_timestep_solve,8.643470764160156,39.94192123413086,47.83979797363281,0.8349099061025527,7.123134613037109,,7.005455017089844,0.08594894409179688,1.9000892639160156,16.0
2026-10-02T05:38:28.746940+00:00,during_timestep_solve,8.577083587646484,39.96794891357422,47.83979797363281,0.835453965244644,7.1195526123046875,,7.003715515136719,0.0841064453125,1.9000892639160156,16.0
2026-10-02T05:38:33.874646+00:00,during_timestep_solve,9.737396240234375,38.78768539428711,47.83979797363281,0.8107828008735566,6.837490081787109,,6.721996307373047,0.08376312255859375,1.9000892639160156,16.0
2026-10-02T05:38:39.000112+00:00,during_timestep_solve,9.82223129272461,38.70022964477539,47.83979797363281,0.8089547047440554,6.731964111328125,,6.6174468994140625,0.0826873779296875,1.9000892639160156,16.0
2026-10-02T05:38:44.119116+00:00,during_timestep_solve,10.03726577758789,38.49649429321289,47.83979797363281,0.8046960046618604,6.45086669921875,,6.337371826171875,0.0816650390625,1.9000892639160156,16.0
2026-10-02T05:38:49.252344+00:00,during_timestep_solve,9.304168701171875,39.302940368652344,47.83979797363281,0.8215532262555622,7.115993499755859,,7.003814697265625,0.08034896850585938,1.9000892639160156,16.0
2026-10-02T05:38:54.384824+00:00,during_timestep_solve,9.222232818603516,39.41868209838867,47.83979797363281,0.8239725870103907,7.087947845458984,,6.9778594970703125,0.07825851440429688,1.9000892639160156,16.0
2026-10-02T05:38:59.562572+00:00,during_timestep_solve,8.856182098388672,39.76455307006836,47.83979797363281,0.8312023619327328,7.359260559082031,,7.251487731933594,0.0759429931640625,1.9000892639160156,16.0
2026-10-02T05:39:04.717405+00:00,during_timestep_solve,9.035938262939453,39.5227165222168,47.83979797363281,0.8261472287989171,7.108669281005859,,7.001567840576172,0.0752716064453125,1.9000892639160156,16.0
2026-10-02T05:39:09.860760+00:00,during_timestep_solve,8.644702911376953,39.97345733642578,47.83979797363281,0.8355691083490233,7.35296630859375,,7.248619079589844,0.07251739501953125,1.9000892639160156,16.0
2026-10-02T05:39:15.023648+00:00,during_timestep_solve,8.83474349975586,39.74061965942383,47.83979797363281,0.8307020794972233,7.068168640136719,,6.965740203857422,0.07059860229492188,1.9000892639160156,16.0
2026-10-02T05:39:20.154743+00:00,during_timestep_solve,8.544830322265625,40.088356018066406,47.83979797363281,0.8379708467866303,7.3126373291015625,,7.212497711181641,0.06830978393554688,1.9000892639160156,16.0
2026-10-02T05:39:25.305378+00:00,during_timestep_solve,8.639060974121094,39.92811584472656,47.83979797363281,0.8346213306906768,7.129650115966797,,7.031734466552734,0.0660858154296875,1.9000892639160156,16.0
2026-10-02T05:39:30.433792+00:00,during_timestep_solve,8.577232360839844,40.06204605102539,47.83979797363281,0.8374208869591344,7.127342224121094,,7.030887603759766,0.06462478637695312,1.9000892639160156,16.0
2026-10-02T05:39:35.581349+00:00,during_timestep_solve,9.393718719482422,39.17207336425781,47.83979797363281,0.8188177003976425,7.123592376708984,,7.029273986816406,0.062488555908203125,1.9000892639160156,16.0
2026-10-02T05:39:40.732614+00:00,during_timestep_solve,9.387813568115234,39.17491912841797,47.83979797363281,0.8188771856856389,7.026500701904297,,6.932437896728516,0.062229156494140625,1.9000892639160156,16.0
2026-10-02T05:39:45.860468+00:00,during_timestep_solve,9.411540985107422,39.20034408569336,47.83979797363281,0.8194086460670018,6.904510498046875,,6.8112335205078125,0.061443328857421875,1.9000892639160156,16.0
2026-10-02T05:39:50.996046+00:00,during_timestep_solve,9.62972640991211,39.0645637512207,47.83979797363281,0.8165704163874473,6.512371063232422,,6.420997619628906,0.059539794921875,1.8981475830078125,16.0
2026-10-02T05:39:56.126828+00:00,during_timestep_solve,9.69961929321289,39.05631637573242,47.83979797363281,0.8163980206868462,6.300701141357422,,6.210300445556641,0.058567047119140625,1.8981475830078125,16.0
2026-10-02T05:40:01.249686+00:00,after_timestep_17,9.886661529541016,38.853633880615234,47.83979797363281,0.8121613285664301,6.026084899902344,,5.9355926513671875,0.058658599853515625,1.8980255126953125,16.0
2026-10-02T05:40:01.367060+00:00,after_timestep_17,9.880210876464844,38.854034423828125,47.83979797363281,0.8121697011605851,6.029148101806641,,5.936634063720703,0.060680389404296875,1.8979034423828125,16.0
2026-10-02T05:40:06.481042+00:00,after_timestep_17,9.21401596069336,39.417724609375,47.83979797363281,0.8239525725234106,6.313289642333984,,6.222145080566406,0.0593109130859375,1.8977813720703125,16.0
2026-10-02T05:40:11.608227+00:00,after_timestep_17,9.22629165649414,39.270198822021484,47.83979797363281,0.8208688264876346,6.3100433349609375,,6.221393585205078,0.05681610107421875,1.8977813720703125,16.0
2026-10-02T05:40:16.836784+00:00,after_timestep_17,9.177558898925781,39.16499710083008,47.83979797363281,0.8186697845675707,6.1180877685546875,,6.00701904296875,0.07923507690429688,1.8977813720703125,16.0
2026-10-02T05:40:21.981247+00:00,after_timestep_17,9.240123748779297,39.18677520751953,47.83979797363281,0.8191250144726271,6.1323394775390625,,6.000354766845703,0.10015106201171875,1.8977813720703125,16.0
2026-10-02T05:40:27.099016+00:00,after_timestep_17,9.254444122314453,39.235626220703125,47.83979797363281,0.8201461520035698,6.107196807861328,,5.997768402099609,0.07759475708007812,1.8977813720703125,16.0
2026-10-02T05:40:46.038770+00:00,after_timestep_17,10.062965393066406,38.48283767700195,47.83979797363281,0.8044105390706707,6.151374816894531,,6.022617340087891,0.096923828125,1.8968238830566406,16.0
2026-10-02T05:40:51.159900+00:00,during_timestep_solve,10.4012451171875,38.11097717285156,47.83979797363281,0.7966375023961567,5.968875885009766,,5.838478088378906,0.09856414794921875,1.8963356018066406,16.0
2026-10-02T05:40:56.303786+00:00,during_timestep_solve,9.618858337402344,38.93018341064453,47.83979797363281,0.8137614509179393,6.660377502441406,,6.529941558837891,0.098602294921875,1.8963356018066406,16.0
2026-10-02T05:41:01.434468+00:00,during_timestep_solve,9.138347625732422,39.43390655517578,47.83979797363281,0.8242908253272727,6.9857025146484375,,6.855262756347656,0.09860610961914062,1.8963356018066406,16.0
2026-10-02T05:41:06.562820+00:00,during_timestep_solve,8.905941009521484,41.85846710205078,47.83979797363281,0.8749716527883609,7.097038269042969,,6.966606140136719,0.09859848022460938,1.8963356018066406,16.0
2026-10-02T05:41:11.694256+00:00,during_timestep_solve,8.718170166015625,41.95659255981445,47.83979797363281,0.8770227788783531,7.2131500244140625,,7.082736968994141,0.09857940673828125,1.8963356018066406,16.0
2026-10-02T05:41:16.825645+00:00,during_timestep_solve,8.545608520507812,42.90861892700195,47.83979797363281,0.8969230796219351,7.321727752685547,,7.191307067871094,0.0985870361328125,1.8963356018066406,16.0
2026-10-02T05:41:21.946416+00:00,during_timestep_solve,8.390663146972656,42.98054885864258,47.83979797363281,0.89842663805419,7.4104766845703125,,7.280052185058594,0.09859085083007812,1.8963356018066406,16.0
2026-10-02T05:41:27.083050+00:00,during_timestep_solve,8.27730941772461,43.11359405517578,47.83979797363281,0.9012076948765146,7.445430755615234,,7.315067291259766,0.09852981567382812,1.8963356018066406,16.0
2026-10-02T05:41:32.221536+00:00,during_timestep_solve,8.629634857177734,39.99072265625,47.83979797363281,0.8359300070265999,7.022731781005859,,6.892383575439453,0.09851455688476562,1.8963356018066406,16.0
2026-10-02T05:41:37.363589+00:00,during_timestep_solve,10.579662322998047,38.144954681396484,47.83979797363281,0.7973477375974769,5.8656005859375,,5.735298156738281,0.09846878051757812,1.8963356018066406,16.0
2026-10-02T05:41:42.484411+00:00,during_timestep_solve,10.531505584716797,38.19361114501953,47.83979797363281,0.79836480843983,5.859626770019531,,5.729320526123047,0.0984649658203125,1.8963356018066406,16.0
2026-10-02T05:41:47.629265+00:00,during_timestep_solve,10.445121765136719,38.16599655151367,47.83979797363281,0.7977875778770865,5.893898010253906,,5.763599395751953,0.09845733642578125,1.8963356018066406,16.0
2026-10-02T05:41:52.758639+00:00,during_timestep_solve,10.208198547363281,38.477516174316406,47.83979797363281,0.8042993031768971,6.145992279052734,,6.015655517578125,0.0984954833984375,1.8958473205566406,16.0
2026-10-02T05:41:57.882026+00:00,during_timestep_solve,10.134941101074219,38.57257843017578,47.83979797363281,0.8062863988563514,6.1459808349609375,,6.015644073486328,0.0984954833984375,1.8958473205566406,16.0
2026-10-02T05:42:03.002374+00:00,during_timestep_solve,10.056400299072266,38.65221405029297,47.83979797363281,0.8079510300523502,6.145961761474609,,6.015621185302734,0.09849929809570312,1.8958473205566406,16.0
2026-10-02T05:42:08.118122+00:00,during_timestep_solve,9.931072235107422,38.76626205444336,47.83979797363281,0.8103349866947518,6.085704803466797,,5.955326080322266,0.09853744506835938,1.8958473205566406,16.0
2026-10-02T05:42:13.237678+00:00,during_timestep_solve,9.852397918701172,38.865787506103516,47.83979797363281,0.8124153769947905,6.085697174072266,,5.955318450927734,0.09853744506835938,1.8958473205566406,16.0
2026-10-02T05:42:18.360348+00:00,during_timestep_solve,9.792182922363281,38.921714782714844,47.83979797363281,0.813584430355805,6.085498809814453,,5.955116271972656,0.098541259765625,1.8958473205566406,16.0
2026-10-02T05:42:23.495540+00:00,during_timestep_solve,9.716201782226562,38.99894332885742,47.83979797363281,0.8151987462478817,6.085441589355469,,5.955112457275391,0.09848785400390625,1.8958473205566406,16.0
2026-10-02T05:42:28.639372+00:00,during_timestep_solve,9.628028869628906,39.099464416503906,47.83979797363281,0.81729994842482,6.084621429443359,,5.954292297363281,0.09848785400390625,1.8958473205566406,16.0
2026-10-02T05:42:33.772027+00:00,during_timestep_solve,9.098373413085938,39.57603073120117,47.83979797363281,0.8272616609504442,6.5357513427734375,,6.4054107666015625,0.09849929809570312,1.8958473205566406,16.0
2026-10-02T05:42:38.914332+00:00,during_timestep_solve,9.927654266357422,38.89250564575195,47.83979797363281,0.8129738688944252,6.214897155761719,,6.084552764892578,0.09850311279296875,1.8974113464355469,16.0
2026-10-02T05:42:44.068496+00:00,during_timestep_solve,10.077098846435547,38.741004943847656,47.83979797363281,0.8098070348290348,6.32073974609375,,6.190456390380859,0.09844207763671875,1.8974113464355469,16.0
2026-10-02T05:42:49.208973+00:00,during_timestep_solve,9.492671966552734,39.122283935546875,47.83979797363281,0.8177769470746794,6.872688293457031,,6.7431182861328125,0.09772872924804688,1.8974113464355469,16.0
2026-10-02T05:42:54.342737+00:00,during_timestep_solve,9.287437438964844,39.26063537597656,47.83979797363281,0.8206689208348098,7.079090118408203,,6.951904296875,0.09534454345703125,1.8974113464355469,16.0
2026-10-02T05:42:59.480068+00:00,during_timestep_solve,9.070396423339844,39.637184143066406,47.83979797363281,0.8285399567304335,7.303436279296875,,7.1771087646484375,0.09448623657226562,1.8957328796386719,16.0
2026-10-02T05:43:04.647363+00:00,during_timestep_solve,8.847030639648438,39.701148986816406,47.83979797363281,0.8298770201474917,7.435676574707031,,7.310699462890625,0.09313583374023438,1.8957328796386719,16.0
2026-10-02T05:43:09.783663+00:00,during_timestep_solve,9.07952880859375,39.48042678833008,47.83979797363281,0.8252632423341325,7.128425598144531,,7.0040435791015625,0.09254074096679688,1.8957328796386719,16.0
2026-10-02T05:43:14.918297+00:00,during_timestep_solve,8.81545639038086,39.892181396484375,47.83979797363281,0.833870189386485,7.293209075927734,,7.1695556640625,0.0918121337890625,1.8957328796386719,16.0
2026-10-02T05:43:20.043196+00:00,during_timestep_solve,8.910999298095703,39.6606330871582,47.83979797363281,0.829030112313965,7.124828338623047,,7.002811431884766,0.09017562866210938,1.8957328796386719,16.0
2026-10-02T05:43:25.166317+00:00,during_timestep_solve,8.672122955322266,40.026527404785156,47.83979797363281,0.8366784372050654,7.270351409912109,,7.149578094482422,0.08893203735351562,1.8957328796386719,16.0
2026-10-02T05:43:30.303269+00:00,during_timestep_solve,8.51639175415039,40.104618072509766,47.83979797363281,0.8383107741093234,7.347011566162109,,7.227897644042969,0.08727264404296875,1.8957328796386719,16.0
2026-10-02T05:43:35.457935+00:00,during_timestep_solve,8.59420394897461,39.983455657958984,47.83979797363281,0.8357781042469306,7.165397644042969,,7.047000885009766,0.08655548095703125,1.8957328796386719,16.0
2026-10-02T05:43:40.623452+00:00,during_timestep_solve,9.210636138916016,39.35405731201172,47.83979797363281,0.8226217287477247,7.136516571044922,,7.019214630126953,0.08545684814453125,1.8957328796386719,16.0
2026-10-02T05:43:45.782392+00:00,during_timestep_solve,9.341686248779297,39.23341369628906,47.83979797363281,0.8200999033882374,7.206817626953125,,7.090381622314453,0.08459091186523438,1.8957328796386719,16.0
2026-10-02T05:43:50.910406+00:00,during_timestep_solve,9.365703582763672,39.222564697265625,47.83979797363281,0.8198731256951247,7.116359710693359,,7.0017242431640625,0.08279037475585938,1.8957328796386719,16.0
2026-10-02T05:43:56.046819+00:00,during_timestep_solve,9.281364440917969,39.272003173828125,47.83979797363281,0.8209065430308281,7.112884521484375,,7.000934600830078,0.08010482788085938,1.8957328796386719,16.0
2026-10-02T05:44:01.177779+00:00,during_timestep_solve,9.476272583007812,39.083255767822266,47.83979797363281,0.8169611374480141,6.852321624755859,,6.741764068603516,0.07871246337890625,1.8957328796386719,16.0
2026-10-02T05:44:06.309474+00:00,during_timestep_solve,9.49759292602539,39.064273834228516,47.83979797363281,0.8165643562240589,6.660884857177734,,6.552879333496094,0.07616043090820312,1.8957328796386719,16.0
2026-10-02T05:44:11.434476+00:00,during_timestep_solve,9.196552276611328,39.5231819152832,47.83979797363281,0.8261569569559353,6.861194610595703,,6.7547607421875,0.07458877563476562,1.8957328796386719,16.0
2026-10-02T05:44:16.594619+00:00,during_timestep_solve,9.064361572265625,39.66106414794922,47.83979797363281,0.8290391228200555,6.798480987548828,,6.693603515625,0.07303237915039062,1.8961181640625,16.0
2026-10-02T05:44:21.750970+00:00,during_timestep_solve,9.030353546142578,39.69880676269531,47.83979797363281,0.8298280604064329,6.775959014892578,,6.673957824707031,0.07015609741210938,1.8961181640625,16.0
2026-10-02T05:44:26.894742+00:00,during_timestep_solve,8.788440704345703,40.07231140136719,47.83979797363281,0.8376354645864784,6.938518524169922,,6.838581085205078,0.06809234619140625,1.8961181640625,16.0
2026-10-02T05:44:32.029240+00:00,during_timestep_solve,8.626747131347656,40.0992431640625,47.83979797363281,0.8381984218696624,7.062061309814453,,6.964195251464844,0.06602096557617188,1.8961181640625,16.0
2026-10-02T05:44:37.156697+00:00,during_timestep_solve,8.855815887451172,39.8741340637207,47.83979797363281,0.8334929442155581,6.746913909912109,,6.650226593017578,0.06484222412109375,1.8961181640625,16.0
2026-10-02T05:44:42.317817+00:00,during_timestep_solve,9.56124496459961,39.28825378417969,47.83979797363281,0.8212462311365454,6.909675598144531,,6.814403533935547,0.06342697143554688,1.8961181640625,16.0
2026-10-02T05:44:47.445362+00:00,during_timestep_solve,9.677192687988281,39.04665756225586,47.83979797363281,0.8161961215592226,6.727569580078125,,6.634105682373047,0.061618804931640625,1.8961181640625,16.0
2026-10-02T05:44:52.588062+00:00,during_timestep_solve,9.39739990234375,39.56999588012695,47.83979797363281,0.8271355138651754,6.8917388916015625,,6.798404693603516,0.061489105224609375,1.8961181640625,16.0
2026-10-02T05:44:57.738411+00:00,during_timestep_solve,9.23934555053711,39.56965255737305,47.83979797363281,0.8271283373558996,6.942863464355469,,6.850379943847656,0.060638427734375,1.8961181640625,16.0
2026-10-02T05:45:02.890799+00:00,during_timestep_solve,9.37862777709961,39.364723205566406,47.83979797363281,0.8228446789692236,6.759956359863281,,6.669960021972656,0.0581512451171875,1.8961181640625,16.0
2026-10-02T05:45:08.032874+00:00,during_timestep_solve,9.255558013916016,39.49781036376953,47.83979797363281,0.8256266129204597,6.7584381103515625,,6.669151306152344,0.05744171142578125,1.8961181640625,16.0
2026-10-02T05:45:13.199005+00:00,during_timestep_solve,9.178508758544922,39.59648895263672,47.83979797363281,0.827689301164285,6.709568023681641,,6.621303558349609,0.05641937255859375,1.8961181640625,16.0
2026-10-02T05:45:18.345837+00:00,during_timestep_solve,9.080944061279297,39.711971282958984,47.83979797363281,0.8301032396676606,6.668941497802734,,6.580684661865234,0.0564117431640625,1.8961181640625,16.0
2026-10-02T05:45:23.492028+00:00,during_timestep_solve,9.182750701904297,39.719966888427734,47.83979797363281,0.830270372594793,6.446784973144531,,6.359249114990234,0.055690765380859375,1.9109611511230469,16.0
2026-10-02T05:45:28.654744+00:00,during_timestep_solve,9.372657775878906,39.52874755859375,47.83979797363281,0.8262732961451938,6.16229248046875,,6.075897216796875,0.0545501708984375,1.9109611511230469,16.0
2026-10-02T05:45:33.787981+00:00,during_timestep_solve,9.398483276367188,39.493045806884766,47.83979797363281,0.8255270189195112,6.052730560302734,,5.967365264892578,0.05352020263671875,1.9109611511230469,16.0
2026-10-02T05:45:38.421912+00:00,after_timestep_18,9.638973236083984,39.230995178222656,47.83979797363281,0.8200493488673395,5.7801513671875,,5.694324493408203,0.053981781005859375,1.9108390808105469,16.0
2026-10-02T05:45:38.914889+00:00,after_timestep_18,9.553932189941406,39.67814636230469,47.83979797363281,0.8293961940260185,5.84844970703125,,5.7609100341796875,0.055694580078125,1.9107170104980469,16.0
2026-10-02T05:45:44.044905+00:00,after_timestep_18,10.105533599853516,38.62697219848633,47.83979797363281,0.807423397142601,6.122074127197266,,6.036273956298828,0.05394744873046875,1.9107170104980469,16.0
2026-10-02T05:45:49.169559+00:00,after_timestep_18,9.86667251586914,38.7129020690918,47.83979797363281,0.8092195976753214,6.119232177734375,,6.035957336425781,0.051422119140625,1.9107170104980469,16.0
2026-10-02T05:45:54.352694+00:00,after_timestep_18,9.8802490234375,38.57952117919922,47.83979797363281,0.8064315238217049,5.951885223388672,,5.825035095214844,0.09499740600585938,1.9107170104980469,16.0
2026-10-02T05:45:59.531432+00:00,after_timestep_18,9.852249145507812,38.6537971496582,47.83979797363281,0.8079841217340105,5.947059631347656,,5.824638366699219,0.09056854248046875,1.9107170104980469,16.0
2026-10-02T05:46:04.681558+00:00,after_timestep_18,9.821369171142578,38.7778434753418,47.83979797363281,0.8105770742743194,5.928142547607422,,5.824653625488281,0.07163619995117188,1.9105949401855469,16.0
2026-10-02T05:46:22.854884+00:00,after_timestep_18,9.654388427734375,38.874366760253906,47.83979797363281,0.8125947099876915,5.960788726806641,,5.8331756591796875,0.09576034545898438,1.9103507995605469,16.0
2026-10-02T05:46:27.994891+00:00,during_timestep_solve,9.907455444335938,38.650386810302734,47.83979797363281,0.8079128350752051,5.798740386962891,,5.6680145263671875,0.09887313842773438,1.9102287292480469,16.0
2026-10-02T05:46:33.126094+00:00,during_timestep_solve,9.126869201660156,39.42833709716797,47.83979797363281,0.8241744063990222,6.578437805175781,,6.447689056396484,0.09889602661132812,1.9102287292480469,16.0
2026-10-02T05:46:38.258599+00:00,during_timestep_solve,8.632415771484375,39.958866119384766,47.83979797363281,0.8352641067048053,7.015144348144531,,6.884403228759766,0.09888839721679688,1.9102287292480469,16.0
2026-10-02T05:46:43.395618+00:00,during_timestep_solve,8.486370086669922,42.31218719482422,47.83979797363281,0.884455808491182,7.131317138671875,,7.0005950927734375,0.09886932373046875,1.9102287292480469,16.0
2026-10-02T05:46:48.531405+00:00,during_timestep_solve,9.292915344238281,41.38880920410156,47.83979797363281,0.8651543475771626,7.2412872314453125,,7.110576629638672,0.09885787963867188,1.9102287292480469,16.0
2026-10-02T05:46:53.659811+00:00,during_timestep_solve,9.10897445678711,42.356990814208984,47.83979797363281,0.8853923429516631,7.3154449462890625,,7.18475341796875,0.09883880615234375,1.9102287292480469,16.0
2026-10-02T05:46:58.792388+00:00,during_timestep_solve,8.948238372802734,42.46821975708008,47.83979797363281,0.887717372479012,7.400287628173828,,7.2696533203125,0.09878158569335938,1.9102287292480469,16.0
2026-10-02T05:47:03.924982+00:00,during_timestep_solve,8.819759368896484,42.60232925415039,47.83979797363281,0.8905206764800913,7.442272186279297,,7.3116302490234375,0.09878921508789062,1.9102287292480469,16.0
2026-10-02T05:47:09.081348+00:00,during_timestep_solve,9.155475616455078,39.47649002075195,47.83979797363281,0.8251809516944376,7.020439147949219,,6.889797210693359,0.09878921508789062,1.9102287292480469,16.0
2026-10-02T05:47:14.216980+00:00,during_timestep_solve,10.113182067871094,38.49773025512695,47.83979797363281,0.804721840095253,6.008625030517578,,5.877983093261719,0.09878921508789062,1.9102287292480469,16.0
2026-10-02T05:47:19.357407+00:00,during_timestep_solve,10.044609069824219,38.56557846069336,47.83979797363281,0.8061400778061187,6.0055694580078125,,5.874919891357422,0.09879684448242188,1.9102287292480469,16.0
2026-10-02T05:47:24.500787+00:00,during_timestep_solve,9.949840545654297,38.58897018432617,47.83979797363281,0.8066290373047711,6.039878845214844,,5.909229278564453,0.09879684448242188,1.9102287292480469,16.0
2026-10-02T05:47:29.645048+00:00,during_timestep_solve,9.621047973632812,38.98689270019531,47.83979797363281,0.814946850772304,6.351654052734375,,6.2209625244140625,0.09883880615234375,1.9096183776855469,16.0
2026-10-02T05:47:34.765992+00:00,during_timestep_solve,9.489990234375,39.14921569824219,47.83979797363281,0.8183399043578635,6.351593017578125,,6.220947265625,0.09879302978515625,1.9096183776855469,16.0
2026-10-02T05:47:39.885799+00:00,during_timestep_solve,9.42519760131836,39.21742630004883,47.83979797363281,0.8197657172729648,6.351570129394531,,6.220920562744141,0.09879684448242188,1.9096183776855469,16.0
2026-10-02T05:47:45.013321+00:00,during_timestep_solve,9.313404083251953,39.31828308105469,47.83979797363281,0.8218739364811949,6.351539611816406,,6.220874786376953,0.09881210327148438,1.9096183776855469,16.0
2026-10-02T05:47:50.141343+00:00,during_timestep_solve,10.253398895263672,38.37043762207031,47.83979797363281,0.8020610296727927,6.351531982421875,,6.220863342285156,0.09881591796875,1.9096183776855469,16.0
2026-10-02T05:47:55.273918+00:00,during_timestep_solve,10.165889739990234,38.462013244628906,47.83979797363281,0.8039752439136025,6.351528167724609,,6.220859527587891,0.09881591796875,1.9096183776855469,16.0
2026-10-02T05:48:00.401573+00:00,during_timestep_solve,10.130035400390625,38.50523376464844,47.83979797363281,0.8048786866924235,6.351524353027344,,6.220855712890625,0.09881591796875,1.9094963073730469,16.0
2026-10-02T05:48:05.541131+00:00,during_timestep_solve,10.054397583007812,38.58280944824219,47.83979797363281,0.8065002588327679,6.341838836669922,,6.211223602294922,0.09876251220703125,1.9094963073730469,16.0
2026-10-02T05:48:10.687194+00:00,during_timestep_solve,9.661460876464844,38.952884674072266,47.83979797363281,0.8142359776590482,6.523227691650391,,6.392612457275391,0.09876251220703125,1.9094963073730469,16.0
2026-10-02T05:48:15.833676+00:00,during_timestep_solve,9.531238555908203,39.079586029052734,47.83979797363281,0.8168844285377559,6.708953857421875,,6.578338623046875,0.09876251220703125,1.9069900512695312,16.0
2026-10-02T05:48:20.979777+00:00,during_timestep_solve,9.259384155273438,39.32916259765625,47.83979797363281,0.8221013520862431,6.84552001953125,,6.71490478515625,0.09876251220703125,1.9069900512695312,16.0
2026-10-02T05:48:26.125245+00:00,during_timestep_solve,8.982421875,39.64748764038086,47.83979797363281,0.8287553317476969,7.084255218505859,,6.953639984130859,0.09876251220703125,1.9069900512695312,16.0
2026-10-02T05:48:31.264830+00:00,during_timestep_solve,8.863449096679688,39.73369216918945,47.83979797363281,0.8305572734878377,7.152313232421875,,7.021984100341797,0.09847640991210938,1.9069900512695312,16.0
2026-10-02T05:48:36.395114+00:00,during_timestep_solve,8.617050170898438,40.0887565612793,47.83979797363281,0.8379792193807852,7.314338684082031,,7.186061859130859,0.09642410278320312,1.9069900512695312,16.0
2026-10-02T05:48:41.536847+00:00,during_timestep_solve,8.697380065917969,39.87141036987305,47.83979797363281,0.833436010575304,7.142974853515625,,7.016460418701172,0.09466171264648438,1.9069900512695312,16.0
2026-10-02T05:48:46.682798+00:00,during_timestep_solve,8.45816421508789,40.246726989746094,47.83979797363281,0.841281290776527,7.304588317871094,,7.1787109375,0.09402084350585938,1.9069900512695312,16.0
2026-10-02T05:48:51.828358+00:00,during_timestep_solve,9.555160522460938,39.0047607421875,47.83979797363281,0.8153203482106092,7.112873077392578,,6.988441467285156,0.0925750732421875,1.9069900512695312,16.0
2026-10-02T05:48:56.967604+00:00,during_timestep_solve,9.331130981445312,39.3785285949707,47.83979797363281,0.8231332543810994,7.197517395019531,,7.074054718017578,0.09160614013671875,1.9069900512695312,16.0
2026-10-02T05:49:02.120896+00:00,during_timestep_solve,9.357025146484375,39.21694564819336,47.83979797363281,0.8197556701599787,7.0583343505859375,,6.936801910400391,0.0896759033203125,1.9069900512695312,16.0
2026-10-02T05:49:07.265354+00:00,during_timestep_solve,9.236328125,39.33848190307617,47.83979797363281,0.822296154443583,7.012382507324219,,6.892230987548828,0.08829498291015625,1.9069900512695312,16.0
2026-10-02T05:49:12.397662+00:00,during_timestep_solve,9.159412384033203,39.47162628173828,47.83979797363281,0.8250792844796982,7.0376739501953125,,6.919841766357422,0.08597564697265625,1.9069900512695312,16.0
2026-10-02T05:49:17.549509+00:00,during_timestep_solve,9.127639770507812,39.489295959472656,47.83979797363281,0.8254486354904219,6.966899871826172,,6.85052490234375,0.0845184326171875,1.9069900512695312,16.0
2026-10-02T05:49:22.716515+00:00,during_timestep_solve,8.952255249023438,39.65140914916992,47.83979797363281,0.828837303431424,7.067554473876953,,6.953559875488281,0.0821380615234375,1.9069900512695312,16.0
2026-10-02T05:49:27.862446+00:00,during_timestep_solve,9.366806030273438,39.21644592285156,47.83979797363281,0.819745224352033,6.5752105712890625,,6.462181091308594,0.08117294311523438,1.9069900512695312,16.0
2026-10-02T05:49:33.011085+00:00,during_timestep_solve,9.289108276367188,39.30295944213867,47.83979797363281,0.821553624950522,6.599575042724609,,6.489067077636719,0.07865142822265625,1.9069900512695312,16.0
2026-10-02T05:49:38.152290+00:00,during_timestep_solve,9.184192657470703,39.41457748413086,47.83979797363281,0.8238867878550499,6.594387054443359,,6.486797332763672,0.07573318481445312,1.9069900512695312,16.0
2026-10-02T05:49:43.304497+00:00,during_timestep_solve,8.703319549560547,39.894569396972656,47.83979797363281,0.8339201059954472,6.9714813232421875,,6.866920471191406,0.07270431518554688,1.9069900512695312,16.0
2026-10-02T05:49:48.436156+00:00,during_timestep_solve,8.657661437988281,40.05419158935547,47.83979797363281,0.8372567043747043,6.943325042724609,,6.839481353759766,0.07198715209960938,1.9069900512695312,16.0
2026-10-02T05:49:53.582875+00:00,during_timestep_solve,9.329883575439453,39.449562072753906,47.83979797363281,0.8246180741502455,7.159114837646484,,7.057060241699219,0.07019805908203125,1.9069900512695312,16.0
2026-10-02T05:49:58.734016+00:00,during_timestep_solve,9.440208435058594,39.15509796142578,47.83979797363281,0.8184628618834541,6.962001800537109,,6.860912322998047,0.06923294067382812,1.9069900512695312,16.0
2026-10-02T05:50:03.881685+00:00,during_timestep_solve,9.131595611572266,39.681034088134766,47.83979797363281,0.8294565564429265,7.10064697265625,,6.999698638916016,0.069091796875,1.9069900512695312,16.0
2026-10-02T05:50:09.032958+00:00,during_timestep_solve,9.325286865234375,39.27550506591797,47.83979797363281,0.8209797434254403,6.931468963623047,,6.8314666748046875,0.068145751953125,1.9069900512695312,16.0
2026-10-02T05:50:14.187976+00:00,during_timestep_solve,9.04439926147461,39.673004150390625,47.83979797363281,0.8292887058648667,7.0929718017578125,,6.9955596923828125,0.06555557250976562,1.9069900512695312,16.0
2026-10-02T05:50:19.340084+00:00,during_timestep_solve,9.073917388916016,39.509796142578125,47.83979797363281,0.8258771528331742,6.995449066162109,,6.898021697998047,0.06557083129882812,1.9069900512695312,16.0
2026-10-02T05:50:24.476643+00:00,during_timestep_solve,8.978763580322266,39.61575698852539,47.83979797363281,0.8280920628126367,6.993862152099609,,6.896778106689453,0.06522750854492188,1.9069900512695312,16.0
2026-10-02T05:50:29.642043+00:00,during_timestep_solve,8.914958953857422,39.69072723388672,47.83979797363281,0.8296591732214776,6.984638214111328,,6.889575958251953,0.06320571899414062,1.9068679809570312,16.0
2026-10-02T05:50:34.792713+00:00,during_timestep_solve,8.929306030273438,39.73265075683594,47.83979797363281,0.8305355047430347,6.913810729980469,,6.818813323974609,0.063140869140625,1.9068679809570312,16.0
2026-10-02T05:50:39.938917+00:00,during_timestep_solve,8.774276733398438,39.846458435058594,47.83979797363281,0.8329144378289433,6.911338806152344,,6.817104339599609,0.0623779296875,1.9068679809570312,16.0
2026-10-02T05:50:45.087244+00:00,during_timestep_solve,9.074260711669922,39.528507232666016,47.83979797363281,0.8262682725887008,6.509727478027344,,6.417488098144531,0.060382843017578125,1.9068679809570312,16.0
2026-10-02T05:50:50.246835+00:00,during_timestep_solve,9.063251495361328,39.59831237792969,47.83979797363281,0.8277274164024382,6.489173889160156,,6.399448394775391,0.05786895751953125,1.9067459106445312,16.0
2026-10-02T05:50:55.383000+00:00,during_timestep_solve,9.977180480957031,38.67300033569336,47.83979797363281,0.808385527819499,6.487068176269531,,6.398246765136719,0.056964874267578125,1.9067459106445312,16.0
2026-10-02T05:50:56.238155+00:00,after_timestep_19,10.230087280273438,38.40032958984375,47.83979797363281,0.8026858644137318,6.214485168457031,,6.124015808105469,0.058612823486328125,1.9065017700195312,16.0
2026-10-02T05:51:00.532497+00:00,after_timestep_19,9.463802337646484,38.74851989746094,47.83979797363281,0.8099641206431811,6.917423248291016,,6.825992584228516,0.059574127197265625,1.8125686645507812,16.0
2026-10-02T05:51:05.666673+00:00,after_timestep_19,9.246597290039062,38.79182052612305,47.83979797363281,0.810869237940833,6.916107177734375,,6.825977325439453,0.0582733154296875,1.8125686645507812,16.0
2026-10-02T05:51:10.787216+00:00,after_timestep_19,9.055755615234375,38.84331512451172,47.83979797363281,0.8119456345931988,6.91064453125,,6.821292877197266,0.0574951171875,1.8125686645507812,16.0
2026-10-02T05:51:15.905923+00:00,after_timestep_19,9.254051208496094,38.728599548339844,47.83979797363281,0.8095477236272055,6.588191986083984,,6.469970703125,0.08636474609375,1.8125686645507812,16.0
2026-10-02T05:51:21.032036+00:00,after_timestep_19,9.29269790649414,38.81374740600586,47.83979797363281,0.8113275776665756,6.475605010986328,,6.349071502685547,0.09467697143554688,1.8125686645507812,16.0
2026-10-02T05:51:26.203299+00:00,after_timestep_19,9.251033782958984,38.892189025878906,47.83979797363281,0.8129672505580932,6.483543395996094,,6.358966827392578,0.09272003173828125,1.8118820190429688,16.0
2026-10-02T05:51:34.473535+00:00,after_timestep_19,9.144092559814453,39.04655075073242,47.83979797363281,0.8161938888674479,6.484630584716797,,6.358619689941406,0.09415435791015625,1.8118820190429688,16.0
2026-10-02T05:51:47.627736+00:00,during_timestep_solve,9.311046600341797,38.82954025268555,47.83979797363281,0.8116576970932585,6.338481903076172,,6.20831298828125,0.09830093383789062,1.7993850708007812,16.0
2026-10-02T05:51:52.777744+00:00,during_timestep_solve,8.533432006835938,39.630699157714844,47.83979797363281,0.8284044004441143,7.041278839111328,,6.911128997802734,0.0982818603515625,1.7993850708007812,16.0
2026-10-02T05:51:57.910867+00:00,during_timestep_solve,9.066272735595703,39.11091995239258,47.83979797363281,0.8175394046176532,7.477794647216797,,7.347652435302734,0.09827423095703125,1.7993850708007812,16.0
2026-10-02T05:52:03.044627+00:00,during_timestep_solve,8.911617279052734,41.49193572998047,47.83979797363281,0.8673100114856044,7.5887603759765625,,7.458610534667969,0.0982818603515625,1.7993850708007812,16.0
2026-10-02T05:52:08.180600+00:00,during_timestep_solve,8.772632598876953,41.51094055175781,47.83979797363281,0.8677072711435113,7.701911926269531,,7.571754455566406,0.09828948974609375,1.7993850708007812,16.0
2026-10-02T05:52:13.310306+00:00,during_timestep_solve,8.599456787109375,42.48991775512695,47.83979797363281,0.8881709278652373,7.698070526123047,,7.567943572998047,0.09825897216796875,1.7993850708007812,16.0
2026-10-02T05:52:18.443343+00:00,during_timestep_solve,8.42978286743164,42.57646179199219,47.83979797363281,0.8899799663756619,7.785755157470703,,7.655616760253906,0.09827041625976562,1.7993850708007812,16.0
2026-10-02T05:52:23.598189+00:00,during_timestep_solve,8.274883270263672,42.772483825683594,47.83979797363281,0.8940774342161291,7.825653076171875,,7.6955108642578125,0.09827423095703125,1.7993850708007812,16.0
2026-10-02T05:52:28.748849+00:00,during_timestep_solve,8.619613647460938,39.64535140991211,47.83979797363281,0.8287106779122035,7.340709686279297,,7.210567474365234,0.09827423095703125,1.7993850708007812,16.0
2026-10-02T05:52:33.902080+00:00,during_timestep_solve,9.593498229980469,38.693511962890625,47.83979797363281,0.8088142843792272,6.293800354003906,,6.163654327392578,0.09827804565429688,1.7717857360839844,16.0
2026-10-02T05:52:39.034929+00:00,during_timestep_solve,9.519340515136719,38.74896240234375,47.83979797363281,0.8099733703662476,6.290245056152344,,6.160099029541016,0.09827804565429688,1.7717857360839844,16.0
2026-10-02T05:52:44.166837+00:00,during_timestep_solve,9.36275863647461,38.80493927001953,47.83979797363281,0.8111434603341574,6.349788665771484,,6.219638824462891,0.0982818603515625,1.7717857360839844,16.0
2026-10-02T05:52:49.301653+00:00,during_timestep_solve,9.110118865966797,39.16079330444336,47.83979797363281,0.8185819121984391,6.495231628417969,,6.364994049072266,0.09836578369140625,1.7715415954589844,16.0
2026-10-02T05:52:54.451172+00:00,during_timestep_solve,9.07528305053711,39.27913284301758,47.83979797363281,0.8210555752067872,6.3643341064453125,,6.234149932861328,0.0983123779296875,1.7711296081542969,16.0
2026-10-02T05:52:59.591392+00:00,during_timestep_solve,10.10158920288086,38.346744537353516,47.83979797363281,0.8015657707937761,6.153850555419922,,6.023708343505859,0.09827041625976562,1.7711296081542969,16.0
2026-10-02T05:53:04.741892+00:00,during_timestep_solve,10.054134368896484,38.40393829345703,47.83979797363281,0.8027612975001188,6.0945587158203125,,5.964412689208984,0.09827423095703125,1.7711296081542969,16.0
2026-10-02T05:53:09.882629+00:00,during_timestep_solve,10.001659393310547,38.4734001159668,47.83979797363281,0.8042132648045804,5.971027374267578,,5.840911865234375,0.09824371337890625,1.7711334228515625,16.0
2026-10-02T05:53:15.013528+00:00,during_timestep_solve,9.977581024169922,38.50922775268555,47.83979797363281,0.8049621734169976,5.876819610595703,,5.7467041015625,0.09824371337890625,1.7711334228515625,16.0
2026-10-02T05:53:20.146443+00:00,during_timestep_solve,9.934795379638672,38.58959197998047,47.83979797363281,0.8066420347604593,5.770839691162109,,5.640724182128906,0.09824371337890625,1.7711334228515625,16.0
2026-10-02T05:53:25.303563+00:00,during_timestep_solve,9.847427368164062,38.683799743652344,47.83979797363281,0.8086112689057163,5.6565093994140625,,5.526393890380859,0.09824371337890625,1.7715072631835938,16.0
2026-10-02T05:53:30.472830+00:00,during_timestep_solve,9.660758972167969,38.82184600830078,47.83979797363281,0.8114968635464905,5.648963928222656,,5.518836975097656,0.09825515747070312,1.7724227905273438,16.0
2026-10-02T05:53:35.678266+00:00,during_timestep_solve,9.294563293457031,39.13115692138672,47.83979797363281,0.8179624199699608,6.450462341308594,,6.320331573486328,0.09825897216796875,1.7736549377441406,16.0
2026-10-02T05:53:40.830437+00:00,during_timestep_solve,9.107170104980469,39.36539840698242,47.83979797363281,0.8228587927707992,6.6355133056640625,,6.505397796630859,0.09824371337890625,1.7736549377441406,16.0
2026-10-02T05:53:46.007619+00:00,during_timestep_solve,8.405384063720703,39.86914825439453,47.83979797363281,0.8333887253530763,7.397518157958984,,7.267433166503906,0.09821319580078125,1.7736549377441406,16.0
2026-10-02T05:53:51.159732+00:00,during_timestep_solve,8.284427642822266,39.904937744140625,47.83979797363281,0.8341368365755739,7.394649505615234,,7.265228271484375,0.0975189208984375,1.7736549377441406,16.0
2026-10-02T05:53:56.296131+00:00,during_timestep_solve,8.027565002441406,40.30785369873047,47.83979797363281,0.8425590283835727,7.535625457763672,,7.40643310546875,0.0972900390625,1.7736549377441406,16.0
2026-10-02T05:54:01.441641+00:00,during_timestep_solve,9.160137176513672,39.09709167480469,47.83979797363281,0.8172503507718256,7.291175842285156,,7.164085388183594,0.09518814086914062,1.7752571105957031,16.0
2026-10-02T05:54:06.605639+00:00,during_timestep_solve,8.888317108154297,39.50350570678711,47.83979797363281,0.8257456632354447,7.451385498046875,,7.325408935546875,0.09407424926757812,1.7752571105957031,16.0
2026-10-02T05:54:11.766086+00:00,during_timestep_solve,8.984607696533203,39.285884857177734,47.83979797363281,0.821196713222543,7.271884918212891,,7.148490905761719,0.09149169921875,1.7752571105957031,16.0
2026-10-02T05:54:16.905670+00:00,during_timestep_solve,8.746772766113281,39.66455078125,47.83979797363281,0.8291120042587001,7.426998138427734,,7.305149078369141,0.08994674682617188,1.7752571105957031,16.0
2026-10-02T05:54:22.039131+00:00,during_timestep_solve,8.721515655517578,39.54166030883789,47.83979797363281,0.8265432126329528,7.317226409912109,,7.197780609130859,0.08754348754882812,1.7752571105957031,16.0
2026-10-02T05:54:27.169890+00:00,during_timestep_solve,8.637840270996094,39.62721252441406,47.83979797363281,0.8283315190054698,7.310413360595703,,7.1926116943359375,0.08589935302734375,1.7752571105957031,16.0
2026-10-02T05:54:32.315933+00:00,during_timestep_solve,8.553226470947266,39.715152740478516,47.83979797363281,0.8301697419869489,7.422416687011719,,7.305698394775391,0.08481597900390625,1.7752571105957031,16.0
2026-10-02T05:54:37.463050+00:00,during_timestep_solve,8.477596282958984,39.793575286865234,47.83979797363281,0.8318090161835069,7.414527893066406,,7.300086975097656,0.08253860473632812,1.7752571105957031,16.0
2026-10-02T05:54:42.614247+00:00,during_timestep_solve,8.371223449707031,39.9090690612793,47.83979797363281,0.8342231939038584,7.441886901855469,,7.330051422119141,0.07993316650390625,1.7752571105957031,16.0
2026-10-02T05:54:47.763717+00:00,during_timestep_solve,8.724433898925781,39.559452056884766,47.83979797363281,0.8269151152914189,6.980915069580078,,6.871360778808594,0.07764434814453125,1.7752571105957031,16.0
2026-10-02T05:54:52.924608+00:00,during_timestep_solve,8.72756576538086,39.56877899169922,47.83979797363281,0.8271100771267426,6.933025360107422,,6.825225830078125,0.07588958740234375,1.7752571105957031,16.0
2026-10-02T05:54:58.066968+00:00,during_timestep_solve,8.63717269897461,39.62744140625,47.83979797363281,0.8283363033449869,6.927158355712891,,6.820579528808594,0.07466888427734375,1.7752571105957031,16.0
2026-10-02T05:55:03.214248+00:00,during_timestep_solve,9.152751922607422,39.08806228637695,47.83979797363281,0.8170616085778742,7.298805236816406,,7.1951446533203125,0.07175064086914062,1.7752571105957031,16.0
2026-10-02T05:55:08.356228+00:00,during_timestep_solve,9.109642028808594,39.16295623779297,47.83979797363281,0.8186271242068761,7.268161773681641,,7.166858673095703,0.06939315795898438,1.7752571105957031,16.0
2026-10-02T05:55:13.497865+00:00,during_timestep_solve,8.85361099243164,39.56447982788086,47.83979797363281,0.8270202112828122,7.454959869384766,,7.355243682861328,0.06780624389648438,1.7752571105957031,16.0
2026-10-02T05:55:18.637315+00:00,during_timestep_solve,8.921089172363281,39.35973358154297,47.83979797363281,0.8227403803677499,7.2556304931640625,,7.155902862548828,0.06781768798828125,1.7752571105957031,16.0
2026-10-02T05:55:23.775869+00:00,during_timestep_solve,8.665294647216797,39.74898147583008,47.83979797363281,0.830876867367583,7.418361663818359,,7.319797515869141,0.06665420532226562,1.7752571105957031,16.0
2026-10-02T05:55:28.912853+00:00,during_timestep_solve,8.752593994140625,39.58793640136719,47.83979797363281,0.8275105263443276,7.2489471435546875,,7.150482177734375,0.06655502319335938,1.7752571105957031,16.0
2026-10-02T05:55:34.046034+00:00,during_timestep_solve,8.502090454101562,39.98373794555664,47.83979797363281,0.8357840049323351,7.407463073730469,,7.309326171875,0.06622695922851562,1.7752571105957031,16.0
2026-10-02T05:55:39.185353+00:00,during_timestep_solve,8.528312683105469,39.75357437133789,47.83979797363281,0.8309728731138938,7.302257537841797,,7.204845428466797,0.06550216674804688,1.7752571105957031,16.0
2026-10-02T05:55:44.348501+00:00,during_timestep_solve,8.54788589477539,39.81758117675781,47.83979797363281,0.8323108136598635,7.271144866943359,,7.174713134765625,0.06452178955078125,1.7779617309570312,16.0
2026-10-02T05:55:49.495966+00:00,during_timestep_solve,8.455558776855469,39.91964340209961,47.83979797363281,0.8344442303895505,7.240821838378906,,7.1457366943359375,0.06317138671875,1.7779617309570312,16.0
2026-10-02T05:55:54.669448+00:00,during_timestep_solve,8.502342224121094,39.947669982910156,47.83979797363281,0.8350300727634249,7.090961456298828,,6.9969940185546875,0.062053680419921875,1.7779617309570312,16.0
2026-10-02T05:55:59.816612+00:00,during_timestep_solve,8.884944915771484,39.62960433959961,47.83979797363281,0.828381515353424,7.059135437011719,,6.966701507568359,0.060520172119140625,1.7870407104492188,16.0
2026-10-02T05:56:04.968787+00:00,during_timestep_solve,9.822380065917969,38.70124435424805,47.83979797363281,0.8089759153159147,6.473873138427734,,6.383213043212891,0.058746337890625,1.7870407104492188,16.0
2026-10-02T05:56:10.113803+00:00,during_timestep_solve,9.738441467285156,38.91242599487305,47.83979797363281,0.8133902659104008,6.453571319580078,,6.3634490966796875,0.058208465576171875,1.7870407104492188,16.0
2026-10-02T05:56:15.272668+00:00,during_timestep_solve,9.68240737915039,38.91483688354492,47.83979797363281,0.8134406609533147,6.447269439697266,,6.3585357666015625,0.056819915771484375,1.7870407104492188,16.0
2026-10-02T05:56:16.287419+00:00,after_timestep_20,9.936031341552734,38.631080627441406,47.83979797363281,0.8075092760369338,6.169719696044922,,6.079944610595703,0.057861328125,1.7869186401367188,16.0
2026-10-02T05:56:20.413726+00:00,after_timestep_20,9.534477233886719,38.92837142944336,47.83979797363281,0.813723574896762,6.454532623291016,,6.364826202392578,0.05779266357421875,1.7868003845214844,16.0
2026-10-02T05:56:25.546677+00:00,after_timestep_20,9.276386260986328,39.026466369628906,47.83979797363281,0.8157740630748185,6.440986633300781,,6.351993560791016,0.057079315185546875,1.7868003845214844,16.0
2026-10-02T05:56:30.685743+00:00,after_timestep_20,9.07275390625,39.10006332397461,47.83979797363281,0.8173124674465565,6.426761627197266,,6.3379974365234375,0.056850433349609375,1.7868003845214844,16.0
2026-10-02T05:56:35.912737+00:00,after_timestep_20,9.197010040283203,39.00421905517578,47.83979797363281,0.8153090252737519,6.258522033691406,,6.123622894287109,0.10298538208007812,1.7868003845214844,16.0
2026-10-02T05:56:41.053531+00:00,after_timestep_20,9.15087890625,39.09133529663086,47.83979797363281,0.8171300246329694,6.252937316894531,,6.121574401855469,0.09944915771484375,1.7868003845214844,16.0
2026-10-02T05:57:01.079866+00:00,after_timestep_20,9.033248901367188,39.39031982421875,47.83979797363281,0.8233797276052244,6.268798828125,,6.140964508056641,0.09592056274414062,1.7788200378417969,16.0
2026-10-02T05:57:01.198020+00:00,after_20_steps,9.027412414550781,39.38888168334961,47.83979797363281,0.8233496660052583,6.270206451416016,,6.140064239501953,0.09822845458984375,1.7788200378417969,16.0
2026-10-02T05:57:06.206585+00:00,after_20_steps,9.646587371826172,38.66876983642578,47.83979797363281,0.8082970972774237,6.618431091308594,,6.488170623779297,0.09834671020507812,1.7786979675292969,16.0
2026-10-02T05:57:11.349918+00:00,after_20_steps,9.349014282226562,38.961917877197266,47.83979797363281,0.8144247995919915,6.741355895996094,,6.61114501953125,0.098297119140625,1.7786979675292969,16.0
2026-10-02T05:57:16.476239+00:00,after_20_steps,9.587017059326172,38.71978759765625,47.83979797363281,0.8093635265557955,6.429107666015625,,6.298938751220703,0.09825515747070312,1.7786979675292969,16.0
2026-10-02T05:57:21.629023+00:00,after_20_steps,9.420700073242188,38.929237365722656,47.83979797363281,0.8137416756479351,6.4951019287109375,,6.364933013916016,0.09825515747070312,1.7786979675292969,16.0
2026-10-02T05:57:26.762326+00:00,after_20_steps,8.842788696289062,39.380619049072266,47.83979797363281,0.8231769513486894,7.039974212646484,,6.909786224365234,0.09827423095703125,1.7358016967773438,16.0
2026-10-02T05:57:31.901313+00:00,after_20_steps,8.867786407470703,39.250999450683594,47.83979797363281,0.820467500141138,6.900104522705078,,6.769927978515625,0.09826278686523438,1.7358016967773438,16.0
2026-10-02T05:57:37.028307+00:00,after_20_steps,8.749832153320312,39.29767990112305,47.83979797363281,0.8214432661856598,6.935142517089844,,6.804965972900391,0.09826278686523438,1.7358016967773438,16.0
2026-10-02T05:57:42.165049+00:00,after_20_steps,8.660026550292969,39.318084716796875,47.83979797363281,0.8218697900536133,6.970222473144531,,6.840045928955078,0.09826278686523438,1.7358016967773438,16.0
2026-10-02T05:57:47.293934+00:00,after_20_steps,8.36065673828125,39.64422607421875,47.83979797363281,0.8286871549095776,7.148250579833984,,7.018074035644531,0.09826278686523438,1.7358016967773438,16.0
2026-10-02T05:57:52.431798+00:00,after_20_steps,8.227081298828125,39.742794036865234,47.83979797363281,0.8307475307226362,7.173412322998047,,7.0432891845703125,0.09820556640625,1.7358016967773438,16.0
2026-10-02T05:57:57.590346+00:00,during_timestep_solve,8.527984619140625,39.34384536743164,47.83979797363281,0.822408267466268,6.696956634521484,,6.564739227294922,0.10029983520507812,1.7358016967773438,16.0
2026-10-02T05:58:02.755527+00:00,during_timestep_solve,9.266891479492188,38.63664245605469,47.83979797363281,0.8076255354872005,6.336883544921875,,6.203987121582031,0.10097885131835938,1.7358016967773438,16.0
2026-10-02T05:58:07.915827+00:00,during_timestep_solve,9.020915985107422,38.972381591796875,47.83979797363281,0.8146435236469171,7.176673889160156,,7.0437774658203125,0.10097885131835938,1.7358016967773438,16.0
2026-10-02T05:58:13.053658+00:00,during_timestep_solve,8.715084075927734,39.26626968383789,47.83979797363281,0.8207866953259235,7.39898681640625,,7.266090393066406,0.10097885131835938,1.7358016967773438,16.0
2026-10-02T05:58:18.185323+00:00,during_timestep_solve,8.541919708251953,41.638771057128906,47.83979797363281,0.8703793247638371,7.522319793701172,,7.389423370361328,0.10097885131835938,1.7358016967773438,16.0
2026-10-02T05:58:23.311507+00:00,during_timestep_solve,8.382255554199219,41.699607849121094,47.83979797363281,0.8716510022074943,7.636592864990234,,7.503719329833984,0.10095596313476562,1.7358016967773438,16.0
2026-10-02T05:58:28.465246+00:00,during_timestep_solve,8.191158294677734,42.696998596191406,47.83979797363281,0.8924995590433745,7.740997314453125,,7.608188629150391,0.10089111328125,1.7358016967773438,16.0
2026-10-02T05:58:33.667591+00:00,during_timestep_solve,7.947563171386719,42.89028549194336,47.83979797363281,0.8965398540266117,7.821159362792969,,7.688350677490234,0.10089111328125,1.7358016967773438,16.0
2026-10-02T05:58:38.823883+00:00,during_timestep_solve,8.078742980957031,42.9600830078125,47.83979797363281,0.8979988383623653,7.750556945800781,,7.617748260498047,0.10089111328125,1.749237060546875,16.0
2026-10-02T05:58:43.987876+00:00,during_timestep_solve,8.464374542236328,39.8043098449707,47.83979797363281,0.832033401706861,7.314769744873047,,7.181983947753906,0.10086822509765625,1.749237060546875,16.0
2026-10-02T05:58:49.136962+00:00,during_timestep_solve,9.410816192626953,38.84394454956055,47.83979797363281,0.8119587915268709,6.3069305419921875,,6.1741943359375,0.10081863403320312,1.749237060546875,16.0
2026-10-02T05:58:54.285350+00:00,during_timestep_solve,9.354595184326172,38.911224365234375,47.83979797363281,0.8133651481279358,6.300407409667969,,6.168056488037109,0.100433349609375,1.749237060546875,16.0
2026-10-02T05:58:59.422181+00:00,during_timestep_solve,9.342266082763672,38.92607498168945,47.83979797363281,0.8136755720236065,6.224216461181641,,6.092567443847656,0.0997314453125,1.749237060546875,16.0
2026-10-02T05:59:04.576427+00:00,during_timestep_solve,9.064823150634766,39.23861312866211,47.83979797363281,0.8202085876342685,6.446136474609375,,6.314472198486328,0.0997467041015625,1.748016357421875,16.0
2026-10-02T05:59:09.732880+00:00,during_timestep_solve,9.933120727539062,38.378273010253906,47.83979797363281,0.8022248135622629,6.439289093017578,,6.3078155517578125,0.09955596923828125,1.748016357421875,16.0
2026-10-02T05:59:14.868155+00:00,during_timestep_solve,9.86920166015625,38.45433807373047,47.83979797363281,0.8038148090617943,6.434383392333984,,6.303195953369141,0.09926986694335938,1.7456130981445312,16.0
2026-10-02T05:59:20.004050+00:00,during_timestep_solve,9.785057067871094,38.513221740722656,47.83979797363281,0.8050456601415718,6.427890777587891,,6.297111511230469,0.0988616943359375,1.7452850341796875,16.0
2026-10-02T05:59:25.145582+00:00,during_timestep_solve,9.705490112304688,38.58009719848633,47.83979797363281,0.8064435644094897,6.418994903564453,,6.288761138916016,0.09831619262695312,1.7452850341796875,16.0
2026-10-02T05:59:30.295848+00:00,during_timestep_solve,9.646076202392578,38.651363372802734,47.83979797363281,0.8079332482571449,6.4147796630859375,,6.285282135009766,0.0975799560546875,1.7452850341796875,16.0
2026-10-02T05:59:35.439248+00:00,during_timestep_solve,9.5679931640625,38.72811508178711,47.83979797363281,0.8095375967752276,6.409847259521484,,6.281650543212891,0.09627914428710938,1.7452850341796875,16.0
2026-10-02T05:59:40.600220+00:00,during_timestep_solve,9.426162719726562,38.89490509033203,47.83979797363281,0.8130240247203633,6.283782958984375,,6.156589508056641,0.09527587890625,1.7430458068847656,16.0
2026-10-02T05:59:45.764249+00:00,during_timestep_solve,8.908851623535156,39.4006462097168,47.83979797363281,0.8235955810564396,6.582923889160156,,6.457725524902344,0.09328079223632812,1.7502212524414062,16.0
2026-10-02T05:59:50.942097+00:00,during_timestep_solve,8.93349838256836,39.3762321472168,47.83979797363281,0.8230852515079441,6.700809478759766,,6.577880859375,0.09101104736328125,1.7502212524414062,16.0
2026-10-02T05:59:56.099766+00:00,during_timestep_solve,8.636322021484375,39.724910736083984,47.83979797363281,0.8303737143283633,6.796966552734375,,6.675987243652344,0.08906173706054688,1.7502212524414062,16.0
2026-10-02T06:00:01.263828+00:00,during_timestep_solve,8.088756561279297,40.21061325073242,47.83979797363281,0.8405264017397134,7.220539093017578,,7.103546142578125,0.08507537841796875,1.7502212524414062,16.0
2026-10-02T06:00:06.425878+00:00,during_timestep_solve,8.144458770751953,40.082435607910156,47.83979797363281,0.83784709187112,7.3045196533203125,,7.189811706542969,0.08279037475585938,1.7502212524414062,16.0
2026-10-02T06:00:11.569353+00:00,during_timestep_solve,8.93560791015625,39.43059539794922,47.83979797363281,0.8242216118822581,7.495197296142578,,7.381389617919922,0.08189010620117188,1.7502212524414062,16.0
2026-10-02T06:00:16.732842+00:00,during_timestep_solve,9.010353088378906,39.21377944946289,47.83979797363281,0.8196894867966582,7.326507568359375,,7.213653564453125,0.08093643188476562,1.7502212524414062,16.0
2026-10-02T06:00:21.869381+00:00,during_timestep_solve,8.757904052734375,39.61326599121094,47.83979797363281,0.8280399932508917,7.487079620361328,,7.375022888183594,0.08013916015625,1.7502212524414062,16.0
2026-10-02T06:00:27.006154+00:00,during_timestep_solve,8.829296112060547,39.36384582519531,47.83979797363281,0.8228263390010746,7.313220977783203,,7.202342987060547,0.07896041870117188,1.7502212524414062,16.0
2026-10-02T06:00:32.149056+00:00,during_timestep_solve,8.63516616821289,39.738037109375,47.83979797363281,0.8306480961996715,7.321361541748047,,7.213321685791016,0.07612228393554688,1.7502212524414062,16.0
2026-10-02T06:00:37.302088+00:00,during_timestep_solve,8.781536102294922,39.57952880859375,47.83979797363281,0.8273347816060646,7.1517333984375,,7.043758392333984,0.07605743408203125,1.7932815551757812,16.0
2026-10-02T06:00:42.452967+00:00,during_timestep_solve,8.701946258544922,39.66694641113281,47.83979797363281,0.8291620803456462,7.100666046142578,,6.992683410644531,0.0760650634765625,1.7932815551757812,16.0
2026-10-02T06:00:47.611770+00:00,during_timestep_solve,8.614669799804688,39.75947189331055,47.83979797363281,0.8310961495954522,7.182315826416016,,7.075550079345703,0.07484817504882812,1.7932815551757812,16.0
2026-10-02T06:00:52.775104+00:00,during_timestep_solve,8.630836486816406,39.74445724487305,47.83979797363281,0.8307822969231274,7.105705261230469,,6.999691009521484,0.0740966796875,1.7932815551757812,16.0
2026-10-02T06:00:57.917751+00:00,during_timestep_solve,8.429153442382812,40.024757385253906,47.83979797363281,0.8366414383127995,7.1956787109375,,7.093158721923828,0.0706024169921875,1.7932815551757812,16.0
2026-10-02T06:01:03.085527+00:00,during_timestep_solve,8.894683837890625,39.56441879272461,47.83979797363281,0.827018935458941,6.698219299316406,,6.597675323486328,0.06862640380859375,1.8000907897949219,16.0
2026-10-02T06:01:08.242732+00:00,during_timestep_solve,8.756107330322266,39.660831451416016,47.83979797363281,0.8290342587415465,6.7100372314453125,,6.612113952636719,0.06600570678710938,1.8000907897949219,16.0
2026-10-02T06:01:13.395022+00:00,during_timestep_solve,9.706123352050781,38.72189712524414,47.83979797363281,0.8094076222183452,6.6928253173828125,,6.597160339355469,0.06374740600585938,1.8000907897949219,16.0
2026-10-02T06:01:18.558481+00:00,during_timestep_solve,9.244701385498047,39.18357467651367,47.83979797363281,0.819058113458379,7.069240570068359,,6.975189208984375,0.0621337890625,1.8000907897949219,16.0
2026-10-02T06:01:23.709619+00:00,during_timestep_solve,9.335456848144531,39.22767639160156,47.83979797363281,0.8199799759443409,6.913646697998047,,6.821376800537109,0.060352325439453125,1.8000907897949219,16.0
2026-10-02T06:01:28.861696+00:00,during_timestep_solve,8.88901138305664,39.68230438232422,47.83979797363281,0.8294831095272467,7.217929840087891,,7.12762451171875,0.05838775634765625,1.8000907897949219,16.0
2026-10-02T06:01:34.023497+00:00,during_timestep_solve,8.97650146484375,39.418460845947266,47.83979797363281,0.8239679621488574,7.045433044433594,,6.955287933349609,0.0582275390625,1.8000907897949219,16.0
2026-10-02T06:01:39.174950+00:00,during_timestep_solve,8.666313171386719,39.78615951538086,47.83979797363281,0.8316540035831513,7.261085510253906,,7.1715087890625,0.057659149169921875,1.8000907897949219,16.0
2026-10-02T06:01:44.344181+00:00,during_timestep_solve,8.835365295410156,39.582183837890625,47.83979797363281,0.8273902799444633,7.007366180419922,,6.918304443359375,0.0571441650390625,1.8000907897949219,16.0
2026-10-02T06:01:49.500200+00:00,during_timestep_solve,8.502174377441406,39.98133087158203,47.83979797363281,0.8357336896284131,7.248908996582031,,7.160987854003906,0.056003570556640625,1.8000907897949219,16.0
2026-10-02T06:01:54.687794+00:00,during_timestep_solve,8.647693634033203,39.84089660644531,47.83979797363281,0.8327981783786766,7.064434051513672,,6.977619171142578,0.054897308349609375,1.8057136535644531,16.0
2026-10-02T06:01:59.842088+00:00,during_timestep_solve,8.560317993164062,39.93083953857422,47.83979797363281,0.8346782643309308,7.059909820556641,,6.973499298095703,0.054492950439453125,1.8057136535644531,16.0
2026-10-02T06:02:04.989085+00:00,during_timestep_solve,8.428848266601562,40.05887985229492,47.83979797363281,0.8373547035958139,7.053596496582031,,6.967472076416016,0.05420684814453125,1.8057136535644531,16.0
2026-10-02T06:02:10.140420+00:00,during_timestep_solve,8.399333953857422,40.08761978149414,47.83979797363281,0.8379554571611835,6.9778594970703125,,6.892665863037109,0.05327606201171875,1.8057136535644531,16.0
2026-10-02T06:02:15.294472+00:00,during_timestep_solve,9.321685791015625,39.17413330078125,47.83979797363281,0.8188607594532967,6.9732513427734375,,6.888545989990234,0.05278778076171875,1.8057136535644531,16.0
2026-10-02T06:02:20.455927+00:00,during_timestep_solve,9.393558502197266,39.130401611328125,47.83979797363281,0.8179466316495542,6.656475067138672,,6.572078704833984,0.052478790283203125,1.8057136535644531,16.0
2026-10-02T06:02:25.633149+00:00,during_timestep_solve,9.4937744140625,39.01142120361328,47.83979797363281,0.8154595724905581,6.544811248779297,,6.461215972900391,0.051677703857421875,1.8057136535644531,16.0
2026-10-02T06:02:30.798121+00:00,during_timestep_solve,9.220539093017578,39.303279876708984,47.83979797363281,0.8215603230258459,6.538799285888672,,6.456291198730469,0.05059051513671875,1.8057136535644531,16.0
2026-10-02T06:02:31.317615+00:00,after_timestep_21,9.710533142089844,38.79212188720703,47.83979797363281,0.8108755373211973,6.265628814697266,,6.181842803955078,0.051868438720703125,1.8056488037109375,16.0
2026-10-02T06:02:35.945018+00:00,after_timestep_21,9.271888732910156,39.168121337890625,47.83979797363281,0.8187350908019797,6.573314666748047,,6.4879913330078125,0.05340576171875,1.8056488037109375,16.0
2026-10-02T06:02:41.070143+00:00,after_timestep_21,9.083995819091797,39.16313934326172,47.83979797363281,0.8186309516784899,6.56341552734375,,6.478202819824219,0.053295135498046875,1.8056488037109375,16.0
2026-10-02T06:02:46.207605+00:00,after_timestep_21,8.950164794921875,39.22242736816406,47.83979797363281,0.8198702550914144,6.428134918212891,,6.342926025390625,0.05329132080078125,1.8056488037109375,16.0
2026-10-02T06:02:51.351974+00:00,after_timestep_21,9.21224594116211,39.171878814697266,47.83979797363281,0.8188136337090528,6.154090881347656,,6.032337188720703,0.08974075317382812,1.8239250183105469,16.0
2026-10-02T06:02:56.507623+00:00,after_timestep_21,9.221290588378906,39.27063751220703,47.83979797363281,0.8208779964717091,6.1318206787109375,,6.006324768066406,0.09348297119140625,1.8262138366699219,16.0
2026-10-02T06:03:16.600614+00:00,after_timestep_21,10.029777526855469,39.411651611328125,47.83979797363281,0.8238256280482223,6.139438629150391,,6.012561798095703,0.0948638916015625,1.8251419067382812,16.0
2026-10-02T06:03:21.774015+00:00,during_timestep_solve,10.280296325683594,38.20134735107422,47.83979797363281,0.7985265191155095,5.976715087890625,,5.846916198730469,0.09778594970703125,1.8251419067382812,16.0
2026-10-02T06:03:26.916832+00:00,during_timestep_solve,9.438411712646484,39.083213806152344,47.83979797363281,0.8169602603191027,6.771541595458984,,6.6414794921875,0.09804916381835938,1.8251419067382812,16.0
2026-10-02T06:03:32.053283+00:00,during_timestep_solve,9.042945861816406,39.487728118896484,47.83979797363281,0.8254158627647294,7.113407135009766,,6.983345031738281,0.09804916381835938,1.8251419067382812,16.0
2026-10-02T06:03:37.196237+00:00,during_timestep_solve,8.904621124267578,41.82489013671875,47.83979797363281,0.8742697901811957,7.225048065185547,,7.0950164794921875,0.09801864624023438,1.8251419067382812,16.0
2026-10-02T06:03:42.356234+00:00,during_timestep_solve,8.755287170410156,41.83189010620117,47.83979797363281,0.8744161112314284,7.335945129394531,,7.205951690673828,0.09798049926757812,1.8251419067382812,16.0
2026-10-02T06:03:47.499503+00:00,during_timestep_solve,8.564388275146484,42.80371856689453,47.83979797363281,0.8947303370822355,7.335075378417969,,7.205081939697266,0.09798049926757812,1.8251419067382812,16.0
2026-10-02T06:03:52.662941+00:00,during_timestep_solve,8.388389587402344,42.90757751464844,47.83979797363281,0.8969013108771321,7.422264099121094,,7.292263031005859,0.09798431396484375,1.8251419067382812,16.0
2026-10-02T06:03:57.805750+00:00,during_timestep_solve,8.266151428222656,43.0547981262207,47.83979797363281,0.8999786777935519,7.452217102050781,,7.322216033935547,0.09798431396484375,1.8251419067382812,16.0
2026-10-02T06:04:02.966288+00:00,during_timestep_solve,8.510753631591797,40.06781005859375,47.83979797363281,0.8375413725759745,7.023567199707031,,6.893589019775391,0.09796142578125,1.8251419067382812,16.0
2026-10-02T06:04:08.118993+00:00,during_timestep_solve,9.527633666992188,39.07943344116211,47.83979797363281,0.8168812389780779,5.948848724365234,,5.818874359130859,0.09795761108398438,1.8435096740722656,16.0
2026-10-02T06:04:13.270835+00:00,during_timestep_solve,10.388763427734375,38.2127799987793,47.83979797363281,0.798765496874391,5.94305419921875,,5.8130645751953125,0.09797286987304688,1.8435096740722656,16.0
2026-10-02T06:04:18.421195+00:00,during_timestep_solve,10.33999252319336,38.17710494995117,47.83979797363281,0.7980197778216519,5.973396301269531,,5.843410491943359,0.09796905517578125,1.8435096740722656,16.0
2026-10-02T06:04:23.582288+00:00,during_timestep_solve,10.114837646484375,38.503456115722656,47.83979797363281,0.8048415283221736,6.118232727050781,,5.988189697265625,0.09802627563476562,1.8433876037597656,16.0
2026-10-02T06:04:28.728301+00:00,during_timestep_solve,10.153877258300781,38.57158660888672,47.83979797363281,0.8062656667184439,5.926792144775391,,5.7966156005859375,0.0981597900390625,1.8438644409179688,16.0
2026-10-02T06:04:33.871938+00:00,during_timestep_solve,10.160282135009766,38.58395767211914,47.83979797363281,0.8065242602693455,5.853309631347656,,5.7231597900390625,0.09813308715820312,1.8438644409179688,16.0
2026-10-02T06:04:39.008710+00:00,during_timestep_solve,10.074851989746094,38.66090774536133,47.83979797363281,0.8081327552150098,5.817966461181641,,5.687808990478516,0.09814071655273438,1.8438644409179688,16.0
2026-10-02T06:04:44.148013+00:00,during_timestep_solve,9.998313903808594,38.74137878417969,47.83979797363281,0.8098148492502462,5.633033752441406,,5.502887725830078,0.0981292724609375,1.8462181091308594,16.0
2026-10-02T06:04:49.304529+00:00,during_timestep_solve,9.979686737060547,38.79720687866211,47.83979797363281,0.8109818293974699,5.55828857421875,,5.4281463623046875,0.09812545776367188,1.8509750366210938,16.0
2026-10-02T06:04:54.438936+00:00,during_timestep_solve,9.880104064941406,38.92237091064453,47.83979797363281,0.8135981454624208,5.4210205078125,,5.290920257568359,0.09808349609375,1.8527259826660156,16.0
2026-10-02T06:04:59.596570+00:00,during_timestep_solve,9.777847290039062,39.024288177490234,47.83979797363281,0.8157285321104136,5.264156341552734,,5.134101867675781,0.0980377197265625,1.8528022766113281,16.0
2026-10-02T06:05:04.755710+00:00,during_timestep_solve,9.231361389160156,39.50924301147461,47.83979797363281,0.8258655906793412,5.8714752197265625,,5.741420745849609,0.0980377197265625,1.8528022766113281,16.0
2026-10-02T06:05:09.927299+00:00,during_timestep_solve,9.249740600585938,39.509395599365234,47.83979797363281,0.8258687802390192,6.121585845947266,,5.991535186767578,0.09803390502929688,1.8528022766113281,16.0
2026-10-02T06:05:15.086472+00:00,during_timestep_solve,9.899948120117188,38.86074447631836,47.83979797363281,0.8123099620474294,6.412197113037109,,6.282146453857422,0.09803390502929688,1.8528022766113281,16.0
2026-10-02T06:05:20.250773+00:00,during_timestep_solve,9.429027557373047,39.121337890625,47.83979797363281,0.8177571718046752,7.0886077880859375,,6.96063232421875,0.09595870971679688,1.8528022766113281,16.0
2026-10-02T06:05:25.392729+00:00,during_timestep_solve,9.329303741455078,39.187259674072266,47.83979797363281,0.819135141324605,7.099941253662109,,6.972934722900391,0.09498977661132812,1.8528022766113281,16.0
2026-10-02T06:05:30.574774+00:00,during_timestep_solve,9.065696716308594,39.581966400146484,47.83979797363281,0.8273857348219221,7.207084655761719,,7.0845184326171875,0.09054946899414062,1.8528022766113281,16.0
2026-10-02T06:05:35.745035+00:00,during_timestep_solve,9.166400909423828,39.36250686645508,47.83979797363281,0.8227983506148993,7.021251678466797,,6.898944854736328,0.09029006958007812,1.8528022766113281,16.0
2026-10-02T06:05:40.887962+00:00,during_timestep_solve,8.914875030517578,39.73934555053711,47.83979797363281,0.8306754466739112,7.187107086181641,,7.06475830078125,0.09033203125,1.8528022766113281,16.0
2026-10-02T06:05:46.041237+00:00,during_timestep_solve,8.94775390625,39.58098602294922,47.83979797363281,0.8273652419009904,7.016719818115234,,6.895832061767578,0.08887100219726562,1.8528022766113281,16.0
2026-10-02T06:05:51.185265+00:00,during_timestep_solve,8.689815521240234,39.98274230957031,47.83979797363281,0.8357631930554354,7.1750946044921875,,7.057868957519531,0.08520889282226562,1.8528022766113281,16.0
2026-10-02T06:05:56.358080+00:00,during_timestep_solve,8.676410675048828,39.89114761352539,47.83979797363281,0.8338485801196659,7.074291229248047,,6.959075927734375,0.08319473266601562,1.8528022766113281,16.0
2026-10-02T06:06:01.508129+00:00,during_timestep_solve,8.608989715576172,39.966888427734375,47.83979797363281,0.8354317978048812,7.0705108642578125,,6.956062316894531,0.082427978515625,1.8528022766113281,16.0
2026-10-02T06:06:06.679901+00:00,during_timestep_solve,8.393085479736328,40.05851745605469,47.83979797363281,0.8373471283915784,7.195697784423828,,7.084690093994141,0.07898712158203125,1.8528022766113281,16.0
2026-10-02T06:06:11.843473+00:00,during_timestep_solve,8.517948150634766,39.987361907958984,47.83979797363281,0.8358597569746898,7.120342254638672,,7.012805938720703,0.0755157470703125,1.8528022766113281,16.0
2026-10-02T06:06:17.000623+00:00,during_timestep_solve,9.30984878540039,39.18696975708008,47.83979797363281,0.8191290811612166,7.117485046386719,,7.0125732421875,0.0728912353515625,1.8528022766113281,16.0
2026-10-02T06:06:22.153137+00:00,during_timestep_solve,9.666034698486328,38.83306884765625,47.83979797363281,0.8117314556608146,6.8366241455078125,,6.732715606689453,0.07188796997070312,1.8528022766113281,16.0
2026-10-02T06:06:27.316106+00:00,during_timestep_solve,9.70986557006836,38.86464309692383,47.83979797363281,0.8123914552972048,6.73004150390625,,6.627437591552734,0.07058334350585938,1.8528022766113281,16.0
2026-10-02T06:06:32.475934+00:00,during_timestep_solve,9.594627380371094,38.983375549316406,47.83979797363281,0.8148733314217239,6.721218109130859,,6.619754791259766,0.0694427490234375,1.8528022766113281,16.0
2026-10-02T06:06:37.648386+00:00,during_timestep_solve,9.088630676269531,39.49879837036133,47.83979797363281,0.8256472653193754,7.108921051025391,,7.008941650390625,0.06795883178710938,1.8526229858398438,16.0
2026-10-02T06:06:42.801090+00:00,during_timestep_solve,9.03200912475586,39.50904846191406,47.83979797363281,0.8258615239907515,7.081462860107422,,6.981758117675781,0.06768417358398438,1.8526229858398438,16.0
2026-10-02T06:06:47.967086+00:00,during_timestep_solve,8.752914428710938,39.89338302612305,47.83979797363281,0.83389530716895,7.247837066650391,,7.14935302734375,0.06646347045898438,1.8526229858398438,16.0
2026-10-02T06:06:53.123302+00:00,during_timestep_solve,8.851009368896484,39.668731689453125,47.83979797363281,0.8291993981938799,7.070869445800781,,6.973396301269531,0.06545257568359375,1.8526229858398438,16.0
2026-10-02T06:06:58.278353+00:00,during_timestep_solve,8.563274383544922,39.994178771972656,47.83979797363281,0.8360022505533089,7.316318511962891,,7.219745635986328,0.06455230712890625,1.8526229858398438,16.0
2026-10-02T06:07:03.439912+00:00,during_timestep_solve,8.690052032470703,39.80944061279297,47.83979797363281,0.8321406506510369,7.063694000244141,,6.968151092529297,0.0635223388671875,1.8526229858398438,16.0
2026-10-02T06:07:08.621147+00:00,during_timestep_solve,8.360759735107422,40.19755935668945,47.83979797363281,0.8402535349092523,7.282417297363281,,7.188694000244141,0.061702728271484375,1.8526229858398438,16.0
2026-10-02T06:07:13.804126+00:00,during_timestep_solve,8.448005676269531,40.19600296020508,47.83979797363281,0.8402210014005357,7.062690734863281,,6.970157623291016,0.060512542724609375,1.8526229858398438,16.0
2026-10-02T06:07:18.970558+00:00,during_timestep_solve,9.303779602050781,39.32672119140625,47.83979797363281,0.8220503191313936,6.99774169921875,,6.905681610107422,0.060039520263671875,1.8526229858398438,16.0
2026-10-02T06:07:24.120736+00:00,during_timestep_solve,9.45052719116211,39.265357971191406,47.83979797363281,0.8207676377068469,6.861248016357422,,6.770008087158203,0.0592193603515625,1.8950576782226562,16.0
2026-10-02T06:07:29.274201+00:00,during_timestep_solve,9.417957305908203,39.333656311035156,47.83979797363281,0.8221952846187631,6.796844482421875,,6.706840515136719,0.0579833984375,1.8950576782226562,16.0
2026-10-02T06:07:34.441259+00:00,during_timestep_solve,9.475276947021484,39.27629089355469,47.83979797363281,0.8209961696577825,6.689754486083984,,6.600727081298828,0.0570068359375,1.8950576782226562,16.0
2026-10-02T06:07:39.611545+00:00,during_timestep_solve,9.770954132080078,38.97483444213867,47.83979797363281,0.8146947958187424,6.2912445068359375,,6.2031402587890625,0.05608367919921875,1.8950576782226562,16.0
2026-10-02T06:07:44.759593+00:00,during_timestep_solve,9.665531158447266,39.0751953125,47.83979797363281,0.8167926489580187,6.286861419677734,,6.199428558349609,0.05541229248046875,1.8950576782226562,16.0
2026-10-02T06:07:49.470935+00:00,after_timestep_22,9.91232681274414,38.873252868652344,47.83979797363281,0.8125714262020414,6.01043701171875,,5.922882080078125,0.05553436279296875,1.8978157043457031,16.0
2026-10-02T06:07:49.910782+00:00,after_timestep_22,9.850566864013672,39.31948471069336,47.83979797363281,0.8218990542636598,6.0535430908203125,,5.964275360107422,0.057247161865234375,1.8978157043457031,16.0
2026-10-02T06:07:55.051442+00:00,after_timestep_22,9.440380096435547,39.209930419921875,47.83979797363281,0.8196090301537783,6.300220489501953,,6.212791442871094,0.0554046630859375,1.8978157043457031,16.0
2026-10-02T06:08:00.184576+00:00,after_timestep_22,9.195045471191406,39.309879302978516,47.83979797363281,0.8216982714819236,6.287017822265625,,6.201824188232422,0.05316925048828125,1.8978157043457031,16.0
2026-10-02T06:08:05.387012+00:00,after_timestep_22,9.180641174316406,39.20384216308594,47.83979797363281,0.8194817667226222,6.118373870849609,,5.990913391113281,0.09543609619140625,1.8978157043457031,16.0
2026-10-02T06:08:10.626539+00:00,after_timestep_22,9.173698425292969,39.271366119384766,47.83979797363281,0.820893226619172,6.114295959472656,,5.990264892578125,0.09200668334960938,1.8978157043457031,16.0
2026-10-02T06:08:15.786791+00:00,after_timestep_22,9.161537170410156,39.34645080566406,47.83979797363281,0.8224627291977715,6.0929718017578125,,5.9905853271484375,0.07036209106445312,1.8978157043457031,16.0
2026-10-02T06:08:33.779056+00:00,after_timestep_22,9.923587799072266,38.53963088989258,47.83979797363281,0.8055976931828585,6.077930450439453,,5.950138092041016,0.09576797485351562,1.8975715637207031,16.0
2026-10-02T06:08:38.938702+00:00,during_timestep_solve,10.268695831298828,38.29730987548828,47.83979797363281,0.8005324331970647,5.748691558837891,,5.617828369140625,0.09883880615234375,1.9127464294433594,16.0
2026-10-02T06:08:44.089087+00:00,during_timestep_solve,9.50326919555664,39.04696273803711,47.83979797363281,0.8162025006785788,6.547294616699219,,6.416355133056641,0.09891510009765625,1.9127464294433594,16.0
2026-10-02T06:08:49.257466+00:00,during_timestep_solve,9.017459869384766,39.57801055908203,47.83979797363281,0.8273030454872674,6.979637145996094,,6.848697662353516,0.09891510009765625,1.9127464294433594,16.0
2026-10-02T06:08:54.397280+00:00,during_timestep_solve,8.828609466552734,41.970008850097656,47.83979797363281,0.8773032209130497,7.088432312011719,,6.957485198974609,0.0989227294921875,1.9127464294433594,16.0
2026-10-02T06:08:59.564233+00:00,during_timestep_solve,8.63491439819336,42.07704162597656,47.83979797363281,0.8795405375492508,7.203701019287109,,7.0727996826171875,0.098876953125,1.9127464294433594,16.0
2026-10-02T06:09:04.712875+00:00,during_timestep_solve,8.43088150024414,43.042701721191406,47.83979797363281,0.8997258254500707,7.312961578369141,,7.182014465332031,0.0989227294921875,1.9127464294433594,16.0
2026-10-02T06:09:09.864110+00:00,during_timestep_solve,8.279342651367188,43.11573791503906,47.83979797363281,0.9012525081899919,7.400672912597656,,7.269718170166016,0.09893035888671875,1.9127464294433594,16.0
2026-10-02T06:09:15.013023+00:00,during_timestep_solve,8.246925354003906,43.21009063720703,47.83979797363281,0.9032247724169431,7.2896270751953125,,7.158660888671875,0.09894180297851562,1.9127464294433594,16.0
2026-10-02T06:09:20.177186+00:00,during_timestep_solve,8.604606628417969,40.09758377075195,47.83979797363281,0.8381637354081631,6.8690338134765625,,6.738086700439453,0.0989227294921875,1.9127464294433594,16.0
2026-10-02T06:09:25.328635+00:00,during_timestep_solve,10.548404693603516,38.17372512817383,47.83979797363281,0.7979491290747821,5.7995758056640625,,5.668632507324219,0.09891891479492188,1.9127464294433594,16.0
2026-10-02T06:09:30.465963+00:00,during_timestep_solve,10.476219177246094,38.24459457397461,47.83979797363281,0.7994305200672742,5.7950439453125,,5.664100646972656,0.09891891479492188,1.9127464294433594,16.0
2026-10-02T06:09:35.630172+00:00,during_timestep_solve,10.390567779541016,38.26955795288086,47.83979797363281,0.7999523320306109,5.829631805419922,,5.698692321777344,0.09891510009765625,1.9127464294433594,16.0
2026-10-02T06:09:40.771302+00:00,during_timestep_solve,10.087825775146484,38.605648040771484,47.83979797363281,0.806977656177587,6.138435363769531,,6.007392883300781,0.09901809692382812,1.9121360778808594,16.0
2026-10-02T06:09:45.909818+00:00,during_timestep_solve,10.032886505126953,38.68370819091797,47.83979797363281,0.8086093551699094,6.138221740722656,,6.007190704345703,0.09900665283203125,1.9121360778808594,16.0
2026-10-02T06:09:51.048839+00:00,during_timestep_solve,9.944770812988281,38.767303466796875,47.83979797363281,0.8103567554395548,6.138210296630859,,6.007179260253906,0.09900665283203125,1.9121360778808594,16.0
2026-10-02T06:09:56.180239+00:00,during_timestep_solve,9.859851837158203,38.851966857910156,47.83979797363281,0.8121264826269469,6.138080596923828,,6.007049560546875,0.0989990234375,1.9121360778808594,16.0
2026-10-02T06:10:01.329525+00:00,during_timestep_solve,9.696170806884766,39.003639221191406,47.83979797363281,0.8152969049469752,6.136810302734375,,6.0057220458984375,0.09905624389648438,1.9095726013183594,16.0
2026-10-02T06:10:06.484212+00:00,during_timestep_solve,9.638301849365234,39.02779769897461,47.83979797363281,0.8158018919830099,6.12530517578125,,5.994251251220703,0.09902191162109375,1.9095726013183594,16.0
2026-10-02T06:10:11.639483+00:00,during_timestep_solve,9.509601593017578,39.16663360595703,47.83979797363281,0.8187039925951183,6.078178405761719,,5.947120666503906,0.09902572631835938,1.9095726013183594,16.0
2026-10-02T06:10:16.789046+00:00,during_timestep_solve,9.431015014648438,39.256587982177734,47.83979797363281,0.8205843177643483,6.064708709716797,,5.933650970458984,0.09902572631835938,1.9095726013183594,16.0
2026-10-02T06:10:21.949252+00:00,during_timestep_solve,8.895130157470703,39.71988296508789,47.83979797363281,0.83026861833697,6.576637268066406,,6.445579528808594,0.09902572631835938,1.9095726013183594,16.0
2026-10-02T06:10:27.106603+00:00,during_timestep_solve,9.890323638916016,38.72129821777344,47.83979797363281,0.8093951031966086,6.466217041015625,,6.335163116455078,0.09902191162109375,1.9095726013183594,16.0
2026-10-02T06:10:32.273911+00:00,during_timestep_solve,9.580501556396484,39.06711196899414,47.83979797363281,0.8166236820340715,6.677032470703125,,6.545978546142578,0.09902191162109375,1.9095726013183594,16.0
2026-10-02T06:10:37.434769+00:00,during_timestep_solve,9.24169921875,39.33926010131836,47.83979797363281,0.8223124211979412,7.069156646728516,,6.939208984375,0.0979156494140625,1.9095726013183594,16.0
2026-10-02T06:10:42.629630+00:00,during_timestep_solve,9.15389633178711,39.376583099365234,47.83979797363281,0.8230925874952038,7.167697906494141,,7.039669036865234,0.09599685668945312,1.9095726013183594,16.0
2026-10-02T06:10:47.790081+00:00,during_timestep_solve,8.838035583496094,39.764244079589844,47.83979797363281,0.8311959030743846,7.417407989501953,,7.290397644042969,0.09497833251953125,1.9095726013183594,16.0
2026-10-02T06:10:52.947074+00:00,during_timestep_solve,9.010112762451172,39.53144454956055,47.83979797363281,0.8263296716125043,7.166923522949219,,7.040763854980469,0.09412765502929688,1.9095726013183594,16.0
2026-10-02T06:10:58.117341+00:00,during_timestep_solve,8.62646484375,39.97583770751953,47.83979797363281,0.8356188654800016,7.412910461425781,,7.289478302001953,0.09139633178710938,1.9095726013183594,16.0
2026-10-02T06:11:03.287535+00:00,during_timestep_solve,8.755474090576172,39.800601959228516,47.83979797363281,0.8319558954066832,7.147674560546875,,7.026317596435547,0.08932113647460938,1.9095726013183594,16.0
2026-10-02T06:11:08.440359+00:00,during_timestep_solve,8.383304595947266,40.17438507080078,47.83979797363281,0.8397691205331412,7.426078796386719,,7.307807922363281,0.08623504638671875,1.9095726013183594,16.0
2026-10-02T06:11:13.613908+00:00,during_timestep_solve,8.54022216796875,40.03343200683594,47.83979797363281,0.8368227647804993,7.196205139160156,,7.078624725341797,0.08554458618164062,1.9095726013183594,16.0
2026-10-02T06:11:18.776721+00:00,during_timestep_solve,8.458602905273438,40.11839294433594,47.83979797363281,0.8385987116092636,7.177097320556641,,7.060771942138672,0.08428955078125,1.9095726013183594,16.0
2026-10-02T06:11:23.932531+00:00,during_timestep_solve,8.37735366821289,40.16041946411133,47.83979797363281,0.8394771960836035,7.211528778076172,,7.095203399658203,0.08428955078125,1.9095726013183594,16.0
2026-10-02T06:11:29.085911+00:00,during_timestep_solve,9.273624420166016,39.24713897705078,47.83979797363281,0.8203868042812822,7.245410919189453,,7.131172180175781,0.08220291137695312,1.9095726013183594,16.0
2026-10-02T06:11:34.260194+00:00,during_timestep_solve,9.286811828613281,39.24191665649414,47.83979797363281,0.8202776416012993,7.136970520019531,,7.024608612060547,0.08032608032226562,1.9095726013183594,16.0
2026-10-02T06:11:39.416055+00:00,during_timestep_solve,9.604263305664062,38.94378662109375,47.83979797363281,0.8140458001632417,6.695777893066406,,6.584774017333984,0.07896804809570312,1.9095726013183594,16.0
2026-10-02T06:11:44.572297+00:00,during_timestep_solve,9.51974868774414,39.09783935546875,47.83979797363281,0.8172659796142483,6.5579071044921875,,6.4491424560546875,0.07672882080078125,1.9095726013183594,16.0
2026-10-02T06:11:49.727703+00:00,during_timestep_solve,9.833919525146484,38.876869201660156,47.83979797363281,0.8126470187664123,6.168235778808594,,6.060176849365234,0.07602310180664062,1.9154930114746094,16.0
2026-10-02T06:11:54.889341+00:00,during_timestep_solve,9.1556396484375,39.55735397338867,47.83979797363281,0.8268712588458451,6.781364440917969,,6.673614501953125,0.075714111328125,1.9154930114746094,16.0
2026-10-02T06:12:00.078930+00:00,during_timestep_solve,9.075550079345703,39.73309326171875,47.83979797363281,0.8305447544661012,6.778297424316406,,6.672077178955078,0.07418441772460938,1.9154930114746094,16.0
2026-10-02T06:12:05.252032+00:00,during_timestep_solve,8.74032974243164,40.061588287353516,47.83979797363281,0.8374113182801001,7.0135345458984375,,6.9088592529296875,0.07263946533203125,1.9154930114746094,16.0
2026-10-02T06:12:10.429654+00:00,during_timestep_solve,8.910884857177734,39.815940856933594,47.83979797363281,0.8322765258933239,6.761466979980469,,6.6579437255859375,0.0714874267578125,1.9154930114746094,16.0
2026-10-02T06:12:15.594578+00:00,during_timestep_solve,8.52431869506836,40.229713439941406,47.83979797363281,0.8409256548724192,7.053310394287109,,6.952388763427734,0.06888580322265625,1.9154930114746094,16.0
2026-10-02T06:12:20.762912+00:00,during_timestep_solve,8.751846313476562,39.99322509765625,47.83979797363281,0.8359823158053208,6.742652893066406,,6.642494201660156,0.06812286376953125,1.9154930114746094,16.0
2026-10-02T06:12:25.935745+00:00,during_timestep_solve,8.372917175292969,40.37797927856445,47.83979797363281,0.844024870272634,7.016532897949219,,6.918201446533203,0.06629562377929688,1.9154930114746094,16.0
2026-10-02T06:12:31.117813+00:00,during_timestep_solve,9.485721588134766,39.21734619140625,47.83979797363281,0.8197640427541337,6.772983551025391,,6.6764373779296875,0.06451034545898438,1.9154930114746094,16.0
2026-10-02T06:12:36.282292+00:00,during_timestep_solve,9.409252166748047,39.32522201538086,47.83979797363281,0.8220189817075563,6.770683288574219,,6.675502777099609,0.06314468383789062,1.9154930114746094,16.0
2026-10-02T06:12:41.433084+00:00,during_timestep_solve,9.339366912841797,39.389244079589844,47.83979797363281,0.8233572412094938,6.769481658935547,,6.674072265625,0.06337356567382812,1.9154930114746094,16.0
2026-10-02T06:12:46.625619+00:00,during_timestep_solve,9.208602905273438,39.597496032714844,47.83979797363281,0.8277103522581604,6.803241729736328,,6.708324432373047,0.0628814697265625,1.9154930114746094,16.0
2026-10-02T06:12:51.789684+00:00,during_timestep_solve,8.986316680908203,39.79457092285156,47.83979797363281,0.8318298280604064,6.622951507568359,,6.530143737792969,0.060771942138671875,1.9155235290527344,16.0
2026-10-02T06:12:56.957313+00:00,during_timestep_solve,9.285491943359375,39.559410095214844,47.83979797363281,0.8269142381625074,6.1827239990234375,,6.0923309326171875,0.05835723876953125,1.9205207824707031,16.0
2026-10-02T06:13:02.113885+00:00,during_timestep_solve,9.315353393554688,39.54020690917969,47.83979797363281,0.826512832077019,6.066280364990234,,5.977397918701172,0.05684661865234375,1.9205207824707031,16.0
2026-10-02T06:13:07.265955+00:00,during_timestep_solve,9.530967712402344,39.32913589477539,47.83979797363281,0.8221007939132995,5.781543731689453,,5.694187164306641,0.05532073974609375,1.9205207824707031,16.0
2026-10-02T06:13:08.767778+00:00,after_timestep_23,9.049644470214844,39.39335632324219,47.83979797363281,0.8234431998428186,6.189697265625,,6.101070404052734,0.056591033935546875,1.83251953125,16.0
2026-10-02T06:13:12.435772+00:00,after_timestep_23,8.66708755493164,39.66578674316406,47.83979797363281,0.8291378396920926,6.522205352783203,,6.432201385498047,0.0579681396484375,1.83251953125,16.0
2026-10-02T06:13:17.591476+00:00,after_timestep_23,8.409393310546875,39.77836608886719,47.83979797363281,0.8314910968225926,6.513668060302734,,6.424873352050781,0.056758880615234375,1.832275390625,16.0
2026-10-02T06:13:22.744397+00:00,after_timestep_23,8.14645767211914,39.913055419921875,47.83979797363281,0.8343065211504487,6.5121917724609375,,6.424873352050781,0.0552825927734375,1.832275390625,16.0
2026-10-02T06:13:27.892011+00:00,after_timestep_23,8.279972076416016,39.80610656738281,47.83979797363281,0.8320709587720706,6.337425231933594,,6.214801788330078,0.09058761596679688,1.7547187805175781,16.0
2026-10-02T06:13:33.098020+00:00,after_timestep_23,9.193256378173828,38.96464157104492,47.83979797363281,0.8144817332322456,6.345481872558594,,6.214801788330078,0.09864425659179688,1.7547187805175781,16.0
2026-10-02T06:13:38.285798+00:00,after_timestep_23,9.180137634277344,39.00876998901367,47.83979797363281,0.8154041538911512,6.359012603759766,,6.235263824462891,0.09171295166015625,1.7536468505859375,16.0
2026-10-02T06:13:54.997151+00:00,after_timestep_23,8.982379913330078,39.12062454223633,47.83979797363281,0.8177422606131801,6.348590850830078,,6.22119140625,0.09536361694335938,1.7536392211914062,16.0
2026-10-02T06:14:00.154608+00:00,during_timestep_solve,9.22125244140625,38.897850036621094,47.83979797363281,0.8130855832221506,6.157585144042969,,6.027744293212891,0.09779739379882812,1.7531318664550781,16.0
2026-10-02T06:14:05.306954+00:00,during_timestep_solve,8.454219818115234,39.684078216552734,47.83979797363281,0.8295201881585045,6.934360504150391,,6.804500579833984,0.09781646728515625,1.7531318664550781,16.0
2026-10-02T06:14:10.457374+00:00,during_timestep_solve,7.988189697265625,40.18356704711914,47.83979797363281,0.8399610522867708,7.388721466064453,,7.258872985839844,0.09780502319335938,1.7531280517578125,16.0
2026-10-02T06:14:15.629754+00:00,during_timestep_solve,7.7996826171875,42.59593963623047,47.83979797363281,0.8903871136685709,7.496822357177734,,7.366970062255859,0.097808837890625,1.7531280517578125,16.0
2026-10-02T06:14:20.787147+00:00,during_timestep_solve,7.616950988769531,42.663917541503906,47.83979797363281,0.8918080625051631,7.6095733642578125,,7.4797210693359375,0.097808837890625,1.7531280517578125,16.0
2026-10-02T06:14:25.942539+00:00,during_timestep_solve,7.4372100830078125,43.61009979248047,47.83979797363281,0.911586203113074,7.689304351806641,,7.559406280517578,0.0978546142578125,1.7531280517578125,16.0
2026-10-02T06:14:31.093517+00:00,during_timestep_solve,8.228240966796875,42.76711654663086,47.83979797363281,0.893965241454452,7.775951385498047,,7.646076202392578,0.09783172607421875,1.7531280517578125,16.0
2026-10-02T06:14:36.249542+00:00,during_timestep_solve,8.08077621459961,42.91720199584961,47.83979797363281,0.8971024923538281,7.826290130615234,,7.696414947509766,0.09783172607421875,1.7531280517578125,16.0
2026-10-02T06:14:41.419828+00:00,during_timestep_solve,8.443492889404297,39.75492858886719,47.83979797363281,0.8310011804560369,7.4052886962890625,,7.275417327880859,0.09782791137695312,1.7531280517578125,16.0
2026-10-02T06:14:46.585203+00:00,during_timestep_solve,8.756080627441406,39.452415466308594,47.83979797363281,0.8246777189162259,6.998565673828125,,6.868686676025391,0.09783554077148438,1.7531280517578125,16.0
2026-10-02T06:14:51.742107+00:00,during_timestep_solve,9.290821075439453,38.89320755004883,47.83979797363281,0.8129885408689445,6.392295837402344,,6.262416839599609,0.09783554077148438,1.7531280517578125,16.0
2026-10-02T06:14:56.897291+00:00,during_timestep_solve,9.209354400634766,38.908382415771484,47.83979797363281,0.8133057425789313,6.425876617431641,,6.295993804931641,0.09783935546875,1.7531280517578125,16.0
2026-10-02T06:15:02.053871+00:00,during_timestep_solve,8.705268859863281,39.22562789916992,47.83979797363281,0.8199371561056624,6.9829254150390625,,6.852973937988281,0.09790802001953125,1.7102584838867188,16.0
2026-10-02T06:15:07.207252+00:00,during_timestep_solve,8.575199127197266,39.354713439941406,47.83979797363281,0.8226354438543405,6.982891082763672,,6.852970123291016,0.09787750244140625,1.7102584838867188,16.0
2026-10-02T06:15:12.354907+00:00,during_timestep_solve,8.492759704589844,39.434349060058594,47.83979797363281,0.8243000750503392,6.982826232910156,,6.852928161621094,0.0978546142578125,1.7102584838867188,16.0
2026-10-02T06:15:17.497383+00:00,during_timestep_solve,8.408390045166016,39.53792190551758,47.83979797363281,0.8264650684208394,6.982841491699219,,6.852928161621094,0.097869873046875,1.7102584838867188,16.0
2026-10-02T06:15:22.664673+00:00,during_timestep_solve,8.311470031738281,39.63568115234375,47.83979797363281,0.8285085395676042,6.981510162353516,,6.851596832275391,0.097869873046875,1.7102584838867188,16.0
2026-10-02T06:15:27.808505+00:00,during_timestep_solve,8.254234313964844,39.71902847290039,47.83979797363281,0.8302507568027726,6.756858825683594,,6.626941680908203,0.09787368774414062,1.6916313171386719,16.0
2026-10-02T06:15:32.961139+00:00,during_timestep_solve,9.14962387084961,38.8189582824707,47.83979797363281,0.8114365011295825,6.5935211181640625,,6.463603973388672,0.09787368774414062,1.6916961669921875,16.0
2026-10-02T06:15:38.122419+00:00,during_timestep_solve,9.133934020996094,38.83867645263672,47.83979797363281,0.8118486719789846,6.427497863769531,,6.297580718994141,0.09787368774414062,1.6919364929199219,16.0
2026-10-02T06:15:43.282467+00:00,during_timestep_solve,9.050048828125,38.91899490356445,47.83979797363281,0.8135275764545429,6.417457580566406,,6.287570953369141,0.09784317016601562,1.6919364929199219,16.0
2026-10-02T06:15:48.431016+00:00,during_timestep_solve,8.729759216308594,39.159969329833984,47.83979797363281,0.8185646885761774,6.740520477294922,,6.610633850097656,0.09784317016601562,1.691986083984375,16.0
2026-10-02T06:15:53.603273+00:00,during_timestep_solve,8.583137512207031,39.32830810546875,47.83979797363281,0.8220834905520458,7.027553558349609,,6.898612976074219,0.09689712524414062,1.6920661926269531,16.0
2026-10-02T06:15:58.773297+00:00,during_timestep_solve,8.362503051757812,39.503257751464844,47.83979797363281,0.8257404802009678,7.342109680175781,,7.2139129638671875,0.09615325927734375,1.6920661926269531,16.0
2026-10-02T06:16:03.955570+00:00,during_timestep_solve,7.981781005859375,39.92133712768555,47.83979797363281,0.8344796345019774,7.676052093505859,,7.5478515625,0.09615707397460938,1.6920661926269531,16.0
2026-10-02T06:16:09.113626+00:00,during_timestep_solve,7.796329498291016,40.28824234008789,47.83979797363281,0.8421490902259452,7.815158843994141,,7.689811706542969,0.09330368041992188,1.6920661926269531,16.0
2026-10-02T06:16:14.280264+00:00,during_timestep_solve,7.492286682128906,40.392364501953125,47.83979797363281,0.8443255660112866,7.998256683349609,,7.876216888427734,0.089996337890625,1.6920661926269531,16.0
2026-10-02T06:16:19.450675+00:00,during_timestep_solve,7.559047698974609,40.46735763549805,47.83979797363281,0.8458931548540792,7.828609466552734,,7.707984924316406,0.08858108520507812,1.6920661926269531,16.0
2026-10-02T06:16:24.642813+00:00,during_timestep_solve,7.323574066162109,40.57042694091797,47.83979797363281,0.8480476226776418,7.846508026123047,,7.728290557861328,0.08617401123046875,1.6920661926269531,16.0
2026-10-02T06:16:29.842130+00:00,during_timestep_solve,7.459869384765625,40.663063049316406,47.83979797363281,0.8499840043582143,7.635173797607422,,7.5184326171875,0.08469772338867188,1.6951522827148438,16.0
2026-10-02T06:16:35.022983+00:00,during_timestep_solve,8.240653991699219,39.73493576049805,47.83979797363281,0.8305832683992143,7.729839324951172,,7.61309814453125,0.08469772338867188,1.6951522827148438,16.0
2026-10-02T06:16:40.188383+00:00,during_timestep_solve,8.417591094970703,39.55817794799805,47.83979797363281,0.8268884824681068,7.482536315917969,,7.366611480712891,0.08388137817382812,1.6951522827148438,16.0
2026-10-02T06:16:45.338638+00:00,during_timestep_solve,8.325851440429688,39.64982223510742,47.83979797363281,0.8288041320107717,7.492855072021484,,7.3775787353515625,0.08323287963867188,1.6951522827148438,16.0
2026-10-02T06:16:50.496862+00:00,during_timestep_solve,8.20697021484375,39.78831481933594,47.83979797363281,0.8316990561136045,7.5207366943359375,,7.4078216552734375,0.08087158203125,1.6951522827148438,16.0
2026-10-02T06:16:55.678853+00:00,during_timestep_solve,8.078174591064453,39.87434387207031,47.83979797363281,0.8334973298601155,7.54583740234375,,7.434169769287109,0.07962417602539062,1.6951522827148438,16.0
2026-10-02T06:17:00.849694+00:00,during_timestep_solve,8.565513610839844,39.39643478393555,47.83979797363281,0.8235075492093241,6.975624084472656,,6.864307403564453,0.07927322387695312,1.6951522827148438,16.0
2026-10-02T06:17:06.008592+00:00,during_timestep_solve,8.410266876220703,39.55210876464844,47.83979797363281,0.8267616177319105,7.026584625244141,,6.9166259765625,0.07791519165039062,1.6951522827148438,16.0
2026-10-02T06:17:11.159083+00:00,during_timestep_solve,8.337970733642578,39.6494255065918,47.83979797363281,0.8287958391556087,7.033332824707031,,6.924320220947266,0.07696914672851562,1.6951522827148438,16.0
2026-10-02T06:17:16.321035+00:00,during_timestep_solve,7.833011627197266,40.221378326416016,47.83979797363281,0.8407514251750031,7.513637542724609,,7.406284332275391,0.07530975341796875,1.6951484680175781,16.0
2026-10-02T06:17:21.489799+00:00,during_timestep_solve,7.875820159912109,40.17915344238281,47.83979797363281,0.8398687942730818,7.387317657470703,,7.282642364501953,0.0726318359375,1.6951484680175781,16.0
2026-10-02T06:17:26.671679+00:00,during_timestep_solve,7.615180969238281,40.584651947021484,47.83979797363281,0.8483449693786324,7.507305145263672,,7.404029846191406,0.07123184204101562,1.6951484680175781,16.0
2026-10-02T06:17:31.820261+00:00,during_timestep_solve,7.688747406005859,40.43988037109375,47.83979797363281,0.8453187948950459,7.3173675537109375,,7.216571807861328,0.06875228881835938,1.6951484680175781,16.0
2026-10-02T06:17:36.986465+00:00,during_timestep_solve,8.41021728515625,39.78779983520508,47.83979797363281,0.8316882913496909,7.474491119384766,,7.374553680419922,0.06789398193359375,1.6951484680175781,16.0
2026-10-02T06:17:42.157715+00:00,during_timestep_solve,8.20309829711914,39.85750198364258,47.83979797363281,0.8331452822106455,7.590934753417969,,7.492359161376953,0.06653213500976562,1.6951484680175781,16.0
2026-10-02T06:17:47.356668+00:00,during_timestep_solve,8.338150024414062,39.94816970825195,47.83979797363281,0.8350405185713707,7.432487487792969,,7.335811614990234,0.06463241577148438,1.6962165832519531,16.0
2026-10-02T06:17:52.553900+00:00,during_timestep_solve,8.127735137939453,40.04835891723633,47.83979797363281,0.8371347834560091,7.548439025878906,,7.454257965087891,0.062137603759765625,1.6964454650878906,16.0
2026-10-02T06:17:57.732605+00:00,during_timestep_solve,8.295940399169922,39.85198211669922,47.83979797363281,0.8330298998892904,7.295131683349609,,7.203071594238281,0.060016632080078125,1.6964454650878906,16.0
2026-10-02T06:18:02.911212+00:00,during_timestep_solve,8.19576644897461,40.02557373046875,47.83979797363281,0.8366585024570773,7.260459899902344,,7.170135498046875,0.058277130126953125,1.6964454650878906,16.0
2026-10-02T06:18:08.063496+00:00,during_timestep_solve,8.104167938232422,40.04585647583008,47.83979797363281,0.8370824746772884,7.230297088623047,,7.140296936035156,0.057952880859375,1.6964454650878906,16.0
2026-10-02T06:18:13.223002+00:00,during_timestep_solve,8.015953063964844,40.126007080078125,47.83979797363281,0.8387578706372006,7.2486114501953125,,7.160037994384766,0.05652618408203125,1.6964454650878906,16.0
2026-10-02T06:18:18.390686+00:00,during_timestep_solve,8.584083557128906,39.665008544921875,47.83979797363281,0.8291215729377344,6.675159454345703,,6.587116241455078,0.055995941162109375,1.7070121765136719,16.0
2026-10-02T06:18:23.572773+00:00,during_timestep_solve,8.426944732666016,39.827186584472656,47.83979797363281,0.8325115964415997,6.7308349609375,,6.643802642822266,0.05498504638671875,1.7070121765136719,16.0
2026-10-02T06:18:28.741744+00:00,during_timestep_solve,8.345558166503906,39.91255187988281,47.83979797363281,0.834295995603511,6.710884094238281,,6.6257171630859375,0.053119659423828125,1.7070121765136719,16.0
2026-10-02T06:18:32.153518+00:00,after_timestep_24,8.586841583251953,39.734066009521484,47.83979797363281,0.830565087909049,6.330760955810547,,6.2447662353515625,0.05394744873046875,1.7070121765136719,16.0
2026-10-02T06:18:33.880288+00:00,after_timestep_24,8.265380859375,40.221221923828125,47.83979797363281,0.8407481558763331,6.631622314453125,,6.544029235839844,0.055545806884765625,1.7070121765136719,16.0
2026-10-02T06:18:39.031481+00:00,after_timestep_24,9.163383483886719,39.12028503417969,47.83979797363281,0.8177351638428964,6.496501922607422,,6.408866882324219,0.0555877685546875,1.717987060546875,16.0
2026-10-02T06:18:44.171943+00:00,after_timestep_24,8.893695831298828,39.26591110229492,47.83979797363281,0.82077919986068,6.465877532958984,,6.378227233886719,0.05560302734375,1.717987060546875,16.0
2026-10-02T06:18:49.322198+00:00,after_timestep_24,8.973880767822266,39.10693359375,47.83979797363281,0.8174560773710629,6.264362335205078,,6.147346496582031,0.08496856689453125,1.717987060546875,16.0
2026-10-02T06:18:54.473697+00:00,after_timestep_24,8.949600219726562,39.19229507446289,47.83979797363281,0.8192403967939822,6.276401519775391,,6.143684387207031,0.10066986083984375,1.717987060546875,16.0
2026-10-02T06:18:59.668759+00:00,after_timestep_24,8.910858154296875,39.294857025146484,47.83979797363281,0.821384259331615,6.278282165527344,,6.157512664794922,0.08872222900390625,1.717987060546875,16.0
2026-10-02T06:19:16.934043+00:00,after_timestep_24,8.815078735351562,39.34731674194336,47.83979797363281,0.8224808299489447,6.289768218994141,,6.16058349609375,0.09713363647460938,1.717742919921875,16.0
2026-10-02T06:19:22.082164+00:00,during_timestep_solve,9.056598663330078,39.145545959472656,47.83979797363281,0.8182631954476053,6.099433898925781,,5.967292785644531,0.10009002685546875,1.717742919921875,16.0
2026-10-02T06:19:27.244533+00:00,during_timestep_solve,8.309581756591797,39.884971618652344,47.83979797363281,0.8337194826916949,6.792633056640625,,6.66046142578125,0.10012054443359375,1.717742919921875,16.0
2026-10-02T06:19:32.408988+00:00,during_timestep_solve,7.812294006347656,40.394283294677734,47.83979797363281,0.8443656747242386,7.219200134277344,,7.087024688720703,0.10012435913085938,1.717742919921875,16.0
2026-10-02T06:19:37.583232+00:00,during_timestep_solve,7.611209869384766,42.79658126831055,47.83979797363281,0.8945811454282925,7.318752288818359,,7.186580657958984,0.10012054443359375,1.717742919921875,16.0
2026-10-02T06:19:42.746393+00:00,during_timestep_solve,8.546245574951172,41.860469818115234,47.83979797363281,0.8750135157591359,7.3081512451171875,,7.175983428955078,0.10011672973632812,1.7203903198242188,16.0
2026-10-02T06:19:47.885924+00:00,during_timestep_solve,8.366630554199219,42.82420349121094,47.83979797363281,0.8951585354690199,7.414085388183594,,7.281917572021484,0.10011672973632812,1.7203903198242188,16.0
2026-10-02T06:19:53.033416+00:00,during_timestep_solve,8.2379150390625,42.88621139526367,47.83979797363281,0.8964546927832066,7.486881256103516,,7.354713439941406,0.10011672973632812,1.7203903198242188,16.0
2026-10-02T06:19:58.188241+00:00,during_timestep_solve,8.128242492675781,42.998504638671875,47.83979797363281,0.89880196948931,7.524410247802734,,7.3922576904296875,0.10010147094726562,1.7203903198242188,16.0
2026-10-02T06:20:03.355177+00:00,during_timestep_solve,8.479290008544922,39.90270233154297,47.83979797363281,0.8340901095262898,7.099803924560547,,6.967674255371094,0.10007858276367188,1.7203903198242188,16.0
2026-10-02T06:20:08.511901+00:00,during_timestep_solve,8.814327239990234,39.574951171875,47.83979797363281,0.8272390948157216,6.689891815185547,,6.557773590087891,0.100067138671875,1.7203903198242188,16.0
2026-10-02T06:20:13.682025+00:00,during_timestep_solve,9.330516815185547,39.00339126586914,47.83979797363281,0.8152917219124982,6.080089569091797,,5.947971343994141,0.100067138671875,1.7203903198242188,16.0
2026-10-02T06:20:18.844287+00:00,during_timestep_solve,9.230262756347656,39.011314392089844,47.83979797363281,0.8154573397987834,6.109649658203125,,5.977531433105469,0.100067138671875,1.7203903198242188,16.0
2026-10-02T06:20:24.013457+00:00,during_timestep_solve,8.984790802001953,39.320579528808594,47.83979797363281,0.8219219393543502,6.355705261230469,,6.223522186279297,0.10013198852539062,1.7203903198242188,16.0
2026-10-02T06:20:29.159642+00:00,during_timestep_solve,8.940170288085938,39.400150299072266,47.83979797363281,0.8235852149874857,6.2872467041015625,,6.155071258544922,0.10012435913085938,1.7203903198242188,16.0
2026-10-02T06:20:34.316101+00:00,during_timestep_solve,8.891796112060547,39.449989318847656,47.83979797363281,0.8246270049173442,6.2328033447265625,,6.100624084472656,0.100128173828125,1.7203903198242188,16.0
2026-10-02T06:20:39.460364+00:00,during_timestep_solve,8.941818237304688,39.54642105102539,47.83979797363281,0.8266427268949095,6.223701477050781,,6.091522216796875,0.100128173828125,1.7328872680664062,16.0
2026-10-02T06:20:44.644693+00:00,during_timestep_solve,9.794631958007812,38.70627212524414,47.83979797363281,0.809081011307308,6.115455627441406,,5.983272552490234,0.10013198852539062,1.7328872680664062,16.0
2026-10-02T06:20:49.800000+00:00,during_timestep_solve,9.840164184570312,38.765716552734375,47.83979797363281,0.8103235840189026,6.01690673828125,,5.884696960449219,0.10015869140625,1.7719917297363281,16.0
2026-10-02T06:20:54.947817+00:00,during_timestep_solve,9.763069152832031,38.84144592285156,47.83979797363281,0.8119065624871421,5.950206756591797,,5.817996978759766,0.10015869140625,1.7719917297363281,16.0
2026-10-02T06:21:00.102013+00:00,during_timestep_solve,9.500007629394531,39.18045425415039,47.83979797363281,0.8189928869629619,5.9092559814453125,,5.777091979980469,0.1001129150390625,1.7836570739746094,16.0
2026-10-02T06:21:05.262875+00:00,during_timestep_solve,9.533611297607422,39.1401481628418,47.83979797363281,0.8181503647739926,5.753841400146484,,5.621673583984375,0.10011672973632812,1.7836570739746094,16.0
2026-10-02T06:21:10.426421+00:00,during_timestep_solve,8.758560180664062,39.858524322509766,47.83979797363281,0.8331666522604888,6.504230499267578,,6.37200927734375,0.10017013549804688,1.7836570739746094,16.0
2026-10-02T06:21:15.609203+00:00,during_timestep_solve,8.742141723632812,40.016361236572266,47.83979797363281,0.8364659327915122,6.389320373535156,,6.2570953369140625,0.1001739501953125,1.7836570739746094,16.0
2026-10-02T06:21:20.781686+00:00,during_timestep_solve,8.371627807617188,40.5543098449707,47.83979797363281,0.8477107254366427,6.719226837158203,,6.587001800537109,0.1001739501953125,1.7836570739746094,16.0
2026-10-02T06:21:25.961718+00:00,during_timestep_solve,7.8358306884765625,40.67163848876953,47.83979797363281,0.8501632576121234,7.124942779541016,,6.9939422607421875,0.09894943237304688,1.7836532592773438,16.0
2026-10-02T06:21:31.147649+00:00,during_timestep_solve,7.5970306396484375,41.07496643066406,47.83979797363281,0.8585940612312529,7.329532623291016,,7.202064514160156,0.09541702270507812,1.8125190734863281,16.0
2026-10-02T06:21:36.326550+00:00,during_timestep_solve,7.383522033691406,41.21525955200195,47.83979797363281,0.8615266221382872,7.462837219238281,,7.337322235107422,0.09346389770507812,1.8125190734863281,16.0
2026-10-02T06:21:41.519700+00:00,during_timestep_solve,7.550117492675781,40.98200225830078,47.83979797363281,0.8566508219973724,7.157230377197266,,7.031715393066406,0.09346389770507812,1.8125190734863281,16.0
2026-10-02T06:21:46.776672+00:00,during_timestep_solve,8.173721313476562,40.61129379272461,47.83979797363281,0.848901866498428,7.402057647705078,,7.278495788574219,0.09151077270507812,1.8125190734863281,16.0
2026-10-02T06:21:51.954033+00:00,during_timestep_solve,8.333972930908203,40.44348907470703,47.83979797363281,0.8453942279814329,7.1508331298828125,,7.028076171875,0.09070587158203125,1.8125190734863281,16.0
2026-10-02T06:21:57.108276+00:00,during_timestep_solve,8.08121109008789,40.73994827270508,47.83979797363281,0.8515911437410154,7.315185546875,,7.1942596435546875,0.08887481689453125,1.8125190734863281,16.0
2026-10-02T06:22:02.279966+00:00,during_timestep_solve,7.97552490234375,40.767005920410156,47.83979797363281,0.8521567324109339,7.214107513427734,,7.095386505126953,0.086669921875,1.8075370788574219,16.0
2026-10-02T06:22:07.462556+00:00,during_timestep_solve,7.948741912841797,40.6900749206543,47.83979797363281,0.8505486361602295,7.213356018066406,,7.095207214355469,0.086090087890625,1.8075370788574219,16.0
2026-10-02T06:22:12.638454+00:00,during_timestep_solve,8.119647979736328,40.51436996459961,47.83979797363281,0.8468758581909009,7.354393005371094,,7.237239837646484,0.08509445190429688,1.8075370788574219,16.0
2026-10-02T06:22:17.803158+00:00,during_timestep_solve,8.013126373291016,40.68178939819336,47.83979797363281,0.8503754430697088,7.353687286376953,,7.2373809814453125,0.08424758911132812,1.8075370788574219,16.0
2026-10-02T06:22:22.979140+00:00,during_timestep_solve,7.907768249511719,40.69462585449219,47.83979797363281,0.8506437647776287,7.387859344482422,,7.2721099853515625,0.08369064331054688,1.8075370788574219,16.0
2026-10-02T06:22:28.153774+00:00,during_timestep_solve,8.275665283203125,40.247596740722656,47.83979797363281,0.8412994712666921,6.930999755859375,,6.817771911621094,0.08116912841796875,1.8075370788574219,16.0
2026-10-02T06:22:33.323453+00:00,during_timestep_solve,8.256229400634766,40.32487106323242,47.83979797363281,0.8429147440266723,6.893909454345703,,6.782806396484375,0.07904434204101562,1.8075370788574219,16.0
2026-10-02T06:22:38.471650+00:00,during_timestep_solve,8.198760986328125,40.33559036254883,47.83979797363281,0.8431388105940587,6.893928527832031,,6.7836456298828125,0.07822418212890625,1.8075370788574219,16.0
2026-10-02T06:22:43.670553+00:00,during_timestep_solve,7.928050994873047,40.58496856689453,47.83979797363281,0.8483515877149643,7.241008758544922,,7.132709503173828,0.07624053955078125,1.8075370788574219,16.0
2026-10-02T06:22:48.857578+00:00,during_timestep_solve,8.641242980957031,40.09257888793945,47.83979797363281,0.8380591178507216,7.232887268066406,,7.12652587890625,0.07430267333984375,1.8074150085449219,16.0
2026-10-02T06:22:54.017234+00:00,during_timestep_solve,8.403663635253906,40.32160949707031,47.83979797363281,0.8428465671885531,7.393531799316406,,7.288570404052734,0.07290267944335938,1.8074150085449219,16.0
2026-10-02T06:22:59.199199+00:00,during_timestep_solve,8.418792724609375,40.3579216003418,47.83979797363281,0.8436056026529481,7.221015930175781,,7.118602752685547,0.07035446166992188,1.8074150085449219,16.0
2026-10-02T06:23:04.369838+00:00,during_timestep_solve,8.18402099609375,40.54444122314453,47.83979797363281,0.8475044406644618,7.3609161376953125,,7.261119842529297,0.0677337646484375,1.7859420776367188,16.0
2026-10-02T06:23:09.543805+00:00,during_timestep_solve,8.217826843261719,40.37397766113281,47.83979797363281,0.8439412240700759,7.0452728271484375,,6.948417663574219,0.06479263305664062,1.7859420776367188,16.0
2026-10-02T06:23:14.724341+00:00,during_timestep_solve,8.321170806884766,40.54941940307617,47.83979797363281,0.8476085000489597,7.036563873291016,,6.940891265869141,0.06361007690429688,1.8182754516601562,16.0
2026-10-02T06:23:19.896593+00:00,during_timestep_solve,8.37430191040039,40.31515884399414,47.83979797363281,0.8427117285531615,7.104923248291016,,7.009273529052734,0.06358718872070312,1.8182754516601562,16.0
2026-10-02T06:23:25.063015+00:00,during_timestep_solve,8.741226196289062,39.89935302734375,47.83979797363281,0.8340200986913555,6.860691070556641,,6.767276763916016,0.061351776123046875,1.8214492797851562,16.0
2026-10-02T06:23:30.230406+00:00,during_timestep_solve,8.529876708984375,40.17707443237305,47.83979797363281,0.8398253365224677,6.84478759765625,,6.751495361328125,0.061229705810546875,1.8214492797851562,16.0
2026-10-02T06:23:35.414663+00:00,during_timestep_solve,8.465301513671875,40.4096794128418,47.83979797363281,0.8446875012957586,6.8318939208984375,,6.738765716552734,0.061065673828125,1.8214492797851562,16.0
2026-10-02T06:23:40.602871+00:00,during_timestep_solve,8.281147003173828,40.69752883911133,47.83979797363281,0.8507044461505044,6.861457824707031,,6.769283294677734,0.06011199951171875,1.8214492797851562,16.0
2026-10-02T06:23:45.769644+00:00,during_timestep_solve,9.664562225341797,39.21653747558594,47.83979797363281,0.8197471380878398,6.2862091064453125,,6.195354461669922,0.0587921142578125,1.8214492797851562,16.0
2026-10-02T06:23:50.952057+00:00,during_timestep_solve,8.928112030029297,40.28961944580078,47.83979797363281,0.8421778760020401,6.323516845703125,,6.232635498046875,0.058818817138671875,1.8214492797851562,16.0
2026-10-02T06:23:56.128572+00:00,during_timestep_solve,9.082633972167969,39.77073669433594,47.83979797363281,0.8313316188386877,6.312801361083984,,6.223762512207031,0.056976318359375,1.8214492797851562,16.0
2026-10-02T06:24:00.910172+00:00,after_timestep_25,9.455562591552734,39.33367919921875,47.83979797363281,0.8221957630527148,6.044639587402344,,5.9538421630859375,0.058734893798828125,1.8214492797851562,16.0
2026-10-02T06:24:01.288230+00:00,after_timestep_25,9.429641723632812,39.75237274169922,47.83979797363281,0.8309477553314287,6.095619201660156,,6.003696441650391,0.0598602294921875,1.8214492797851562,16.0
2026-10-02T06:24:06.440343+00:00,after_timestep_25,9.021846771240234,39.65163040161133,47.83979797363281,0.8288419282929572,6.378387451171875,,6.2889556884765625,0.057361602783203125,1.8214492797851562,16.0
2026-10-02T06:24:11.591108+00:00,after_timestep_25,8.940559387207031,39.73474884033203,47.83979797363281,0.8305793611886085,6.2647705078125,,6.1770172119140625,0.055683135986328125,1.8477783203125,16.0
2026-10-02T06:24:16.786187+00:00,after_timestep_25,8.897735595703125,39.90773010253906,47.83979797363281,0.8341952055176831,5.979076385498047,,5.848564147949219,0.09844207763671875,1.8477783203125,16.0
2026-10-02T06:24:21.948823+00:00,after_timestep_25,8.84743881225586,39.72770309448242,47.83979797363281,0.8304320832704725,5.970771789550781,,5.841976165771484,0.0967254638671875,1.8477783203125,16.0
2026-10-02T06:24:27.094336+00:00,after_timestep_25,8.848403930664062,39.769229888916016,47.83979797363281,0.8313001219368665,5.946510314941406,,5.839130401611328,0.07530975341796875,1.8477783203125,16.0
2026-10-02T06:24:45.505430+00:00,after_timestep_25,8.66912841796875,39.89111328125,47.83979797363281,0.8338478624687383,6.004524230957031,,5.873889923095703,0.09856414794921875,1.846710205078125,16.0
2026-10-02T06:24:50.682832+00:00,during_timestep_solve,9.894577026367188,38.644187927246094,47.83979797363281,0.8077832592132823,5.828216552734375,,5.695095062255859,0.10105133056640625,1.846588134765625,16.0
2026-10-02T06:24:55.861119+00:00,during_timestep_solve,9.136188507080078,39.430721282958984,47.83979797363281,0.8242242432689925,6.594730377197266,,6.461585998535156,0.10107421875,1.846588134765625,16.0
2026-10-02T06:25:01.047735+00:00,during_timestep_solve,8.62845230102539,39.99154281616211,47.83979797363281,0.8359471509098697,7.064739227294922,,6.931568145751953,0.10110092163085938,1.846588134765625,16.0
2026-10-02T06:25:06.209173+00:00,during_timestep_solve,8.262882232666016,42.63697052001953,47.83979797363281,0.8912447862660112,7.1685791015625,,7.035400390625,0.101104736328125,1.846588134765625,16.0
2026-10-02T06:25:11.378180+00:00,during_timestep_solve,8.219913482666016,42.6182746887207,47.83979797363281,0.8908539854664523,7.282100677490234,,7.14892578125,0.10110092163085938,1.846588134765625,16.0
2026-10-02T06:25:16.564738+00:00,during_timestep_solve,7.902946472167969,43.83031463623047,47.83979797363281,0.9161893756405034,7.3912353515625,,7.258068084716797,0.10109329223632812,1.846588134765625,16.0
2026-10-02T06:25:21.804922+00:00,during_timestep_solve,7.580810546875,44.44886016845703,47.83979797363281,0.9291188937076048,7.473163604736328,,7.3399810791015625,0.10110855102539062,1.846588134765625,16.0
2026-10-02T06:25:26.966365+00:00,during_timestep_solve,7.536827087402344,44.27857208251953,47.83979797363281,0.9255593451068487,7.527214050292969,,7.39404296875,0.10109710693359375,1.846588134765625,16.0
2026-10-02T06:25:32.144620+00:00,during_timestep_solve,8.144779205322266,40.81376647949219,47.83979797363281,0.8531341729742867,7.104190826416016,,6.9710235595703125,0.10109329223632812,1.846588134765625,16.0
2026-10-02T06:25:37.295108+00:00,during_timestep_solve,8.49951171875,40.481197357177734,47.83979797363281,0.8461824479168826,6.694450378417969,,6.561302185058594,0.10107421875,1.846588134765625,16.0
2026-10-02T06:25:42.445957+00:00,during_timestep_solve,9.039085388183594,39.88434982299805,47.83979797363281,0.8337064852360067,6.085941314697266,,5.952796936035156,0.10107040405273438,1.846588134765625,16.0
2026-10-02T06:25:47.614683+00:00,during_timestep_solve,8.983680725097656,39.87449645996094,47.83979797363281,0.8335005194197935,6.0868377685546875,,5.9536895751953125,0.10107421875,1.8465843200683594,16.0
2026-10-02T06:25:52.779285+00:00,during_timestep_solve,9.598091125488281,39.264732360839844,47.83979797363281,0.8207545605121668,6.370006561279297,,6.236865997314453,0.10106658935546875,1.8464622497558594,16.0
2026-10-02T06:25:57.932004+00:00,during_timestep_solve,9.6087646484375,39.27806091308594,47.83979797363281,0.8210331685500485,6.370006561279297,,6.236865997314453,0.10106658935546875,1.8464622497558594,16.0
2026-10-02T06:26:03.085461+00:00,during_timestep_solve,9.52157211303711,39.37447738647461,47.83979797363281,0.823048571571646,6.370002746582031,,6.236865997314453,0.10106277465820312,1.8464622497558594,16.0
2026-10-02T06:26:08.233729+00:00,during_timestep_solve,9.440948486328125,39.454200744628906,47.83979797363281,0.8247150367644597,6.364555358886719,,6.2314300537109375,0.10105133056640625,1.8464622497558594,16.0
2026-10-02T06:26:13.382266+00:00,during_timestep_solve,9.386528015136719,39.52756881713867,47.83979797363281,0.8262486567966806,6.309459686279297,,6.176334381103516,0.10105133056640625,1.8464622497558594,16.0
2026-10-02T06:26:18.532873+00:00,during_timestep_solve,9.315933227539062,39.61397171020508,47.83979797363281,0.8280547449644029,6.309459686279297,,6.176334381103516,0.10105133056640625,1.8464622497558594,16.0
2026-10-02T06:26:23.704988+00:00,during_timestep_solve,9.431991577148438,39.508758544921875,47.83979797363281,0.8258554638273632,6.309455871582031,,6.176334381103516,0.10104751586914062,1.8464622497558594,16.0
2026-10-02T06:26:28.857019+00:00,during_timestep_solve,9.519184112548828,39.41445541381836,47.83979797363281,0.8238842362073073,6.1694488525390625,,6.036308288574219,0.10106658935546875,1.8463401794433594,16.0
2026-10-02T06:26:34.019042+00:00,during_timestep_solve,8.850105285644531,40.023170471191406,47.83979797363281,0.8366082668921473,6.716941833496094,,6.583789825439453,0.10107803344726562,1.8463401794433594,16.0
2026-10-02T06:26:39.192468+00:00,during_timestep_solve,8.670906066894531,40.19154739379883,47.83979797363281,0.8401278662579352,6.822834014892578,,6.689674377441406,0.10108566284179688,1.8463401794433594,16.0
2026-10-02T06:26:44.356822+00:00,during_timestep_solve,8.25008773803711,40.62165451049805,47.83979797363281,0.8491184376005708,7.243961334228516,,7.110786437988281,0.10110092163085938,1.8463401794433594,16.0
2026-10-02T06:26:49.505741+00:00,during_timestep_solve,8.11136245727539,40.702789306640625,47.83979797363281,0.8508144062204068,7.285514831542969,,7.152339935302734,0.10110092163085938,1.8463401794433594,16.0
2026-10-02T06:26:54.679183+00:00,during_timestep_solve,8.754150390625,40.11464309692383,47.83979797363281,0.8385203281801744,7.534889221191406,,7.401710510253906,0.101104736328125,1.8463401794433594,16.0
2026-10-02T06:26:59.857209+00:00,during_timestep_solve,8.91305160522461,39.904483795166016,47.83979797363281,0.8341273476355315,7.285514831542969,,7.152336120605469,0.101104736328125,1.8463401794433594,16.0
2026-10-02T06:27:05.036195+00:00,during_timestep_solve,8.520526885986328,40.31806564331055,47.83979797363281,0.8427724896650293,7.590305328369141,,7.457126617431641,0.101104736328125,1.7953147888183594,16.0
2026-10-02T06:27:10.221352+00:00,during_timestep_solve,8.654335021972656,40.39239501953125,47.83979797363281,0.8443262039232222,7.3876800537109375,,7.254405975341797,0.101104736328125,1.7953147888183594,16.0
2026-10-02T06:27:15.395015+00:00,during_timestep_solve,8.28457260131836,40.57618713378906,47.83979797363281,0.8481680285554899,7.5904083251953125,,7.457134246826172,0.101104736328125,1.7953147888183594,16.0
2026-10-02T06:27:20.572472+00:00,during_timestep_solve,8.499000549316406,40.36066436767578,47.83979797363281,0.8436629349881619,7.355655670166016,,7.222381591796875,0.101104736328125,1.7953147888183594,16.0
2026-10-02T06:27:25.738997+00:00,during_timestep_solve,8.45773696899414,40.39396667480469,47.83979797363281,0.8443590563879066,7.355640411376953,,7.2223663330078125,0.101104736328125,1.7953147888183594,16.0
2026-10-02T06:27:30.930402+00:00,during_timestep_solve,8.367267608642578,40.46611404418945,47.83979797363281,0.8458671599427028,7.355640411376953,,7.2223663330078125,0.101104736328125,1.7953147888183594,16.0
2026-10-02T06:27:36.102307+00:00,during_timestep_solve,8.257133483886719,40.579429626464844,47.83979797363281,0.8482358066986494,7.390659332275391,,7.25738525390625,0.101104736328125,1.7953147888183594,16.0
2026-10-02T06:27:41.277396+00:00,during_timestep_solve,8.59249496459961,40.23531723022461,47.83979797363281,0.8410427914515973,6.936222076416016,,6.802982330322266,0.10107040405273438,1.7953147888183594,16.0
2026-10-02T06:27:46.452820+00:00,during_timestep_solve,8.583904266357422,40.24922180175781,47.83979797363281,0.8413334400772638,6.901126861572266,,6.7679443359375,0.10101318359375,1.7953147888183594,16.0
2026-10-02T06:27:51.624189+00:00,during_timestep_solve,8.873649597167969,39.95024108886719,47.83979797363281,0.8350838168440009,6.901119232177734,,6.767936706542969,0.10101318359375,1.7953147888183594,16.0
2026-10-02T06:27:56.786228+00:00,during_timestep_solve,8.961723327636719,39.83554458618164,47.83979797363281,0.8326863045729674,7.287746429443359,,7.154560089111328,0.10101699829101562,1.7953147888183594,16.0
2026-10-02T06:28:01.951862+00:00,during_timestep_solve,8.790748596191406,39.99920654296875,47.83979797363281,0.8361073465447022,7.287750244140625,,7.1545562744140625,0.10102462768554688,1.7953147888183594,16.0
2026-10-02T06:28:07.134236+00:00,during_timestep_solve,8.663070678710938,40.292747497558594,47.83979797363281,0.8422432619754411,7.454032897949219,,7.320838928222656,0.10102462768554688,1.7953147888183594,16.0
2026-10-02T06:28:12.296171+00:00,during_timestep_solve,8.74100112915039,39.9705810546875,47.83979797363281,0.8355089851490912,7.287761688232422,,7.154563903808594,0.1010284423828125,1.7953147888183594,16.0
2026-10-02T06:28:17.482633+00:00,during_timestep_solve,8.39779281616211,40.41262435913086,47.83979797363281,0.8447490597975459,7.537151336669922,,7.403953552246094,0.1010284423828125,1.7953147888183594,16.0
2026-10-02T06:28:22.661351+00:00,during_timestep_solve,8.54952621459961,40.19722366333008,47.83979797363281,0.8402465178779605,7.287750244140625,,7.154552459716797,0.1010284423828125,1.7953147888183594,16.0
2026-10-02T06:28:27.829135+00:00,during_timestep_solve,8.164012908935547,40.58476638793945,47.83979797363281,0.8483473615483909,7.592536926269531,,7.459339141845703,0.1010284423828125,1.7953147888183594,16.0
2026-10-02T06:28:33.003774+00:00,during_timestep_solve,8.333740234375,40.49432373046875,47.83979797363281,0.8464568297881909,7.357746124267578,,7.224597930908203,0.10097885131835938,1.7953147888183594,16.0
2026-10-02T06:28:38.166554+00:00,during_timestep_solve,8.056659698486328,40.71879577636719,47.83979797363281,0.8511489910306392,7.3568267822265625,,7.223602294921875,0.10105514526367188,1.7953147888183594,16.0
2026-10-02T06:28:43.336890+00:00,during_timestep_solve,7.888206481933594,40.797306060791016,47.83979797363281,0.852790099224012,7.354515075683594,,7.221282958984375,0.10106277465820312,1.7953147888183594,16.0
2026-10-02T06:28:48.526566+00:00,during_timestep_solve,7.5067138671875,41.31132888793945,47.83979797363281,0.863534768911617,7.284343719482422,,7.151142120361328,0.10103225708007812,1.7953147888183594,16.0
2026-10-02T06:28:53.726277+00:00,during_timestep_solve,7.7154388427734375,41.132564544677734,47.83979797363281,0.8597980402707426,7.284358978271484,,7.151142120361328,0.10104751586914062,1.7953147888183594,16.0
2026-10-02T06:28:58.917216+00:00,during_timestep_solve,8.335220336914062,40.51115036010742,47.83979797363281,0.846808558481693,7.005134582519531,,6.871917724609375,0.10104751586914062,1.7953147888183594,16.0
2026-10-02T06:29:04.084720+00:00,during_timestep_solve,8.363189697265625,40.442378997802734,47.83979797363281,0.8453710239347748,6.900081634521484,,6.766849517822266,0.10106277465820312,1.7953147888183594,16.0
2026-10-02T06:29:08.550036+00:00,after_timestep_26,8.458843231201172,40.35005187988281,47.83979797363281,0.8434411011125503,6.620876312255859,,6.4876556396484375,0.10104751586914062,1.7951927185058594,16.0
2026-10-02T06:29:09.253326+00:00,after_timestep_26,8.374759674072266,40.7293815612793,47.83979797363281,0.8513702667333072,6.685749053955078,,6.5525054931640625,0.10107040405273438,1.7951927185058594,16.0
2026-10-02T06:29:14.410631+00:00,after_timestep_26,8.113754272460938,40.57548904418945,47.83979797363281,0.8481534363199625,6.8728790283203125,,6.739635467529297,0.10107040405273438,1.7951927185058594,16.0
2026-10-02T06:29:19.566040+00:00,after_timestep_26,7.889209747314453,40.65106964111328,47.83979797363281,0.849733304967516,6.872871398925781,,6.739627838134766,0.10107040405273438,1.7951927185058594,16.0
2026-10-02T06:29:24.717784+00:00,after_timestep_26,7.90203857421875,40.53574752807617,47.83979797363281,0.8473227155018023,6.685710906982422,,6.527523040771484,0.12601470947265625,1.7951927185058594,16.0
2026-10-02T06:29:30.017414+00:00,after_timestep_26,8.85953140258789,40.62348175048828,47.83979797363281,0.849156632577716,5.754913330078125,,5.633548736572266,0.097381591796875,1.8039627075195312,16.0
2026-10-02T06:29:35.210104+00:00,after_timestep_26,9.274421691894531,40.686275482177734,47.83979797363281,0.8504692161242449,5.992767333984375,,5.89739990234375,0.07138442993164062,1.8039627075195312,16.0
2026-10-02T06:29:53.064052+00:00,after_timestep_26,8.96295166015625,40.913002014160156,47.83979797363281,0.855208503110937,6.058368682861328,,5.934757232666016,0.09962844848632812,1.8039627075195312,16.0
2026-10-02T06:29:58.256460+00:00,during_timestep_solve,9.996551513671875,40.11265182495117,47.83979797363281,0.8384787044263753,5.922252655029297,,5.796852111816406,0.10149002075195312,1.8039627075195312,16.0
2026-10-02T06:30:03.443291+00:00,during_timestep_solve,9.333457946777344,40.79191589355469,47.83979797363281,0.8526774280283832,6.625053405761719,,6.499366760253906,0.10181808471679688,1.8039627075195312,16.0
2026-10-02T06:30:08.615074+00:00,during_timestep_solve,8.748588562011719,41.3488655090332,47.83979797363281,0.8643194005924288,7.131114959716797,,7.0054473876953125,0.10184478759765625,1.8039627075195312,16.0
2026-10-02T06:30:13.781578+00:00,during_timestep_solve,8.643817901611328,43.672767639160156,47.83979797363281,0.9128961552728684,7.250972747802734,,7.125450134277344,0.10184860229492188,1.8039627075195312,16.0
2026-10-02T06:30:18.949288+00:00,during_timestep_solve,8.413143157958984,43.82853698730469,47.83979797363281,0.9161522172702536,7.3733978271484375,,7.248008728027344,0.10186767578125,1.8039627075195312,16.0
2026-10-02T06:30:24.109961+00:00,during_timestep_solve,8.230121612548828,44.76588821411133,47.83979797363281,0.9357457621117947,7.484550476074219,,7.359363555908203,0.10187530517578125,1.8039627075195312,16.0
2026-10-02T06:30:29.276472+00:00,during_timestep_solve,8.053421020507812,44.866085052490234,47.83979797363281,0.937840186474417,7.577861785888672,,7.452930450439453,0.10187530517578125,1.8039627075195312,16.0
2026-10-02T06:30:34.446802+00:00,during_timestep_solve,8.37789535522461,41.81949996948242,47.83979797363281,0.8741571189855669,7.164337158203125,,7.0396575927734375,0.10187911987304688,1.8039627075195312,16.0
2026-10-02T06:30:39.618365+00:00,during_timestep_solve,8.297550201416016,41.92044448852539,47.83979797363281,0.8762671721906119,7.164585113525391,,7.040031433105469,0.10187911987304688,1.8039627075195312,16.0
2026-10-02T06:30:44.782342+00:00,during_timestep_solve,9.233959197998047,40.96923065185547,47.83979797363281,0.8563838558523157,6.149925231933594,,6.025463104248047,0.10187911987304688,1.8039627075195312,16.0
2026-10-02T06:30:49.955926+00:00,during_timestep_solve,9.057239532470703,41.11528396606445,47.83979797363281,0.8594368226371981,6.130973815917969,,6.006549835205078,0.10187911987304688,1.8039627075195312,16.0
2026-10-02T06:30:55.124414+00:00,during_timestep_solve,8.801200866699219,41.74728012084961,47.83979797363281,0.8726475003899237,6.361469268798828,,6.237178802490234,0.10187149047851562,1.8037185668945312,16.0
2026-10-02T06:31:00.300489+00:00,during_timestep_solve,9.733226776123047,40.587711334228516,47.83979797363281,0.8484089200501782,6.4043731689453125,,6.280155181884766,0.10187530517578125,1.8037185668945312,16.0
2026-10-02T06:31:05.453526+00:00,during_timestep_solve,9.655357360839844,40.658599853515625,47.83979797363281,0.84989070973763,6.404296875,,6.280155181884766,0.10187530517578125,1.8037185668945312,16.0
2026-10-02T06:31:10.606648+00:00,during_timestep_solve,9.571178436279297,40.74455261230469,47.83979797363281,0.8516873887043019,6.404254913330078,,6.2801666259765625,0.1018829345703125,1.8037185668945312,16.0
2026-10-02T06:31:15.770481+00:00,during_timestep_solve,9.48653793334961,40.817047119140625,47.83979797363281,0.8532027485073658,6.404090881347656,,6.2801666259765625,0.10187530517578125,1.8037185668945312,16.0
2026-10-02T06:31:20.936883+00:00,during_timestep_solve,9.388019561767578,40.90650939941406,47.83979797363281,0.8550727873466341,6.403911590576172,,6.280158996582031,0.10186767578125,1.8037185668945312,16.0
2026-10-02T06:31:26.088929+00:00,during_timestep_solve,9.301910400390625,40.98933410644531,47.83979797363281,0.856804080339905,6.403705596923828,,6.280158996582031,0.10177993774414062,1.8037185668945312,16.0
2026-10-02T06:31:31.245670+00:00,during_timestep_solve,9.22140121459961,41.08488845825195,47.83979797363281,0.8588014623493212,6.403472900390625,,6.280158996582031,0.10177993774414062,1.8037185668945312,16.0
2026-10-02T06:31:36.411987+00:00,during_timestep_solve,8.698410034179688,41.55895233154297,47.83979797363281,0.8687108660962245,6.913509368896484,,6.790309906005859,0.10177993774414062,1.8037185668945312,16.0
2026-10-02T06:31:41.595924+00:00,during_timestep_solve,8.700870513916016,41.55544662475586,47.83979797363281,0.8686375859626203,6.808254241943359,,6.685245513916016,0.10177993774414062,1.8037185668945312,16.0
2026-10-02T06:31:46.765179+00:00,during_timestep_solve,8.516788482666016,41.742427825927734,47.83979797363281,0.8725460723921602,6.913887023925781,,6.791130065917969,0.10178375244140625,1.8037185668945312,16.0
2026-10-02T06:31:51.933423+00:00,during_timestep_solve,8.148815155029297,42.18359375,47.83979797363281,0.8817678070724658,7.196437835693359,,7.073883056640625,0.10178375244140625,1.8037185668945312,16.0
2026-10-02T06:31:57.093073+00:00,during_timestep_solve,7.863044738769531,42.564857482910156,47.83979797363281,0.8897374003621427,7.404087066650391,,7.281711578369141,0.10178375244140625,1.8037185668945312,16.0
2026-10-02T06:32:02.258333+00:00,during_timestep_solve,8.944541931152344,41.32108688354492,47.83979797363281,0.8637387412530313,7.237602233886719,,7.115428924560547,0.10178756713867188,1.8037185668945312,16.0
2026-10-02T06:32:07.429394+00:00,during_timestep_solve,8.703548431396484,41.70893096923828,47.83979797363281,0.8718458843038259,7.403724670410156,,7.281703948974609,0.10179519653320312,1.8037185668945312,16.0
2026-10-02T06:32:12.594019+00:00,during_timestep_solve,8.779163360595703,41.49729919433594,47.83979797363281,0.8674221245082895,7.237255096435547,,7.115436553955078,0.10179901123046875,1.8037185668945312,16.0
2026-10-02T06:32:17.761404+00:00,during_timestep_solve,8.53659439086914,41.884666442871094,47.83979797363281,0.8755193001850902,7.403270721435547,,7.281669616699219,0.10180282592773438,1.8037185668945312,16.0
2026-10-02T06:32:22.929572+00:00,during_timestep_solve,8.566326141357422,41.70121383666992,47.83979797363281,0.8716845723231063,7.306858062744141,,7.185482025146484,0.10180282592773438,1.8037185668945312,16.0
2026-10-02T06:32:28.088901+00:00,during_timestep_solve,8.491653442382812,41.77405548095703,47.83979797363281,0.8732071883744377,7.306682586669922,,7.185482025146484,0.10180282592773438,1.8037185668945312,16.0
2026-10-02T06:32:33.267476+00:00,during_timestep_solve,9.333038330078125,40.435791015625,47.83979797363281,0.845233314695673,7.306507110595703,,7.1855010986328125,0.10180282592773438,1.8037185668945312,16.0
2026-10-02T06:32:38.446145+00:00,during_timestep_solve,9.472553253173828,40.52457046508789,47.83979797363281,0.8470890802553817,7.236286163330078,,7.115455627441406,0.10180282592773438,1.8037185668945312,16.0
2026-10-02T06:32:43.634263+00:00,during_timestep_solve,9.031723022460938,40.86037063598633,47.83979797363281,0.8541083442389694,7.341365814208984,,7.220523834228516,0.1018218994140625,1.8037185668945312,16.0
2026-10-02T06:32:48.857437+00:00,during_timestep_solve,8.729507446289062,41.14720153808594,47.83979797363281,0.860103998782864,6.886833190917969,,6.766117095947266,0.10182571411132812,1.8037185668945312,16.0
2026-10-02T06:32:54.069186+00:00,during_timestep_solve,8.555740356445312,41.40415573120117,47.83979797363281,0.8654751375417872,6.851661682128906,,6.7310943603515625,0.10182571411132812,1.8037185668945312,16.0
2026-10-02T06:32:59.244083+00:00,during_timestep_solve,8.501655578613281,41.480751037597656,47.83979797363281,0.8670762167612,6.851524353027344,,6.7310943603515625,0.10182571411132812,1.8037185668945312,16.0
2026-10-02T06:33:04.413717+00:00,during_timestep_solve,8.928264617919922,41.067691802978516,47.83979797363281,0.8584419989735997,7.343151092529297,,7.222927093505859,0.10182952880859375,1.8035964965820312,16.0
2026-10-02T06:33:09.611383+00:00,during_timestep_solve,8.912452697753906,41.05646896362305,47.83979797363281,0.8582074068592757,7.238117218017578,,7.117851257324219,0.10182952880859375,1.8035964965820312,16.0
2026-10-02T06:33:14.792175+00:00,during_timestep_solve,8.698707580566406,41.38430404663086,47.83979797363281,0.8650601758276668,7.404399871826172,,7.2841339111328125,0.10182952880859375,1.8035964965820312,16.0
2026-10-02T06:33:19.963909+00:00,during_timestep_solve,8.742782592773438,41.149784088134766,47.83979797363281,0.8601579820804158,7.238010406494141,,7.117851257324219,0.10182952880859375,1.8035964965820312,16.0
2026-10-02T06:33:25.130753+00:00,during_timestep_solve,8.282752990722656,42.266998291015625,47.83979797363281,0.8835112203925136,7.404163360595703,,7.284141540527344,0.10182952880859375,1.8035964965820312,16.0
2026-10-02T06:33:30.317508+00:00,during_timestep_solve,8.349876403808594,41.948097229003906,47.83979797363281,0.876845200143275,7.237689971923828,,7.117851257324219,0.10182952880859375,1.8035964965820312,16.0
2026-10-02T06:33:35.505596+00:00,during_timestep_solve,8.100032806396484,42.362831115722656,47.83979797363281,0.8855144233483423,7.403778076171875,,7.284126281738281,0.10182952880859375,1.8035964965820312,16.0
2026-10-02T06:33:40.689279+00:00,during_timestep_solve,8.140312194824219,42.18305587768555,47.83979797363281,0.8817565638746006,7.307380676269531,,7.1879119873046875,0.10182952880859375,1.8035964965820312,16.0
2026-10-02T06:33:45.863605+00:00,during_timestep_solve,8.065040588378906,42.26172637939453,47.83979797363281,0.8834010211056353,7.307273864746094,,7.1879119873046875,0.10182952880859375,1.8035964965820312,16.0
2026-10-02T06:33:51.045979+00:00,during_timestep_solve,7.96295166015625,42.34573745727539,47.83979797363281,0.8851571129254036,7.30712890625,,7.1879119873046875,0.10184860229492188,1.8035964965820312,16.0
2026-10-02T06:33:56.238074+00:00,during_timestep_solve,7.787677764892578,42.53654098510742,47.83979797363281,0.8891454978248797,7.306850433349609,,7.1879119873046875,0.10184860229492188,1.8035964965820312,16.0
2026-10-02T06:34:01.436340+00:00,during_timestep_solve,8.60333251953125,41.705589294433594,47.83979797363281,0.8717760329468757,7.341632843017578,,7.222938537597656,0.10184860229492188,1.8035964965820312,16.0
2026-10-02T06:34:06.639757+00:00,during_timestep_solve,9.048198699951172,41.33229446411133,47.83979797363281,0.8639730144113875,6.886920928955078,,6.768474578857422,0.10184860229492188,1.8035964965820312,16.0
2026-10-02T06:34:11.823922+00:00,during_timestep_solve,8.994949340820312,41.360172271728516,47.83979797363281,0.8645557469645758,6.851665496826172,,6.7334442138671875,0.10184860229492188,1.8035964965820312,16.0
2026-10-02T06:34:17.030714+00:00,during_timestep_solve,8.65554428100586,41.70512390136719,47.83979797363281,0.8717663047898575,6.851497650146484,,6.7334442138671875,0.10190200805664062,1.8032302856445312,16.0
2026-10-02T06:34:21.187854+00:00,after_timestep_27,8.786376953125,41.58544921875,47.83979797363281,0.8692647331343261,6.572174072265625,,6.454296112060547,0.1019287109375,1.8032302856445312,16.0
2026-10-02T06:34:22.263550+00:00,after_timestep_27,8.626174926757812,42.08205795288086,47.83979797363281,0.8796453943236682,6.659259796142578,,6.541416168212891,0.10194015502929688,1.8031082153320312,16.0
2026-10-02T06:34:27.441439+00:00,after_timestep_27,8.275196075439453,41.862152099609375,47.83979797363281,0.875048680654587,6.824607849121094,,6.706958770751953,0.10194015502929688,1.7974929809570312,16.0
2026-10-02T06:34:32.599443+00:00,after_timestep_27,8.522075653076172,41.91997528076172,47.83979797363281,0.8762573642946018,6.0345001220703125,,5.958671569824219,0.060741424560546875,1.811981201171875,16.0
2026-10-02T06:34:37.763415+00:00,after_timestep_27,8.544639587402344,41.74810028076172,47.83979797363281,0.8726646442731935,5.861888885498047,,5.749702453613281,0.097320556640625,1.811981201171875,16.0
2026-10-02T06:34:42.993385+00:00,after_timestep_27,8.46713638305664,41.92138671875,47.83979797363281,0.8762868677216241,5.870292663574219,,5.749702453613281,0.105926513671875,1.7717552185058594,16.0
2026-10-02T06:34:48.178884+00:00,after_timestep_27,8.406665802001953,41.876808166503906,47.83979797363281,0.8753550378616681,6.001728057861328,,5.907665252685547,0.07960128784179688,1.7717552185058594,16.0
2026-10-02T06:35:06.818646+00:00,after_timestep_27,9.199077606201172,42.020599365234375,47.83979797363281,0.8783607194243227,6.054737091064453,,5.942180633544922,0.09849929809570312,1.7717552185058594,16.0
2026-10-02T06:35:11.989600+00:00,during_timestep_solve,9.500869750976562,40.709293365478516,47.83979797363281,0.8509503612016858,5.903072357177734,,5.787944793701172,0.10151290893554688,1.7717552185058594,16.0
2026-10-02T06:35:17.160526+00:00,during_timestep_solve,8.775615692138672,41.498939514160156,47.83979797363281,0.8674564122748291,6.649932861328125,,6.535015106201172,0.10151290893554688,1.7717552185058594,16.0
2026-10-02T06:35:22.360372+00:00,during_timestep_solve,8.287105560302734,41.9421501159668,47.83979797363281,0.8767208870548212,7.084735870361328,,6.969974517822266,0.10151290893554688,1.7717552185058594,16.0
2026-10-02T06:35:27.540577+00:00,during_timestep_solve,8.03704833984375,44.710594177246094,47.83979797363281,0.9345899454234443,7.190563201904297,,7.075931549072266,0.10151290893554688,1.7717552185058594,16.0
2026-10-02T06:35:32.710355+00:00,during_timestep_solve,7.8565826416015625,44.63123321533203,47.83979797363281,0.9329310554348662,7.302265167236328,,7.187774658203125,0.10152053833007812,1.7717552185058594,16.0
2026-10-02T06:35:37.874893+00:00,during_timestep_solve,7.5478515625,45.72591018676758,47.83979797363281,0.955813195782509,7.411647796630859,,7.29730224609375,0.10152435302734375,1.7717552185058594,16.0
2026-10-02T06:35:43.050866+00:00,during_timestep_solve,7.366291046142578,45.850704193115234,47.83979797363281,0.9584217771652406,7.496772766113281,,7.382572174072266,0.10152816772460938,1.7717552185058594,16.0
2026-10-02T06:35:48.222171+00:00,during_timestep_solve,7.243152618408203,45.843570709228516,47.83979797363281,0.9582726652502895,7.552013397216797,,7.438014984130859,0.10152816772460938,1.7717552185058594,16.0
2026-10-02T06:35:53.388394+00:00,during_timestep_solve,7.626796722412109,42.658626556396484,47.83979797363281,0.8916974645233251,7.117240905761719,,7.003395080566406,0.10152816772460938,1.7717552185058594,16.0
2026-10-02T06:35:58.559558+00:00,during_timestep_solve,7.951183319091797,42.31072998046875,47.83979797363281,0.8844253481962562,6.709896087646484,,6.5962066650390625,0.10153961181640625,1.7717552185058594,16.0
2026-10-02T06:36:03.735328+00:00,during_timestep_solve,8.426197052001953,41.83890914916992,47.83979797363281,0.8745628309766208,6.095191955566406,,5.981670379638672,0.10153961181640625,1.7717552185058594,16.0
2026-10-02T06:36:08.910634+00:00,during_timestep_solve,9.461700439453125,40.72611999511719,47.83979797363281,0.8513020898951879,6.1124725341796875,,5.999111175537109,0.1015472412109375,1.7716331481933594,16.0
2026-10-02T06:36:14.101042+00:00,during_timestep_solve,9.177677154541016,41.05003356933594,47.83979797363281,0.858072887179852,6.337741851806641,,6.224475860595703,0.1016082763671875,1.7715110778808594,16.0
2026-10-02T06:36:19.277128+00:00,during_timestep_solve,9.0791015625,41.17451858520508,47.83979797363281,0.8606750097042353,6.337551116943359,,6.224475860595703,0.1016082763671875,1.7715110778808594,16.0
2026-10-02T06:36:24.450082+00:00,during_timestep_solve,9.100780487060547,41.136810302734375,47.83979797363281,0.8598867897687856,6.33740234375,,6.224475860595703,0.1016082763671875,1.7715110778808594,16.0
2026-10-02T06:36:29.623706+00:00,during_timestep_solve,9.00250244140625,41.22130584716797,47.83979797363281,0.8616530084405318,6.337253570556641,,6.224475860595703,0.1016082763671875,1.7715110778808594,16.0
2026-10-02T06:36:34.788724+00:00,during_timestep_solve,8.918621063232422,41.30400085449219,47.83979797363281,0.8633815903080764,6.337100982666016,,6.224475860595703,0.1016082763671875,1.7715110778808594,16.0
2026-10-02T06:36:39.954063+00:00,during_timestep_solve,8.838016510009766,41.387855529785156,47.83979797363281,0.8651344128291745,6.336952209472656,,6.224475860595703,0.1016082763671875,1.7715110778808594,16.0
2026-10-02T06:36:45.123382+00:00,during_timestep_solve,8.759990692138672,41.437744140625,47.83979797363281,0.8661772393659283,6.3367767333984375,,6.224475860595703,0.1016082763671875,1.7715110778808594,16.0
2026-10-02T06:36:50.292659+00:00,during_timestep_solve,8.640140533447266,41.59347915649414,47.83979797363281,0.869432583712386,6.336639404296875,,6.2244720458984375,0.1016082763671875,1.7715110778808594,16.0
2026-10-02T06:36:55.455918+00:00,during_timestep_solve,8.73324203491211,41.50001907348633,47.83979797363281,0.8674789784095516,6.196479797363281,,6.084423065185547,0.1016082763671875,1.7715110778808594,16.0
2026-10-02T06:37:00.644564+00:00,during_timestep_solve,7.879451751708984,42.28584671020508,47.83979797363281,0.8839052107517505,6.7389373779296875,,6.627021789550781,0.10161209106445312,1.7715110778808594,16.0
2026-10-02T06:37:05.844538+00:00,during_timestep_solve,7.887260437011719,42.295169830322266,47.83979797363281,0.8841000928480822,6.844615936279297,,6.73284912109375,0.10161209106445312,1.7715110778808594,16.0
2026-10-02T06:37:11.039137+00:00,during_timestep_solve,8.542770385742188,41.65510177612305,47.83979797363281,0.8707206873883854,7.127208709716797,,7.015590667724609,0.10161590576171875,1.7715110778808594,16.0
2026-10-02T06:37:16.221810+00:00,during_timestep_solve,8.424537658691406,41.74348068237305,47.83979797363281,0.8725680803539391,7.168617248535156,,7.057151794433594,0.10161590576171875,1.7715110778808594,16.0
2026-10-02T06:37:21.403323+00:00,during_timestep_solve,8.191059112548828,42.12971496582031,47.83979797363281,0.8806415735501298,7.334774017333984,,7.223411560058594,0.10161590576171875,1.7715110778808594,16.0
2026-10-02T06:37:26.596208+00:00,during_timestep_solve,8.212474822998047,41.993682861328125,47.83979797363281,0.8777980810971064,7.1683807373046875,,7.057151794433594,0.10161590576171875,1.7715110778808594,16.0
2026-10-02T06:37:31.772277+00:00,during_timestep_solve,7.982574462890625,42.37017059326172,47.83979797363281,0.8856678411688588,7.334522247314453,,7.223426818847656,0.10161590576171875,1.7715110778808594,16.0
2026-10-02T06:37:36.944829+00:00,during_timestep_solve,8.062294006347656,42.14881896972656,47.83979797363281,0.8810409064218275,7.168144226074219,,7.057151794433594,0.10161590576171875,1.7715110778808594,16.0
2026-10-02T06:37:42.121156+00:00,during_timestep_solve,7.807712554931641,42.54246139526367,47.83979797363281,0.8892692527403899,7.334381103515625,,7.2234344482421875,0.10161590576171875,1.7715110778808594,16.0
2026-10-02T06:37:47.305823+00:00,during_timestep_solve,7.822853088378906,42.388954162597656,47.83979797363281,0.8860604759652325,7.2381439208984375,,7.127220153808594,0.10161590576171875,1.7715110778808594,16.0
2026-10-02T06:37:52.476542+00:00,during_timestep_solve,7.755775451660156,42.432437896728516,47.83979797363281,0.8869694207344981,7.238124847412109,,7.127220153808594,0.10161590576171875,1.7715110778808594,16.0
2026-10-02T06:37:57.652184+00:00,during_timestep_solve,7.6871795654296875,42.50213623046875,47.83979797363281,0.8884263318564609,7.238105773925781,,7.127220153808594,0.10161590576171875,1.7715110778808594,16.0
2026-10-02T06:38:02.832783+00:00,during_timestep_solve,7.6210784912109375,42.56492233276367,47.83979797363281,0.8897387559250058,7.168025970458984,,7.057159423828125,0.10161590576171875,1.7715110778808594,16.0
2026-10-02T06:38:08.009364+00:00,during_timestep_solve,7.550773620605469,42.637451171875,47.83979797363281,0.8912548333789972,7.167911529541016,,7.057159423828125,0.10161590576171875,1.7715110778808594,16.0
2026-10-02T06:38:13.200215+00:00,during_timestep_solve,8.737972259521484,41.44313430786133,47.83979797363281,0.866289910561557,6.888568878173828,,6.777946472167969,0.10161590576171875,1.7715110778808594,16.0
2026-10-02T06:38:18.371901+00:00,during_timestep_solve,8.761432647705078,41.42359924316406,47.83979797363281,0.8658815671837687,6.783363342285156,,6.672855377197266,0.10161590576171875,1.7715110778808594,16.0
2026-10-02T06:38:23.551097+00:00,during_timestep_solve,8.51052474975586,41.67850875854492,47.83979797363281,0.8712099658430054,6.9600982666015625,,6.849693298339844,0.10162734985351562,1.7715110778808594,16.0
2026-10-02T06:38:28.725318+00:00,during_timestep_solve,8.244152069091797,41.95437240600586,47.83979797363281,0.8769763707850368,7.17010498046875,,7.059810638427734,0.10162734985351562,1.7715110778808594,16.0
2026-10-02T06:38:33.905011+00:00,during_timestep_solve,8.215072631835938,41.98398208618164,47.83979797363281,0.8775953048405715,7.1699981689453125,,7.059818267822266,0.10162734985351562,1.7715110778808594,16.0
2026-10-02T06:38:39.101233+00:00,during_timestep_solve,7.8242034912109375,42.36552810668945,47.83979797363281,0.8855707988156527,7.474666595458984,,7.364612579345703,0.10162734985351562,1.7715110778808594,16.0
2026-10-02T06:38:44.299179+00:00,during_timestep_solve,7.876609802246094,42.41722106933594,47.83979797363281,0.8866513418956,7.336067199707031,,7.226093292236328,0.10162734985351562,1.7715110778808594,16.0
2026-10-02T06:38:49.493823+00:00,during_timestep_solve,7.6525726318359375,42.46993637084961,47.83979797363281,0.8877532550253905,7.4744873046875,,7.364585876464844,0.10162734985351562,1.7715110778808594,16.0
2026-10-02T06:38:54.687744+00:00,during_timestep_solve,7.689327239990234,42.55568313598633,47.83979797363281,0.8895456280864971,7.335914611816406,,7.226104736328125,0.10162734985351562,1.7715110778808594,16.0
2026-10-02T06:38:59.879802+00:00,during_timestep_solve,7.290687561035156,42.80453109741211,47.83979797363281,0.8947473214875213,7.474315643310547,,7.364612579345703,0.10162734985351562,1.7715110778808594,16.0
2026-10-02T06:39:05.072778+00:00,during_timestep_solve,7.638736724853516,42.454872131347656,47.83979797363281,0.8874383657461704,7.2394866943359375,,7.129878997802734,0.10162734985351562,1.7715110778808594,16.0
2026-10-02T06:39:10.255916+00:00,during_timestep_solve,8.496070861816406,41.586265563964844,47.83979797363281,0.8692817972786039,7.2393951416015625,,7.129878997802734,0.10162734985351562,1.7715110778808594,16.0
2026-10-02T06:39:15.419891+00:00,during_timestep_solve,8.441791534423828,41.644283294677734,47.83979797363281,0.8704945476072082,7.239341735839844,,7.129878997802734,0.10162734985351562,1.7715110778808594,16.0
2026-10-02T06:39:20.599205+00:00,during_timestep_solve,8.314117431640625,41.79023361206055,47.83979797363281,0.8735453614393079,7.274272918701172,,7.164894104003906,0.10162734985351562,1.7715110778808594,16.0
2026-10-02T06:39:25.788095+00:00,during_timestep_solve,8.784576416015625,41.30644989013672,47.83979797363281,0.8634327827409098,6.714603424072266,,6.605373382568359,0.10157394409179688,1.7715110778808594,16.0
2026-10-02T06:39:30.966291+00:00,during_timestep_solve,8.853313446044922,41.52993392944336,47.83979797363281,0.8681042915844425,5.949657440185547,,5.880222320556641,0.0619049072265625,1.7715110778808594,16.0
2026-10-02T06:39:36.136871+00:00,during_timestep_solve,9.01491928100586,41.55824279785156,47.83979797363281,0.8686960346437214,6.1162109375,,6.046146392822266,0.06259536743164062,1.8126296997070312,16.0
2026-10-02T06:39:40.550742+00:00,after_timestep_28,9.197219848632812,41.33396530151367,47.83979797363281,0.8640079400898627,5.908966064453125,,5.837368011474609,0.0641937255859375,1.8125076293945312,16.0
2026-10-02T06:39:41.310881+00:00,after_timestep_28,9.114410400390625,41.83766555786133,47.83979797363281,0.8745368360652443,5.9962921142578125,,5.923309326171875,0.0655975341796875,1.8125076293945312,16.0
2026-10-02T06:39:46.512103+00:00,after_timestep_28,8.724418640136719,41.67708206176758,47.83979797363281,0.8711801434600152,6.214019775390625,,6.141105651855469,0.06560516357421875,1.8125076293945312,16.0
2026-10-02T06:39:51.679719+00:00,after_timestep_28,8.496570587158203,41.74502944946289,47.83979797363281,0.8726004543846717,6.213977813720703,,6.141109466552734,0.06562423706054688,1.8125076293945312,16.0
2026-10-02T06:39:56.929378+00:00,after_timestep_28,8.498550415039062,41.622344970703125,47.83979797363281,0.8700359686644898,6.033653259277344,,5.931049346923828,0.09537887573242188,1.8125076293945312,16.0
2026-10-02T06:40:02.096094+00:00,after_timestep_28,8.490215301513672,41.68133544921875,47.83979797363281,0.8712690524360421,6.0478057861328125,,5.931056976318359,0.1095428466796875,1.8125076293945312,16.0
2026-10-02T06:40:07.246665+00:00,after_timestep_28,8.477291107177734,41.76148986816406,47.83979797363281,0.8729445281349465,6.022247314453125,,5.931568145751953,0.08349609375,1.8125076293945312,16.0
2026-10-02T06:40:17.442886+00:00,after_timestep_28,9.343517303466797,40.956321716308594,47.83979797363281,0.8561140191035488,6.0646820068359375,,5.959033966064453,0.09848785400390625,1.8125076293945312,16.0
2026-10-02T07:01:46.921038+00:00,before_same_session_reconnect,12.003097534179688,41.79917907714844,47.83979797363281,0.8737323493754364,0.827301025390625,,0.6484642028808594,0.17210769653320312,4.4256439208984375,16.0
2026-10-02T07:01:52.026129+00:00,before_same_session_reconnect,12.353416442871094,40.997623443603516,47.83979797363281,0.8569773531694176,1.3721733093261719,,1.1074028015136719,0.2580413818359375,4.414421081542969,16.0
2026-10-02T07:01:59.916330+00:00,before_same_session_reconnect,12.237262725830078,41.121952056884766,47.83979797363281,0.859576206395131,1.3560066223144531,,1.0923080444335938,0.2569694519042969,4.414421081542969,16.0
2026-10-02T07:02:05.008986+00:00,during_timestep_solve,11.454681396484375,40.71980285644531,47.83979797363281,0.8511700421245146,3.171131134033203,,2.9074325561523438,0.2569694519042969,4.1081390380859375,16.0
2026-10-02T07:02:10.088719+00:00,during_timestep_solve,11.230426788330078,40.68362808227539,47.83979797363281,0.8504138772638299,3.472515106201172,,3.2088165283203125,0.2569694519042969,3.849163055419922,16.0
2026-10-02T07:02:15.158282+00:00,during_timestep_solve,10.015121459960938,41.932003021240234,47.83979797363281,0.8765087813362278,4.6921844482421875,,4.428485870361328,0.2569694519042969,3.848552703857422,16.0
2026-10-02T07:02:20.232341+00:00,during_timestep_solve,9.84414291381836,42.100975036621094,47.83979797363281,0.8800408199847602,4.8038330078125,,4.540134429931641,0.2569694519042969,3.8432769775390625,16.0
2026-10-02T07:02:25.297819+00:00,during_timestep_solve,9.63568115234375,44.4554328918457,47.83979797363281,0.9292562839907388,4.927066802978516,,4.663368225097656,0.2569694519042969,3.8432769775390625,16.0
2026-10-02T07:02:30.365809+00:00,during_timestep_solve,9.423709869384766,45.438514709472656,47.83979797363281,0.9498057398678055,5.043132781982422,,4.779430389404297,0.2569694519042969,3.8432769775390625,16.0
2026-10-02T07:02:35.431180+00:00,during_timestep_solve,9.219623565673828,45.5492057800293,47.83979797363281,0.9521195261972889,5.139690399169922,,4.875988006591797,0.2569694519042969,3.842815399169922,16.0
2026-10-02T07:02:40.504689+00:00,during_timestep_solve,9.040264129638672,45.643310546875,47.83979797363281,0.9540866073897633,5.226024627685547,,4.962352752685547,0.2569389343261719,3.842815399169922,16.0
2026-10-02T07:02:45.589871+00:00,during_timestep_solve,9.361766815185547,42.57790756225586,47.83979797363281,0.8900101874536118,4.807094573974609,,4.543430328369141,0.2569313049316406,3.842815399169922,16.0
2026-10-02T07:02:50.667740+00:00,during_timestep_solve,9.465652465820312,42.429115295410156,47.83979797363281,0.8868999680725076,4.854846954345703,,4.591178894042969,0.25693511962890625,3.842815399169922,16.0
2026-10-02T07:02:55.732408+00:00,during_timestep_solve,11.161659240722656,40.7126350402832,47.83979797363281,0.851020212558636,3.8469696044921875,,3.583332061767578,0.25690460205078125,3.842815399169922,16.0
2026-10-02T07:03:00.801407+00:00,during_timestep_solve,11.082073211669922,40.79755783081055,47.83979797363281,0.8527953619974808,3.841167449951172,,3.5775299072265625,0.25690460205078125,3.842815399169922,16.0
2026-10-02T07:03:05.864203+00:00,during_timestep_solve,10.936569213867188,40.80872344970703,47.83979797363281,0.8530287580269256,3.9453353881835938,,3.6816978454589844,0.25690460205078125,3.8124656677246094,16.0
2026-10-02T07:03:10.916506+00:00,during_timestep_solve,10.719253540039062,41.08527755737305,47.83979797363281,0.8588095957265004,4.253810882568359,,3.99017333984375,0.25690460205078125,3.811023712158203,16.0
2026-10-02T07:03:15.980918+00:00,during_timestep_solve,10.63467788696289,41.17218017578125,47.83979797363281,0.8606261297021685,4.253734588623047,,3.9900970458984375,0.25690460205078125,3.811023712158203,16.0
2026-10-02T07:03:21.051177+00:00,during_timestep_solve,10.5548095703125,41.268165588378906,47.83979797363281,0.8626325222176753,4.253452301025391,,3.9898147583007812,0.25690460205078125,3.811023712158203,16.0
2026-10-02T07:03:26.110696+00:00,during_timestep_solve,10.339775085449219,41.44849395751953,47.83979797363281,0.8664019438452503,4.253124237060547,,3.989482879638672,0.2569084167480469,3.811023712158203,16.0
2026-10-02T07:03:31.183466+00:00,during_timestep_solve,10.342891693115234,41.495147705078125,47.83979797363281,0.8673771517168284,4.252803802490234,,3.989227294921875,0.2568321228027344,3.811023712158203,16.0
2026-10-02T07:03:36.248184+00:00,during_timestep_solve,10.262279510498047,41.556739807128906,47.83979797363281,0.8686646174808922,4.2524871826171875,,3.988910675048828,0.2568321228027344,3.811023712158203,16.0
2026-10-02T07:03:41.308469+00:00,during_timestep_solve,10.194717407226562,41.64118957519531,47.83979797363281,0.8704298792847348,4.252269744873047,,3.988689422607422,0.2568359375,3.811023712158203,16.0
2026-10-02T07:03:46.376623+00:00,during_timestep_solve,10.087562561035156,41.748104095458984,47.83979797363281,0.8726647240121854,4.252262115478516,,3.9886817932128906,0.2568359375,3.811023712158203,16.0
2026-10-02T07:03:51.466499+00:00,during_timestep_solve,9.649269104003906,42.022220611572266,47.83979797363281,0.8783946084959026,4.6523590087890625,,4.3887786865234375,0.2568359375,3.7103805541992188,16.0
2026-10-02T07:03:56.537292+00:00,during_timestep_solve,9.819683074951172,41.11349105834961,47.83979797363281,0.8593993453109805,5.484771728515625,,5.22119140625,0.2568359375,2.882373809814453,16.0
2026-10-02T07:04:01.609018+00:00,during_timestep_solve,9.330814361572266,41.29851531982422,47.83979797363281,0.8632669256376488,5.883640289306641,,5.620059967041016,0.2568359375,2.5974960327148438,16.0
2026-10-02T07:04:06.678732+00:00,during_timestep_solve,8.765274047851562,41.567039489746094,47.83979797363281,0.8688799127591637,6.409969329833984,,6.146389007568359,0.2568359375,2.344738006591797,16.0
2026-10-02T07:04:11.750013+00:00,during_timestep_solve,8.007495880126953,41.846900939941406,47.83979797363281,0.8747298841647612,7.150169372558594,,6.886749267578125,0.25667572021484375,2.1193466186523438,16.0
2026-10-02T07:04:16.847211+00:00,during_timestep_solve,7.773845672607422,41.87234115600586,47.83979797363281,0.8752616635020919,7.321498870849609,,7.058078765869141,0.25667572021484375,2.0373878479003906,16.0
2026-10-02T07:04:21.915127+00:00,during_timestep_solve,7.381416320800781,42.239837646484375,47.83979797363281,0.8829434787698124,7.643611907958984,,7.380191802978516,0.25667572021484375,1.8985595703125,16.0
2026-10-02T07:04:26.982914+00:00,during_timestep_solve,7.474834442138672,42.0092658996582,47.83979797363281,0.8781238148792321,7.476879119873047,,7.213890075683594,0.2562446594238281,1.8985595703125,16.0
2026-10-02T07:04:32.042496+00:00,during_timestep_solve,7.220935821533203,42.414222717285156,47.83979797363281,0.8865886670479254,7.643093109130859,,7.380104064941406,0.2562446594238281,1.8985595703125,16.0
2026-10-02T07:04:37.129181+00:00,during_timestep_solve,7.4601287841796875,42.23444366455078,47.83979797363281,0.8828307278351917,6.797454833984375,,6.604694366455078,0.18742752075195312,1.876495361328125,16.0
2026-10-02T07:04:42.202684+00:00,during_timestep_solve,7.188190460205078,42.64610290527344,47.83979797363281,0.8914356814127453,6.976249694824219,,6.783481597900391,0.18743515014648438,1.876495361328125,16.0
2026-10-02T07:04:47.287655+00:00,during_timestep_solve,7.182167053222656,42.52189254760742,47.83979797363281,0.8888393000957825,6.903533935546875,,6.710765838623047,0.18743515014648438,1.876495361328125,16.0
2026-10-02T07:04:52.348853+00:00,during_timestep_solve,7.0910186767578125,42.63276672363281,47.83979797363281,0.8911569138968797,7.322208404541016,,7.129428863525391,0.18744659423828125,1.876495361328125,16.0
2026-10-02T07:04:57.413821+00:00,during_timestep_solve,7.900352478027344,41.74174118041992,47.83979797363281,0.8725317193736087,7.401752471923828,,7.2089691162109375,0.18745040893554688,1.798248291015625,16.0
2026-10-02T07:05:02.485779+00:00,during_timestep_solve,7.7504119873046875,41.777381896972656,47.83979797363281,0.8732767207754202,7.505596160888672,,7.312812805175781,0.18745040893554688,1.6992607116699219,16.0
2026-10-02T07:05:07.561086+00:00,during_timestep_solve,7.745868682861328,41.783504486083984,47.83979797363281,0.8734047018575039,7.436531066894531,,7.243747711181641,0.18745040893554688,1.6987762451171875,16.0
2026-10-02T07:05:12.645286+00:00,during_timestep_solve,7.677509307861328,41.85966873168945,47.83979797363281,0.8749967705708259,7.436531066894531,,7.243747711181641,0.18745040893554688,1.6987762451171875,16.0
2026-10-02T07:05:17.717308+00:00,during_timestep_solve,7.905815124511719,41.618675231933594,47.83979797363281,0.8699592597542317,7.158416748046875,,6.965633392333984,0.18745040893554688,1.6986541748046875,16.0
2026-10-02T07:05:22.782872+00:00,during_timestep_solve,7.953418731689453,41.55970001220703,47.83979797363281,0.8687264949386472,7.055385589599609,,6.862602233886719,0.18745040893554688,1.698394775390625,16.0
2026-10-02T07:05:27.841284+00:00,during_timestep_solve,8.149253845214844,41.35043716430664,47.83979797363281,0.8643522530571132,6.775852203369141,,6.58306884765625,0.18745040893554688,1.6979179382324219,16.0
2026-10-02T07:05:32.912061+00:00,during_timestep_solve,7.410709381103516,42.09568405151367,47.83979797363281,0.8799302220029223,7.448051452636719,,7.2529296875,0.18975830078125,1.6976737976074219,16.0
2026-10-02T07:05:37.983721+00:00,during_timestep_solve,7.3187713623046875,42.19923782348633,47.83979797363281,0.8820948166784627,7.448070526123047,,7.252948760986328,0.18975830078125,1.6975517272949219,16.0
2026-10-02T07:05:43.061905+00:00,during_timestep_solve,6.951129913330078,42.57106018066406,47.83979797363281,0.8898670559630573,7.744728088378906,,7.548931121826172,0.19044113159179688,1.6975517272949219,16.0
2026-10-02T07:05:48.135493+00:00,during_timestep_solve,7.161312103271484,42.34539031982422,47.83979797363281,0.8851498566771359,7.4487457275390625,,7.252948760986328,0.19044113159179688,1.6975517272949219,16.0
2026-10-02T07:05:53.216005+00:00,during_timestep_solve,6.788669586181641,42.736297607421875,47.83979797363281,0.8933210301384683,7.7535247802734375,,7.557727813720703,0.19044113159179688,1.6975517272949219,16.0
2026-10-02T07:05:58.280939+00:00,during_timestep_solve,7.9781036376953125,41.5223388671875,47.83979797363281,0.8679455312514652,7.4487457275390625,,7.252948760986328,0.19044113159179688,1.6975517272949219,16.0
2026-10-02T07:06:03.352600+00:00,during_timestep_solve,7.607215881347656,41.89491653442383,47.83979797363281,0.8757335588564663,7.753559112548828,,7.557758331298828,0.1904449462890625,1.6975517272949219,16.0
2026-10-02T07:06:08.429222+00:00,during_timestep_solve,7.760711669921875,41.741119384765625,47.83979797363281,0.8725187219179205,7.518665313720703,,7.322864532470703,0.1904449462890625,1.6975517272949219,16.0
2026-10-02T07:06:13.494250+00:00,during_timestep_solve,7.624347686767578,41.89651107788086,47.83979797363281,0.8757668897551024,7.518646240234375,,7.322841644287109,0.19044876098632812,1.6975517272949219,16.0
2026-10-02T07:06:18.571940+00:00,during_timestep_solve,7.528312683105469,42.00754928588867,47.83979797363281,0.8780879323328535,7.518604278564453,,7.3227996826171875,0.19044876098632812,1.6975517272949219,16.0
2026-10-02T07:06:23.639169+00:00,during_timestep_solve,7.429431915283203,42.12010955810547,47.83979797363281,0.8804407907683937,7.553203582763672,,7.357372283935547,0.19044876098632812,1.6974296569824219,16.0
2026-10-02T07:06:28.706024+00:00,during_timestep_solve,7.482963562011719,42.01050567626953,47.83979797363281,0.8781497300516167,7.448051452636719,,7.252220153808594,0.19044876098632812,1.6974296569824219,16.0
2026-10-02T07:06:33.780718+00:00,during_timestep_solve,7.797290802001953,41.70792770385742,47.83979797363281,0.8718249129489425,7.063720703125,,6.867851257324219,0.19044876098632812,1.6974296569824219,16.0
2026-10-02T07:06:38.846578+00:00,during_timestep_solve,7.717128753662109,41.78990936279297,47.83979797363281,0.873538583624992,7.063720703125,,6.867851257324219,0.19044876098632812,1.6974296569824219,16.0
2026-10-02T07:06:42.773541+00:00,after_timestep_29,7.942241668701172,41.647647857666016,47.83979797363281,0.8705648773981103,6.787021636962891,,6.590595245361328,0.19100570678710938,1.6971855163574219,16.0
2026-10-02T07:06:43.962567+00:00,after_timestep_29,7.821220397949219,42.03281784057617,47.83979797363281,0.8786161234155464,6.929637908935547,,6.732906341552734,0.19131088256835938,1.6832237243652344,16.0
2026-10-02T07:06:49.017670+00:00,after_timestep_29,7.3483123779296875,42.04303741455078,47.83979797363281,0.8788297441749869,7.0839385986328125,,6.887001037597656,0.19151687622070312,1.6619300842285156,16.0
2026-10-02T07:06:54.071789+00:00,after_timestep_29,7.202449798583984,41.97975158691406,47.83979797363281,0.8775068742984962,7.083942413330078,,6.887001037597656,0.19152069091796875,1.6619300842285156,16.0
2026-10-02T07:06:59.139188+00:00,after_timestep_29,8.173957824707031,40.92575454711914,47.83979797363281,0.855475070561034,6.8998565673828125,,6.676963806152344,0.21747207641601562,1.6619300842285156,16.0
2026-10-02T07:07:04.307955+00:00,after_timestep_29,8.196178436279297,40.960853576660156,47.83979797363281,0.8562087490259882,6.907615661621094,,6.676963806152344,0.22523117065429688,1.6619300842285156,16.0
2026-10-02T07:07:09.372938+00:00,after_timestep_29,8.164169311523438,41.0554084777832,47.83979797363281,0.8581852394195129,6.90264892578125,,6.696041107177734,0.2011871337890625,1.6619300842285156,16.0
2026-10-02T07:07:25.937753+00:00,after_timestep_29,8.008842468261719,41.22138214111328,47.83979797363281,0.8616546032203708,6.931095123291016,,6.699073791503906,0.22660064697265625,1.6619300842285156,16.0
2026-10-02T07:07:31.019429+00:00,during_timestep_solve,7.88433837890625,41.41822052001953,47.83979797363281,0.8657691352051158,7.034557342529297,,6.8000335693359375,0.22910690307617188,1.6376571655273438,16.0
2026-10-02T07:07:36.087695+00:00,during_timestep_solve,7.474437713623047,41.81740951538086,47.83979797363281,0.874113422017977,7.354213714599609,,7.119686126708984,0.22911453247070312,1.6376571655273438,16.0
2026-10-02T07:07:41.152787+00:00,during_timestep_solve,7.67840576171875,41.576961517333984,47.83979797363281,0.8690873138772319,7.04205322265625,,6.807525634765625,0.22911453247070312,1.6376571655273438,16.0
2026-10-02T07:07:46.213311+00:00,during_timestep_solve,7.614521026611328,41.65810775756836,47.83979797363281,0.8707835217140438,7.035930633544922,,6.801403045654297,0.22911453247070312,1.6376571655273438,16.0
2026-10-02T07:07:51.289619+00:00,during_timestep_solve,7.0431060791015625,42.204341888427734,47.83979797363281,0.882201507449695,7.543643951416016,,7.309101104736328,0.22912979125976562,1.6332626342773438,16.0
2026-10-02T07:07:56.342253+00:00,during_timestep_solve,7.096736907958984,42.07487487792969,47.83979797363281,0.8794952458018218,7.368724822998047,,7.134181976318359,0.22912979125976562,1.6332626342773438,16.0
2026-10-02T07:08:01.400357+00:00,during_timestep_solve,7.921604156494141,41.194087982177734,47.83979797363281,0.8610840707329512,7.368740081787109,,7.134197235107422,0.22912979125976562,1.6332626342773438,16.0
2026-10-02T07:08:06.464418+00:00,during_timestep_solve,7.714031219482422,41.342220306396484,47.83979797363281,0.8641804952684476,7.368785858154297,,7.134239196777344,0.22913360595703125,1.6332626342773438,16.0
2026-10-02T07:08:11.532202+00:00,during_timestep_solve,7.409324645996094,41.67625045776367,47.83979797363281,0.8711627603597696,7.623363494873047,,7.388816833496094,0.22913360595703125,1.6332626342773438,16.0
2026-10-02T07:08:16.599605+00:00,during_timestep_solve,7.258392333984375,41.75825500488281,47.83979797363281,0.8728769094697708,7.623420715332031,,7.388877868652344,0.22913360595703125,1.6332626342773438,16.0
2026-10-02T07:08:20.261796+00:00,after_Fluent_exit,7.696067810058594,41.31370544433594,47.83979797363281,0.8635844463036033,7.121036529541016,,6.895397186279297,0.22023391723632812,1.6331405639648438,16.0
2026-10-03T01:53:52.089239+00:00,before_Fluent_launch,14.682910919189453,27.642925262451172,47.83979797363281,0.5778227842368133,0.16291427612304688,1.0674285888671875,0,0.16291427612304688,0.9170455932617188,16.0
2026-10-03T01:53:57.111357+00:00,before_Fluent_launch,14.51858901977539,27.72988510131836,47.83979797363281,0.5796405142973607,0.25445556640625,1.1275215148925781,0.06506729125976562,0.16715240478515625,0.9170455932617188,16.0
2026-10-03T01:54:02.142267+00:00,before_Fluent_launch,13.909767150878906,28.36553192138672,47.83979797363281,0.5929275022653847,0.7917366027832031,1.6656303405761719,0.6023292541503906,0.16717147827148438,0.9170455932617188,16.0
2026-10-03T01:54:07.176001+00:00,before_Fluent_launch,13.154861450195312,29.132247924804688,47.83979797363281,0.6089542422579021,1.4731636047363281,2.3475723266601562,1.2559547424316406,0.16717147827148438,0.9170455932617188,16.0
2026-10-03T01:54:12.206546+00:00,before_Fluent_launch,13.958534240722656,30.4656982421875,47.83979797363281,0.6368274853288228,1.4861679077148438,2.3508262634277344,1.2654647827148438,0.16718292236328125,0.9170455932617188,16.0
2026-10-03T01:54:17.237513+00:00,before_Fluent_launch,13.851917266845703,30.54155731201172,47.83979797363281,0.6384131749227887,1.5068168640136719,2.369152069091797,1.2861061096191406,0.1671905517578125,0.9170455932617188,16.0
2026-10-03T01:54:20.969926+00:00,after_Fluent_launch,13.778602600097656,30.59862518310547,47.83979797363281,0.639606070242397,1.6484756469726562,4.605785369873047,1.4225616455078125,0.17239761352539062,0.9170455932617188,16.0
2026-10-03T01:54:22.303521+00:00,after_Fluent_launch,13.722763061523438,30.654720306396484,47.83979797363281,0.6407786321190573,1.6869354248046875,4.639434814453125,1.4270896911621094,0.20638656616210938,0.9170455932617188,16.0
2026-10-03T01:54:27.376486+00:00,after_Fluent_launch,12.000606536865234,32.663047790527344,47.83979797363281,0.6827588989512409,3.2870407104492188,,3.027069091796875,0.20650863647460938,0.9170455932617188,16.0
2026-10-03T01:54:32.432917+00:00,after_Fluent_launch,11.7166748046875,32.663902282714844,47.83979797363281,0.6827767604854382,3.5214309692382812,6.506278991699219,3.2614364624023438,0.20653152465820312,0.9170455932617188,16.0
2026-10-03T01:54:37.531004+00:00,after_Fluent_launch,11.069881439208984,33.411563873291016,47.83979797363281,0.6984052042131532,4.069385528564453,7.055194854736328,3.809459686279297,0.20648193359375,0.9170455932617188,16.0
2026-10-03T01:54:42.596443+00:00,after_Fluent_launch,11.60000228881836,32.85257339477539,47.83979797363281,0.686720571288413,3.4606704711914062,6.444572448730469,3.2007369995117188,0.20648956298828125,0.9170455932617188,16.0
2026-10-03T01:54:47.655727+00:00,after_Fluent_launch,11.58688735961914,32.87861633300781,47.83979797363281,0.6872649493864722,3.4211387634277344,6.404914855957031,3.1612014770507812,0.20649337768554688,0.9170455932617188,16.0
2026-10-03T01:54:52.727858+00:00,after_Fluent_launch,11.514015197753906,32.95143127441406,47.83979797363281,0.6887870072648601,3.408710479736328,6.392322540283203,3.1487579345703125,0.20650863647460938,0.9170455932617188,16.0
2026-10-03T01:54:57.802488+00:00,after_Fluent_launch,10.147708892822266,34.290321350097656,47.83979797363281,0.716773958138305,4.69091796875,7.677177429199219,4.4309539794921875,0.20652008056640625,0.9170455932617188,16.0
2026-10-03T01:55:02.861280+00:00,after_Fluent_launch,9.908588409423828,34.60639572143555,47.83979797363281,0.7233808917945069,4.8624267578125,7.852237701416016,4.602455139160156,0.20653533935546875,0.9170455932617188,16.0
2026-10-03T01:55:07.919817+00:00,after_Fluent_launch,9.65500259399414,34.86482238769531,47.83979797363281,0.7287828098043238,5.069995880126953,8.058006286621094,4.810066223144531,0.20654296875,0.9170455932617188,16.0
2026-10-03T01:55:13.005928+00:00,after_Fluent_launch,10.534599304199219,33.86528015136719,47.83979797363281,0.7078892801769823,5.019466400146484,8.007453918457031,4.759521484375,0.20654678344726562,0.9170455932617188,16.0
2026-10-03T01:55:18.071947+00:00,after_Fluent_launch,10.606185913085938,33.82917404174805,47.83979797363281,0.7071345506181527,4.9552154541015625,7.9422607421875,4.695255279541016,0.20656204223632812,0.9170455932617188,16.0
2026-10-03T01:55:23.147693+00:00,after_Fluent_launch,10.591011047363281,33.83978271484375,47.83979797363281,0.7073563047547723,4.866523742675781,7.849586486816406,4.6065521240234375,0.206573486328125,0.9170455932617188,16.0
2026-10-03T01:55:28.243761+00:00,after_Fluent_launch,7.588310241699219,37.07428741455078,47.83979797363281,0.7749674744651827,7.8491058349609375,10.826614379882812,7.589199066162109,0.20650863647460938,0.9170455932617188,16.0
2026-10-03T01:55:33.318277+00:00,after_Fluent_launch,7.489925384521484,36.98508834838867,47.83979797363281,0.7731029376163592,7.901821136474609,10.894840240478516,7.641902923583984,0.20652008056640625,0.9170455932617188,16.0
2026-10-03T01:55:38.403357+00:00,after_Fluent_launch,7.3646087646484375,37.064476013183594,47.83979797363281,0.7747623857778809,7.951755523681641,10.941143035888672,7.691829681396484,0.2065277099609375,0.9170455932617188,16.0
2026-10-03T01:55:39.692921+00:00,after_native_CASE_DATA_read,7.544467926025391,36.93544006347656,47.83979797363281,0.7720651346360984,7.7425537109375,10.730274200439453,7.482624053955078,0.20653152465820312,0.9170455932617188,16.0
2026-10-03T01:55:43.616794+00:00,zero_step_restart_gate,7.434501647949219,37.02762985229492,47.83979797363281,0.7739921868546126,7.785717010498047,10.770519256591797,7.497577667236328,0.2347412109375,0.9170455932617188,16.0
2026-10-03T01:55:48.819636+00:00,zero_step_restart_gate,6.987617492675781,37.49921798706055,47.83979797363281,0.7838498399957388,8.156974792480469,11.174259185791016,7.866584777832031,0.23699188232421875,0.9170455932617188,16.0
2026-10-03T01:55:53.873978+00:00,zero_step_restart_gate,6.761745452880859,37.54505920410156,47.83979797363281,0.784808063462031,8.15701675415039,11.174259185791016,7.8665771484375,0.23704147338867188,0.9170455932617188,16.0
2026-10-03T01:55:58.938219+00:00,zero_step_restart_gate,6.512187957763672,37.651573181152344,47.83979797363281,0.7870345355953265,8.155441284179688,11.174259185791016,7.866519927978516,0.23552322387695312,0.9170455932617188,16.0
2026-10-03T01:56:03.994319+00:00,zero_step_restart_gate,6.595470428466797,37.59320831298828,47.83979797363281,0.7858145290184545,7.965831756591797,10.98492431640625,7.655979156494141,0.2564544677734375,0.9170455932617188,16.0
2026-10-03T01:56:09.163460+00:00,zero_step_restart_gate,6.544773101806641,37.69500732421875,47.83979797363281,0.7879424437576968,7.982177734375,10.998382568359375,7.6537628173828125,0.2750511169433594,0.9170455932617188,16.0
2026-10-03T01:56:14.242673+00:00,zero_step_restart_gate,7.534915924072266,36.742313385009766,47.83979797363281,0.7680281886905231,7.941337585449219,10.964168548583984,7.6511993408203125,0.23676681518554688,0.9170455932617188,16.0
2026-10-03T01:56:29.703689+00:00,zero_step_restart_gate,7.152656555175781,37.23515319824219,47.83979797363281,0.7783300677558163,7.9550628662109375,10.985404968261719,7.642719268798828,0.2589912414550781,0.9169235229492188,16.0
2026-10-03T01:56:40.615494+00:00,zero_step_restart_gate,7.134113311767578,37.249412536621094,47.83979797363281,0.7786281321077344,7.903331756591797,10.99416732788086,7.593162536621094,0.2568168640136719,0.9169235229492188,16.0
2026-10-03T01:56:45.686436+00:00,during_timestep_solve,7.024379730224609,37.463138580322266,47.83979797363281,0.7830956686098527,7.9810943603515625,11.099441528320312,7.677825927734375,0.24991607666015625,0.9388313293457031,16.0
2026-10-03T01:56:50.770716+00:00,during_timestep_solve,7.068920135498047,37.47459411621094,47.83979797363281,0.7833351248026859,7.859016418457031,10.993106842041016,7.557933807373047,0.24773025512695312,0.9388313293457031,16.0
2026-10-03T01:56:55.839477+00:00,during_timestep_solve,7.006069183349609,37.529510498046875,47.83979797363281,0.784483047330833,7.829425811767578,10.993106842041016,7.533748626708984,0.2423248291015625,0.9388313293457031,16.0
2026-10-03T01:57:00.913380+00:00,during_timestep_solve,6.849143981933594,37.67559814453125,47.83979797363281,0.7875367317666429,7.911346435546875,11.098674774169922,7.619876861572266,0.23811721801757812,0.9388313293457031,16.0
2026-10-03T01:57:05.991354+00:00,during_timestep_solve,6.7659912109375,37.7626838684082,47.83979797363281,0.7893570932139248,7.892421722412109,11.098682403564453,7.605403900146484,0.23366546630859375,0.9388313293457031,16.0
2026-10-03T01:57:11.070675+00:00,during_timestep_solve,6.813045501708984,37.797569274902344,47.83979797363281,0.7900863062953296,7.759868621826172,10.993400573730469,7.477020263671875,0.22947311401367188,0.9389533996582031,16.0
2026-10-03T01:57:16.135333+00:00,during_timestep_solve,7.7625732421875,36.88667297363281,47.83979797363281,0.7710457513629786,7.665744781494141,10.964069366455078,7.390636444091797,0.22173309326171875,0.9389533996582031,16.0
2026-10-03T01:57:21.244577+00:00,during_timestep_solve,6.977607727050781,37.698577880859375,47.83979797363281,0.7880170794541643,8.39438247680664,11.714378356933594,8.12154769897461,0.21945953369140625,0.9389533996582031,16.0
2026-10-03T01:57:26.314093+00:00,during_timestep_solve,6.6029052734375,38.1519660949707,47.83979797363281,0.7974942978646855,8.774677276611328,12.126678466796875,8.504138946533203,0.2171630859375,0.9404067993164062,16.0
2026-10-03T01:57:31.379185+00:00,during_timestep_solve,6.407417297363281,40.56340789794922,47.83979797363281,0.8479009029324492,8.880775451660156,14.453132629394531,8.611576080322266,0.21582412719726562,0.9404067993164062,16.0
2026-10-03T01:57:36.446285+00:00,during_timestep_solve,6.2559661865234375,40.63606643676758,47.83979797363281,0.849419691512167,8.925735473632812,14.453132629394531,8.656280517578125,0.2160797119140625,0.9404067993164062,16.0
2026-10-03T01:57:41.511936+00:00,during_timestep_solve,6.212879180908203,41.557926177978516,47.83979797363281,0.8686894163073894,8.903305053710938,15.337593078613281,8.633838653564453,0.21609115600585938,0.9406089782714844,16.0
2026-10-03T01:57:46.584230+00:00,during_timestep_solve,6.050807952880859,41.64613723754883,47.83979797363281,0.8705333007572972,8.959796905517578,15.337562561035156,8.690330505371094,0.21609115600585938,0.9406089782714844,16.0
2026-10-03T01:57:51.657441+00:00,during_timestep_solve,5.9639129638671875,41.78875732421875,47.83979797363281,0.8735145024494223,8.914653778076172,15.378974914550781,8.645256042480469,0.21602249145507812,0.9406089782714844,16.0
2026-10-03T01:57:56.733411+00:00,during_timestep_solve,6.388336181640625,38.67771530151367,47.83979797363281,0.8084840852135522,8.440498352050781,12.194671630859375,8.175682067871094,0.2114410400390625,0.9429664611816406,16.0
2026-10-03T01:58:01.805438+00:00,during_timestep_solve,6.339427947998047,38.769710540771484,47.83979797363281,0.8104070707434768,8.378437042236328,12.198722839355469,8.117385864257812,0.20767593383789062,0.9429664611816406,16.0
2026-10-03T01:58:06.878212+00:00,during_timestep_solve,7.378421783447266,37.95595169067383,47.83979797363281,0.7933969895022023,7.219879150390625,11.18014144897461,6.963951110839844,0.20255279541015625,0.9429664611816406,16.0
2026-10-03T01:58:11.950796+00:00,during_timestep_solve,7.321861267089844,38.017478942871094,47.83979797363281,0.7946830997034029,7.178615570068359,11.161090850830078,6.925579071044922,0.19965362548828125,0.9415130615234375,16.0
2026-10-03T01:58:17.021338+00:00,during_timestep_solve,8.258079528808594,37.01122283935547,47.83979797363281,0.7736492294502252,7.1112823486328125,11.104961395263672,6.861629486083984,0.19619369506835938,0.9415130615234375,16.0
2026-10-03T01:58:22.115127+00:00,during_timestep_solve,8.01608657836914,37.34763717651367,47.83979797363281,0.7806813314115173,7.353790283203125,11.39202880859375,7.110206604003906,0.19012451171875,0.9415130615234375,16.0
2026-10-03T01:58:27.176144+00:00,during_timestep_solve,8.084522247314453,37.42595672607422,47.83979797363281,0.7823184526552924,7.158527374267578,11.39202880859375,6.9217987060546875,0.18326950073242188,0.9415130615234375,16.0
2026-10-03T01:58:32.239531+00:00,during_timestep_solve,8.0230712890625,37.53981018066406,47.83979797363281,0.7846983426091044,7.1102752685546875,11.39202880859375,6.878192901611328,0.17862319946289062,0.9415130615234375,16.0
2026-10-03T01:58:37.319047+00:00,during_timestep_solve,8.006542205810547,37.5802116394043,47.83979797363281,0.7855428582728726,7.068950653076172,11.392093658447266,6.8373565673828125,0.17813491821289062,0.9415130615234375,16.0
2026-10-03T01:58:42.395676+00:00,during_timestep_solve,7.967479705810547,37.65613555908203,47.83979797363281,0.7871299034297016,7.024417877197266,11.392093658447266,6.793804168701172,0.177154541015625,0.9415130615234375,16.0
2026-10-03T01:58:47.465130+00:00,during_timestep_solve,7.909912109375,37.69394302368164,47.83979797363281,0.7879201965789421,7.0045623779296875,11.392093658447266,6.7748565673828125,0.17624664306640625,0.9415130615234375,16.0
2026-10-03T01:58:52.529894+00:00,during_timestep_solve,7.86004638671875,37.77988052368164,47.83979797363281,0.7897165565896462,6.941978454589844,11.394493103027344,6.715110778808594,0.17306137084960938,0.9415130615234375,16.0
2026-10-03T01:58:57.597426+00:00,during_timestep_solve,7.881351470947266,37.87125778198242,47.83979797363281,0.7916266244028746,6.877269744873047,11.394790649414062,6.652675628662109,0.17078781127929688,0.9521942138671875,16.0
2026-10-03T01:59:02.677749+00:00,during_timestep_solve,7.5869293212890625,38.154354095458984,47.83979797363281,0.7975442144736477,7.053478240966797,11.606651306152344,6.833103179931641,0.16656875610351562,0.9521942138671875,16.0
2026-10-03T01:59:07.770652+00:00,during_timestep_solve,7.437530517578125,38.367183685302734,47.83979797363281,0.8019930123126572,7.1174468994140625,11.712173461914062,6.9001922607421875,0.16324615478515625,0.9521942138671875,16.0
2026-10-03T01:59:12.865917+00:00,during_timestep_solve,7.207317352294922,38.53276062011719,47.83979797363281,0.8054540832583521,7.301750183105469,11.81833267211914,7.089466094970703,0.15827560424804688,0.9521942138671875,16.0
2026-10-03T01:59:17.956163+00:00,during_timestep_solve,7.062110900878906,38.75267791748047,47.83979797363281,0.8100510361444092,7.29840087890625,11.923721313476562,7.0886077880859375,0.15578460693359375,0.9521942138671875,16.0
2026-10-03T01:59:23.026916+00:00,during_timestep_solve,7.540275573730469,38.03548049926758,47.83979797363281,0.7950593880064263,7.780307769775391,12.143451690673828,7.570526123046875,0.15578460693359375,0.949462890625,16.0
2026-10-03T01:59:28.106028+00:00,during_timestep_solve,7.316181182861328,38.37874984741211,47.83979797363281,0.802234780936257,7.954994201660156,12.380264282226562,7.751190185546875,0.14980697631835938,0.949462890625,16.0
2026-10-03T01:59:33.180762+00:00,during_timestep_solve,6.890708923339844,38.74384307861328,47.83979797363281,0.8098663606390474,8.311481475830078,12.685848236083984,8.112747192382812,0.14473724365234375,0.949462890625,16.0
2026-10-03T01:59:38.258083+00:00,during_timestep_solve,7.062587738037109,38.537841796875,47.83979797363281,0.8055602955956327,8.020198822021484,12.380264282226562,7.823905944824219,0.14229583740234375,0.949462890625,16.0
2026-10-03T01:59:43.332210+00:00,during_timestep_solve,6.923419952392578,38.97174835205078,47.83979797363281,0.8146302869742529,8.032989501953125,12.68587875366211,7.840198516845703,0.1387939453125,0.9499397277832031,16.0
2026-10-03T01:59:48.409568+00:00,during_timestep_solve,7.004459381103516,38.73386001586914,47.83979797363281,0.8096576836971079,7.795375823974609,12.380264282226562,7.603424072265625,0.1379547119140625,0.9499397277832031,16.0
2026-10-03T01:59:53.488758+00:00,during_timestep_solve,6.7085418701171875,39.02870559692383,47.83979797363281,0.8158208698630945,8.030929565429688,12.68587875366211,7.844917297363281,0.13201522827148438,0.9499397277832031,16.0
2026-10-03T01:59:58.577780+00:00,during_timestep_solve,6.790111541748047,38.911678314208984,47.83979797363281,0.8133746370679781,7.845981597900391,12.450553894042969,7.6609039306640625,0.13108062744140625,0.9499397277832031,16.0
2026-10-03T02:00:03.656579+00:00,during_timestep_solve,6.639629364013672,39.143592834472656,47.83979797363281,0.8182223690837256,7.915779113769531,12.5411376953125,7.734352111816406,0.12742996215820312,0.9499397277832031,16.0
2026-10-03T02:00:08.734031+00:00,during_timestep_solve,6.549060821533203,39.23043441772461,47.83979797363281,0.8200376272355225,7.9991607666015625,12.633659362792969,7.8192291259765625,0.12593460083007812,0.9500846862792969,16.0
2026-10-03T02:00:13.819513+00:00,during_timestep_solve,6.433937072753906,39.40363693237305,47.83979797363281,0.8236580964261303,8.028427124023438,12.668651580810547,7.851932525634766,0.12248992919921875,0.9500846862792969,16.0
2026-10-03T02:00:18.904116+00:00,during_timestep_solve,6.4270477294921875,39.44654846191406,47.83979797363281,0.8245550803466031,7.917934417724609,12.563316345214844,7.7446441650390625,0.11928558349609375,0.9500846862792969,16.0
2026-10-03T02:00:23.981057+00:00,during_timestep_solve,7.632923126220703,38.162540435791016,47.83979797363281,0.7977153343503776,7.631511688232422,12.283145904541016,7.461082458496094,0.116424560546875,0.9500846862792969,16.0
2026-10-03T02:00:29.068509+00:00,during_timestep_solve,7.643745422363281,38.23725128173828,47.83979797363281,0.7992770225077658,7.525363922119141,12.1778564453125,7.355968475341797,0.11539077758789062,0.9500846862792969,16.0
2026-10-03T02:00:34.168267+00:00,during_timestep_solve,7.097846984863281,38.817996978759766,47.83979797363281,0.8114164069036105,7.941886901855469,12.671607971191406,7.77593994140625,0.11194229125976562,0.9500846862792969,16.0
2026-10-03T02:00:39.251297+00:00,during_timestep_solve,7.111118316650391,38.735904693603516,47.83979797363281,0.8097004237967944,7.819637298583984,12.564125061035156,7.654857635498047,0.1108856201171875,0.9500846862792969,16.0
2026-10-03T02:00:44.333750+00:00,during_timestep_solve,6.8815765380859375,39.1101188659668,47.83979797363281,0.8175226594293431,7.971462249755859,12.869468688964844,7.806861877441406,0.11070632934570312,0.9500846862792969,16.0
2026-10-03T02:00:49.430433+00:00,during_timestep_solve,6.748409271240234,39.20549392700195,47.83979797363281,0.8195162937061375,8.062519073486328,12.868793487548828,7.898670196533203,0.1099853515625,0.9518852233886719,16.0
2026-10-03T02:00:54.530273+00:00,during_timestep_solve,6.863853454589844,39.26686477661133,47.83979797363281,0.8207991346086682,7.852664947509766,12.868759155273438,7.688812255859375,0.10998916625976562,0.9518852233886719,16.0
2026-10-03T02:00:59.618556+00:00,during_timestep_solve,6.717140197753906,39.31189727783203,47.83979797363281,0.8217404534086665,7.93121337890625,12.868759155273438,7.7697601318359375,0.1075897216796875,0.9627838134765625,16.0
2026-10-03T02:01:04.701227+00:00,during_timestep_solve,6.793643951416016,39.33362579345703,47.83979797363281,0.8221946467068275,7.738040924072266,12.868789672851562,7.577899932861328,0.1062774658203125,0.9627838134765625,16.0
2026-10-03T02:01:09.784178+00:00,during_timestep_solve,6.938636779785156,39.10737609863281,47.83979797363281,0.8174653270941293,7.552158355712891,12.563316345214844,7.394645690917969,0.10364913940429688,1.0099601745605469,16.0
2026-10-03T02:01:14.870079+00:00,during_timestep_solve,6.802360534667969,39.25954055786133,47.83979797363281,0.8206460357441195,7.601749420166016,12.633548736572266,7.444499969482422,0.1033782958984375,1.0099601745605469,16.0
2026-10-03T02:01:19.952440+00:00,during_timestep_solve,6.740482330322266,39.6201286315918,47.83979797363281,0.8281834436974141,7.502521514892578,12.634689331054688,7.346710205078125,0.10194015502929688,1.0099601745605469,16.0
2026-10-03T02:01:25.036904+00:00,during_timestep_solve,7.653171539306641,38.52598571777344,47.83979797363281,0.8053124668086445,7.459766387939453,12.634689331054688,7.304718017578125,0.10117721557617188,1.0249061584472656,16.0
2026-10-03T02:01:30.137208+00:00,during_timestep_solve,7.543212890625,38.63117980957031,47.83979797363281,0.8075113492507245,7.476203918457031,12.66982650756836,7.322914123535156,0.09941864013671875,1.0249061584472656,16.0
2026-10-03T02:01:35.223106+00:00,during_timestep_solve,8.041820526123047,38.096832275390625,47.83979797363281,0.7963418302139972,6.8831787109375,12.109111785888672,6.731666564941406,0.0976409912109375,1.0249061584472656,16.0
2026-10-03T02:01:40.310927+00:00,during_timestep_solve,7.870796203613281,38.30695724487305,47.83979797363281,0.8007340931077124,6.9313812255859375,12.179359436035156,6.781841278076172,0.09566879272460938,1.0248908996582031,16.0
2026-10-03T02:01:45.391651+00:00,during_timestep_solve,7.787994384765625,38.402496337890625,47.83979797363281,0.8027311561611608,6.888923645019531,12.179359436035156,6.7406768798828125,0.0943756103515625,1.0248908996582031,16.0
2026-10-03T02:01:47.782111+00:00,after_timestep_30,8.092517852783203,38.18235397338867,47.83979797363281,0.7981294986745785,6.595909118652344,11.899749755859375,6.447147369384766,0.09489059448242188,1.0759315490722656,16.0
2026-10-03T02:01:50.461415+00:00,after_timestep_30,7.7747955322265625,38.4625358581543,47.83979797363281,0.8039861681555,6.894706726074219,12.152145385742188,6.745231628417969,0.09560394287109375,1.0759315490722656,16.0
2026-10-03T02:01:55.534426+00:00,after_timestep_30,7.523174285888672,38.54845428466797,47.83979797363281,0.8057821294712444,6.871681213378906,12.152145385742188,6.722339630126953,0.09547042846679688,1.0759315490722656,16.0
2026-10-03T02:02:00.610691+00:00,after_timestep_30,7.293327331542969,38.62427520751953,47.83979797363281,0.8073670216752907,6.850894927978516,12.152145385742188,6.703887939453125,0.09313583374023438,1.0759315490722656,16.0
2026-10-03T02:02:05.812510+00:00,after_timestep_30,7.396240234375,38.495452880859375,47.83979797363281,0.8046742359170574,6.6549530029296875,11.97183609008789,6.473564147949219,0.1275177001953125,1.0759315490722656,16.0
2026-10-03T02:02:10.969266+00:00,after_timestep_30,7.401817321777344,38.56199645996094,47.83979797363281,0.8060652028926755,6.64794921875,11.97515869140625,6.466651916503906,0.1274261474609375,1.0759315490722656,16.0
2026-10-03T02:02:16.044354+00:00,after_timestep_30,7.264678955078125,38.7204475402832,47.83979797363281,0.8093773214014032,6.824501037597656,12.065567016601562,6.653656005859375,0.116973876953125,1.0755653381347656,16.0
2026-10-03T02:02:21.125961+00:00,after_timestep_30,6.906425476074219,39.13577651977539,47.83979797363281,0.8180589838892152,7.1384124755859375,12.389362335205078,6.96929931640625,0.11524200439453125,1.0755653381347656,16.0
2026-10-03T02:02:26.223235+00:00,after_timestep_30,8.145145416259766,37.85905838012695,47.83979797363281,0.7913716191066107,6.740653991699219,11.9989013671875,6.573337554931641,0.11344528198242188,1.0755653381347656,16.0
2026-10-03T02:02:31.311443+00:00,after_timestep_30,8.129436492919922,37.91557693481445,47.83979797363281,0.7925530320113778,6.750579833984375,12.012031555175781,6.583927154541016,0.11278152465820312,1.0755653381347656,16.0
2026-10-03T02:02:36.397908+00:00,after_timestep_30,7.792118072509766,38.03145217895508,47.83979797363281,0.7949751836309246,6.970970153808594,12.003734588623047,6.805324554443359,0.11177444458007812,1.0366325378417969,16.0
2026-10-03T02:02:41.472886+00:00,after_timestep_30,7.459983825683594,38.364532470703125,47.83979797363281,0.8019375937132502,7.2369537353515625,12.2503662109375,7.071292877197266,0.11178970336914062,1.0366325378417969,16.0
2026-10-03T02:02:46.557941+00:00,after_timestep_30,7.282505035400391,38.456172943115234,47.83979797363281,0.8038531635169234,7.318199157714844,12.2503662109375,7.153499603271484,0.11082839965820312,1.0366325378417969,16.0
2026-10-03T02:02:51.640380+00:00,after_timestep_30,7.151679992675781,38.5406608581543,47.83979797363281,0.8056192227106855,7.313549041748047,12.2503662109375,7.150081634521484,0.10959625244140625,1.0366325378417969,16.0
2026-10-03T02:02:56.735988+00:00,after_timestep_30,7.167015075683594,38.58448791503906,47.83979797363281,0.806535343989227,7.244205474853516,12.217788696289062,7.083484649658203,0.10684967041015625,1.0240364074707031,16.0
2026-10-03T02:03:01.820806+00:00,after_timestep_30,6.789447784423828,38.967689514160156,47.83979797363281,0.8145454446868156,7.570484161376953,12.505393981933594,7.410713195800781,0.10589981079101562,1.0240364074707031,16.0
2026-10-03T02:03:06.891064+00:00,after_timestep_30,6.709766387939453,39.03300094604492,47.83979797363281,0.8159106559680329,7.532733917236328,12.505393981933594,7.373912811279297,0.104949951171875,1.0240364074707031,16.0
2026-10-03T02:03:08.631264+00:00,after_Fluent_exit,7.173465728759766,38.485294342041016,47.83979797363281,0.8044618909814881,6.991878509521484,11.949310302734375,6.857933044433594,0.0800628662109375,1.0240364074707031,16.0
2026-10-03T02:25:44.322430+00:00,before_Fluent_launch,14.494373321533203,27.477886199951172,47.83979797363281,0.5743729564889838,0.16312026977539062,1.0681610107421875,0,0.16312026977539062,0.8933944702148438,16.0
2026-10-03T02:25:49.344192+00:00,before_Fluent_launch,13.780872344970703,28.168678283691406,47.83979797363281,0.588812651324672,0.7912406921386719,1.6653366088867188,0.6015357971191406,0.16748046875,0.8933944702148438,16.0
2026-10-03T02:25:54.371703+00:00,before_Fluent_launch,13.46859359741211,28.52126693725586,47.83979797363281,0.5961828466118424,0.7912483215332031,1.6653366088867188,0.6015357971191406,0.16748809814453125,0.8933944702148438,16.0
2026-10-03T02:25:59.405124+00:00,before_Fluent_launch,13.533737182617188,28.43602752685547,47.83979797363281,0.5944010788366655,0.878875732421875,1.7770462036132812,0.6827468872070312,0.16749191284179688,0.8933944702148438,16.0
2026-10-03T02:26:04.438830+00:00,before_Fluent_launch,12.728202819824219,31.357463836669922,47.83979797363281,0.6554681492165325,1.4865837097167969,2.351276397705078,1.2656288146972656,0.16750717163085938,0.8933944702148438,16.0
2026-10-03T02:26:09.473359+00:00,before_Fluent_launch,13.659923553466797,30.431427001953125,47.83979797363281,0.6361111102251223,1.4923515319824219,2.3557052612304688,1.2713851928710938,0.16751861572265625,0.8933944702148438,16.0
2026-10-03T02:26:14.504794+00:00,before_Fluent_launch,13.543106079101562,30.55911636352539,47.83979797363281,0.6387802135027457,1.5160636901855469,2.3754348754882812,1.2947845458984375,0.167877197265625,0.8933944702148438,16.0
2026-10-03T02:26:15.283284+00:00,after_Fluent_launch,13.416122436523438,30.65072250366211,47.83979797363281,0.6406950656554912,1.6497535705566406,4.604373931884766,1.423492431640625,0.17285919189453125,0.8711090087890625,16.0
2026-10-03T02:26:19.600222+00:00,after_Fluent_launch,12.670719146728516,31.40021514892578,47.83979797363281,0.6563617840993433,2.383647918701172,5.3736419677734375,2.1237258911132812,0.20652008056640625,0.8711090087890625,16.0
2026-10-03T02:26:24.661039+00:00,after_Fluent_launch,11.503849029541016,32.53352737426758,47.83979797363281,0.6800515209574803,3.5214691162109375,6.507545471191406,3.261463165283203,0.20660400390625,0.8711090087890625,16.0
2026-10-03T02:26:29.764610+00:00,after_Fluent_launch,10.503349304199219,33.51801681518555,47.83979797363281,0.7006304005225774,4.374118804931641,7.361804962158203,4.1142120361328125,0.20655059814453125,0.8711090087890625,16.0
2026-10-03T02:26:34.826333+00:00,after_Fluent_launch,11.402580261230469,32.66950225830078,47.83979797363281,0.6828938173256244,3.4601593017578125,6.444671630859375,3.2002182006835938,0.2065582275390625,0.8711090087890625,16.0
2026-10-03T02:26:39.893089+00:00,after_Fluent_launch,11.34906005859375,32.706214904785156,47.83979797363281,0.6836612253841745,3.4408721923828125,6.428638458251953,3.180927276611328,0.20656204223632812,0.8711090087890625,16.0
2026-10-03T02:26:44.958428+00:00,after_Fluent_launch,11.238739013671875,32.79130172729492,47.83979797363281,0.6854398035996733,3.4060592651367188,6.393623352050781,3.146106719970703,0.20656967163085938,0.8711090087890625,16.0
2026-10-03T02:26:50.017613+00:00,after_Fluent_launch,9.945045471191406,34.10274887084961,47.83979797363281,0.7128531121650125,4.687824249267578,7.677623748779297,4.427860260009766,0.20658111572265625,0.8711090087890625,16.0
2026-10-03T02:26:55.081262+00:00,after_Fluent_launch,9.78170394897461,34.27878952026367,47.83979797363281,0.7165329071656329,4.774253845214844,7.7639923095703125,4.514293670654297,0.20658493041992188,0.8711090087890625,16.0
2026-10-03T02:27:00.150844+00:00,after_Fluent_launch,9.235084533691406,34.841793060302734,47.83979797363281,0.728301425509907,5.249134063720703,8.246219635009766,4.989158630371094,0.20660018920898438,0.8711090087890625,16.0
2026-10-03T02:27:05.221528+00:00,after_Fluent_launch,9.445301055908203,34.63679885864258,47.83979797363281,0.7240164115603677,4.96453857421875,7.958213806152344,4.704593658447266,0.20660400390625,0.8711090087890625,16.0
2026-10-03T02:27:10.285024+00:00,after_Fluent_launch,9.417411804199219,34.667476654052734,47.83979797363281,0.7246576725336491,4.863044738769531,7.8504486083984375,4.603160858154297,0.20654296875,0.8711090087890625,16.0
2026-10-03T02:27:15.353259+00:00,after_Fluent_launch,9.872081756591797,34.2758674621582,47.83979797363281,0.7164718270977973,5.297161102294922,8.376083374023438,5.037269592285156,0.20655059814453125,0.8711090087890625,16.0
2026-10-03T02:27:20.421417+00:00,after_Fluent_launch,7.284732818603516,36.800228118896484,47.83979797363281,0.7692387860663448,7.8469390869140625,10.84408187866211,7.5870361328125,0.20656204223632812,0.8711090087890625,16.0
2026-10-03T02:27:25.482876+00:00,after_Fluent_launch,7.025733947753906,37.09102249145508,47.83979797363281,0.7753172894228779,8.02530288696289,11.026935577392578,7.765384674072266,0.20657730102539062,0.8711090087890625,16.0
2026-10-03T02:27:29.083287+00:00,after_native_CASE_DATA_read,7.257972717285156,36.85293197631836,47.83979797363281,0.7703404599791595,7.688629150390625,10.73482894897461,7.428684234619141,0.20660400390625,0.8711090087890625,16.0
2026-10-03T02:27:30.589661+00:00,zero_step_restart_gate,7.1946868896484375,36.92306137084961,47.83979797363281,0.7718063816072127,7.709007263183594,10.753730773925781,7.426517486572266,0.22914886474609375,0.8711090087890625,16.0
2026-10-03T02:27:35.655561+00:00,zero_step_restart_gate,7.050537109375,37.429019927978516,47.83979797363281,0.7823824830658302,7.815071105957031,11.248844146728516,7.523052215576172,0.238677978515625,0.8711090087890625,16.0
2026-10-03T02:27:40.713864+00:00,zero_step_restart_gate,6.62066650390625,37.388118743896484,47.83979797363281,0.7815275215941164,8.100601196289062,11.178688049316406,7.808998107910156,0.23826217651367188,0.8711090087890625,16.0
2026-10-03T02:27:45.774058+00:00,zero_step_restart_gate,6.443813323974609,37.47226333618164,47.83979797363281,0.783286404278603,8.095165252685547,11.178688049316406,7.806053161621094,0.23577117919921875,0.8932723999023438,16.0
2026-10-03T02:27:50.842656+00:00,zero_step_restart_gate,6.433109283447266,37.38219451904297,47.83979797363281,0.7814036869396143,7.884258270263672,10.971126556396484,7.593780517578125,0.2371368408203125,0.8932723999023438,16.0
2026-10-03T02:27:55.916773+00:00,zero_step_restart_gate,6.400127410888672,37.48455047607422,47.83979797363281,0.7835432435716817,7.910179138183594,10.995933532714844,7.593780517578125,0.2630577087402344,0.8932723999023438,16.0
2026-10-03T02:28:01.014345+00:00,zero_step_restart_gate,6.3685760498046875,37.57423782348633,47.83979797363281,0.785417987011475,7.921852111816406,11.000724792480469,7.593780517578125,0.2747535705566406,0.8932723999023438,16.0
2026-10-03T02:28:17.664297+00:00,zero_step_restart_gate,7.240348815917969,36.80792999267578,47.83979797363281,0.7693997790910967,7.8835601806640625,10.987579345703125,7.5758209228515625,0.2544403076171875,0.8932723999023438,16.0
2026-10-03T02:28:22.868795+00:00,zero_step_restart_gate,7.173881530761719,36.92053985595703,47.83979797363281,0.7717536741335322,7.880756378173828,10.9910888671875,7.574184417724609,0.25327301025390625,0.8932723999023438,16.0
2026-10-03T02:28:31.522974+00:00,zero_step_restart_gate,7.083900451660156,37.028743743896484,47.83979797363281,0.7740154706402627,7.860668182373047,10.991294860839844,7.560760498046875,0.24660873413085938,0.8932723999023438,16.0
2026-10-03T02:28:36.610603+00:00,during_timestep_solve,6.921123504638672,37.20842742919922,47.83979797363281,0.7777714163781976,7.947643280029297,11.096633911132812,7.651996612548828,0.24234771728515625,0.8932723999023438,16.0
2026-10-03T02:28:41.689629+00:00,during_timestep_solve,6.944866180419922,37.201202392578125,47.83979797363281,0.7776203907274397,7.8281097412109375,10.99135971069336,7.536136627197266,0.23867416381835938,0.8932723999023438,16.0
2026-10-03T02:28:46.771765+00:00,during_timestep_solve,6.946220397949219,37.27842712402344,47.83979797363281,0.7792346268805245,7.803447723388672,10.991741180419922,7.516792297363281,0.23335647583007812,0.89599609375,16.0
2026-10-03T02:28:51.856662+00:00,during_timestep_solve,6.769569396972656,37.470115661621094,47.83979797363281,0.7832415112261337,7.89190673828125,11.097198486328125,7.606758117675781,0.23184967041015625,0.89599609375,16.0
2026-10-03T02:28:56.931229+00:00,during_timestep_solve,6.700775146484375,37.625850677490234,47.83979797363281,0.7864968555725913,7.870632171630859,11.097991943359375,7.589115142822266,0.22821807861328125,0.89599609375,16.0
2026-10-03T02:29:01.993191+00:00,during_timestep_solve,6.691143035888672,37.59433364868164,47.83979797363281,0.7858380520210805,7.800693511962891,11.047164916992188,7.523689270019531,0.22368240356445312,0.89599609375,16.0
2026-10-03T02:29:07.065397+00:00,during_timestep_solve,6.682220458984375,37.59596633911133,47.83979797363281,0.7858721803096361,7.7026519775390625,10.966068267822266,7.430713653564453,0.21861648559570312,0.89599609375,16.0
2026-10-03T02:29:12.138993+00:00,during_timestep_solve,5.716552734375,38.62552261352539,47.83979797363281,0.8073930963256591,8.631832122802734,11.929912567138672,8.363807678222656,0.21470260620117188,0.89599609375,16.0
2026-10-03T02:29:17.229160+00:00,during_timestep_solve,6.393505096435547,37.94955825805664,47.83979797363281,0.79326334695169,8.854080200195312,12.151912689208984,8.586044311523438,0.21471405029296875,0.89599609375,16.0
2026-10-03T02:29:22.307968+00:00,during_timestep_solve,6.2109375,40.315311431884766,47.83979797363281,0.8427149181128396,8.890140533447266,14.45334243774414,8.62210464477539,0.21471405029296875,0.8936119079589844,16.0
2026-10-03T02:29:27.378454+00:00,during_timestep_solve,6.1693267822265625,40.35941696166992,47.83979797363281,0.8436368603377935,8.882518768310547,14.45334243774414,8.614532470703125,0.21466445922851562,0.8932723999023438,16.0
2026-10-03T02:29:32.444039+00:00,during_timestep_solve,6.024078369140625,41.33344650268555,47.83979797363281,0.8639970955869571,8.940895080566406,15.337772369384766,8.672962188720703,0.21461105346679688,0.8932723999023438,16.0
2026-10-03T02:29:37.505679+00:00,during_timestep_solve,5.912742614746094,41.38815689086914,47.83979797363281,0.8651407122095388,8.984580993652344,15.337772369384766,8.719184875488281,0.21207427978515625,0.8932723999023438,16.0
2026-10-03T02:29:42.571677+00:00,during_timestep_solve,5.881507873535156,41.52973175048828,47.83979797363281,0.868100065417869,8.931732177734375,15.379188537597656,8.670345306396484,0.20806503295898438,0.8932723999023438,16.0
2026-10-03T02:29:47.658162+00:00,during_timestep_solve,6.240535736083984,38.435890197753906,47.83979797363281,0.8034291912967123,8.48397445678711,12.198932647705078,8.225006103515625,0.20564651489257812,0.8932723999023438,16.0
2026-10-03T02:29:52.733236+00:00,during_timestep_solve,6.606391906738281,38.106842041015625,47.83979797363281,0.7965510653288803,7.993480682373047,11.788227081298828,7.738796234130859,0.20136260986328125,0.8932723999023438,16.0
2026-10-03T02:29:57.799959+00:00,during_timestep_solve,7.243709564208984,37.58916091918945,47.83979797363281,0.785729925947993,7.263587951660156,11.173149108886719,7.0109100341796875,0.1993560791015625,0.8932723999023438,16.0
2026-10-03T02:30:02.875982+00:00,during_timestep_solve,7.255298614501953,37.599395751953125,47.83979797363281,0.7859438656634014,7.152263641357422,11.103191375732422,6.904186248779297,0.19467926025390625,0.8932723999023438,16.0
2026-10-03T02:30:07.948921+00:00,during_timestep_solve,6.965366363525391,37.965633392333984,47.83979797363281,0.7935993670637774,7.454864501953125,11.390640258789062,7.2102203369140625,0.19124603271484375,0.8932723999023438,16.0
2026-10-03T02:30:13.022351+00:00,during_timestep_solve,6.908756256103516,38.04237365722656,47.83979797363281,0.7952034763648843,7.382289886474609,11.390640258789062,7.143459320068359,0.18543243408203125,0.8932723999023438,16.0
2026-10-03T02:30:18.089392+00:00,during_timestep_solve,7.816093444824219,37.14140319824219,47.83979797363281,0.7763704022895935,7.35009765625,11.390640258789062,7.116580963134766,0.18011856079101562,0.8932723999023438,16.0
2026-10-03T02:30:23.163453+00:00,during_timestep_solve,7.764705657958984,37.2266731262207,47.83979797363281,0.778152807976706,7.331462860107422,11.391361236572266,7.098300933837891,0.1797637939453125,0.8932723999023438,16.0
2026-10-03T02:30:28.224297+00:00,during_timestep_solve,7.716167449951172,37.31423568725586,47.83979797363281,0.7799831367979819,7.280864715576172,11.391426086425781,7.048618316650391,0.1788482666015625,0.8932723999023438,16.0
2026-10-03T02:30:33.293327+00:00,during_timestep_solve,7.705486297607422,37.35149002075195,47.83979797363281,0.7807618677933893,7.2300262451171875,11.391426086425781,6.9981689453125,0.17845916748046875,0.8932723999023438,16.0
2026-10-03T02:30:38.363818+00:00,during_timestep_solve,7.638130187988281,37.439144134521484,47.83979797363281,0.782594110350472,7.212718963623047,11.391426086425781,6.98272705078125,0.17659378051757812,0.8932723999023438,16.0
2026-10-03T02:30:43.434225+00:00,during_timestep_solve,7.523387908935547,37.57295608520508,47.83979797363281,0.785391194710179,7.172939300537109,11.391426086425781,6.9482269287109375,0.17131423950195312,0.8932723999023438,16.0
2026-10-03T02:30:48.516352+00:00,during_timestep_solve,6.977550506591797,38.0902099609375,47.83979797363281,0.7962034033239678,7.5844573974609375,11.816837310791016,7.363544464111328,0.16718673706054688,0.8932723999023438,16.0
2026-10-03T02:30:53.605485+00:00,during_timestep_solve,7.174034118652344,38.0737190246582,47.83979797363281,0.7958586916617574,7.301456451416016,11.711475372314453,7.086383819580078,0.161346435546875,0.8932723999023438,16.0
2026-10-03T02:30:58.680843+00:00,during_timestep_solve,7.006401062011719,38.36503601074219,47.83979797363281,0.801948119260188,7.4067230224609375,11.923160552978516,7.197032928466797,0.155853271484375,0.8932723999023438,16.0
2026-10-03T02:31:03.762342+00:00,during_timestep_solve,6.9034881591796875,38.453006744384766,47.83979797363281,0.8037869801536028,7.409969329833984,11.923221588134766,7.204017639160156,0.15200042724609375,0.8932723999023438,16.0
2026-10-03T02:31:08.844718+00:00,during_timestep_solve,6.464057922363281,38.7742919921875,47.83979797363281,0.8105028372728117,7.7553253173828125,12.142974853515625,7.552333831787109,0.14897918701171875,0.8932723999023438,16.0
2026-10-03T02:31:13.930791+00:00,during_timestep_solve,6.3709716796875,38.84062576293945,47.83979797363281,0.8118894186038723,7.869884490966797,12.184612274169922,7.669441223144531,0.14644241333007812,0.8932723999023438,16.0
2026-10-03T02:31:19.015779+00:00,during_timestep_solve,6.911853790283203,38.46535110473633,47.83979797363281,0.8040450155315608,8.197265625,12.685367584228516,7.999004364013672,0.14426040649414062,0.8932723999023438,16.0
2026-10-03T02:31:24.093678+00:00,during_timestep_solve,7.016864776611328,38.212432861328125,47.83979797363281,0.7987582406261233,8.00375747680664,12.379768371582031,7.810199737548828,0.139556884765625,0.8932723999023438,16.0
2026-10-03T02:31:29.163060+00:00,during_timestep_solve,6.820777893066406,38.60076141357422,47.83979797363281,0.806875510528896,8.088630676269531,12.685386657714844,7.8970947265625,0.13753509521484375,0.8932723999023438,16.0
2026-10-03T02:31:34.235227+00:00,during_timestep_solve,6.897239685058594,38.38877868652344,47.83979797363281,0.8024444147460998,7.9137725830078125,12.379768371582031,7.723869323730469,0.13590240478515625,0.8932723999023438,16.0
2026-10-03T02:31:39.318236+00:00,during_timestep_solve,6.662574768066406,38.75832748413086,47.83979797363281,0.8101691295914908,8.074226379394531,12.68621826171875,7.886138916015625,0.13408660888671875,0.8932723999023438,16.0
2026-10-03T02:31:44.403195+00:00,during_timestep_solve,6.694965362548828,38.562644958496094,47.83979797363281,0.8060787585213074,7.969657897949219,12.450889587402344,7.783985137939453,0.13167190551757812,0.8932723999023438,16.0
2026-10-03T02:31:49.473024+00:00,during_timestep_solve,6.615055084228516,38.73141860961914,47.83979797363281,0.8096066507422583,7.967475891113281,12.541488647460938,7.784000396728516,0.12947463989257812,0.8932723999023438,16.0
2026-10-03T02:31:54.557370+00:00,during_timestep_solve,6.414176940917969,38.92953872680664,47.83979797363281,0.8137479750282993,8.103309631347656,12.63446044921875,7.921192169189453,0.12811660766601562,0.8932723999023438,16.0
2026-10-03T02:31:59.641176+00:00,during_timestep_solve,6.399570465087891,38.942508697509766,47.83979797363281,0.8140190876009376,8.024402618408203,12.56417465209961,7.84344482421875,0.12695693969726562,0.8932723999023438,16.0
2026-10-03T02:32:04.719531+00:00,during_timestep_solve,6.3161163330078125,39.02326583862305,47.83979797363281,0.8157071620605704,8.013198852539062,12.56417465209961,7.834171295166016,0.12502670288085938,0.8932723999023438,16.0
2026-10-03T02:32:09.788170+00:00,during_timestep_solve,6.600666046142578,38.74375534057617,47.83979797363281,0.8098645266422325,7.616909027099609,12.1787109375,7.44073486328125,0.12217330932617188,0.8932723999023438,16.0
2026-10-03T02:32:14.867405+00:00,during_timestep_solve,6.5384063720703125,38.818206787109375,47.83979797363281,0.8114207925481679,7.602321624755859,12.178646087646484,7.4294891357421875,0.11883163452148438,0.8932723999023438,16.0
2026-10-03T02:32:19.955282+00:00,during_timestep_solve,6.975368499755859,38.423309326171875,47.83979797363281,0.8031662121012532,8.07095718383789,12.673080444335938,7.900371551513672,0.11658477783203125,0.907684326171875,16.0
2026-10-03T02:32:25.038666+00:00,during_timestep_solve,7.042503356933594,38.389610290527344,47.83979797363281,0.8024617978463455,7.955513000488281,12.567764282226562,7.784465789794922,0.11704635620117188,0.907684326171875,16.0
2026-10-03T02:32:30.124109+00:00,during_timestep_solve,6.794868469238281,38.767578125,47.83979797363281,0.8103624966469753,8.105995178222656,12.870983123779297,7.935890197753906,0.1161956787109375,0.907684326171875,16.0
2026-10-03T02:32:35.209332+00:00,during_timestep_solve,6.8707275390625,38.543270111083984,47.83979797363281,0.805673764181181,7.919445037841797,12.565532684326172,7.7497406005859375,0.11579513549804688,0.907684326171875,16.0
2026-10-03T02:32:40.293041+00:00,during_timestep_solve,6.714809417724609,38.92531967163086,47.83979797363281,0.8136597837032,8.05755615234375,12.869510650634766,7.889869689941406,0.11379623413085938,0.9264068603515625,16.0
2026-10-03T02:32:45.384936+00:00,during_timestep_solve,6.843921661376953,38.667564392089844,47.83979797363281,0.8082718997559668,7.801959991455078,12.56396484375,7.636863708496094,0.11124038696289062,0.9264068603515625,16.0
2026-10-03T02:32:50.473736+00:00,during_timestep_solve,6.680103302001953,39.067073822021484,47.83979797363281,0.816622884644152,7.9460296630859375,12.869457244873047,7.782539367675781,0.1096343994140625,0.9770584106445312,16.0
2026-10-03T02:32:55.565340+00:00,during_timestep_solve,6.686359405517578,38.92831039428711,47.83979797363281,0.8137222990728907,7.826580047607422,12.63418960571289,7.665019989013672,0.10770416259765625,0.9770584106445312,16.0
2026-10-03T02:33:00.638698+00:00,during_timestep_solve,6.618316650390625,39.00242233276367,47.83979797363281,0.8152714682085423,7.807064056396484,12.63418960571289,7.646610260009766,0.106597900390625,0.9770584106445312,16.0
2026-10-03T02:33:05.714863+00:00,during_timestep_solve,6.672203063964844,39.07927703857422,47.83979797363281,0.8168779696794077,7.7230224609375,12.63543701171875,7.563022613525391,0.10614395141601562,1.0115928649902344,16.0
2026-10-03T02:33:10.799712+00:00,during_timestep_solve,6.566497802734375,39.191490173339844,47.83979797363281,0.8192235718666803,7.704921722412109,12.63543701171875,7.546905517578125,0.10416030883789062,1.0115928649902344,16.0
2026-10-03T02:33:15.902713+00:00,during_timestep_solve,6.4635009765625,39.30271911621094,47.83979797363281,0.821548601394029,7.69866943359375,12.670578002929688,7.541267395019531,0.103546142578125,1.0115928649902344,16.0
2026-10-03T02:33:20.992277+00:00,during_timestep_solve,7.806953430175781,38.039894104003906,47.83979797363281,0.7951516460201152,7.081199645996094,12.10986328125,6.925239562988281,0.10210418701171875,1.0587654113769531,16.0
2026-10-03T02:33:26.072110+00:00,during_timestep_solve,7.879253387451172,37.97563934326172,47.83979797363281,0.7938085224396687,7.131046295166016,12.180122375488281,6.978401184082031,0.09878921508789062,1.0587654113769531,16.0
2026-10-03T02:33:31.156601+00:00,during_timestep_solve,7.815654754638672,38.06174087524414,47.83979797363281,0.7956083112270268,7.072208404541016,12.180122375488281,6.9208984375,0.09745407104492188,1.0587654113769531,16.0
2026-10-03T02:33:33.350759+00:00,after_timestep_31,8.078571319580078,37.81562805175781,47.83979797363281,0.7904637906832324,6.745758056640625,11.899295806884766,6.594291687011719,0.0976104736328125,1.0586433410644531,16.0
2026-10-03T02:33:36.229783+00:00,after_timestep_31,7.7425994873046875,38.130470275878906,47.83979797363281,0.7970449686450336,7.0104827880859375,12.151691436767578,6.859855651855469,0.096771240234375,1.0586433410644531,16.0
2026-10-03T02:33:41.315159+00:00,after_timestep_31,7.5680084228515625,38.189456939697266,47.83979797363281,0.7982779726775939,6.991001129150391,12.151691436767578,6.842601776123047,0.09454345703125,1.0802040100097656,16.0
2026-10-03T02:33:46.384855+00:00,after_timestep_31,7.3809661865234375,38.245357513427734,47.83979797363281,0.7994464678656646,6.974273681640625,12.151691436767578,6.825935363769531,0.094482421875,1.0802040100097656,16.0
2026-10-03T02:33:51.503271+00:00,after_timestep_31,7.476860046386719,38.13564682006836,47.83979797363281,0.797153174457113,6.77581787109375,11.971839904785156,6.5953521728515625,0.12660980224609375,1.0802040100097656,16.0
2026-10-03T02:33:56.591830+00:00,after_timestep_31,7.452487945556641,38.22685241699219,47.83979797363281,0.7990596540157034,6.782585144042969,11.976604461669922,6.5911102294921875,0.1376190185546875,1.0802040100097656,16.0
2026-10-03T02:34:01.791759+00:00,after_timestep_31,7.375637054443359,38.41233444213867,47.83979797363281,0.8029368030214061,6.793586730957031,11.991268157958984,6.607597351074219,0.13213348388671875,1.0802040100097656,16.0
2026-10-03T02:34:17.072114+00:00,after_timestep_31,7.062648773193359,38.7911376953125,47.83979797363281,0.8108549646612735,6.7658233642578125,11.993755340576172,6.578514099121094,0.133453369140625,1.0802040100097656,16.0
2026-10-03T02:34:22.152672+00:00,during_timestep_solve,8.450706481933594,37.321266174316406,47.83979797363281,0.7801300957601502,6.466163635253906,11.549762725830078,6.278751373291016,0.13355636596679688,1.0802040100097656,16.0
2026-10-03T02:34:27.239827+00:00,during_timestep_solve,7.760158538818359,38.162776947021484,47.83979797363281,0.7977202781678786,7.160552978515625,12.323287963867188,6.973522186279297,0.13317489624023438,1.0801773071289062,16.0
2026-10-03T02:34:32.324476+00:00,during_timestep_solve,7.3443603515625,38.605716705322266,47.83979797363281,0.8069790914794421,7.501201629638672,12.684707641601562,7.317043304443359,0.13030242919921875,1.0801773071289062,16.0
2026-10-03T02:34:37.405322+00:00,during_timestep_solve,7.145881652832031,40.992733001708984,47.83979797363281,0.8568751277817346,7.608669281005859,14.985889434814453,7.426502227783203,0.1283111572265625,1.0801773071289062,16.0
2026-10-03T02:34:42.477768+00:00,during_timestep_solve,7.005439758300781,41.015689849853516,47.83979797363281,0.8573549970353043,7.7130126953125,14.985893249511719,7.530830383300781,0.128326416015625,1.0801773071289062,16.0
2026-10-03T02:34:47.552216+00:00,during_timestep_solve,6.843875885009766,41.97230529785156,47.83979797363281,0.8773512237862051,7.79827880859375,15.870372772216797,7.616752624511719,0.1276702880859375,1.0801773071289062,16.0
2026-10-03T02:34:52.629376+00:00,during_timestep_solve,6.684425354003906,42.046607971191406,47.83979797363281,0.8789043798714543,7.869575500488281,15.870372772216797,7.6903839111328125,0.125335693359375,1.0801773071289062,16.0
2026-10-03T02:34:57.708531+00:00,during_timestep_solve,6.589179992675781,42.127403259277344,47.83979797363281,0.8805932517210067,7.886280059814453,15.91189956665039,7.7103118896484375,0.12211227416992188,1.0801773071289062,16.0
2026-10-03T02:35:02.793333+00:00,during_timestep_solve,7.024070739746094,39.02362823486328,47.83979797363281,0.8157147372648058,7.309722900390625,12.719463348388672,7.1337432861328125,0.12212371826171875,1.0805931091308594,16.0
2026-10-03T02:35:07.882436+00:00,during_timestep_solve,8.074039459228516,38.11135482788086,47.83979797363281,0.79664539655636,6.236236572265625,11.689666748046875,6.060253143310547,0.12212753295898438,1.0847511291503906,16.0
2026-10-03T02:35:12.965325+00:00,during_timestep_solve,8.008243560791016,38.17251205444336,47.83979797363281,0.7979237720753413,6.207130432128906,11.670829772949219,6.031192779541016,0.12208175659179688,1.0847511291503906,16.0
2026-10-03T02:35:18.046882+00:00,during_timestep_solve,7.781288146972656,38.38524627685547,47.83979797363281,0.8023705764395519,6.325996398925781,11.7879638671875,6.149982452392578,0.12215805053710938,1.0846290588378906,16.0
2026-10-03T02:35:23.132924+00:00,during_timestep_solve,7.659019470214844,38.54905319213867,47.83979797363281,0.8057946484929809,6.534297943115234,11.859100341796875,6.358161926269531,0.12228012084960938,1.1321067810058594,16.0
2026-10-03T02:35:28.220045+00:00,during_timestep_solve,8.586502075195312,37.628387451171875,47.83979797363281,0.7865498820022397,6.4833831787109375,11.859161376953125,6.3076019287109375,0.12192535400390625,1.1321067810058594,16.0
2026-10-03T02:35:33.307147+00:00,during_timestep_solve,8.614753723144531,37.6994743347168,47.83979797363281,0.7880358181172731,6.380992889404297,11.859161376953125,6.20526123046875,0.12187576293945312,1.1922569274902344,16.0
2026-10-03T02:35:38.387408+00:00,during_timestep_solve,8.533462524414062,37.79114532470703,47.83979797363281,0.7899520258328817,6.303401947021484,11.859161376953125,6.127754211425781,0.12179183959960938,1.1922569274902344,16.0
2026-10-03T02:35:43.463635+00:00,during_timestep_solve,8.492042541503906,37.84906005859375,47.83979797363281,0.7911626232087035,6.265380859375,11.859161376953125,6.090110778808594,0.1214141845703125,1.2160873413085938,16.0
2026-10-03T02:35:48.547030+00:00,during_timestep_solve,8.464221954345703,37.88557815551758,47.83979797363281,0.7919259645786639,6.2583160400390625,11.861259460449219,6.08343505859375,0.12094879150390625,1.2160873413085938,16.0
2026-10-03T02:35:53.623476+00:00,during_timestep_solve,8.392230987548828,37.964237213134766,47.83979797363281,0.7935701825927229,6.253265380859375,11.861259460449219,6.079776763916016,0.11955642700195312,1.2160873413085938,16.0
2026-10-03T02:35:58.699913+00:00,during_timestep_solve,8.316619873046875,38.04030990600586,47.83979797363281,0.7951603375702381,6.189861297607422,11.861289978027344,6.0169677734375,0.1189422607421875,1.2160873413085938,16.0
2026-10-03T02:36:03.782494+00:00,during_timestep_solve,7.975650787353516,38.30276870727539,47.83979797363281,0.8006465396945486,6.581981658935547,12.073333740234375,6.409626007080078,0.11838150024414062,1.2301902770996094,16.0
2026-10-03T02:36:08.875762+00:00,during_timestep_solve,7.8898468017578125,38.398536682128906,47.83979797363281,0.8026483870875142,6.55657958984375,12.073333740234375,6.384860992431641,0.11774444580078125,1.2301902770996094,16.0
2026-10-03T02:36:13.968381+00:00,during_timestep_solve,7.456424713134766,39.035621643066406,47.83979797363281,0.8159654366555043,6.950813293457031,12.627182006835938,6.7828216552734375,0.11401748657226562,1.2301902770996094,16.0
2026-10-03T02:36:19.056161+00:00,during_timestep_solve,7.003410339355469,39.1041259765625,47.83979797363281,0.8173973894729859,7.393245697021484,12.609626770019531,7.226871490478516,0.11240005493164062,1.2301902770996094,16.0
2026-10-03T02:36:24.157067+00:00,during_timestep_solve,6.736900329589844,39.53103256225586,47.83979797363281,0.8263210598013734,7.669975280761719,12.916854858398438,7.505859375,0.11014175415039062,1.2301902770996094,16.0
2026-10-03T02:36:29.263502+00:00,during_timestep_solve,7.645015716552734,38.61756896972656,47.83979797363281,0.8072268405274383,7.6630096435546875,12.916854858398438,7.500583648681641,0.10845184326171875,1.2301902770996094,16.0
2026-10-03T02:36:34.357980+00:00,during_timestep_solve,7.757270812988281,38.36545181274414,47.83979797363281,0.8019568108103108,7.494789123535156,12.6114501953125,7.334194183349609,0.10662078857421875,1.2301902770996094,16.0
2026-10-03T02:36:39.453246+00:00,during_timestep_solve,7.490062713623047,38.80434799194336,47.83979797363281,0.8111311007904047,7.659511566162109,12.916812896728516,7.500476837158203,0.10506057739257812,1.2301902770996094,16.0
2026-10-03T02:36:44.550799+00:00,during_timestep_solve,7.252513885498047,38.870723724365234,47.83979797363281,0.812518559250377,7.796409606933594,12.916812896728516,7.637367248535156,0.10506820678710938,1.2301902770996094,16.0
2026-10-03T02:36:49.644769+00:00,during_timestep_solve,7.484165191650391,38.64984893798828,47.83979797363281,0.8079015918773398,7.488269805908203,12.61138916015625,7.330287933349609,0.10400772094726562,1.2301902770996094,16.0
2026-10-03T02:36:54.729996+00:00,during_timestep_solve,7.256572723388672,39.02315902709961,47.83979797363281,0.8157049293687957,7.605644226074219,12.914737701416016,7.448215484619141,0.1035308837890625,1.2301902770996094,16.0
2026-10-03T02:36:59.814775+00:00,during_timestep_solve,7.268169403076172,38.857364654541016,47.83979797363281,0.8122393133005595,7.503082275390625,12.679519653320312,7.349643707275391,0.09954071044921875,1.2301902770996094,16.0
2026-10-03T02:37:04.908260+00:00,during_timestep_solve,7.198863983154297,38.93513488769531,47.83979797363281,0.8138649521294936,7.502391815185547,12.679519653320312,7.349193572998047,0.09930038452148438,1.2301902770996094,16.0
2026-10-03T02:37:10.012414+00:00,during_timestep_solve,7.099418640136719,39.035888671875,47.83979797363281,0.8159710183849409,7.549938201904297,12.680049896240234,7.398410797119141,0.09764862060546875,1.2301902770996094,16.0
2026-10-03T02:37:15.117191+00:00,during_timestep_solve,7.0755767822265625,39.048675537109375,47.83979797363281,0.8162383034859655,7.455432891845703,12.609703063964844,7.3062286376953125,0.09534835815429688,1.2301902770996094,16.0
2026-10-03T02:37:20.216986+00:00,during_timestep_solve,6.982826232910156,39.13523864746094,47.83979797363281,0.8180477406913498,7.5038909912109375,12.609703063964844,7.3569488525390625,0.09308624267578125,1.2301902770996094,16.0
2026-10-03T02:37:25.323076+00:00,during_timestep_solve,7.195682525634766,38.94749450683594,47.83979797363281,0.8141233064634195,7.089698791503906,12.330039978027344,6.946796417236328,0.08904647827148438,1.2301902770996094,16.0
2026-10-03T02:37:30.409688+00:00,during_timestep_solve,8.193046569824219,37.94297790527344,47.83979797363281,0.7931257971905721,6.999031066894531,12.224689483642578,6.860496520996094,0.08467864990234375,1.2301902770996094,16.0
2026-10-03T02:37:35.506375+00:00,during_timestep_solve,7.846794128417969,38.30298614501953,47.83979797363281,0.8006510848170899,7.162281036376953,12.50704574584961,7.025482177734375,0.08294296264648438,1.2301902770996094,16.0
2026-10-03T02:37:40.619940+00:00,during_timestep_solve,7.769466400146484,38.484195709228516,47.83979797363281,0.8044389261518058,7.256195068359375,12.612327575683594,7.123497009277344,0.0788421630859375,1.2350044250488281,16.0
2026-10-03T02:37:45.707694+00:00,during_timestep_solve,7.599037170410156,38.944496154785156,47.83979797363281,0.8140606316157448,7.247039794921875,12.917865753173828,7.118186950683594,0.0749969482421875,1.2350044250488281,16.0
2026-10-03T02:37:50.817481+00:00,during_timestep_solve,7.245395660400391,39.02377700805664,47.83979797363281,0.815717847085492,7.530834197998047,12.917865753173828,7.404945373535156,0.07203292846679688,1.2350044250488281,16.0
2026-10-03T02:37:55.923668+00:00,during_timestep_solve,7.38848876953125,39.0933837890625,47.83979797363281,0.8171728444716478,7.335121154785156,12.917900085449219,7.209697723388672,0.07156753540039062,1.2350044250488281,16.0
2026-10-03T02:38:01.024556+00:00,during_timestep_solve,7.138031005859375,39.18426513671875,47.83979797363281,0.8190725462159223,7.5166778564453125,12.917900085449219,7.392127990722656,0.0706939697265625,1.2406196594238281,16.0
2026-10-03T02:38:06.118974+00:00,during_timestep_solve,7.207984924316406,39.256534576416016,47.83979797363281,0.820583201418461,7.372413635253906,12.917900085449219,7.248447418212891,0.07011032104492188,1.2406196594238281,16.0
2026-10-03T02:38:11.220506+00:00,during_timestep_solve,6.987953186035156,39.34577941894531,47.83979797363281,0.8224486951351879,7.4901580810546875,12.917900085449219,7.367046356201172,0.06925582885742188,1.2406196594238281,16.0
2026-10-03T02:38:16.318687+00:00,during_timestep_solve,7.193084716796875,39.11412048339844,47.83979797363281,0.8176063056319012,7.249610900878906,12.682609558105469,7.126960754394531,0.06879425048828125,1.2406196594238281,16.0
2026-10-03T02:38:21.414863+00:00,during_timestep_solve,7.1073760986328125,39.19213104248047,47.83979797363281,0.8192369680173283,7.215309143066406,12.68270492553711,7.092903137207031,0.06855010986328125,1.2406196594238281,16.0
2026-10-03T02:38:26.508336+00:00,during_timestep_solve,7.105110168457031,39.27341842651367,47.83979797363281,0.8209361261968424,7.208343505859375,12.68270492553711,7.0863189697265625,0.06816864013671875,1.2859077453613281,16.0
2026-10-03T02:38:31.601687+00:00,during_timestep_solve,7.977592468261719,38.39527130126953,47.83979797363281,0.8025801305104029,7.235786437988281,12.717842102050781,7.114200592041016,0.06772994995117188,1.2859077453613281,16.0
2026-10-03T02:38:36.696889+00:00,during_timestep_solve,8.356098175048828,38.020503997802734,47.83979797363281,0.7947463327240211,6.778545379638672,12.262264251708984,6.657657623291016,0.0670318603515625,1.2859077453613281,16.0
2026-10-03T02:38:41.782230+00:00,during_timestep_solve,8.306285858154297,38.0902099609375,47.83979797363281,0.7962034033239678,6.625114440917969,12.227134704589844,6.506050109863281,0.06520843505859375,1.2859077453613281,16.0
2026-10-03T02:38:46.871599+00:00,during_timestep_solve,8.316879272460938,38.16266632080078,47.83979797363281,0.7977179657371121,6.551532745361328,12.227134704589844,6.432624816894531,0.06505203247070312,1.3270111083984375,16.0
2026-10-03T02:38:48.454880+00:00,after_timestep_32,8.563667297363281,37.904354095458984,47.83979797363281,0.7923184398970538,6.234554290771484,11.947444915771484,6.114433288574219,0.06626510620117188,1.3268890380859375,16.0
2026-10-03T02:38:51.966025+00:00,after_timestep_32,8.190120697021484,38.214195251464844,47.83979797363281,0.7987950800404053,6.567234039306641,12.199859619140625,6.447231292724609,0.0661468505859375,1.3268890380859375,16.0
2026-10-03T02:38:57.049208+00:00,after_timestep_32,7.946937561035156,38.28413772583008,47.83979797363281,0.800257094457853,6.554912567138672,12.198944091796875,6.436954498291016,0.0641021728515625,1.3268890380859375,16.0
2026-10-03T02:39:02.137115+00:00,after_timestep_32,7.714115142822266,38.37031555175781,47.83979797363281,0.8020584780250501,6.5476226806640625,12.199878692626953,6.428783416748047,0.06498336791992188,1.3268890380859375,16.0
2026-10-03T02:39:07.331615+00:00,after_timestep_32,7.809597015380859,38.35270690917969,47.83979797363281,0.8016904028381978,6.370754241943359,12.017108917236328,6.2117462158203125,0.10515213012695312,1.3268890380859375,16.0
2026-10-03T02:39:12.452184+00:00,after_timestep_32,7.802982330322266,38.39847946166992,47.83979797363281,0.8026471910026349,6.346153259277344,12.01822280883789,6.191364288330078,0.10093307495117188,1.3268890380859375,16.0
2026-10-03T02:39:17.714079+00:00,after_timestep_32,7.7396697998046875,38.47085952758789,47.83979797363281,0.8041601586359401,6.359737396240234,12.009346008300781,6.198417663574219,0.10746383666992188,1.3265342712402344,16.0
2026-10-03T02:39:32.536956+00:00,after_timestep_32,8.616828918457031,37.672515869140625,47.83979797363281,0.7874723026611453,6.3434600830078125,12.001911163330078,6.1811065673828125,0.10849761962890625,1.324981689453125,16.0
2026-10-03T02:39:37.631656+00:00,during_timestep_solve,8.867843627929688,37.31724548339844,47.83979797363281,0.7800460508626323,6.192897796630859,11.554794311523438,6.029277801513672,0.10976409912109375,1.324981689453125,16.0
2026-10-03T02:39:42.718026+00:00,during_timestep_solve,7.965885162353516,38.26112747192383,47.83979797363281,0.799776108858396,7.0768890380859375,12.419666290283203,6.913318634033203,0.10971450805664062,1.324981689453125,16.0
2026-10-03T02:39:47.809260+00:00,during_timestep_solve,7.666591644287109,38.65134048461914,47.83979797363281,0.8079327698231932,7.292381286621094,12.710247039794922,7.129478454589844,0.10904693603515625,1.324981689453125,16.0
2026-10-03T02:39:52.904679+00:00,during_timestep_solve,7.485675811767578,41.01422882080078,47.83979797363281,0.8573244570013865,7.394336700439453,14.993282318115234,7.231498718261719,0.10898208618164062,1.324981689453125,16.0
2026-10-03T02:39:57.989085+00:00,during_timestep_solve,7.325000762939453,41.075225830078125,47.83979797363281,0.8585994834827058,7.494636535644531,14.993282318115234,7.3332672119140625,0.107513427734375,1.324981689453125,16.0
2026-10-03T02:40:03.073225+00:00,during_timestep_solve,7.140724182128906,42.045989990234375,47.83979797363281,0.8788914621547581,7.599948883056641,15.877738952636719,7.438758850097656,0.10733413696289062,1.324981689453125,16.0
2026-10-03T02:40:08.169323+00:00,during_timestep_solve,6.976776123046875,42.128299713134766,47.83979797363281,0.8806119903841155,7.650272369384766,15.877738952636719,7.4891510009765625,0.10726547241210938,1.324981689453125,16.0
2026-10-03T02:40:13.286859+00:00,during_timestep_solve,7.304725646972656,39.05535888671875,47.83979797363281,0.8163780061998661,7.232872009277344,12.726715087890625,7.071739196777344,0.10725784301757812,1.324981689453125,16.0
2026-10-03T02:40:18.393765+00:00,during_timestep_solve,7.2187957763671875,39.15166091918945,47.83979797363281,0.818391017051705,7.24261474609375,12.726715087890625,7.08148193359375,0.10725784301757812,1.324981689453125,16.0
2026-10-03T02:40:23.496659+00:00,during_timestep_solve,8.159290313720703,38.2173957824707,47.83979797363281,0.7988619810546534,6.227931976318359,11.697563171386719,6.066791534423828,0.10726547241210938,1.324981689453125,16.0
2026-10-03T02:40:28.613034+00:00,during_timestep_solve,8.079158782958984,38.27096176147461,47.83979797363281,0.7999816759796493,6.206451416015625,11.679576873779297,6.045310974121094,0.10726547241210938,1.324981689453125,16.0
2026-10-03T02:40:33.719064+00:00,during_timestep_solve,8.828300476074219,37.54999542236328,47.83979797363281,0.7849112457176174,6.527217864990234,11.866607666015625,6.366024017333984,0.10731887817382812,1.323760986328125,16.0
2026-10-03T02:40:38.812680+00:00,during_timestep_solve,8.699882507324219,37.63995361328125,47.83979797363281,0.7867916506258394,6.605831146240234,11.866607666015625,6.44464111328125,0.1073150634765625,1.323760986328125,16.0
2026-10-03T02:40:43.902370+00:00,during_timestep_solve,8.628288269042969,37.716209411621094,47.83979797363281,0.7883856330749683,6.602638244628906,11.866607666015625,6.442737579345703,0.10602569580078125,1.323760986328125,16.0
2026-10-03T02:40:48.987352+00:00,during_timestep_solve,8.547847747802734,37.802433013916016,47.83979797363281,0.790187973510069,6.600303649902344,11.866607666015625,6.4417572021484375,0.10467147827148438,1.323760986328125,16.0
2026-10-03T02:40:54.075764+00:00,during_timestep_solve,8.466934204101562,37.89170455932617,47.83979797363281,0.7920540253997396,6.595996856689453,11.866607666015625,6.437969207763672,0.10415267944335938,1.323760986328125,16.0
2026-10-03T02:40:59.162312+00:00,during_timestep_solve,8.405624389648438,37.94459533691406,47.83979797363281,0.7931596065231599,6.5924530029296875,11.866607666015625,6.435977935791016,0.10260009765625,1.323760986328125,16.0
2026-10-03T02:41:04.262135+00:00,during_timestep_solve,8.327556610107422,38.021705627441406,47.83979797363281,0.7947714505064861,6.58856201171875,11.866607666015625,6.433315277099609,0.10137176513671875,1.323760986328125,16.0
2026-10-03T02:41:09.356700+00:00,during_timestep_solve,8.237911224365234,38.11498260498047,47.83979797363281,0.7967212283377068,6.588222503662109,11.86661148071289,6.433025360107422,0.10131454467773438,1.323760986328125,16.0
2026-10-03T02:41:14.449920+00:00,during_timestep_solve,8.270957946777344,38.090782165527344,47.83979797363281,0.7962153641727606,6.331676483154297,11.691200256347656,6.176567077636719,0.101226806640625,1.323760986328125,16.0
2026-10-03T02:41:19.572733+00:00,during_timestep_solve,7.636528015136719,38.68058395385742,47.83979797363281,0.8085440489355004,6.836067199707031,12.183528900146484,6.6815185546875,0.10066604614257812,1.323760986328125,16.0
2026-10-03T02:41:24.696370+00:00,during_timestep_solve,7.621086120605469,38.7579460144043,47.83979797363281,0.8101611556922955,6.83349609375,12.164913177490234,6.680732727050781,0.09888076782226562,1.323760986328125,16.0
2026-10-03T02:41:29.795996+00:00,during_timestep_solve,7.021785736083984,39.40565490722656,47.83979797363281,0.8237002783528731,7.301761627197266,12.6146240234375,7.14935302734375,0.0985260009765625,1.323760986328125,16.0
2026-10-03T02:41:34.906811+00:00,during_timestep_solve,7.9076690673828125,38.375186920166016,47.83979797363281,0.8021603047177734,7.3848876953125,12.6146240234375,7.233863830566406,0.09714126586914062,1.323760986328125,16.0
2026-10-03T02:41:40.024590+00:00,during_timestep_solve,7.657375335693359,38.74966812133789,47.83979797363281,0.8099881220797588,7.560791015625,12.920116424560547,7.4125518798828125,0.09435653686523438,1.323760986328125,16.0
2026-10-03T02:41:45.125391+00:00,during_timestep_solve,7.776805877685547,38.49180221557617,47.83979797363281,0.8045979257017589,7.366313934326172,12.6146240234375,7.21844482421875,0.09398651123046875,1.323760986328125,16.0
2026-10-03T02:41:50.230697+00:00,during_timestep_solve,7.583709716796875,38.8143196105957,47.83979797363281,0.8113395385153684,7.510009765625,12.920116424560547,7.3642425537109375,0.09188461303710938,1.323760986328125,16.0
2026-10-03T02:41:55.341667+00:00,during_timestep_solve,7.651100158691406,38.62729263305664,47.83979797363281,0.8074300952179251,7.348442077636719,12.6146240234375,7.204963684082031,0.08959579467773438,1.323760986328125,16.0
2026-10-03T02:42:00.451906+00:00,during_timestep_solve,7.377216339111328,39.032814025878906,47.83979797363281,0.8159067487574273,7.479648590087891,12.920146942138672,7.338264465332031,0.08750152587890625,1.323760986328125,16.0
2026-10-03T02:42:05.575831+00:00,during_timestep_solve,7.420421600341797,38.86309051513672,47.83979797363281,0.8123590015274801,7.381328582763672,12.684871673583984,7.241847991943359,0.08559799194335938,1.323760986328125,16.0
2026-10-03T02:42:10.691607+00:00,during_timestep_solve,7.340450286865234,38.941383361816406,47.83979797363281,0.8139955645983117,7.35980224609375,12.68368911743164,7.221839904785156,0.084075927734375,1.323760986328125,16.0
2026-10-03T02:42:15.803125+00:00,during_timestep_solve,7.2838134765625,39.02385711669922,47.83979797363281,0.815719521604323,7.317726135253906,12.68368911743164,7.181728363037109,0.08211135864257812,1.323760986328125,16.0
2026-10-03T02:42:20.920062+00:00,during_timestep_solve,7.269309997558594,39.035614013671875,47.83979797363281,0.8159652771775203,7.246002197265625,12.613441467285156,7.111457824707031,0.080657958984375,1.323760986328125,16.0
2026-10-03T02:42:26.052095+00:00,during_timestep_solve,7.198432922363281,39.11946487426758,47.83979797363281,0.8177180199596266,7.245552062988281,12.613441467285156,7.1114501953125,0.0802154541015625,1.323760986328125,16.0
2026-10-03T02:42:31.163113+00:00,during_timestep_solve,7.4962615966796875,38.81200408935547,47.83979797363281,0.8112911369472533,6.858966827392578,12.228302001953125,6.726428985595703,0.07865142822265625,1.323760986328125,16.0
2026-10-03T02:42:36.269230+00:00,during_timestep_solve,8.393444061279297,37.899070739746094,47.83979797363281,0.7922080013931997,6.8741912841796875,12.228302001953125,6.745464324951172,0.07484054565429688,1.323760986328125,16.0
2026-10-03T02:42:41.388613+00:00,during_timestep_solve,7.849102020263672,38.40920639038086,47.83979797363281,0.8028714170480051,7.36163330078125,12.720802307128906,7.233219146728516,0.07452774047851562,1.323760986328125,16.0
2026-10-03T02:42:46.500596+00:00,during_timestep_solve,7.860538482666016,38.398590087890625,47.83979797363281,0.8026495034334015,7.2192535400390625,12.61541748046875,7.089786529541016,0.07558059692382812,1.323760986328125,16.0
2026-10-03T02:42:51.614039+00:00,during_timestep_solve,7.596122741699219,38.805049896240234,47.83979797363281,0.8111457727649241,7.3765869140625,12.921035766601562,7.248992919921875,0.07370758056640625,1.323638916015625,16.0
2026-10-03T02:42:56.730675+00:00,during_timestep_solve,7.754169464111328,38.58414840698242,47.83979797363281,0.8065282472189432,7.205192565917969,12.61541748046875,7.079921722412109,0.07138442993164062,1.3114509582519531,16.0
2026-10-03T02:43:01.843461+00:00,during_timestep_solve,7.517612457275391,38.96512222290039,47.83979797363281,0.8144917803452315,7.36883544921875,12.921035766601562,7.245121002197266,0.06982803344726562,1.3114509582519531,16.0
2026-10-03T02:43:06.951876+00:00,during_timestep_solve,7.626598358154297,38.73622512817383,47.83979797363281,0.8097071218721185,7.170711517333984,12.61541748046875,7.047203063964844,0.06962203979492188,1.3114509582519531,16.0
2026-10-03T02:43:12.061181+00:00,during_timestep_solve,7.380279541015625,39.12592315673828,47.83979797363281,0.817853018073002,7.335323333740234,12.921070098876953,7.212432861328125,0.06900405883789062,1.3114509582519531,16.0
2026-10-03T02:43:17.190002+00:00,during_timestep_solve,7.372772216796875,39.002132415771484,47.83979797363281,0.8152654080451539,7.231708526611328,12.685588836669922,7.110332489013672,0.0674896240234375,1.3114509582519531,16.0
2026-10-03T02:43:22.316079+00:00,during_timestep_solve,7.266105651855469,39.119239807128906,47.83979797363281,0.8177133153591014,7.226230621337891,12.685588836669922,7.105281829833984,0.0670623779296875,1.3114509582519531,16.0
2026-10-03T02:43:27.436855+00:00,during_timestep_solve,7.201446533203125,39.20444107055664,47.83979797363281,0.8194942857443587,7.214595794677734,12.685588836669922,7.0942535400390625,0.06645584106445312,1.3114509582519531,16.0
2026-10-03T02:43:32.556411+00:00,during_timestep_solve,7.2511138916015625,39.227970123291016,47.83979797363281,0.8199861158467212,7.064075469970703,12.61541748046875,6.9438934326171875,0.06629562377929688,1.3158454895019531,16.0
2026-10-03T02:43:37.684931+00:00,during_timestep_solve,7.9756011962890625,38.47749710083008,47.83979797363281,0.8042989044819374,7.162754058837891,12.720680236816406,7.043209075927734,0.0656585693359375,1.3158454895019531,16.0
2026-10-03T02:43:42.800648+00:00,during_timestep_solve,8.432579040527344,38.01621627807617,47.83979797363281,0.7946567060970666,6.665596008300781,12.229793548583984,6.547676086425781,0.06403350830078125,1.3158454895019531,16.0
2026-10-03T02:43:47.918255+00:00,during_timestep_solve,8.370185852050781,38.040042877197266,47.83979797363281,0.7951547558408014,6.648796081542969,12.229793548583984,6.531826019287109,0.06308364868164062,1.3158454895019531,16.0
2026-10-03T02:43:53.021744+00:00,during_timestep_solve,8.630287170410156,37.84642791748047,47.83979797363281,0.7911076033042562,6.299232482910156,11.949432373046875,6.182941436767578,0.062404632568359375,1.3158454895019531,16.0
2026-10-03T02:43:53.311756+00:00,after_timestep_33,8.620304107666016,37.86260223388672,47.83979797363281,0.7914456966301345,6.304042816162109,11.949432373046875,6.187084197998047,0.06307220458984375,1.3158454895019531,16.0
2026-10-03T02:43:58.114761+00:00,after_timestep_33,8.218120574951172,38.19813537597656,47.83979797363281,0.7984593788842856,6.631065368652344,12.201763153076172,6.514305114746094,0.06287384033203125,1.3158454895019531,16.0
2026-10-03T02:44:03.224640+00:00,after_timestep_33,7.964179992675781,38.290077209472656,47.83979797363281,0.8003812480683229,6.570289611816406,12.201763153076172,6.454059600830078,0.062343597412109375,1.3158454895019531,16.0
2026-10-03T02:44:08.336292+00:00,after_timestep_33,7.9583587646484375,38.160308837890625,47.83979797363281,0.7976686870400854,6.563385009765625,11.99127197265625,6.447452545166016,0.062046051025390625,1.3158454895019531,16.0
2026-10-03T02:44:13.451480+00:00,after_timestep_33,7.907737731933594,38.269142150878906,47.83979797363281,0.799943640480488,6.393375396728516,12.02056884765625,6.234325408935547,0.10513687133789062,1.3158454895019531,16.0
2026-10-03T02:44:18.568016+00:00,after_timestep_33,7.896171569824219,38.4207763671875,47.83979797363281,0.8031132654105968,6.362922668457031,11.994209289550781,6.233440399169922,0.07556915283203125,1.3158454895019531,16.0
2026-10-03T02:44:37.132903+00:00,after_timestep_33,7.827903747558594,38.654380798339844,47.83979797363281,0.8079963217997792,6.278377532958984,12.003074645996094,6.127998352050781,0.096466064453125,1.3326759338378906,16.0
2026-10-03T02:44:42.254078+00:00,during_timestep_solve,9.074886322021484,37.277244567871094,47.83979797363281,0.7792099077930192,6.1138153076171875,11.556690216064453,5.961650848388672,0.0982513427734375,1.3325538635253906,16.0
2026-10-03T02:44:47.367477+00:00,during_timestep_solve,8.124408721923828,38.26588439941406,47.83979797363281,0.7998755433813607,6.945060729980469,12.40468978881836,6.792873382568359,0.09827423095703125,1.3325538635253906,16.0
2026-10-03T02:44:52.473460+00:00,during_timestep_solve,7.752849578857422,38.617698669433594,47.83979797363281,0.8072295516531647,7.250072479248047,12.705768585205078,7.097888946533203,0.09827041625976562,1.3325538635253906,16.0
2026-10-03T02:44:57.578283+00:00,during_timestep_solve,7.5696563720703125,40.972957611083984,47.83979797363281,0.8564617608474533,7.3744964599609375,14.99356460571289,7.222373962402344,0.09820938110351562,1.3325538635253906,16.0
2026-10-03T02:45:02.691559+00:00,during_timestep_solve,7.394306182861328,41.05553436279297,47.83979797363281,0.8581878708062474,7.487934112548828,14.99356460571289,7.335845947265625,0.098175048828125,1.3325538635253906,16.0
2026-10-03T02:45:07.800462+00:00,during_timestep_solve,7.198017120361328,42.035030364990234,47.83979797363281,0.8786623720308787,7.584846496582031,15.87802505493164,7.432792663574219,0.09814071655273438,1.3325538635253906,16.0
2026-10-03T02:45:12.932131+00:00,during_timestep_solve,7.09356689453125,42.11845779418945,47.83979797363281,0.8804062637848782,7.5766448974609375,15.8780517578125,7.4245758056640625,0.09814453125,1.3293647766113281,16.0
2026-10-03T02:45:18.049101+00:00,during_timestep_solve,7.445556640625,39.03361511230469,47.83979797363281,0.8159234939457373,7.158008575439453,12.727043151855469,7.0060272216796875,0.09805679321289062,1.3293647766113281,16.0
2026-10-03T02:45:23.184683+00:00,during_timestep_solve,7.364437103271484,39.11636734008789,47.83979797363281,0.8176532718981612,7.169464111328125,12.72805404663086,7.017478942871094,0.09806060791015625,1.3293647766113281,16.0
2026-10-03T02:45:28.302316+00:00,during_timestep_solve,8.308635711669922,38.17656326293945,47.83979797363281,0.7980084548847947,6.160266876220703,11.70511245727539,6.008281707763672,0.09806060791015625,1.3293647766113281,16.0
2026-10-03T02:45:33.423167+00:00,during_timestep_solve,8.263938903808594,38.23601150512695,47.83979797363281,0.7992511073353813,6.138118743896484,11.686119079589844,5.986133575439453,0.09806060791015625,1.3293647766113281,16.0
2026-10-03T02:45:38.550571+00:00,during_timestep_solve,7.986366271972656,38.519012451171875,47.83979797363281,0.8051667039313556,6.329673767089844,11.872024536132812,6.177650451660156,0.0980987548828125,1.3283882141113281,16.0
2026-10-03T02:45:43.668095+00:00,during_timestep_solve,8.841827392578125,37.59605407714844,47.83979797363281,0.785874014306451,6.384059906005859,11.872024536132812,6.232337951660156,0.09779739379882812,1.3283882141113281,16.0
2026-10-03T02:45:48.784801+00:00,during_timestep_solve,8.782527923583984,37.65794372558594,47.83979797363281,0.787167699711887,6.32745361328125,11.872024536132812,6.175785064697266,0.09774398803710938,1.3283882141113281,16.0
2026-10-03T02:45:53.902606+00:00,during_timestep_solve,8.744956970214844,37.735595703125,47.83979797363281,0.7887908666320705,6.2184906005859375,11.872024536132812,6.066856384277344,0.09770965576171875,1.3320083618164062,16.0
2026-10-03T02:45:59.021364+00:00,during_timestep_solve,8.69805908203125,37.775962829589844,47.83979797363281,0.789634664644911,6.150272369384766,11.872024536132812,5.998691558837891,0.09765625,1.3320083618164062,16.0
2026-10-03T02:46:04.123447+00:00,during_timestep_solve,8.657032012939453,37.85975646972656,47.83979797363281,0.791386211342138,6.077178955078125,11.872024536132812,5.9258575439453125,0.0973968505859375,1.3320083618164062,16.0
2026-10-03T02:46:09.240434+00:00,during_timestep_solve,8.55185317993164,37.969791412353516,47.83979797363281,0.7936862825650056,6.0367431640625,11.872024536132812,5.885623931884766,0.09719467163085938,1.3320083618164062,16.0
2026-10-03T02:46:14.351899+00:00,during_timestep_solve,8.532394409179688,38.03779220581055,47.83979797363281,0.7951077098355495,5.97894287109375,11.872024536132812,5.827838897705078,0.09717941284179688,1.3313064575195312,16.0
2026-10-03T02:46:19.466318+00:00,during_timestep_solve,8.734504699707031,37.94477844238281,47.83979797363281,0.7931634339947736,5.713535308837891,11.696613311767578,5.5624542236328125,0.09715652465820312,1.3313064575195312,16.0
2026-10-03T02:46:24.584575+00:00,during_timestep_solve,8.094100952148438,38.553428649902344,47.83979797363281,0.8058861091167503,6.340984344482422,12.189079284667969,6.189922332763672,0.097137451171875,1.3313064575195312,16.0
2026-10-03T02:46:29.717017+00:00,during_timestep_solve,7.987152099609375,38.639461517333984,47.83979797363281,0.8076844626022534,6.443065643310547,12.189071655273438,6.2920684814453125,0.09707260131835938,1.3313064575195312,16.0
2026-10-03T02:46:34.849261+00:00,during_timestep_solve,7.296039581298828,39.154605865478516,47.83979797363281,0.8184525755534923,7.268344879150391,12.619373321533203,7.117462158203125,0.09695816040039062,1.3313064575195312,16.0
2026-10-03T02:46:39.975950+00:00,during_timestep_solve,7.136131286621094,39.269039154052734,47.83979797363281,0.820844585834081,7.306064605712891,12.619373321533203,7.155353546142578,0.0967864990234375,1.3313064575195312,16.0
2026-10-03T02:46:48.514764+00:00,during_timestep_solve,7.903446197509766,38.61309814453125,47.83979797363281,0.8071333864288701,7.464546203613281,12.924945831298828,7.314842224121094,0.0957794189453125,1.3313064575195312,16.0
2026-10-03T02:46:53.648985+00:00,during_timestep_solve,8.001598358154297,38.3897705078125,47.83979797363281,0.8024651468840075,7.283664703369141,12.619377136230469,7.1339569091796875,0.09578323364257812,1.3313064575195312,16.0
2026-10-03T02:46:58.769368+00:00,during_timestep_solve,7.7566986083984375,38.76668930053711,47.83979797363281,0.8103439174618505,7.447357177734375,12.92495346069336,7.300239562988281,0.09319305419921875,1.3313064575195312,16.0
2026-10-03T02:47:03.877637+00:00,during_timestep_solve,7.830272674560547,38.551822662353516,47.83979797363281,0.8058525390011384,7.2579345703125,12.619377136230469,7.112972259521484,0.09103775024414062,1.3313064575195312,16.0
2026-10-03T02:47:09.017343+00:00,during_timestep_solve,7.505592346191406,38.913482666015625,47.83979797363281,0.8134123536111716,7.408809661865234,12.92495346069336,7.266414642333984,0.088470458984375,1.3313064575195312,16.0
2026-10-03T02:47:14.137002+00:00,during_timestep_solve,7.6069488525390625,38.75874328613281,47.83979797363281,0.8101778211416136,7.254985809326172,12.689651489257812,7.113933563232422,0.087127685546875,1.3313064575195312,16.0
2026-10-03T02:47:19.267704+00:00,during_timestep_solve,7.516326904296875,38.871673583984375,47.83979797363281,0.8125384142593731,7.2928009033203125,12.689624786376953,7.153045654296875,0.08584213256835938,1.3313064575195312,16.0
2026-10-03T02:47:24.384596+00:00,during_timestep_solve,7.421993255615234,38.96434783935547,47.83979797363281,0.8144755933298652,7.345798492431641,12.689624786376953,7.209545135498047,0.08234024047851562,1.3313064575195312,16.0
2026-10-03T02:47:29.514843+00:00,during_timestep_solve,7.306266784667969,39.1121940612793,47.83979797363281,0.8175660374409652,7.373291015625,12.72476577758789,7.239284515380859,0.0800933837890625,1.3313064575195312,16.0
2026-10-03T02:47:34.652575+00:00,during_timestep_solve,7.326389312744141,39.070613861083984,47.83979797363281,0.8166968824286839,7.261932373046875,12.61935043334961,7.130084991455078,0.07793426513671875,1.3313064575195312,16.0
2026-10-03T02:47:39.769296+00:00,during_timestep_solve,7.634124755859375,38.768341064453125,47.83979797363281,0.8103784444453659,6.874217987060547,12.234127044677734,6.743125915527344,0.077178955078125,1.3313064575195312,16.0
2026-10-03T02:47:44.892833+00:00,during_timestep_solve,7.545600891113281,38.846160888671875,47.83979797363281,0.8120051198811953,6.873725891113281,12.234127044677734,6.743549346923828,0.076263427734375,1.3313064575195312,16.0
2026-10-03T02:47:50.033075+00:00,during_timestep_solve,7.943756103515625,38.44453811645508,47.83979797363281,0.8036099595914684,7.357967376708984,12.71853256225586,7.230110168457031,0.073944091796875,1.3313064575195312,16.0
2026-10-03T02:47:55.168618+00:00,during_timestep_solve,7.977394104003906,38.40980911254883,47.83979797363281,0.8028840158087336,7.2513885498046875,12.613269805908203,7.125003814697266,0.07247161865234375,1.3311843872070312,16.0
2026-10-03T02:48:00.306498+00:00,during_timestep_solve,7.752857208251953,38.77305221557617,47.83979797363281,0.8104769221004271,7.414638519287109,12.918636322021484,7.291236877441406,0.069488525390625,1.3311843872070312,16.0
2026-10-03T02:48:05.420223+00:00,during_timestep_solve,7.840888977050781,38.538394927978516,47.83979797363281,0.8055718577494658,7.198944091796875,12.613269805908203,7.077999114990234,0.0670318603515625,1.3311843872070312,16.0
2026-10-03T02:48:10.548378+00:00,during_timestep_solve,7.592639923095703,38.92436599731445,47.83979797363281,0.8136398489552119,7.360172271728516,12.918636322021484,7.239727020263672,0.06653213500976562,1.3311843872070312,16.0
2026-10-03T02:48:15.681748+00:00,during_timestep_solve,7.692913055419922,38.66276550292969,47.83979797363281,0.8081715881040906,7.184486389160156,12.613269805908203,7.065525054931641,0.06494140625,1.3311843872070312,16.0
2026-10-03T02:48:20.808743+00:00,during_timestep_solve,7.406154632568359,39.109649658203125,47.83979797363281,0.817512851533333,7.343807220458984,12.918647766113281,7.225887298583984,0.06389999389648438,1.3311843872070312,16.0
2026-10-03T02:48:25.933235+00:00,during_timestep_solve,7.476558685302734,38.96598434448242,47.83979797363281,0.8145098013574128,7.154594421386719,12.683464050292969,7.038646697998047,0.06192779541015625,1.3311843872070312,16.0
2026-10-03T02:48:31.056832+00:00,during_timestep_solve,7.371803283691406,39.106292724609375,47.83979797363281,0.8174426812204149,7.1507110595703125,12.683464050292969,7.035121917724609,0.0615692138671875,1.3311843872070312,16.0
2026-10-03T02:48:36.187680+00:00,during_timestep_solve,7.381431579589844,39.18913269042969,47.83979797363281,0.8191742931696536,7.107627868652344,12.683464050292969,6.993480682373047,0.06012725830078125,1.3675155639648438,16.0
2026-10-03T02:48:41.325443+00:00,during_timestep_solve,7.368144989013672,39.200965881347656,47.83979797363281,0.8194216435226901,7.013572692871094,12.613269805908203,6.899799346923828,0.05975341796875,1.3675155639648438,16.0
2026-10-03T02:48:46.458858+00:00,during_timestep_solve,7.298240661621094,39.27225875854492,47.83979797363281,0.8209118855432889,6.993541717529297,12.613269805908203,6.880455017089844,0.0590667724609375,1.3675155639648438,16.0
2026-10-03T02:48:51.594956+00:00,during_timestep_solve,8.608329772949219,37.94486618041992,47.83979797363281,0.7931652679915885,6.572093963623047,12.22774887084961,6.460041046142578,0.058032989501953125,1.3675155639648438,16.0
2026-10-03T02:48:56.734042+00:00,during_timestep_solve,8.590469360351562,37.99993896484375,47.83979797363281,0.7943164598184056,6.485786437988281,12.22774887084961,6.374973297119141,0.056793212890625,1.3675155639648438,16.0
2026-10-03T02:49:00.790537+00:00,after_timestep_34,8.838790893554688,37.80852127075195,47.83979797363281,0.7903152369412251,6.197689056396484,11.947025299072266,6.086936950683594,0.056732177734375,1.3673439025878906,16.0
2026-10-03T02:49:01.861992+00:00,after_timestep_34,8.714824676513672,38.23997116088867,47.83979797363281,0.7993338764090279,6.314353942871094,12.374752044677734,6.202751159667969,0.057582855224609375,1.3673439025878906,16.0
2026-10-03T02:49:06.987383+00:00,after_timestep_34,8.3326416015625,38.1572380065918,47.83979797363281,0.7976044971515638,6.470054626464844,12.19937515258789,6.359531402587891,0.0565032958984375,1.3673439025878906,16.0
2026-10-03T02:49:12.097848+00:00,after_timestep_34,8.088607788085938,38.24250030517578,47.83979797363281,0.7993867433606923,6.463768005371094,12.19937515258789,6.35443115234375,0.055316925048828125,1.3673439025878906,16.0
2026-10-03T02:49:17.205383+00:00,after_timestep_34,8.140342712402344,38.132991790771484,47.83979797363281,0.7970976761187142,6.2713775634765625,,6.131626129150391,0.08573150634765625,1.3673439025878906,16.0
2026-10-03T02:49:22.374476+00:00,after_timestep_34,8.10934066772461,38.20903778076172,47.83979797363281,0.7986872729232857,6.283622741699219,12.01723861694336,6.130462646484375,0.09914016723632812,1.3673439025878906,16.0
2026-10-03T02:49:27.487135+00:00,after_timestep_34,8.08526611328125,38.38838195800781,47.83979797363281,0.8024361218909368,6.274322509765625,12.02120590209961,6.146434783935547,0.0738677978515625,1.3673439025878906,16.0
2026-10-03T02:49:44.681112+00:00,after_timestep_34,7.915523529052734,38.5727653503418,47.83979797363281,0.8062903060669572,6.296474456787109,12.002201080322266,6.147396087646484,0.09505844116210938,1.3666267395019531,16.0
2026-10-03T02:49:49.809843+00:00,during_timestep_solve,8.241092681884766,38.199520111083984,47.83979797363281,0.7984883241383643,6.06011962890625,11.55484390258789,5.910503387451172,0.09552001953125,1.3666267395019531,16.0
2026-10-03T02:49:54.943275+00:00,during_timestep_solve,8.319355010986328,38.169525146484375,47.83979797363281,0.7978613364446425,6.902435302734375,12.429759979248047,6.753532409667969,0.09480667114257812,1.3666267395019531,16.0
2026-10-03T02:50:00.067238+00:00,during_timestep_solve,7.963085174560547,38.543575286865234,47.83979797363281,0.8056801433005372,7.089530944824219,12.72049331665039,6.940624237060547,0.09481048583984375,1.3666267395019531,16.0
2026-10-03T02:50:05.187451+00:00,during_timestep_solve,7.791500091552734,40.86453628540039,47.83979797363281,0.8541954192181815,7.200279235839844,14.995914459228516,7.051372528076172,0.09481048583984375,1.3666267395019531,16.0
2026-10-03T02:50:10.306128+00:00,during_timestep_solve,7.591083526611328,40.94865417480469,47.83979797363281,0.8559537437297243,7.319129943847656,14.995914459228516,7.170490264892578,0.09454345703125,1.3666267395019531,16.0
2026-10-03T02:50:15.417701+00:00,during_timestep_solve,7.414592742919922,41.9361686706543,47.83979797363281,0.8765958563154398,7.417881011962891,15.880378723144531,7.2692413330078125,0.09454345703125,1.3666267395019531,16.0
2026-10-03T02:50:20.547653+00:00,during_timestep_solve,7.267417907714844,41.99369812011719,47.83979797363281,0.8777984000530743,7.507259368896484,15.880378723144531,7.358642578125,0.09452056884765625,1.3666267395019531,16.0
2026-10-03T02:50:25.689370+00:00,during_timestep_solve,7.604606628417969,38.90211486816406,47.83979797363281,0.8131747314151534,7.086048126220703,12.729385375976562,6.937431335449219,0.09452056884765625,1.3666267395019531,16.0
2026-10-03T02:50:30.825137+00:00,during_timestep_solve,7.545429229736328,38.97351837158203,47.83979797363281,0.8146672858665188,7.09918212890625,12.729385375976562,6.950603485107422,0.094482421875,1.3666267395019531,16.0
2026-10-03T02:50:35.967591+00:00,during_timestep_solve,8.515853881835938,38.049198150634766,47.83979797363281,0.7953461294214872,6.016002655029297,11.707954406738281,5.867420196533203,0.094482421875,1.3666267395019531,16.0
2026-10-03T02:50:41.114464+00:00,during_timestep_solve,8.507320404052734,38.12368392944336,47.83979797363281,0.7969031129783503,5.928211212158203,11.689559936523438,5.779628753662109,0.094482421875,1.3814163208007812,16.0
2026-10-03T02:50:46.242957+00:00,during_timestep_solve,8.23269271850586,38.407161712646484,47.83979797363281,0.8028286769483186,6.1697845458984375,11.87691879272461,6.021156311035156,0.0945281982421875,1.3810501098632812,16.0
2026-10-03T02:50:51.373435+00:00,during_timestep_solve,8.146923065185547,38.477909088134766,47.83979797363281,0.8043075162930682,6.19366455078125,11.87691879272461,6.045036315917969,0.0945281982421875,1.3810501098632812,16.0
2026-10-03T02:50:56.490556+00:00,during_timestep_solve,9.063591003417969,37.56132888793945,47.83979797363281,0.7851481502627081,6.188014984130859,11.87691879272461,6.039386749267578,0.0945281982421875,1.3810501098632812,16.0
2026-10-03T02:51:01.614288+00:00,during_timestep_solve,8.997909545898438,37.639347076416016,47.83979797363281,0.786778972126119,6.187999725341797,11.87691879272461,6.03936767578125,0.09453201293945312,1.3810501098632812,16.0
2026-10-03T02:51:06.737514+00:00,during_timestep_solve,8.923763275146484,37.7136116027832,47.83979797363281,0.7883313308214488,6.187843322753906,11.87691879272461,6.039257049560547,0.09448623657226562,1.3810501098632812,16.0
2026-10-03T02:51:11.855381+00:00,during_timestep_solve,8.829586029052734,37.81447982788086,47.83979797363281,0.7904397892466547,6.168361663818359,11.87691879272461,6.019771575927734,0.09449005126953125,1.3810501098632812,16.0
2026-10-03T02:51:16.977638+00:00,during_timestep_solve,8.850017547607422,37.913848876953125,47.83979797363281,0.7925169102480234,6.0641326904296875,11.87691879272461,5.915687561035156,0.09433746337890625,1.3809280395507812,16.0
2026-10-03T02:51:22.097150+00:00,during_timestep_solve,8.764144897460938,37.989498138427734,47.83979797363281,0.7940982141974319,6.061344146728516,11.87691879272461,5.912921905517578,0.0943145751953125,1.3809280395507812,16.0
2026-10-03T02:51:27.228529+00:00,during_timestep_solve,8.796215057373047,37.94761276245117,47.83979797363281,0.7932226800657942,5.881629943847656,11.701507568359375,5.733203887939453,0.09431838989257812,1.3809280395507812,16.0
2026-10-03T02:51:32.358538+00:00,during_timestep_solve,8.384132385253906,38.34230422973633,47.83979797363281,0.8014729546071435,6.303997039794922,12.194095611572266,6.155570983886719,0.09431838989257812,1.3809356689453125,16.0
2026-10-03T02:51:37.512921+00:00,during_timestep_solve,8.19894027709961,38.533111572265625,47.83979797363281,0.8054614192456118,6.373722076416016,12.299369812011719,6.225330352783203,0.0942840576171875,1.3809356689453125,16.0
2026-10-03T02:51:42.665919+00:00,during_timestep_solve,7.614292144775391,38.94828414916992,47.83979797363281,0.8141398124347535,6.920833587646484,12.624431610107422,6.772624969482422,0.0941009521484375,1.3809356689453125,16.0
2026-10-03T02:51:47.801475+00:00,during_timestep_solve,7.473354339599609,39.02192306518555,47.83979797363281,0.8156790939354032,7.019405364990234,12.624431610107422,6.871940612792969,0.09335708618164062,1.3809356689453125,16.0
2026-10-03T02:51:52.949275+00:00,during_timestep_solve,7.133544921875,39.46609878540039,47.83979797363281,0.8249637426803592,7.356147766113281,12.930049896240234,7.2105712890625,0.09146881103515625,1.3809356689453125,16.0
2026-10-03T02:51:58.081422+00:00,during_timestep_solve,8.231025695800781,38.27521514892578,47.83979797363281,0.8000705849556763,7.1374664306640625,12.624431610107422,6.993015289306641,0.09034347534179688,1.3809356689453125,16.0
2026-10-03T02:52:03.238260+00:00,during_timestep_solve,7.904750823974609,38.676918029785156,47.83979797363281,0.8084674197642341,7.3830718994140625,12.930049896240234,7.241786956787109,0.08717727661132812,1.3809356689453125,16.0
2026-10-03T02:52:08.375586+00:00,during_timestep_solve,8.105003356933594,38.408714294433594,47.83979797363281,0.8028611307180432,7.132038116455078,12.624431610107422,6.992240905761719,0.08568954467773438,1.3809356689453125,16.0
2026-10-03T02:52:13.531772+00:00,during_timestep_solve,7.700214385986328,38.83768081665039,47.83979797363281,0.8118278601020851,7.378322601318359,12.930057525634766,7.240135192871094,0.08407974243164062,1.3809356689453125,16.0
2026-10-03T02:52:18.698639+00:00,during_timestep_solve,7.846271514892578,38.67172622680664,47.83979797363281,0.8083588949961868,7.196537017822266,12.694721221923828,7.059688568115234,0.08274078369140625,1.3809356689453125,16.0
2026-10-03T02:52:23.834908+00:00,during_timestep_solve,7.809932708740234,38.69490051269531,47.83979797363281,0.8088433093722979,7.245578765869141,12.694721221923828,7.110176086425781,0.08129501342773438,1.3809356689453125,16.0
2026-10-03T02:52:28.986855+00:00,during_timestep_solve,7.729503631591797,38.797340393066406,47.83979797363281,0.8109846202621882,7.27911376953125,12.696403503417969,7.145221710205078,0.07978439331054688,1.3809356689453125,16.0
2026-10-03T02:52:34.125431+00:00,during_timestep_solve,7.5958709716796875,38.92853546142578,47.83979797363281,0.8137270036734159,7.3113555908203125,12.731376647949219,7.178409576416016,0.07883834838867188,1.3809356689453125,16.0
2026-10-03T02:52:39.283962+00:00,during_timestep_solve,8.078445434570312,38.40760040283203,47.83979797363281,0.8028378469323931,6.750316619873047,12.170402526855469,6.618312835693359,0.0778961181640625,1.3809356689453125,16.0
2026-10-03T02:52:44.416857+00:00,during_timestep_solve,7.910179138183594,38.59067153930664,47.83979797363281,0.8066646008951818,6.816474914550781,12.240585327148438,6.686504364013672,0.07586288452148438,1.3809356689453125,16.0
2026-10-03T02:52:49.550850+00:00,during_timestep_solve,7.838855743408203,38.6700553894043,47.83979797363281,0.8083239693177117,6.801300048828125,12.240585327148438,6.6712493896484375,0.0759429931640625,1.3809356689453125,16.0
2026-10-03T02:52:54.696461+00:00,during_timestep_solve,7.378162384033203,39.125362396240234,47.83979797363281,0.817841296441185,7.1809539794921875,12.626590728759766,7.052104949951172,0.07474136352539062,1.3809356689453125,16.0
2026-10-03T02:52:59.828535+00:00,during_timestep_solve,8.285877227783203,38.21605682373047,47.83979797363281,0.7988339926684781,7.108760833740234,12.626590728759766,6.983573913574219,0.07107925415039062,1.3809356689453125,16.0
2026-10-03T02:53:04.968646+00:00,during_timestep_solve,8.046722412109375,38.58913803100586,47.83979797363281,0.806632545820417,7.272148132324219,12.931999206542969,7.1473846435546875,0.07065582275390625,1.3809356689453125,16.0
2026-10-03T02:53:10.101540+00:00,during_timestep_solve,8.131706237792969,38.36473846435547,47.83979797363281,0.8019418996188157,7.080875396728516,12.626590728759766,6.958049774169922,0.06871795654296875,1.3809356689453125,16.0
2026-10-03T02:53:15.236804+00:00,during_timestep_solve,7.951442718505859,38.79082107543945,47.83979797363281,0.8108483463249415,7.152820587158203,12.931999206542969,7.029979705810547,0.06873321533203125,1.3907318115234375,16.0
2026-10-03T02:53:20.371388+00:00,during_timestep_solve,8.035041809082031,38.57209396362305,47.83979797363281,0.8062762720043736,6.981891632080078,12.626590728759766,6.859916687011719,0.06786727905273438,1.3907318115234375,16.0
2026-10-03T02:53:25.518328+00:00,during_timestep_solve,7.814800262451172,38.93301773071289,47.83979797363281,0.81382069698896,7.144252777099609,12.932037353515625,7.022727966308594,0.06741714477539062,1.3907318115234375,16.0
2026-10-03T02:53:30.670066+00:00,during_timestep_solve,7.82147216796875,38.80271911621094,47.83979797363281,0.811097052240841,7.03350830078125,12.69680404663086,6.912982940673828,0.06641769409179688,1.3907318115234375,16.0
2026-10-03T02:53:35.805427+00:00,during_timestep_solve,7.734638214111328,38.887046813964844,47.83979797363281,0.8128597623969414,7.029926300048828,12.69680404663086,6.910797119140625,0.06502151489257812,1.3907318115234375,16.0
2026-10-03T02:53:40.929578+00:00,during_timestep_solve,7.663185119628906,38.92863082885742,47.83979797363281,0.8137289971482147,7.026313781738281,12.69680404663086,6.907623291015625,0.06458282470703125,1.3907318115234375,16.0
2026-10-03T02:53:46.082446+00:00,during_timestep_solve,7.5313720703125,39.06155776977539,47.83979797363281,0.8165075820617888,7.054874420166016,12.731922149658203,6.9368743896484375,0.06389236450195312,1.3907318115234375,16.0
2026-10-03T02:53:51.223604+00:00,during_timestep_solve,7.5525054931640625,39.04640579223633,47.83979797363281,0.8161908587857538,6.945354461669922,12.626590728759766,6.827617645263672,0.063629150390625,1.3907318115234375,16.0
2026-10-03T02:53:56.363004+00:00,during_timestep_solve,7.881248474121094,38.72502899169922,47.83979797363281,0.809473087930738,6.529445648193359,12.241512298583984,6.412631988525391,0.06270599365234375,1.3907318115234375,16.0
2026-10-03T02:54:01.492312+00:00,during_timestep_solve,8.75457763671875,37.85294723510742,47.83979797363281,0.7912438772415029,6.526035308837891,12.241512298583984,6.4108734130859375,0.061054229736328125,1.3907318115234375,16.0
2026-10-03T02:54:04.855441+00:00,after_timestep_35,9.001384735107422,37.5900993347168,47.83979797363281,0.7857495417400132,6.252349853515625,11.961448669433594,6.13671875,0.0615234375,1.3907318115234375,16.0
2026-10-03T02:54:06.623777+00:00,after_timestep_35,8.638870239257812,38.10215377807617,47.83979797363281,0.7964530661077708,6.630748748779297,12.431049346923828,6.514438629150391,0.06220245361328125,1.3906097412109375,16.0
2026-10-03T02:54:11.757797+00:00,after_timestep_35,8.476215362548828,37.960235595703125,47.83979797363281,0.7934865363901648,6.514759063720703,12.213813781738281,6.400047302246094,0.060604095458984375,1.3906097412109375,16.0
2026-10-03T02:54:16.885782+00:00,after_timestep_35,8.30709457397461,38.03811264038086,47.83979797363281,0.7951144079108735,6.364105224609375,12.213813781738281,6.250030517578125,0.059947967529296875,1.390960693359375,16.0
2026-10-03T02:54:22.008665+00:00,after_timestep_35,8.331100463867188,37.959293365478516,47.83979797363281,0.7934668408591525,6.1828765869140625,12.029224395751953,6.033016204833984,0.095733642578125,1.390960693359375,16.0
2026-10-03T02:54:27.241084+00:00,after_timestep_35,8.32973861694336,38.0179443359375,47.83979797363281,0.7946928278604211,6.187229156494141,12.030876159667969,6.030158996582031,0.10294342041015625,1.390960693359375,16.0
2026-10-03T02:54:32.658668+00:00,after_timestep_35,8.304901123046875,38.10367965698242,47.83979797363281,0.7964849617045517,6.191703796386719,12.015796661376953,6.045440673828125,0.09213638305664062,1.390960693359375,16.0
2026-10-03T02:54:48.561164+00:00,after_timestep_35,8.158206939697266,38.30494689941406,47.83979797363281,0.8006920706589534,6.20172119140625,12.016429901123047,6.053943634033203,0.09365081787109375,1.390716552734375,16.0
2026-10-03T02:54:53.703588+00:00,during_timestep_solve,8.431022644042969,37.99637985229492,47.83979797363281,0.794242063338914,5.991901397705078,11.552330017089844,5.840961456298828,0.09681320190429688,1.390716552734375,16.0
2026-10-03T02:54:58.828232+00:00,during_timestep_solve,7.512264251708984,38.92667770385742,47.83979797363281,0.8136881707843351,6.926540374755859,12.472110748291016,6.775539398193359,0.09687423706054688,1.390716552734375,16.0
2026-10-03T02:55:03.981030+00:00,during_timestep_solve,8.165229797363281,38.27774429321289,47.83979797363281,0.8001234519073407,7.195213317871094,12.729267120361328,7.044208526611328,0.0968780517578125,1.390716552734375,16.0
2026-10-03T02:55:09.109724+00:00,during_timestep_solve,7.986499786376953,40.63432312011719,47.83979797363281,0.8493832507928448,7.308780670166016,14.999969482421875,7.15777587890625,0.0968780517578125,1.390716552734375,16.0
2026-10-03T02:55:14.249733+00:00,during_timestep_solve,7.862987518310547,40.738487243652344,47.83979797363281,0.8515606037070976,7.3430328369140625,14.999969482421875,7.192035675048828,0.09687042236328125,1.390716552734375,16.0
2026-10-03T02:55:19.373562+00:00,during_timestep_solve,7.6878509521484375,41.69667053222656,47.83979797363281,0.8715896031836909,7.449653625488281,15.884441375732422,7.298656463623047,0.09687042236328125,1.390716552734375,16.0
2026-10-03T02:55:24.511550+00:00,during_timestep_solve,7.459659576416016,41.844974517822266,47.83979797363281,0.8746896159738252,7.539470672607422,15.884441375732422,7.388469696044922,0.09687423706054688,1.390716552734375,16.0
2026-10-03T02:55:29.644526+00:00,during_timestep_solve,7.674510955810547,39.681766510009766,47.83979797363281,0.8294718663293814,7.567409515380859,13.646675109863281,7.416404724121094,0.0968780517578125,1.390716552734375,16.0
2026-10-03T02:55:34.796807+00:00,during_timestep_solve,7.736991882324219,38.86410903930664,47.83979797363281,0.8123802918383314,7.099357604980469,12.733528137207031,6.948341369628906,0.09688949584960938,1.390716552734375,16.0
2026-10-03T02:55:39.937458+00:00,during_timestep_solve,8.651573181152344,37.9341926574707,47.83979797363281,0.7929421582921056,6.091636657714844,11.709999084472656,5.940616607666016,0.096893310546875,1.390716552734375,16.0
2026-10-03T02:55:45.075170+00:00,during_timestep_solve,8.574798583984375,38.01284408569336,47.83979797363281,0.7945862168281806,6.0719451904296875,11.69143295288086,5.920925140380859,0.096893310546875,1.390716552734375,16.0
2026-10-03T02:55:50.236610+00:00,during_timestep_solve,8.333332061767578,38.27675247192383,47.83979797363281,0.8001027197694331,6.333469390869141,11.878372192382812,6.182270050048828,0.09707260131835938,1.390594482421875,16.0
2026-10-03T02:55:55.363228+00:00,during_timestep_solve,8.264347076416016,38.28391647338867,47.83979797363281,0.8002524695963198,6.402149200439453,11.878372192382812,6.25091552734375,0.09710693359375,1.390472412109375,16.0
2026-10-03T02:56:00.486673+00:00,during_timestep_solve,8.188716888427734,38.363494873046875,47.83979797363281,0.8019159047074392,6.4021453857421875,11.878372192382812,6.250911712646484,0.09710693359375,1.390472412109375,16.0
2026-10-03T02:56:05.616312+00:00,during_timestep_solve,9.086753845214844,37.46311569213867,47.83979797363281,0.783095190175901,6.401081085205078,11.878372192382812,6.249843597412109,0.09711074829101562,1.390472412109375,16.0
2026-10-03T02:56:10.758836+00:00,during_timestep_solve,9.00649642944336,37.54731369018555,47.83979797363281,0.7848551892062748,6.400722503662109,11.878372192382812,6.249500274658203,0.09709548950195312,1.390472412109375,16.0
2026-10-03T02:56:15.884893+00:00,during_timestep_solve,8.93490982055664,37.61325454711914,47.83979797363281,0.7862335574211644,6.4006500244140625,11.878372192382812,6.249416351318359,0.09710311889648438,1.390472412109375,16.0
2026-10-03T02:56:21.015010+00:00,during_timestep_solve,8.843719482421875,37.70234680175781,47.83979797363281,0.7880958615782133,6.400608062744141,11.878372192382812,6.249347686767578,0.09712982177734375,1.390472412109375,16.0
2026-10-03T02:56:26.152668+00:00,during_timestep_solve,8.732803344726562,37.81574249267578,47.83979797363281,0.790466182852991,6.395526885986328,11.878372192382812,6.244258880615234,0.097137451171875,1.390472412109375,16.0
2026-10-03T02:56:31.293847+00:00,during_timestep_solve,8.841651916503906,37.7103385925293,47.83979797363281,0.7882629147663536,6.2535400390625,11.702960968017578,6.102272033691406,0.097137451171875,1.390472412109375,16.0
2026-10-03T02:56:36.450173+00:00,during_timestep_solve,8.189468383789062,38.32228469848633,47.83979797363281,0.8010544843773773,6.801307678222656,12.195693969726562,6.650096893310547,0.09708023071289062,1.390472412109375,16.0
2026-10-03T02:56:41.604484+00:00,during_timestep_solve,8.219684600830078,38.29620361328125,47.83979797363281,0.8005093088893985,6.6479644775390625,12.09027099609375,6.496856689453125,0.09697723388671875,1.390472412109375,16.0
2026-10-03T02:56:46.759215+00:00,during_timestep_solve,7.675075531005859,38.89003372192383,47.83979797363281,0.8129221980276401,7.146415710449219,12.626697540283203,6.995655059814453,0.09663009643554688,1.390472412109375,16.0
2026-10-03T02:56:51.902451+00:00,during_timestep_solve,7.5500335693359375,38.98062515258789,47.83979797363281,0.8148158396085262,7.179431915283203,12.626697540283203,7.030204772949219,0.09509658813476562,1.390472412109375,16.0
2026-10-03T02:56:57.040568+00:00,during_timestep_solve,7.287593841552734,39.35311508178711,47.83979797363281,0.8226020332167124,7.348064422607422,12.93203353881836,7.199306488037109,0.09462738037109375,1.3899955749511719,16.0
2026-10-03T02:57:02.206798+00:00,during_timestep_solve,7.089214324951172,39.404781341552734,47.83979797363281,0.823682018123716,7.451446533203125,12.93203353881836,7.306953430175781,0.090362548828125,1.3899955749511719,16.0
2026-10-03T02:57:07.357589+00:00,during_timestep_solve,8.308006286621094,38.177085876464844,47.83979797363281,0.7980193791266922,7.123775482177734,12.626697540283203,6.983177185058594,0.08646774291992188,1.3899955749511719,16.0
2026-10-03T02:57:12.492490+00:00,during_timestep_solve,8.031173706054688,38.62380599975586,47.83979797363281,0.8073572137792806,7.272380828857422,12.932060241699219,7.134056091308594,0.08419418334960938,1.3899955749511719,16.0
2026-10-03T02:57:17.636035+00:00,during_timestep_solve,8.119209289550781,38.386959075927734,47.83979797363281,0.8024063792469386,7.072868347167969,12.626697540283203,6.937065124511719,0.08167266845703125,1.3899955749511719,16.0
2026-10-03T02:57:22.790661+00:00,during_timestep_solve,7.865169525146484,38.77817153930664,47.83979797363281,0.8105839318276272,7.234672546386719,12.932064056396484,7.101287841796875,0.079254150390625,1.3899955749511719,16.0
2026-10-03T02:57:27.955414+00:00,during_timestep_solve,7.662220001220703,38.85822677612305,47.83979797363281,0.8122573343127408,7.332202911376953,12.932064056396484,7.201419830322266,0.07665252685546875,1.3899955749511719,16.0
2026-10-03T02:57:33.113965+00:00,during_timestep_solve,7.9447784423828125,38.717044830322266,47.83979797363281,0.8093061942205817,7.037029266357422,12.696891784667969,6.908042907714844,0.07485580444335938,1.3998641967773438,16.0
2026-10-03T02:57:38.246423+00:00,during_timestep_solve,7.857433319091797,38.800716400146484,47.83979797363281,0.811055189270066,7.034191131591797,12.696815490722656,6.9068145751953125,0.07324600219726562,1.3998641967773438,16.0
2026-10-03T02:57:43.415754+00:00,during_timestep_solve,7.746612548828125,38.902992248535156,47.83979797363281,0.8131930713833024,7.042167663574219,12.696754455566406,6.9179229736328125,0.0701141357421875,1.3998641967773438,16.0
2026-10-03T02:57:48.568860+00:00,during_timestep_solve,7.633823394775391,39.01911926269531,47.83979797363281,0.8156204857763181,7.071739196777344,12.731864929199219,6.949623107910156,0.06798553466796875,1.3998641967773438,16.0
2026-10-03T02:57:53.727519+00:00,during_timestep_solve,8.086563110351562,38.55156707763672,47.83979797363281,0.8058471964886775,6.508388519287109,12.170707702636719,6.389568328857422,0.06468963623046875,1.3998641967773438,16.0
2026-10-03T02:57:58.882581+00:00,during_timestep_solve,7.957920074462891,38.69032287597656,47.83979797363281,0.808747622581955,6.572994232177734,12.24090576171875,6.455623626708984,0.06324005126953125,1.3998641967773438,16.0
2026-10-03T02:58:04.019277+00:00,during_timestep_solve,7.8657379150390625,38.74852752685547,47.83979797363281,0.809964280121165,6.588958740234375,12.24090576171875,6.473930358886719,0.0608978271484375,1.3998641967773438,16.0
2026-10-03T02:58:09.157142+00:00,during_timestep_solve,8.38360595703125,38.218910217285156,47.83979797363281,0.7988936374344585,6.948028564453125,12.627742767333984,6.834072113037109,0.059825897216796875,1.3998641967773438,16.0
2026-10-03T02:58:14.302899+00:00,during_timestep_solve,8.316104888916016,38.285640716552734,47.83979797363281,0.8002885116206823,6.943691253662109,12.627742767333984,6.831668853759766,0.057891845703125,1.3985176086425781,16.0
2026-10-03T02:58:19.446957+00:00,during_timestep_solve,8.07791519165039,38.67113494873047,47.83979797363281,0.8083465354524343,7.107215881347656,12.933231353759766,6.995170593261719,0.05789947509765625,1.3985176086425781,16.0
2026-10-03T02:58:24.585580+00:00,during_timestep_solve,8.157081604003906,38.448909759521484,47.83979797363281,0.8037013404762459,6.903938293457031,12.627742767333984,6.792823791503906,0.05696868896484375,1.3984107971191406,16.0
2026-10-03T02:58:29.730500+00:00,during_timestep_solve,7.919910430908203,38.846580505371094,47.83979797363281,0.8120138911703101,7.067451477050781,12.933231353759766,6.957069396972656,0.05623626708984375,1.3984107971191406,16.0
2026-10-03T02:58:34.888507+00:00,during_timestep_solve,7.703929901123047,38.91853332519531,47.83979797363281,0.8135179280365167,7.20147705078125,12.933231353759766,7.09228515625,0.05504608154296875,1.3984107971191406,16.0
2026-10-03T02:58:40.048058+00:00,during_timestep_solve,7.851104736328125,38.74309539794922,47.83979797363281,0.8098507317966247,6.891735076904297,12.627742767333984,6.783111572265625,0.054477691650390625,1.3939132690429688,16.0
2026-10-03T02:58:45.190661+00:00,during_timestep_solve,7.667407989501953,39.09797668457031,47.83979797363281,0.8172688502179586,7.054416656494141,12.933238983154297,6.946403503417969,0.053867340087890625,1.3954734802246094,16.0
2026-10-03T02:58:50.341890+00:00,during_timestep_solve,7.713264465332031,38.941314697265625,47.83979797363281,0.8139941292964565,6.908866882324219,12.697986602783203,6.801258087158203,0.053462982177734375,1.3954734802246094,16.0
2026-10-03T02:58:55.485245+00:00,during_timestep_solve,7.5896148681640625,39.07587432861328,47.83979797363281,0.8168068424985863,6.907512664794922,12.697986602783203,6.800437927246094,0.052928924560546875,1.3953514099121094,16.0
2026-10-03T02:59:00.640473+00:00,during_timestep_solve,7.4630279541015625,39.19978332519531,47.83979797363281,0.8193969244351847,6.905391693115234,12.697986602783203,6.800075531005859,0.05117034912109375,1.3953514099121094,16.0
2026-10-03T02:59:05.802113+00:00,during_timestep_solve,7.4332275390625,39.28766632080078,47.83979797363281,0.8212339513317847,6.8284454345703125,12.627742767333984,6.723957061767578,0.050342559814453125,1.3953514099121094,16.0
2026-10-03T02:59:10.949827+00:00,during_timestep_solve,8.244514465332031,38.46383285522461,47.83979797363281,0.8040132794127638,6.860057830810547,12.733108520507812,6.756553649902344,0.049358367919921875,1.3953514099121094,16.0
2026-10-03T02:59:16.123632+00:00,during_timestep_solve,8.541511535644531,38.16893768310547,47.83979797363281,0.7978490566398818,6.465423583984375,12.347949981689453,6.363056182861328,0.048221588134765625,1.3953514099121094,16.0
2026-10-03T02:59:21.280192+00:00,during_timestep_solve,8.571941375732422,38.14030075073242,47.83979797363281,0.7972504560272949,6.324989318847656,12.242561340332031,6.2232666015625,0.047573089599609375,1.3953514099121094,16.0
2026-10-03T02:59:26.329526+00:00,after_timestep_36,8.804157257080078,37.887733459472656,47.83979797363281,0.7919710171091171,6.052043914794922,11.961738586425781,5.949501037597656,0.04839324951171875,1.3923912048339844,16.0
2026-10-03T02:59:26.458913+00:00,after_timestep_36,8.797523498535156,37.89185333251953,47.83979797363281,0.7920571352204256,6.053733825683594,11.961738586425781,5.95037841796875,0.049205780029296875,1.3923912048339844,16.0
2026-10-03T02:59:31.601008+00:00,after_timestep_36,8.370582580566406,38.23003005981445,47.83979797363281,0.7991260765959999,6.370189666748047,12.214122772216797,6.2667083740234375,0.0493316650390625,1.3921470642089844,16.0
2026-10-03T02:59:36.756594+00:00,after_timestep_36,8.178340911865234,38.275447845458984,47.83979797363281,0.8000754490341854,6.2970123291015625,12.214122772216797,6.193798065185547,0.04906463623046875,1.3921470642089844,16.0
2026-10-03T02:59:41.909239+00:00,after_timestep_36,8.162063598632812,38.236759185791016,47.83979797363281,0.799266736177804,6.102302551269531,12.016338348388672,5.9750518798828125,0.07310104370117188,1.3921470642089844,16.0
2026-10-03T02:59:47.071982+00:00,after_timestep_36,8.123310089111328,38.289283752441406,47.83979797363281,0.8003646623579969,6.116950988769531,12.02840805053711,5.974609375,0.08819198608398438,1.3921470642089844,16.0
2026-10-03T02:59:52.226278+00:00,after_timestep_36,8.133777618408203,38.32880783081055,47.83979797363281,0.8011908380536159,6.0964508056640625,12.005733489990234,5.975059509277344,0.06724166870117188,1.3921470642089844,16.0
2026-10-03T03:00:10.421303+00:00,after_timestep_36,8.961597442626953,37.67631912231445,47.83979797363281,0.7875518024361219,6.152679443359375,12.01723861694336,6.002521514892578,0.09600830078125,1.4055976867675781,16.0
2026-10-03T03:00:15.572478+00:00,during_timestep_solve,9.197174072265625,37.266700744628906,47.83979797363281,0.7789895092192628,5.997306823730469,11.56826400756836,5.846607208251953,0.09654998779296875,1.4046249389648438,16.0
2026-10-03T03:00:20.713330+00:00,during_timestep_solve,8.300575256347656,38.191253662109375,47.83979797363281,0.7983155297428035,6.8240814208984375,12.408672332763672,6.6724090576171875,0.09752273559570312,1.4046249389648438,16.0
2026-10-03T03:00:25.857109+00:00,during_timestep_solve,7.939353942871094,38.55678176879883,47.83979797363281,0.8059561996906766,7.142131805419922,12.71304702758789,6.990459442138672,0.09752273559570312,1.4046249389648438,16.0
2026-10-03T03:00:31.000238+00:00,during_timestep_solve,7.727348327636719,40.96541976928711,47.83979797363281,0.8563041965993553,7.220996856689453,15.002639770507812,7.069324493408203,0.09752273559570312,1.4046249389648438,16.0
2026-10-03T03:00:36.134110+00:00,during_timestep_solve,7.532413482666016,41.07741928100586,47.83979797363281,0.8586453334030784,7.264949798583984,15.002639770507812,7.113304138183594,0.09749603271484375,1.4046249389648438,16.0
2026-10-03T03:00:41.274738+00:00,during_timestep_solve,7.351772308349609,42.03505325317383,47.83979797363281,0.8786628504648305,7.377799987792969,15.88711929321289,7.226146697998047,0.097503662109375,1.4046249389648438,16.0
2026-10-03T03:00:46.409649+00:00,during_timestep_solve,7.180927276611328,42.13100814819336,47.83979797363281,0.8806686050684017,7.4665069580078125,15.88711929321289,7.314853668212891,0.097503662109375,1.4046249389648438,16.0
2026-10-03T03:00:51.563256+00:00,during_timestep_solve,7.0759735107421875,42.25185012817383,47.83979797363281,0.8831945768554705,7.497215270996094,15.928646087646484,7.345550537109375,0.09751510620117188,1.4046249389648438,16.0
2026-10-03T03:00:56.729841+00:00,during_timestep_solve,7.443508148193359,39.14459228515625,47.83979797363281,0.8182432606996172,7.064517974853516,12.736213684082031,6.912853240966797,0.09751510620117188,1.4046249389648438,16.0
2026-10-03T03:01:01.887172+00:00,during_timestep_solve,8.368812561035156,38.197261810302734,47.83979797363281,0.7984411186551286,6.05511474609375,11.713554382324219,5.903450012207031,0.09751510620117188,1.4046249389648438,16.0
2026-10-03T03:01:07.040901+00:00,during_timestep_solve,8.304679870605469,38.270606994628906,47.83979797363281,0.7999742602533978,6.035968780517578,11.694862365722656,5.884304046630859,0.09751510620117188,1.4046249389648438,16.0
2026-10-03T03:01:12.210078+00:00,during_timestep_solve,8.560050964355469,38.03331756591797,47.83979797363281,0.7950141759979893,6.308063507080078,11.882179260253906,6.156349182128906,0.097564697265625,1.4036483764648438,16.0
2026-10-03T03:01:17.360218+00:00,during_timestep_solve,8.985092163085938,37.60396194458008,47.83979797363281,0.7860393132367683,6.335502624511719,11.882179260253906,6.183788299560547,0.097564697265625,1.4036483764648438,16.0
2026-10-03T03:01:22.517390+00:00,during_timestep_solve,8.937519073486328,37.66460418701172,47.83979797363281,0.787306923991836,6.2752532958984375,11.882179260253906,6.12353515625,0.09756851196289062,1.4036483764648438,16.0
2026-10-03T03:01:27.676390+00:00,during_timestep_solve,8.846324920654297,37.756778717041016,47.83979797363281,0.7892336572543823,6.236347198486328,11.882179260253906,6.08465576171875,0.09754180908203125,1.4036483764648438,16.0
2026-10-03T03:01:32.817916+00:00,during_timestep_solve,8.773643493652344,37.83307647705078,47.83979797363281,0.7908285168324227,6.187824249267578,11.882179260253906,6.036170959472656,0.097503662109375,1.4036483764648438,16.0
2026-10-03T03:01:37.971527+00:00,during_timestep_solve,8.688152313232422,37.933048248291016,47.83979797363281,0.7929182365945199,6.1185150146484375,11.882179260253906,5.966880798339844,0.09748458862304688,1.4036483764648438,16.0
2026-10-03T03:01:43.108178+00:00,during_timestep_solve,8.634456634521484,37.99708938598633,47.83979797363281,0.7942568947914171,6.088050842285156,11.882183074951172,5.936420440673828,0.09748077392578125,1.4036483764648438,16.0
2026-10-03T03:01:48.248734+00:00,during_timestep_solve,8.67605209350586,38.080848693847656,47.83979797363281,0.7960077238377165,6.054042816162109,11.882183074951172,5.9030609130859375,0.096832275390625,1.403228759765625,16.0
2026-10-03T03:01:53.385136+00:00,during_timestep_solve,8.727737426757812,37.99513626098633,47.83979797363281,0.7942160684275376,5.7903900146484375,11.706771850585938,5.640041351318359,0.09619903564453125,1.403228759765625,16.0
2026-10-03T03:01:58.558106+00:00,during_timestep_solve,8.146419525146484,38.584808349609375,47.83979797363281,0.8065420420645509,6.418926239013672,12.198959350585938,6.268581390380859,0.09619522094726562,1.4032058715820312,16.0
2026-10-03T03:02:03.731290+00:00,during_timestep_solve,7.855457305908203,38.87794876098633,47.83979797363281,0.8126695849011348,6.628791809082031,12.409496307373047,6.478557586669922,0.0960845947265625,1.4032058715820312,16.0
2026-10-03T03:02:08.897240+00:00,during_timestep_solve,7.37225341796875,39.17145538330078,47.83979797363281,0.8188047826809461,7.126167297363281,12.629127502441406,6.976032257080078,0.09598541259765625,1.4032058715820312,16.0
2026-10-03T03:02:14.063959+00:00,during_timestep_solve,8.231910705566406,38.29160690307617,47.83979797363281,0.8004132234040958,7.141407012939453,12.629127502441406,6.991355895996094,0.0959014892578125,1.3559608459472656,16.0
2026-10-03T03:02:19.233353+00:00,during_timestep_solve,7.913967132568359,38.662227630615234,47.83979797363281,0.8081603449062253,7.376289367675781,12.934532165527344,7.227298736572266,0.09483718872070312,1.3559608459472656,16.0
2026-10-03T03:02:24.403577+00:00,during_timestep_solve,8.066837310791016,38.46074295043945,47.83979797363281,0.8039486908292823,7.123985290527344,12.629127502441406,6.977256774902344,0.0925750732421875,1.3559608459472656,16.0
2026-10-03T03:02:29.559012+00:00,during_timestep_solve,7.722541809082031,38.86200714111328,47.83979797363281,0.8123363556537656,7.309146881103516,12.934532165527344,7.166423797607422,0.08856964111328125,1.3559608459472656,16.0
2026-10-03T03:02:34.734301+00:00,during_timestep_solve,7.807437896728516,38.6843147277832,47.83979797363281,0.8086220336696299,7.055027008056641,12.629127502441406,6.914031982421875,0.08684158325195312,1.3559608459472656,16.0
2026-10-03T03:02:39.896817+00:00,during_timestep_solve,7.435997009277344,39.07655715942383,47.83979797363281,0.8168211157781458,7.353893280029297,12.9345703125,7.216053009033203,0.08368682861328125,1.3559608459472656,16.0
2026-10-03T03:02:45.070635+00:00,during_timestep_solve,7.577552795410156,38.92957305908203,47.83979797363281,0.8137486926792269,7.116878509521484,12.699337005615234,6.980560302734375,0.08216476440429688,1.3559608459472656,16.0
2026-10-03T03:02:50.229201+00:00,during_timestep_solve,7.500034332275391,39.00968551635742,47.83979797363281,0.8154232912492198,7.165477752685547,12.699337005615234,7.030616760253906,0.08070755004882812,1.3559608459472656,16.0
2026-10-03T03:02:55.384529+00:00,during_timestep_solve,7.445362091064453,39.03940200805664,47.83979797363281,0.8160444579965291,7.223224639892578,12.699337005615234,7.088630676269531,0.08044052124023438,1.3559608459472656,16.0
2026-10-03T03:03:00.559056+00:00,during_timestep_solve,7.332550048828125,39.16259765625,47.83979797363281,0.8186196287416326,7.253639221191406,12.734447479248047,7.119983673095703,0.07950210571289062,1.3559608459472656,16.0
2026-10-03T03:03:05.724253+00:00,during_timestep_solve,7.826789855957031,38.6751708984375,47.83979797363281,0.8084308993059199,6.690803527832031,12.173835754394531,6.559848785400391,0.07680130004882812,1.3559608459472656,16.0
2026-10-03T03:03:10.898614+00:00,during_timestep_solve,7.678691864013672,38.824424743652344,47.83979797363281,0.8115507671050504,6.758975982666016,12.244064331054688,6.629505157470703,0.0753173828125,1.3559608459472656,16.0
2026-10-03T03:03:16.061984+00:00,during_timestep_solve,8.613578796386719,37.88093948364258,47.83979797363281,0.7918290019644498,6.759063720703125,12.244064331054688,6.629585266113281,0.07532501220703125,1.3559608459472656,16.0
2026-10-03T03:03:21.226798+00:00,during_timestep_solve,8.166667938232422,38.327064514160156,47.83979797363281,0.8011543973342936,7.145267486572266,12.630985260009766,7.017765045166016,0.0733489990234375,1.3555946350097656,16.0
2026-10-03T03:03:26.395759+00:00,during_timestep_solve,8.078670501708984,38.41704559326172,47.83979797363281,0.8030352806764673,7.112056732177734,12.630985260009766,6.985969543457031,0.07193374633789062,1.3555946350097656,16.0
2026-10-03T03:03:31.549193+00:00,during_timestep_solve,7.830173492431641,38.8151741027832,47.83979797363281,0.8113574000495658,7.2760162353515625,12.936519622802734,7.151451110839844,0.07041168212890625,1.3555946350097656,16.0
2026-10-03T03:03:36.722227+00:00,during_timestep_solve,7.939548492431641,38.54201126098633,47.83979797363281,0.8056474503138368,7.10382080078125,12.630985260009766,6.981632232666016,0.06803512573242188,1.3555946350097656,16.0
2026-10-03T03:03:41.891306+00:00,during_timestep_solve,7.696468353271484,38.93718719482422,47.83979797363281,0.813907851707164,7.227176666259766,12.936519622802734,7.105182647705078,0.067840576171875,1.3555946350097656,16.0
2026-10-03T03:03:47.068892+00:00,during_timestep_solve,7.851108551025391,38.715789794921875,47.83979797363281,0.8092799600922294,7.008155822753906,12.630985260009766,6.886684417724609,0.06731796264648438,1.3555946350097656,16.0
2026-10-03T03:03:52.252191+00:00,during_timestep_solve,7.518463134765625,39.105133056640625,47.83979797363281,0.8174184405668613,7.2528228759765625,12.936561584472656,7.133056640625,0.06561279296875,1.3555946350097656,16.0
2026-10-03T03:03:57.433409+00:00,during_timestep_solve,7.667789459228516,38.96742630004883,47.83979797363281,0.8145399426963709,6.991893768310547,12.701244354248047,6.872714996337891,0.06502532958984375,1.3668060302734375,16.0
2026-10-03T03:04:02.658109+00:00,during_timestep_solve,7.569759368896484,39.069496154785156,47.83979797363281,0.8166735189040418,6.991115570068359,12.701244354248047,6.872531890869141,0.06443023681640625,1.3668060302734375,16.0
2026-10-03T03:04:07.830714+00:00,during_timestep_solve,7.495491027832031,39.14528274536133,47.83979797363281,0.8182576934571606,6.971046447753906,12.701244354248047,6.852867126464844,0.06402587890625,1.3668060302734375,16.0
2026-10-03T03:04:13.002164+00:00,during_timestep_solve,7.373058319091797,39.281089782714844,47.83979797363281,0.8210964813096587,6.944660186767578,12.736370086669922,6.827144622802734,0.06336212158203125,1.3668060302734375,16.0
2026-10-03T03:04:18.166139+00:00,during_timestep_solve,8.833473205566406,37.81653594970703,47.83979797363281,0.7904827685633171,6.347877502441406,12.17544937133789,6.232135772705078,0.061588287353515625,1.3668060302734375,16.0
2026-10-03T03:04:23.329631+00:00,during_timestep_solve,8.655887603759766,37.98719024658203,47.83979797363281,0.7940499721073007,6.404987335205078,12.2457275390625,6.290737152099609,0.06009674072265625,1.3668060302734375,16.0
2026-10-03T03:04:28.491103+00:00,during_timestep_solve,8.606029510498047,38.03969955444336,47.83979797363281,0.7951475793315257,6.403228759765625,12.2457275390625,6.290515899658203,0.058559417724609375,1.3668060302734375,16.0
2026-10-03T03:04:31.137692+00:00,after_timestep_37,8.83371353149414,37.8104133605957,47.83979797363281,0.7903547874812334,6.132175445556641,11.964862823486328,6.018501281738281,0.059520721435546875,1.3666839599609375,16.0
2026-10-03T03:04:33.678886+00:00,after_timestep_37,8.514518737792969,38.124420166015625,47.83979797363281,0.796918502603797,6.426353454589844,12.217262268066406,6.312114715576172,0.060085296630859375,1.3666839599609375,16.0
2026-10-03T03:04:38.811061+00:00,after_timestep_37,8.234703063964844,38.190223693847656,47.83979797363281,0.7982940002149763,6.4213104248046875,12.217262268066406,6.307437896728516,0.059719085693359375,1.3666839599609375,16.0
2026-10-03T03:04:43.974341+00:00,after_timestep_37,8.007843017578125,38.35733413696289,47.83979797363281,0.801787126235436,6.415462493896484,12.217262268066406,6.301990509033203,0.05931854248046875,1.3644866943359375,16.0
2026-10-03T03:04:49.215900+00:00,after_timestep_37,8.10791015625,38.288604736328125,47.83979797363281,0.8003504688174293,6.247344970703125,12.031997680664062,6.091190338134766,0.10200119018554688,1.3644866943359375,16.0
2026-10-03T03:04:54.490061+00:00,after_timestep_37,8.09543228149414,38.36994552612305,47.83979797363281,0.8020507433428308,6.241649627685547,12.032413482666016,6.090801239013672,0.0966949462890625,1.3644866943359375,16.0
2026-10-03T03:04:59.874286+00:00,after_timestep_37,8.057716369628906,38.364479064941406,47.83979797363281,0.801936477367363,6.256229400634766,12.022262573242188,6.106781005859375,0.09529495239257812,1.3643646240234375,16.0
2026-10-03T03:05:15.397382+00:00,after_timestep_37,7.923179626464844,38.61139678955078,47.83979797363281,0.8070978228384593,6.201442718505859,12.017902374267578,6.054111480712891,0.09317779541015625,1.3637008666992188,16.0
2026-10-03T03:05:20.570413+00:00,during_timestep_solve,9.245109558105469,37.23820114135742,47.83979797363281,0.7783937792103862,5.854042053222656,11.569671630859375,5.706291198730469,0.0935821533203125,1.3633346557617188,16.0
2026-10-03T03:05:25.761907+00:00,during_timestep_solve,8.326889038085938,38.197532653808594,47.83979797363281,0.7984467801235572,6.764225006103516,12.455646514892578,6.616649627685547,0.09340667724609375,1.3632469177246094,16.0
2026-10-03T03:05:30.913789+00:00,during_timestep_solve,7.974323272705078,38.573081970214844,47.83979797363281,0.8062969244032892,7.056385040283203,12.732635498046875,6.9078369140625,0.09437942504882812,1.3632469177246094,16.0
2026-10-03T03:05:36.078236+00:00,during_timestep_solve,7.774784088134766,40.94139099121094,47.83979797363281,0.8558019206890469,7.165920257568359,15.00240707397461,7.017372131347656,0.09437942504882812,1.3632469177246094,16.0
2026-10-03T03:05:41.253761+00:00,during_timestep_solve,7.584262847900391,41.01544952392578,47.83979797363281,0.8573499734788113,7.282997131347656,15.00240707397461,7.134449005126953,0.09437942504882812,1.3632469177246094,16.0
2026-10-03T03:05:46.420906+00:00,during_timestep_solve,7.4061126708984375,41.958316802978516,47.83979797363281,0.8770588209027156,7.3903961181640625,15.886859893798828,7.241912841796875,0.0943145751953125,1.3632469177246094,16.0
2026-10-03T03:05:51.572506+00:00,during_timestep_solve,7.252132415771484,42.03260040283203,47.83979797363281,0.8786115782930051,7.483242034912109,15.886859893798828,7.334751129150391,0.09432220458984375,1.3632469177246094,16.0
2026-10-03T03:05:56.734159+00:00,during_timestep_solve,7.6283721923828125,39.02460861206055,47.83979797363281,0.8157352301857377,6.90655517578125,12.735828399658203,6.758060455322266,0.09432601928710938,1.3626937866210938,16.0
2026-10-03T03:06:01.906008+00:00,during_timestep_solve,7.5432281494140625,39.139644622802734,47.83979797363281,0.8181398392270549,6.921760559082031,12.736839294433594,6.773265838623047,0.09432601928710938,1.3626937866210938,16.0
2026-10-03T03:06:07.074364+00:00,during_timestep_solve,8.47998046875,38.21310806274414,47.83979797363281,0.7987723544276989,5.861610412597656,11.713985443115234,5.713115692138672,0.09432601928710938,1.3626937866210938,16.0
2026-10-03T03:06:12.242232+00:00,during_timestep_solve,8.422847747802734,38.27428436279297,47.83979797363281,0.8000511286416399,5.837257385253906,11.696613311767578,5.688762664794922,0.09432601928710938,1.3626937866210938,16.0
2026-10-03T03:06:17.423594+00:00,during_timestep_solve,8.177860260009766,38.539146423339844,47.83979797363281,0.8055875663308805,6.138942718505859,11.884037017822266,5.990406036376953,0.09436798095703125,1.3615951538085938,16.0
2026-10-03T03:06:22.588829+00:00,during_timestep_solve,9.064250946044922,37.61528396606445,47.83979797363281,0.7862759785648832,6.182884216308594,11.884037017822266,6.034397125244141,0.0943145751953125,1.3615951538085938,16.0
2026-10-03T03:06:27.751458+00:00,during_timestep_solve,9.02804183959961,37.649078369140625,47.83979797363281,0.7869823862945896,6.182884216308594,11.884037017822266,6.034397125244141,0.0943145751953125,1.3615951538085938,16.0
2026-10-03T03:06:32.913378+00:00,during_timestep_solve,8.963191986083984,37.72440719604492,47.83979797363281,0.7885569921686741,6.182605743408203,11.884037017822266,6.03411865234375,0.0943145751953125,1.3615951538085938,16.0
2026-10-03T03:06:38.075741+00:00,during_timestep_solve,8.860065460205078,37.82874298095703,47.83979797363281,0.7907379333375648,6.177803039550781,11.884037017822266,6.029315948486328,0.0943145751953125,1.3615951538085938,16.0
2026-10-03T03:06:43.236504+00:00,during_timestep_solve,8.78493881225586,37.90129852294922,47.83979797363281,0.7922545689644999,6.175102233886719,11.884037017822266,6.026615142822266,0.0943145751953125,1.3615951538085938,16.0
2026-10-03T03:06:48.395923+00:00,during_timestep_solve,8.710948944091797,37.977500915527344,47.83979797363281,0.7938474350677415,6.163562774658203,11.884037017822266,6.015079498291016,0.09431076049804688,1.3615951538085938,16.0
2026-10-03T03:06:53.561029+00:00,during_timestep_solve,8.63714599609375,38.016334533691406,47.83979797363281,0.7946591780058171,6.124019622802734,11.884037017822266,5.9755401611328125,0.09430694580078125,1.3615951538085938,16.0
2026-10-03T03:06:58.721486+00:00,during_timestep_solve,8.218040466308594,38.382102966308594,47.83979797363281,0.8023048715101831,6.389316558837891,12.190765380859375,6.240848541259766,0.09429550170898438,1.3615951538085938,16.0
2026-10-03T03:07:03.886321+00:00,during_timestep_solve,8.09792709350586,38.508060455322266,47.83979797363281,0.8049377732854601,6.531063079833984,12.200889587402344,6.382667541503906,0.0942230224609375,1.3615951538085938,16.0
2026-10-03T03:07:09.086067+00:00,during_timestep_solve,7.7677459716796875,38.84698486328125,47.83979797363281,0.812022343503457,6.741664886474609,12.411468505859375,6.5933685302734375,0.09412384033203125,1.3615951538085938,16.0
2026-10-03T03:07:14.264196+00:00,during_timestep_solve,7.4412384033203125,39.11061477661133,47.83979797363281,0.817533025498297,7.120174407958984,12.631099700927734,6.972019195556641,0.09398269653320312,1.3615951538085938,16.0
2026-10-03T03:07:19.436971+00:00,during_timestep_solve,7.320369720458984,39.18999099731445,47.83979797363281,0.819192234442843,7.174373626708984,12.631099700927734,7.0276336669921875,0.09256744384765625,1.3615951538085938,16.0
2026-10-03T03:07:24.611897+00:00,during_timestep_solve,7.952903747558594,38.57101058959961,47.83979797363281,0.806253626130659,7.473407745361328,12.936553955078125,7.330989837646484,0.08824539184570312,1.3615951538085938,16.0
2026-10-03T03:07:29.818782+00:00,during_timestep_solve,8.002452850341797,38.65526580810547,47.83979797363281,0.8080148212459122,7.330619812011719,12.93658447265625,7.1909942626953125,0.08545303344726562,1.3615951538085938,16.0
2026-10-03T03:07:35.017924+00:00,during_timestep_solve,7.767158508300781,38.75749588012695,47.83979797363281,0.8101517464912451,7.464305877685547,12.93658447265625,7.326702117919922,0.08343124389648438,1.3615951538085938,16.0
2026-10-03T03:07:40.197047+00:00,during_timestep_solve,7.806552886962891,38.85359573364258,47.83979797363281,0.8121605311765105,7.318698883056641,12.936595916748047,7.182163238525391,0.08236312866210938,1.3615951538085938,16.0
2026-10-03T03:07:45.375034+00:00,during_timestep_solve,7.838207244873047,38.675296783447266,47.83979797363281,0.8084335306926543,7.167736053466797,12.70132827758789,7.034950256347656,0.07861328125,1.3615951538085938,16.0
2026-10-03T03:07:50.545305+00:00,during_timestep_solve,7.740985870361328,38.77381134033203,47.83979797363281,0.8104927901598257,7.166419982910156,12.70132827758789,7.0345001220703125,0.07774734497070312,1.3615951538085938,16.0
2026-10-03T03:07:55.750582+00:00,during_timestep_solve,7.678043365478516,38.808509826660156,47.83979797363281,0.8112180960306249,7.220710754394531,12.70132827758789,7.0903778076171875,0.07616043090820312,1.3615951538085938,16.0
2026-10-03T03:08:00.934422+00:00,during_timestep_solve,7.540130615234375,38.97144317626953,47.83979797363281,0.8146239078548967,7.183387756347656,12.70132827758789,7.054668426513672,0.07454681396484375,1.3615951538085938,16.0
2026-10-03T03:08:06.116538+00:00,during_timestep_solve,7.426765441894531,39.10395812988281,47.83979797363281,0.81739388095734,7.215564727783203,12.7364501953125,7.089122772216797,0.07226943969726562,1.3615951538085938,16.0
2026-10-03T03:08:11.306653+00:00,during_timestep_solve,7.794929504394531,38.736419677734375,47.83979797363281,0.809711188560708,6.750553131103516,12.281120300292969,6.6251068115234375,0.0712738037109375,1.3615951538085938,16.0
2026-10-03T03:08:16.490970+00:00,during_timestep_solve,7.746036529541016,38.78901672363281,47.83979797363281,0.810810629781748,6.688686370849609,12.246002197265625,6.564495086669922,0.07001876831054688,1.3615951538085938,16.0
2026-10-03T03:08:21.659813+00:00,during_timestep_solve,7.668109893798828,38.87148666381836,47.83979797363281,0.8125345070487674,6.686714172363281,12.246002197265625,6.564361572265625,0.06818008422851562,1.3615951538085938,16.0
2026-10-03T03:08:26.835486+00:00,during_timestep_solve,8.213508605957031,38.333763122558594,47.83979797363281,0.8012944190041621,6.979942321777344,12.632171630859375,6.859584808349609,0.06618118286132812,1.3613510131835938,16.0
2026-10-03T03:08:31.998797+00:00,during_timestep_solve,8.229598999023438,38.43167495727539,47.83979797363281,0.8033410797106049,6.930522918701172,12.632171630859375,6.811656951904297,0.06468963623046875,1.3899803161621094,16.0
2026-10-03T03:08:37.185796+00:00,during_timestep_solve,7.993244171142578,38.81416702270508,47.83979797363281,0.8113363489556903,7.091941833496094,12.937747955322266,6.975955963134766,0.061809539794921875,1.3899803161621094,16.0
2026-10-03T03:08:42.360496+00:00,during_timestep_solve,8.086132049560547,38.59342575073242,47.83979797363281,0.8067221724473714,6.909893035888672,12.632171630859375,6.794525146484375,0.061191558837890625,1.3899803161621094,16.0
2026-10-03T03:08:47.541095+00:00,during_timestep_solve,7.747596740722656,38.98570251464844,47.83979797363281,0.8149219722068148,7.155723571777344,12.937782287597656,7.040336608886719,0.06121063232421875,1.3899803161621094,16.0
2026-10-03T03:08:52.728951+00:00,during_timestep_solve,7.926036834716797,38.74494934082031,47.83979797363281,0.8098894849467136,6.903572082519531,12.632171630859375,6.788692474365234,0.060703277587890625,1.3899803161621094,16.0
2026-10-03T03:08:57.915200+00:00,during_timestep_solve,7.532196044921875,39.15049743652344,47.83979797363281,0.8183666966591595,7.203617095947266,12.937789916992188,7.090263366699219,0.059177398681640625,1.3899803161621094,16.0
2026-10-03T03:09:03.115910+00:00,during_timestep_solve,7.674663543701172,38.98784637451172,47.83979797363281,0.8149667855202921,6.964557647705078,12.70245361328125,6.851680755615234,0.0587005615234375,1.3899803161621094,16.0
2026-10-03T03:09:08.284406+00:00,during_timestep_solve,7.5982513427734375,39.06267166137695,47.83979797363281,0.816530865847439,6.962867736816406,12.70245361328125,6.850456237792969,0.05823516845703125,1.3899803161621094,16.0
2026-10-03T03:09:13.444738+00:00,during_timestep_solve,7.512908935546875,39.16066360473633,47.83979797363281,0.8185792010727128,6.932720184326172,12.70245361328125,6.82098388671875,0.057559967041015625,1.3899803161621094,16.0
2026-10-03T03:09:18.627330+00:00,during_timestep_solve,7.410388946533203,39.25251388549805,47.83979797363281,0.8204991565209431,6.966106414794922,12.737594604492188,6.854671478271484,0.05725860595703125,1.3899803161621094,16.0
2026-10-03T03:09:23.813426+00:00,during_timestep_solve,7.778972625732422,38.8852424621582,47.83979797363281,0.8128220458537478,6.5107574462890625,12.281967163085938,6.3997802734375,0.05673980712890625,1.3899803161621094,16.0
2026-10-03T03:09:29.000162+00:00,during_timestep_solve,8.661678314208984,37.992431640625,47.83979797363281,0.7941595334822432,6.412532806396484,12.246826171875,6.303291320800781,0.055004119873046875,1.3899803161621094,16.0
2026-10-03T03:09:34.124127+00:00,during_timestep_solve,8.59212875366211,38.08872985839844,47.83979797363281,0.7961724645950902,6.398387908935547,,6.289520263671875,0.054630279541015625,1.3899803161621094,16.0
2026-10-03T03:09:36.316139+00:00,after_timestep_38,8.862022399902344,37.861732482910156,47.83979797363281,0.7914275161399693,6.0993194580078125,11.965927124023438,5.989875793457031,0.055206298828125,1.3899650573730469,16.0
2026-10-03T03:09:39.295895+00:00,after_timestep_38,8.524955749511719,38.16563415527344,47.83979797363281,0.797780002672851,6.310676574707031,12.218250274658203,6.201282501220703,0.055156707763671875,1.3895988464355469,16.0
2026-10-03T03:09:44.453619+00:00,after_timestep_38,8.268203735351562,38.247684478759766,47.83979797363281,0.7994951086507557,6.301853179931641,12.218250274658203,6.1935882568359375,0.054027557373046875,1.3895988464355469,16.0
2026-10-03T03:09:49.610948+00:00,after_timestep_38,8.078914642333984,38.32512283325195,47.83979797363281,0.8011138101873898,6.293796539306641,12.218250274658203,6.186115264892578,0.05344390869140625,1.3934478759765625,16.0
2026-10-03T03:09:54.830009+00:00,after_timestep_38,8.169002532958984,38.223960876464844,47.83979797363281,0.7989992118598035,6.1246185302734375,12.033500671386719,5.9723968505859375,0.09798431396484375,1.3934478759765625,16.0
2026-10-03T03:10:00.011856+00:00,after_timestep_38,8.198749542236328,38.35390090942383,47.83979797363281,0.8017153611426789,6.105617523193359,12.03396224975586,5.952739715576172,0.09864044189453125,1.3934478759765625,16.0
2026-10-03T03:10:05.268304+00:00,after_timestep_38,8.160709381103516,38.343318939208984,47.83979797363281,0.8014941651790028,6.1125946044921875,12.010025024414062,5.9657135009765625,0.09264373779296875,1.3929595947265625,16.0
2026-10-03T03:10:20.677504+00:00,after_timestep_38,8.001365661621094,38.56849670410156,47.83979797363281,0.8062010781349624,6.117733001708984,12.019111633300781,5.972251892089844,0.09124374389648438,1.3929595947265625,16.0
2026-10-03T03:10:25.861113+00:00,during_timestep_solve,7.991954803466797,38.19032669067383,47.83979797363281,0.798296153167759,6.174049377441406,11.570579528808594,6.025531768798828,0.09427642822265625,1.3504791259765625,16.0
2026-10-03T03:10:31.050606+00:00,during_timestep_solve,8.222209930419922,37.97949981689453,47.83979797363281,0.7938892182995245,6.972190856933594,12.333839416503906,6.822704315185547,0.095245361328125,1.3504791259765625,16.0
2026-10-03T03:10:36.226372+00:00,during_timestep_solve,7.805347442626953,38.4912223815918,47.83979797363281,0.8045858053749821,7.342182159423828,12.705081939697266,7.192680358886719,0.0952606201171875,1.3504791259765625,16.0
2026-10-03T03:10:41.392377+00:00,during_timestep_solve,7.613548278808594,40.86941146850586,47.83979797363281,0.8542973256498967,7.437389373779297,15.004558563232422,7.2878875732421875,0.0952606201171875,1.3504791259765625,16.0
2026-10-03T03:10:46.559161+00:00,during_timestep_solve,7.437091827392578,40.952335357666016,47.83979797363281,0.8560306918569585,7.549652099609375,15.004558563232422,7.400142669677734,0.09526824951171875,1.3504791259765625,16.0
2026-10-03T03:10:51.725632+00:00,during_timestep_solve,7.232593536376953,41.923004150390625,47.83979797363281,0.876320677054212,7.664306640625,15.889015197753906,7.514789581298828,0.09527587890625,1.3504791259765625,16.0
2026-10-03T03:10:56.895716+00:00,during_timestep_solve,7.0616302490234375,42.00290298461914,47.83979797363281,0.8779908102406555,7.721942901611328,15.889015197753906,7.572479248046875,0.09522247314453125,1.3504791259765625,16.0
2026-10-03T03:11:02.070395+00:00,during_timestep_solve,6.943820953369141,42.135562896728516,47.83979797363281,0.8807638134247929,7.757991790771484,15.930465698242188,7.608524322509766,0.09522628784179688,1.3504791259765625,16.0
2026-10-03T03:11:07.245731+00:00,during_timestep_solve,7.303276062011719,39.029903411865234,47.83979797363281,0.8158459079065676,7.318778991699219,12.738082885742188,7.1693115234375,0.09522628784179688,1.3504791259765625,16.0
2026-10-03T03:11:12.435349+00:00,during_timestep_solve,8.23122787475586,38.076419830322266,47.83979797363281,0.7959151468680598,6.308528900146484,11.713180541992188,6.159061431884766,0.09522628784179688,1.3504791259765625,16.0
2026-10-03T03:11:17.616448+00:00,during_timestep_solve,8.180744171142578,38.10722351074219,47.83979797363281,0.7965590392280755,6.301723480224609,11.694465637207031,6.152252197265625,0.0952301025390625,1.3504791259765625,16.0
2026-10-03T03:11:22.789856+00:00,during_timestep_solve,7.833976745605469,38.163856506347656,47.83979797363281,0.7977428443026012,6.524467468261719,11.636390686035156,6.375022888183594,0.09520339965820312,1.2902984619140625,16.0
2026-10-03T03:11:27.958950+00:00,during_timestep_solve,7.439434051513672,38.517520904541016,47.83979797363281,0.8051355259855022,6.994297027587891,11.881973266601562,6.844799041748047,0.095184326171875,1.171966552734375,16.0
2026-10-03T03:11:33.120681+00:00,during_timestep_solve,8.357410430908203,37.60874557495117,47.83979797363281,0.7861393059326767,6.994007110595703,11.881973266601562,6.8446807861328125,0.09501266479492188,1.171966552734375,16.0
2026-10-03T03:11:38.280469+00:00,during_timestep_solve,8.30392837524414,37.64189910888672,47.83979797363281,0.7868323175117352,6.994007110595703,11.881973266601562,6.8446807861328125,0.09501266479492188,1.171966552734375,16.0
2026-10-03T03:11:43.448903+00:00,during_timestep_solve,8.226760864257812,37.720054626464844,47.83979797363281,0.7884660099788564,6.993988037109375,11.881973266601562,6.8446807861328125,0.09499359130859375,1.171966552734375,16.0
2026-10-03T03:11:48.617471+00:00,during_timestep_solve,8.139442443847656,37.80072021484375,47.83979797363281,0.7901521707026823,6.993988037109375,11.881973266601562,6.8446807861328125,0.09499359130859375,1.171966552734375,16.0
2026-10-03T03:11:53.780903+00:00,during_timestep_solve,8.061878204345703,37.88772201538086,47.83979797363281,0.7919707778921412,6.993900299072266,11.881973266601562,6.844593048095703,0.09499359130859375,1.171966552734375,16.0
2026-10-03T03:11:58.953513+00:00,during_timestep_solve,7.971458435058594,37.98888397216797,47.83979797363281,0.7940853762197275,6.993900299072266,11.881973266601562,6.844593048095703,0.09499359130859375,1.171966552734375,16.0
2026-10-03T03:12:04.126743+00:00,during_timestep_solve,7.874950408935547,38.09592819213867,47.83979797363281,0.7963229320729044,6.977359771728516,11.881973266601562,6.828094482421875,0.09495162963867188,1.171966552734375,16.0
2026-10-03T03:12:09.309072+00:00,during_timestep_solve,7.532814025878906,38.379981994628906,47.83979797363281,0.8022605366306576,7.173519134521484,12.093597412109375,7.024299621582031,0.09490585327148438,1.171966552734375,16.0
2026-10-03T03:12:14.498804+00:00,during_timestep_solve,7.444770812988281,38.46709060668945,47.83979797363281,0.8040813765118912,7.244068145751953,12.093597412109375,7.095024108886719,0.09473037719726562,1.171966552734375,16.0
2026-10-03T03:12:19.690883+00:00,during_timestep_solve,7.063301086425781,39.080589294433594,47.83979797363281,0.8169053998926394,7.513843536376953,12.647636413574219,7.36541748046875,0.09411239624023438,1.171966552734375,16.0
2026-10-03T03:12:24.872034+00:00,during_timestep_solve,6.759380340576172,39.13397216796875,47.83979797363281,0.8180212673460217,7.791278839111328,12.630046844482422,7.6452789306640625,0.09164047241210938,1.171966552734375,16.0
2026-10-03T03:12:30.068256+00:00,during_timestep_solve,6.496036529541016,39.5479621887207,47.83979797363281,0.8266749414476582,7.945301055908203,12.93557357788086,7.803245544433594,0.08769607543945312,1.171966552734375,16.0
2026-10-03T03:12:35.256246+00:00,during_timestep_solve,7.540977478027344,38.38386535644531,47.83979797363281,0.8023417109244652,7.732662200927734,12.630043029785156,7.5938720703125,0.08443069458007812,1.171966552734375,16.0
2026-10-03T03:12:40.449926+00:00,during_timestep_solve,7.305156707763672,38.74137878417969,47.83979797363281,0.8098148492502462,7.8886871337890625,12.935577392578125,7.751255035400391,0.08307266235351562,1.171966552734375,16.0
2026-10-03T03:12:45.638950+00:00,during_timestep_solve,7.381046295166016,38.515968322753906,47.83979797363281,0.8051030722157776,7.716560363769531,12.630046844482422,7.582233428955078,0.07996749877929688,1.171966552734375,16.0
2026-10-03T03:12:50.823857+00:00,during_timestep_solve,7.136829376220703,38.91030502319336,47.83979797363281,0.8133459310308753,7.835136413574219,12.935596466064453,7.702888488769531,0.07788848876953125,1.171966552734375,16.0
2026-10-03T03:12:56.014480+00:00,during_timestep_solve,7.13714599609375,38.77543258666992,47.83979797363281,0.8105266792314054,7.726036071777344,12.700305938720703,7.594799041748047,0.07687759399414062,1.171966552734375,16.0
2026-10-03T03:13:01.209207+00:00,during_timestep_solve,7.077426910400391,38.89906311035156,47.83979797363281,0.8131109402215915,7.684928894042969,12.700305938720703,7.554779052734375,0.0757904052734375,1.174102783203125,16.0
2026-10-03T03:13:06.391469+00:00,during_timestep_solve,7.032737731933594,38.9505729675293,47.83979797363281,0.814187655829925,7.666179656982422,12.700305938720703,7.537631988525391,0.074188232421875,1.174102783203125,16.0
2026-10-03T03:13:11.571290+00:00,during_timestep_solve,6.9572296142578125,39.026222229003906,47.83979797363281,0.8157689597793335,7.660350799560547,12.700305938720703,7.532199859619141,0.07379150390625,1.174102783203125,16.0
2026-10-03T03:13:16.755349+00:00,during_timestep_solve,6.837261199951172,39.145904541015625,47.83979797363281,0.8182706909128488,7.683856964111328,12.735431671142578,7.557209014892578,0.07228851318359375,1.174102783203125,16.0
2026-10-03T03:13:21.939025+00:00,during_timestep_solve,7.234188079833984,38.745567321777344,47.83979797363281,0.80990240266341,7.187042236328125,12.244876861572266,7.060375213623047,0.07230758666992188,1.174102783203125,16.0
2026-10-03T03:13:27.135562+00:00,during_timestep_solve,7.119781494140625,38.844051361083984,47.83979797363281,0.8119610242186456,7.197063446044922,12.244876861572266,7.071735382080078,0.070953369140625,1.174102783203125,16.0
2026-10-03T03:13:32.321016+00:00,during_timestep_solve,8.09640884399414,37.84650802612305,47.83979797363281,0.7911092778230873,6.903858184814453,11.964031219482422,6.77911376953125,0.07036972045898438,1.174102783203125,16.0
2026-10-03T03:13:37.498379+00:00,during_timestep_solve,7.613700866699219,38.33409118652344,47.83979797363281,0.80130127655747,7.545936584472656,12.63039779663086,7.424343109130859,0.06721878051757812,1.174102783203125,16.0
2026-10-03T03:13:42.695065+00:00,during_timestep_solve,7.4885406494140625,38.72230529785156,47.83979797363281,0.8094161542904841,7.492073059082031,12.936054229736328,7.371700286865234,0.06599807739257812,1.1768341064453125,16.0
2026-10-03T03:13:47.895613+00:00,during_timestep_solve,7.199436187744141,38.803104400634766,47.83979797363281,0.8111051058790283,7.771144866943359,12.936054229736328,7.652702331542969,0.06406784057617188,1.1768341064453125,16.0
2026-10-03T03:13:53.095049+00:00,during_timestep_solve,7.222141265869141,38.9167594909668,47.83979797363281,0.8134808494052588,7.619647979736328,12.935840606689453,7.5022735595703125,0.06299972534179688,1.1768341064453125,16.0
2026-10-03T03:13:58.299243+00:00,during_timestep_solve,7.092678070068359,38.98916244506836,47.83979797363281,0.8149942954725157,7.6985626220703125,12.935840606689453,7.582614898681641,0.061573028564453125,1.1776199340820312,16.0
2026-10-03T03:14:03.498746+00:00,during_timestep_solve,7.147186279296875,39.082359313964844,47.83979797363281,0.8169423987849054,7.552509307861328,12.935741424560547,7.436985015869141,0.06114959716796875,1.1776199340820312,16.0
2026-10-03T03:14:08.692547+00:00,during_timestep_solve,7.242389678955078,38.840938568115234,47.83979797363281,0.8118959572012124,7.3589019775390625,12.63039779663086,7.244964599609375,0.05956268310546875,1.1776199340820312,16.0
2026-10-03T03:14:13.878564+00:00,during_timestep_solve,7.078304290771484,39.02117156982422,47.83979797363281,0.8156633853539885,7.4173736572265625,12.700584411621094,7.303962707519531,0.0590362548828125,1.1776199340820312,16.0
2026-10-03T03:14:19.083097+00:00,during_timestep_solve,6.976509094238281,39.126861572265625,47.83979797363281,0.8178726338650223,7.396209716796875,12.701969146728516,7.283355712890625,0.05847930908203125,1.1776199340820312,16.0
2026-10-03T03:14:24.288454+00:00,during_timestep_solve,6.9787750244140625,39.203155517578125,47.83979797363281,0.8194674137040707,7.334381103515625,12.701969146728516,7.2218170166015625,0.05818939208984375,1.1749458312988281,16.0
2026-10-03T03:14:29.490528+00:00,during_timestep_solve,6.864524841308594,39.31522750854492,47.83979797363281,0.821810065548641,7.34063720703125,12.737056732177734,7.228778839111328,0.057483673095703125,1.1749458312988281,16.0
2026-10-03T03:14:34.690196+00:00,during_timestep_solve,8.205692291259766,37.945579528808594,47.83979797363281,0.7931801791830836,6.863391876220703,12.281200408935547,6.753246307373047,0.0557708740234375,1.1748237609863281,16.0
2026-10-03T03:14:39.878088+00:00,during_timestep_solve,8.192466735839844,37.96258544921875,47.83979797363281,0.7935356556092075,6.8145751953125,12.246116638183594,6.705574035644531,0.05462646484375,1.1748237609863281,16.0
2026-10-03T03:14:45.068579+00:00,during_timestep_solve,8.10797119140625,38.04191589355469,47.83979797363281,0.7951939076858501,6.804473876953125,12.246116638183594,6.696247100830078,0.053852081298828125,1.1748237609863281,16.0
2026-10-03T03:14:46.911738+00:00,after_timestep_39,8.365856170654297,37.77827072143555,47.83979797363281,0.7896829067350423,6.520015716552734,11.965415954589844,6.411376953125,0.054264068603515625,1.1748237609863281,16.0
2026-10-03T03:14:50.240719+00:00,after_timestep_39,8.05179214477539,38.09078598022461,47.83979797363281,0.7962154439117526,6.787319183349609,12.217758178710938,6.677909851074219,0.055034637451171875,1.1748237609863281,16.0
2026-10-03T03:14:55.411280+00:00,after_timestep_39,7.782253265380859,38.17255401611328,47.83979797363281,0.7979246492042527,6.7587127685546875,12.217758178710938,6.649803161621094,0.054534912109375,1.1748237609863281,16.0
2026-10-03T03:15:00.574852+00:00,after_timestep_39,7.632038116455078,38.26828384399414,47.83979797363281,0.7999256992072987,6.684909820556641,12.217758178710938,6.5762939453125,0.054241180419921875,1.1746940612792969,16.0
2026-10-03T03:15:05.855775+00:00,after_timestep_39,7.778362274169922,38.134117126464844,47.83979797363281,0.79712119912134,6.490486145019531,12.027603149414062,6.347923278808594,0.08818817138671875,1.1746940612792969,16.0
2026-10-03T03:15:11.030468+00:00,after_timestep_39,7.715538024902344,38.33346176147461,47.83979797363281,0.8012881196237979,6.498039245605469,12.03424072265625,6.343624114990234,0.10004043579101562,1.1746940612792969,16.0
2026-10-03T03:15:16.391387+00:00,after_timestep_39,7.731910705566406,38.365543365478516,47.83979797363281,0.8019587245461177,6.488304138183594,12.027599334716797,6.3382110595703125,0.0957183837890625,1.1819381713867188,16.0
2026-10-03T03:15:31.160499+00:00,after_timestep_39,7.6856536865234375,38.59650421142578,47.83979797363281,0.8067865218138771,6.3297119140625,12.021686553955078,6.179241180419922,0.09609603881835938,1.1819381713867188,16.0
2026-10-03T03:15:36.346991+00:00,during_timestep_solve,8.664749145507812,37.464019775390625,47.83979797363281,0.7831140883169938,6.184253692626953,11.574554443359375,6.031822204589844,0.09805679321289062,1.1819381713867188,16.0
2026-10-03T03:15:41.527919+00:00,during_timestep_solve,7.9760894775390625,38.15367126464844,47.83979797363281,0.7975299411940883,7.032676696777344,12.460365295410156,6.880207061767578,0.09809494018554688,1.1819381713867188,16.0
2026-10-03T03:15:46.715278+00:00,during_timestep_solve,7.6348114013671875,38.519264221191406,47.83979797363281,0.8051719667048244,7.290916442871094,12.709396362304688,7.138446807861328,0.09809494018554688,1.1819381713867188,16.0
2026-10-03T03:15:51.891931+00:00,during_timestep_solve,7.434104919433594,40.91014862060547,47.83979797363281,0.8551488583449566,7.408332824707031,15.009220123291016,7.255863189697266,0.09809494018554688,1.1819381713867188,16.0
2026-10-03T03:15:57.069457+00:00,during_timestep_solve,7.224109649658203,41.00990295410156,47.83979797363281,0.8572340329845125,7.517894744873047,15.009220123291016,7.365413665771484,0.09810638427734375,1.1819381713867188,16.0
2026-10-03T03:16:02.255491+00:00,during_timestep_solve,7.164920806884766,41.96586608886719,47.83979797363281,0.8772166243677894,7.558036804199219,15.893684387207031,7.405574798583984,0.09808731079101562,1.1998443603515625,16.0
2026-10-03T03:16:07.434555+00:00,during_timestep_solve,7.000679016113281,42.04786682128906,47.83979797363281,0.8789306937387986,7.593822479248047,15.893684387207031,7.441356658935547,0.09809112548828125,1.1998443603515625,16.0
2026-10-03T03:16:12.624458+00:00,during_timestep_solve,6.898227691650391,42.157920837402344,47.83979797363281,0.881231163656626,7.614204406738281,15.93514633178711,7.461780548095703,0.09804916381835938,1.1998443603515625,16.0
2026-10-03T03:16:17.812673+00:00,during_timestep_solve,7.2640380859375,39.05052185058594,47.83979797363281,0.8162768971580704,7.168842315673828,12.742748260498047,7.016448974609375,0.09801864624023438,1.1998443603515625,16.0
2026-10-03T03:16:23.008300+00:00,during_timestep_solve,8.179534912109375,38.135684967041016,47.83979797363281,0.7971539718470325,6.154979705810547,11.717021942138672,6.002586364746094,0.09801864624023438,1.1998443603515625,16.0
2026-10-03T03:16:28.183189+00:00,during_timestep_solve,8.106483459472656,38.19721603393555,47.83979797363281,0.7984401617872251,6.11688232421875,11.698734283447266,5.964488983154297,0.09801864624023438,1.1998443603515625,16.0
2026-10-03T03:16:33.399882+00:00,during_timestep_solve,7.743907928466797,38.544551849365234,47.83979797363281,0.8057005564824771,6.348896026611328,11.88613510131836,6.196441650390625,0.09807968139648438,1.1999015808105469,16.0
2026-10-03T03:16:38.585222+00:00,during_timestep_solve,8.639015197753906,37.66511535644531,47.83979797363281,0.7873176090167576,6.351810455322266,11.88613510131836,6.199348449707031,0.09808731079101562,1.1992721557617188,16.0
2026-10-03T03:16:43.772290+00:00,during_timestep_solve,8.65402603149414,37.67277908325195,47.83979797363281,0.78747780465159,6.196559906005859,11.88613510131836,6.044094085693359,0.09809112548828125,1.1993255615234375,16.0
2026-10-03T03:16:48.957279+00:00,during_timestep_solve,8.6419677734375,37.76119613647461,47.83979797363281,0.7893259950070632,6.037143707275391,11.88613510131836,5.884685516357422,0.09808349609375,1.1998252868652344,16.0
2026-10-03T03:16:54.179112+00:00,during_timestep_solve,8.558971405029297,37.840843200683594,47.83979797363281,0.7909908654200379,6.031795501708984,11.88613510131836,5.879444122314453,0.0979766845703125,1.1998252868652344,16.0
2026-10-03T03:16:59.362481+00:00,during_timestep_solve,8.578372955322266,37.89592742919922,47.83979797363281,0.7921422964638308,5.954685211181641,11.88613510131836,5.802268981933594,0.09804153442382812,1.20050048828125,16.0
2026-10-03T03:17:04.553642+00:00,during_timestep_solve,8.508514404296875,37.97324752807617,47.83979797363281,0.7937585260917145,5.8876190185546875,11.88613510131836,5.735202789306641,0.09804153442382812,1.20050048828125,16.0
2026-10-03T03:17:09.736841+00:00,during_timestep_solve,8.54949951171875,38.01649475097656,47.83979797363281,0.7946625270434792,5.765552520751953,11.88613510131836,5.613151550292969,0.09802627563476562,1.2034111022949219,16.0
2026-10-03T03:17:14.921051+00:00,during_timestep_solve,8.662479400634766,37.922767639160156,47.83979797363281,0.7927033400112081,5.581451416015625,11.710723876953125,5.429050445556641,0.09802627563476562,1.2034111022949219,16.0
2026-10-03T03:17:20.124716+00:00,during_timestep_solve,7.998790740966797,38.50973129272461,47.83979797363281,0.8049726989639353,6.3099822998046875,12.203224182128906,6.157604217529297,0.09800338745117188,1.2038536071777344,16.0
2026-10-03T03:17:25.316767+00:00,during_timestep_solve,7.968044281005859,38.524986267089844,47.83979797363281,0.8052915751927531,6.354412078857422,12.097858428955078,6.2021331787109375,0.09790420532226562,1.2038536071777344,16.0
2026-10-03T03:17:30.532012+00:00,during_timestep_solve,7.160957336425781,39.125980377197266,47.83979797363281,0.8178542141578813,7.286998748779297,12.634414672851562,7.134891510009766,0.0977325439453125,1.2038536071777344,16.0
2026-10-03T03:17:35.740376+00:00,during_timestep_solve,7.001041412353516,39.22901916503906,47.83979797363281,0.8200080440695081,7.3180999755859375,12.634422302246094,7.166511535644531,0.0972137451171875,1.2038536071777344,16.0
2026-10-03T03:17:40.938742+00:00,during_timestep_solve,7.704273223876953,38.651241302490234,47.83979797363281,0.8079306966094024,7.481395721435547,12.940032958984375,7.334026336669922,0.09299468994140625,1.2033805847167969,16.0
2026-10-03T03:17:46.164746+00:00,during_timestep_solve,7.491847991943359,38.72066879272461,47.83979797363281,0.8093819462629365,7.609729766845703,12.940032958984375,7.464855194091797,0.0904998779296875,1.2029037475585938,16.0
2026-10-03T03:17:51.371034+00:00,during_timestep_solve,7.7217254638671875,38.456729888916016,47.83979797363281,0.8038648054097484,7.3022308349609375,12.634418487548828,7.160160064697266,0.08769607543945312,1.2029037475585938,16.0
2026-10-03T03:17:56.570705+00:00,during_timestep_solve,7.4812774658203125,38.85062026977539,47.83979797363281,0.8120983347627877,7.432102203369141,12.940040588378906,7.292400360107422,0.0853271484375,1.2029037475585938,16.0
2026-10-03T03:18:01.785272+00:00,during_timestep_solve,7.563419342041016,38.630409240722656,47.83979797363281,0.8074952419743502,7.258701324462891,12.634418487548828,7.122978210449219,0.08134841918945312,1.2029037475585938,16.0
2026-10-03T03:18:07.003948+00:00,during_timestep_solve,7.339225769042969,39.00902557373047,47.83979797363281,0.8154094964036119,7.423412322998047,12.940040588378906,7.289196014404297,0.07984161376953125,1.2029037475585938,16.0
2026-10-03T03:18:12.221835+00:00,during_timestep_solve,7.186134338378906,39.07557678222656,47.83979797363281,0.8168006228572139,7.502964019775391,12.940040588378906,7.371482849121094,0.07710647583007812,1.2029037475585938,16.0
2026-10-03T03:18:17.423490+00:00,during_timestep_solve,7.266002655029297,38.95128631591797,47.83979797363281,0.8142025670214201,7.322734832763672,12.704689025878906,7.192169189453125,0.07619094848632812,1.2029037475585938,16.0
2026-10-03T03:18:22.609669+00:00,during_timestep_solve,7.184116363525391,39.0339241027832,47.83979797363281,0.8159299528040854,7.322044372558594,12.704689025878906,7.192165374755859,0.07550430297851562,1.2029037475585938,16.0
2026-10-03T03:18:27.825198+00:00,during_timestep_solve,7.103870391845703,39.11568832397461,47.83979797363281,0.8176390783575936,7.375679016113281,12.705860137939453,7.248020172119141,0.07328414916992188,1.2029037475585938,16.0
2026-10-03T03:18:33.033545+00:00,during_timestep_solve,6.975364685058594,39.26017761230469,47.83979797363281,0.8206593521557756,7.409614562988281,12.741020202636719,7.282894134521484,0.07234573364257812,1.2029037475585938,16.0
2026-10-03T03:18:38.253110+00:00,during_timestep_solve,7.4550628662109375,38.77787780761719,47.83979797363281,0.8105777919252469,6.848243713378906,12.180049896240234,6.723468780517578,0.07040023803710938,1.2029037475585938,16.0
2026-10-03T03:18:43.442211+00:00,during_timestep_solve,8.29006576538086,37.927371978759766,47.83979797363281,0.7927995849744947,6.914680480957031,12.250247955322266,6.793388366699219,0.06691741943359375,1.2029037475585938,16.0
2026-10-03T03:18:48.665228+00:00,during_timestep_solve,8.22482681274414,37.98091506958008,47.83979797363281,0.7939188014655388,6.913982391357422,12.250247955322266,6.79376220703125,0.06584548950195312,1.2029037475585938,16.0
2026-10-03T03:18:53.869683+00:00,during_timestep_solve,7.749073028564453,38.435420989990234,47.83979797363281,0.8034193834007022,7.278697967529297,12.636783599853516,7.160587310791016,0.0637359619140625,1.2029037475585938,16.0
2026-10-03T03:18:59.063846+00:00,during_timestep_solve,7.649936676025391,38.540740966796875,47.83979797363281,0.8056208972295166,7.256633758544922,12.636783599853516,7.139896392822266,0.0623626708984375,1.2029037475585938,16.0
2026-10-03T03:19:04.263979+00:00,during_timestep_solve,7.410839080810547,38.93564224243164,47.83979797363281,0.8138755574154233,7.422935485839844,12.942188262939453,7.306179046630859,0.062381744384765625,1.2029037475585938,16.0
2026-10-03T03:19:09.450996+00:00,during_timestep_solve,7.506553649902344,38.69367599487305,47.83979797363281,0.8088177131558811,7.255134582519531,12.636783599853516,7.13958740234375,0.0611724853515625,1.2029037475585938,16.0
2026-10-03T03:19:14.650677+00:00,during_timestep_solve,7.334510803222656,39.082881927490234,47.83979797363281,0.8169533230268028,7.378623962402344,12.942188262939453,7.264133453369141,0.060115814208984375,1.2530097961425781,16.0
2026-10-03T03:19:19.852983+00:00,during_timestep_solve,7.5140228271484375,38.85861587524414,47.83979797363281,0.8122654676899199,7.153324127197266,12.636783599853516,7.039676666259766,0.05927276611328125,1.2530097961425781,16.0
2026-10-03T03:19:25.071684+00:00,during_timestep_solve,7.107444763183594,39.26358413696289,47.83979797363281,0.820730559075589,7.391857147216797,12.94222640991211,7.279529571533203,0.057952880859375,1.2530097961425781,16.0
2026-10-03T03:19:30.285653+00:00,during_timestep_solve,7.336280822753906,39.11425018310547,47.83979797363281,0.8176090167576275,7.133888244628906,12.70699691772461,7.021766662597656,0.0577392578125,1.2708358764648438,16.0
2026-10-03T03:19:35.485204+00:00,during_timestep_solve,7.245250701904297,39.21183776855469,47.83979797363281,0.8196488996497544,7.127140045166016,12.70699691772461,7.015857696533203,0.0569000244140625,1.2708358764648438,16.0
2026-10-03T03:19:40.692565+00:00,during_timestep_solve,7.183437347412109,39.28947067260742,47.83979797363281,0.8212716678749782,7.042427062988281,12.70699691772461,6.931438446044922,0.056606292724609375,1.2708358764648438,16.0
2026-10-03T03:19:45.898293+00:00,during_timestep_solve,8.107410430908203,38.425716400146484,47.83979797363281,0.8032165274051752,7.024322509765625,12.742111206054688,6.913848876953125,0.05609130859375,1.3013839721679688,16.0
2026-10-03T03:19:51.139810+00:00,during_timestep_solve,8.586559295654297,37.946510314941406,47.83979797363281,0.79319963549712,6.458065032958984,12.1815185546875,6.348484039306641,0.05519866943359375,1.3013839721679688,16.0
2026-10-03T03:19:56.358837+00:00,during_timestep_solve,8.443164825439453,38.088356018066406,47.83979797363281,0.7961646501738788,6.50811767578125,12.251728057861328,6.399776458740234,0.053958892822265625,1.3013839721679688,16.0
2026-10-03T03:20:01.551189+00:00,during_timestep_solve,8.30902099609375,38.204429626464844,47.83979797363281,0.7985909482210072,6.501289367675781,12.251728057861328,6.394367218017578,0.052539825439453125,1.3013839721679688,16.0
2026-10-03T03:20:03.649542+00:00,after_timestep_40,8.557098388671875,37.9506721496582,47.83979797363281,0.7932866307373401,6.2196502685546875,11.97098159790039,6.112739562988281,0.05252838134765625,1.3012619018554688,16.0
2026-10-03T03:20:06.749014+00:00,after_timestep_40,8.197528839111328,38.25238800048828,47.83979797363281,0.799593426827833,6.514945983886719,12.223339080810547,6.407176971435547,0.053386688232421875,1.3012619018554688,16.0
2026-10-03T03:20:11.933958+00:00,after_timestep_40,7.964427947998047,38.33137512207031,47.83979797363281,0.8012445023951998,6.506549835205078,12.223339080810547,6.399200439453125,0.052967071533203125,1.3012619018554688,16.0
2026-10-03T03:20:17.130920+00:00,after_timestep_40,7.725368499755859,38.513221740722656,47.83979797363281,0.8050456601415718,6.496009826660156,12.223339080810547,6.388988494873047,0.052639007568359375,1.3012619018554688,16.0
2026-10-03T03:20:22.406067+00:00,after_timestep_40,7.828495025634766,38.32819366455078,47.83979797363281,0.8011780000759116,6.3187713623046875,12.029529571533203,6.173786163330078,0.09060287475585938,1.3012619018554688,16.0
2026-10-03T03:20:27.657966+00:00,after_timestep_40,7.802768707275391,38.403785705566406,47.83979797363281,0.8027581079404407,6.3177337646484375,12.036125183105469,6.171459197998047,0.091888427734375,1.3012619018554688,16.0
2026-10-03T03:20:33.084551+00:00,after_timestep_40,7.783679962158203,38.448333740234375,47.83979797363281,0.803689299888461,6.355922698974609,12.0279541015625,6.206352233886719,0.095184326171875,1.3004302978515625,16.0
2026-10-03T03:20:48.008839+00:00,after_timestep_40,8.724227905273438,37.685691833496094,47.83979797363281,0.787747721139349,6.354358673095703,12.022361755371094,6.203472137451172,0.09650039672851562,1.2994575500488281,16.0
2026-10-03T03:20:48.183477+00:00,after_40_steps,8.716064453125,37.69145202636719,47.83979797363281,0.7878681270171971,6.252845764160156,12.025123596191406,6.100460052490234,0.09799957275390625,1.2994575500488281,16.0
2026-10-03T03:20:53.219203+00:00,after_40_steps,8.407707214355469,37.9431037902832,47.83979797363281,0.7931284285773065,6.474525451660156,12.203060150146484,6.321147918701172,0.09899139404296875,1.2990913391113281,16.0
2026-10-03T03:20:58.407391+00:00,after_40_steps,8.129276275634766,38.219993591308594,47.83979797363281,0.798916283308173,6.7676544189453125,12.383293151855469,6.614265441894531,0.09900283813476562,1.2990913391113281,16.0
2026-10-03T03:21:03.621038+00:00,after_40_steps,8.346630096435547,37.97273254394531,47.83979797363281,0.7937477613278009,6.447994232177734,12.063789367675781,6.294605255126953,0.09900283813476562,1.2990913391113281,16.0
2026-10-03T03:21:08.821387+00:00,after_40_steps,8.26644515991211,38.020668029785156,47.83979797363281,0.7947497615006751,6.523700714111328,12.082107543945312,6.370311737060547,0.09900283813476562,1.2990913391113281,16.0
2026-10-03T03:21:14.032059+00:00,after_40_steps,7.8618011474609375,38.328407287597656,47.83979797363281,0.8011824654594608,6.693721771240234,12.280071258544922,6.54034423828125,0.09899139404296875,1.2922554016113281,16.0
2026-10-03T03:21:19.226151+00:00,after_40_steps,7.684528350830078,38.40355682373047,47.83979797363281,0.8027533236009236,6.790149688720703,12.280071258544922,6.636772155761719,0.09899139404296875,1.2922554016113281,16.0
2026-10-03T03:21:24.417981+00:00,after_40_steps,7.510700225830078,38.54298400878906,47.83979797363281,0.8056677837567846,6.930210113525391,12.315166473388672,6.776832580566406,0.09899139404296875,1.2922554016113281,16.0
2026-10-03T03:21:29.640081+00:00,after_40_steps,7.621971130371094,38.382789611816406,47.83979797363281,0.8023192245287346,6.644317626953125,12.069564819335938,6.490989685058594,0.09894180297851562,1.2922554016113281,16.0
2026-10-03T03:21:34.850146+00:00,after_40_steps,7.005550384521484,38.96113967895508,47.83979797363281,0.8144085328376333,7.2098541259765625,12.57009506225586,7.056526184082031,0.09894180297851562,1.2922554016113281,16.0
2026-10-03T03:21:40.055204+00:00,after_40_steps,6.89849853515625,39.056602478027344,47.83979797363281,0.8164040011112426,7.187740325927734,12.57009506225586,7.034412384033203,0.09894180297851562,1.2922554016113281,16.0
2026-10-03T03:21:45.245390+00:00,final_checkpoint_validation,7.306083679199219,38.60580062866211,47.83979797363281,0.8069808457372651,6.667530059814453,12.022880554199219,6.544990539550781,0.06815338134765625,1.2897453308105469,16.0
2026-10-03T03:21:50.437669+00:00,final_checkpoint_validation,8.03817367553711,37.91714859008789,47.83979797363281,0.7925858844760622,6.9074859619140625,12.259727478027344,6.7634735107421875,0.08962631225585938,1.2896232604980469,16.0
2026-10-03T03:21:55.625714+00:00,final_checkpoint_validation,7.865386962890625,37.98979949951172,47.83979797363281,0.7941045135777961,6.910072326660156,12.260848999023438,6.7634735107421875,0.09221267700195312,1.2896232604980469,16.0
2026-10-03T03:22:00.807578+00:00,final_checkpoint_validation,7.681644439697266,38.08298873901367,47.83979797363281,0.7960524574122018,6.893039703369141,12.260848999023438,6.746482849121094,0.09217071533203125,1.2896232604980469,16.0
2026-10-03T03:22:06.035547+00:00,final_checkpoint_validation,7.8454132080078125,37.981807708740234,47.83979797363281,0.7939374603896557,6.696441650390625,12.07235336303711,6.526615142822266,0.11544036865234375,1.2896232604980469,16.0
2026-10-03T03:22:11.304843+00:00,final_checkpoint_validation,7.828346252441406,38.06128692626953,47.83979797363281,0.7955988222869844,6.688640594482422,12.073902130126953,6.511920928955078,0.12233352661132812,1.2896232604980469,16.0
2026-10-03T03:22:29.241733+00:00,final_checkpoint_validation,7.761547088623047,38.29403305053711,47.83979797363281,0.8004639374029776,6.664730072021484,12.0225830078125,6.496028900146484,0.11431503295898438,1.2896232604980469,16.0
2026-10-03T03:22:34.436337+00:00,final_checkpoint_validation,7.698986053466797,38.40872573852539,47.83979797363281,0.8028613699350191,6.615734100341797,12.02706527709961,6.4882354736328125,0.07311248779296875,1.2896232604980469,16.0
2026-10-03T03:22:39.642675+00:00,final_checkpoint_validation,7.758392333984375,38.49009704589844,47.83979797363281,0.8045622823723562,6.576190948486328,12.027076721191406,6.448932647705078,0.07287216186523438,1.2883796691894531,16.0
2026-10-03T03:22:44.848056+00:00,final_checkpoint_validation,7.681282043457031,38.587120056152344,47.83979797363281,0.8065903638936741,6.5858612060546875,12.034610748291016,6.458675384521484,0.0727996826171875,1.2880134582519531,16.0
2026-10-03T03:22:50.077891+00:00,final_checkpoint_validation,8.52996826171875,37.771484375,47.83979797363281,0.7895410510683589,6.579166412353516,12.034614562988281,6.452022552490234,0.07275772094726562,1.2880134582519531,16.0
2026-10-03T03:22:52.981354+00:00,after_Fluent_exit,8.535163879394531,37.74604034423828,47.83979797363281,0.7890091919920363,6.587360382080078,12.034255981445312,6.456489562988281,0.07648468017578125,1.2880134582519531,16.0
